# 3D Model V:3074 F:6144

v -0.318612 -0.500000 -0.303662
v -0.319024 -0.500000 -0.302106
v -0.320129 -0.500000 -0.300829
v -0.321579 -0.500000 -0.299691
v -0.323026 -0.500000 -0.298552
v -0.349686 -0.500000 -0.223208
v -0.354145 -0.500000 -0.144074
v -0.356763 -0.500000 -0.064199
v -0.355777 -0.500000 0.017127
v -0.359654 -0.500000 0.096496
v -0.356423 -0.500000 0.256636
v -0.313072 -0.500000 0.318349
v -0.240057 -0.500000 0.342370
v -0.158846 -0.500000 0.350830
v -0.074879 -0.500000 0.345499
v 0.088526 -0.500000 0.338236
v 0.171030 -0.500000 0.336483
v 0.251918 -0.500000 0.330941
v 0.320212 -0.500000 0.297197
v 0.351414 -0.500000 0.150624
v 0.347478 -0.500000 0.071280
v 0.343304 -0.500000 -0.007969
v 0.339108 -0.500000 -0.087209
v 0.334079 -0.500000 -0.166113
v 0.297632 -0.500000 -0.313237
v 0.296348 -0.500000 -0.313900
v 0.295173 -0.500000 -0.314926
v 0.293892 -0.500000 -0.315985
v 0.292444 -0.500000 -0.316892
v 0.216923 -0.500000 -0.345538
v 0.132905 -0.500000 -0.351179
v 0.051686 -0.500000 -0.348211
v -0.029018 -0.500000 -0.344111
v -0.109881 -0.500000 -0.341590
v -0.271103 -0.500000 -0.332956
v -0.331234 -0.500000 -0.287279
v -0.350619 -0.500000 -0.214932
v -0.353744 -0.500000 -0.136038
v -0.353787 -0.500000 0.024249
v -0.358351 -0.500000 0.102564
v -0.356153 -0.500000 0.183623
v -0.355185 -0.500000 0.260127
v -0.310605 -0.500000 0.320317
v -0.156958 -0.500000 0.351179
v -0.074131 -0.500000 0.345126
v 0.005295 -0.500000 0.338027
v 0.087853 -0.500000 0.338280
v 0.169516 -0.500000 0.336433
v 0.318734 -0.500000 0.299668
v 0.319312 -0.500000 0.297752
v 0.320747 -0.500000 0.296182
v 0.322588 -0.500000 0.294775
v 0.324386 -0.500000 0.293351
v 0.359685 -0.500000 0.218613
v 0.350274 -0.500000 0.139780
v 0.347198 -0.500000 0.061512
v 0.342772 -0.500000 -0.016214
v 0.334146 -0.500000 -0.171754
v 0.329303 -0.500000 -0.249312
v 0.295525 -0.500000 -0.314943
v 0.226831 -0.500000 -0.344827
v 0.144647 -0.500000 -0.349097
v -0.019029 -0.500000 -0.349286
v -0.098417 -0.500000 -0.344839
v -0.178034 -0.500000 -0.339752
v -0.258566 -0.500000 -0.336808
v -0.323257 -0.500000 -0.298491
v -0.351109 -0.500000 -0.150695
v -0.355636 -0.500000 -0.073011
v -0.355156 -0.500000 0.006690
v -0.357858 -0.500000 0.085109
v -0.359685 -0.500000 0.163898
v -0.325407 -0.500000 0.308639
v -0.324129 -0.500000 0.309330
v -0.322902 -0.500000 0.310314
v -0.321503 -0.500000 0.311269
v -0.318970 -0.500000 0.313272
v -0.245550 -0.500000 0.341677
v -0.165260 -0.500000 0.348649
v -0.081261 -0.500000 0.346209
v -0.000735 -0.500000 0.340867
v 0.163501 -0.500000 0.337657
v 0.244063 -0.500000 0.332401
v 0.314372 -0.500000 0.303099
v 0.352385 -0.500000 0.238396
v 0.352110 -0.500000 0.159892
v 0.342959 -0.500000 0.002588
v 0.339668 -0.500000 -0.076580
v 0.334485 -0.500000 -0.154987
v 0.331842 -0.500000 -0.234417
v 0.306184 -0.500000 -0.304562
v 0.159835 -0.500000 -0.344752
v 0.076227 -0.500000 -0.346560
v -0.007505 -0.500000 -0.349109
v -0.086927 -0.500000 -0.342012
v -0.250480 -0.500000 -0.337203
v -0.352793 -0.467742 -0.336240
v -0.353249 -0.467742 -0.334517
v -0.354473 -0.467742 -0.333102
v -0.356078 -0.467742 -0.331842
v -0.357681 -0.467742 -0.330581
v -0.387201 -0.467742 -0.247154
v -0.392138 -0.467742 -0.159531
v -0.395037 -0.467742 -0.071086
v -0.393946 -0.467742 0.018965
v -0.398239 -0.467742 0.106848
v -0.394660 -0.467742 0.284169
v -0.346659 -0.467742 0.352502
v -0.265811 -0.467742 0.379100
v -0.175887 -0.467742 0.388468
v -0.082912 -0.467742 0.382564
v 0.098024 -0.467742 0.374522
v 0.189378 -0.467742 0.372581
v 0.278944 -0.467742 0.366445
v 0.354565 -0.467742 0.329080
v 0.389114 -0.467742 0.166784
v 0.384756 -0.467742 0.078927
v 0.380134 -0.467742 -0.008824
v 0.375488 -0.467742 -0.096565
v 0.369919 -0.467742 -0.183934
v 0.329563 -0.467742 -0.346842
v 0.328141 -0.467742 -0.347576
v 0.326839 -0.467742 -0.348711
v 0.325421 -0.467742 -0.349885
v 0.323818 -0.467742 -0.350888
v 0.240195 -0.467742 -0.382608
v 0.147163 -0.467742 -0.388854
v 0.057231 -0.467742 -0.385567
v -0.032131 -0.467742 -0.381027
v -0.121669 -0.467742 -0.378236
v -0.300187 -0.467742 -0.368676
v -0.366769 -0.467742 -0.318099
v -0.388234 -0.467742 -0.237990
v -0.391694 -0.467742 -0.150632
v -0.391742 -0.467742 0.026851
v -0.396796 -0.467742 0.113567
v -0.394362 -0.467742 0.203322
v -0.393289 -0.467742 0.288034
v -0.343927 -0.467742 0.354681
v -0.173797 -0.467742 0.388854
v -0.082084 -0.467742 0.382152
v 0.005863 -0.467742 0.374291
v 0.097278 -0.467742 0.374571
v 0.187702 -0.467742 0.372526
v 0.352928 -0.467742 0.331817
v 0.353568 -0.467742 0.329696
v 0.355157 -0.467742 0.327957
v 0.357195 -0.467742 0.326399
v 0.359186 -0.467742 0.324822
v 0.398273 -0.467742 0.242067
v 0.387852 -0.467742 0.154776
v 0.384446 -0.467742 0.068111
v 0.379546 -0.467742 -0.017953
v 0.369993 -0.467742 -0.190181
v 0.364631 -0.467742 -0.276058
v 0.327229 -0.467742 -0.348730
v 0.251166 -0.467742 -0.381821
v 0.160165 -0.467742 -0.386549
v -0.021071 -0.467742 -0.386758
v -0.108975 -0.467742 -0.381833
v -0.197133 -0.467742 -0.376201
v -0.286306 -0.467742 -0.372941
v -0.357936 -0.467742 -0.330514
v -0.388776 -0.467742 -0.166862
v -0.393789 -0.467742 -0.080843
v -0.393258 -0.467742 0.007408
v -0.396250 -0.467742 0.094240
v -0.398273 -0.467742 0.181481
v -0.360317 -0.467742 0.341750
v -0.358902 -0.467742 0.342516
v -0.357544 -0.467742 0.343605
v -0.355994 -0.467742 0.344663
v -0.353190 -0.467742 0.346881
v -0.271893 -0.467742 0.378333
v -0.182989 -0.467742 0.386053
v -0.089978 -0.467742 0.383351
v -0.000814 -0.467742 0.377436
v 0.181041 -0.467742 0.373881
v 0.270247 -0.467742 0.368062
v 0.348099 -0.467742 0.335615
v 0.390189 -0.467742 0.263972
v 0.389885 -0.467742 0.177045
v 0.379752 -0.467742 0.002866
v 0.376108 -0.467742 -0.084796
v 0.370369 -0.467742 -0.171614
v 0.367442 -0.467742 -0.259566
v 0.339032 -0.467742 -0.337235
v 0.176982 -0.467742 -0.381738
v 0.084405 -0.467742 -0.383740
v -0.008310 -0.467742 -0.386562
v -0.096252 -0.467742 -0.378703
v -0.277352 -0.467742 -0.373379
v -0.370242 -0.435484 -0.352870
v -0.370721 -0.435484 -0.351062
v -0.372005 -0.435484 -0.349578
v -0.373690 -0.435484 -0.348255
v -0.375372 -0.435484 -0.346931
v -0.406352 -0.435484 -0.259379
v -0.411533 -0.435484 -0.167421
v -0.414576 -0.435484 -0.074602
v -0.413430 -0.435484 0.019903
v -0.417936 -0.435484 0.112133
v -0.414180 -0.435484 0.298224
v -0.363805 -0.435484 0.369937
v -0.278958 -0.435484 0.397850
v -0.184586 -0.435484 0.407681
v -0.087013 -0.435484 0.401486
v 0.102872 -0.435484 0.393046
v 0.198744 -0.435484 0.391009
v 0.292741 -0.435484 0.384569
v 0.372102 -0.435484 0.345356
v 0.408360 -0.435484 0.175033
v 0.403786 -0.435484 0.082830
v 0.398935 -0.435484 -0.009260
v 0.394060 -0.435484 -0.101341
v 0.388216 -0.435484 -0.193032
v 0.345863 -0.435484 -0.363996
v 0.344371 -0.435484 -0.364767
v 0.343005 -0.435484 -0.365959
v 0.341516 -0.435484 -0.367190
v 0.339834 -0.435484 -0.368243
v 0.252075 -0.435484 -0.401532
v 0.154442 -0.435484 -0.408087
v 0.060062 -0.435484 -0.404637
v -0.033720 -0.435484 -0.399873
v -0.127687 -0.435484 -0.396943
v -0.315035 -0.435484 -0.386911
v -0.384909 -0.435484 -0.333832
v -0.407436 -0.435484 -0.249761
v -0.411067 -0.435484 -0.158083
v -0.411117 -0.435484 0.028179
v -0.416421 -0.435484 0.119184
v -0.413867 -0.435484 0.213378
v -0.412741 -0.435484 0.302280
v -0.360938 -0.435484 0.372224
v -0.182393 -0.435484 0.408087
v -0.086144 -0.435484 0.401053
v 0.006152 -0.435484 0.392804
v 0.102089 -0.435484 0.393097
v 0.196986 -0.435484 0.390951
v 0.370384 -0.435484 0.348228
v 0.371056 -0.435484 0.346002
v 0.372723 -0.435484 0.344177
v 0.374862 -0.435484 0.342542
v 0.376951 -0.435484 0.340887
v 0.417972 -0.435484 0.254039
v 0.407035 -0.435484 0.162431
v 0.403460 -0.435484 0.071480
v 0.398318 -0.435484 -0.018841
v 0.388293 -0.435484 -0.199587
v 0.382666 -0.435484 -0.289712
v 0.343414 -0.435484 -0.365978
v 0.263589 -0.435484 -0.400706
v 0.168087 -0.435484 -0.405667
v -0.022113 -0.435484 -0.405887
v -0.114365 -0.435484 -0.400719
v -0.206884 -0.435484 -0.394808
v -0.300466 -0.435484 -0.391387
v -0.375640 -0.435484 -0.346861
v -0.408005 -0.435484 -0.175115
v -0.413266 -0.435484 -0.084842
v -0.412708 -0.435484 0.007774
v -0.415848 -0.435484 0.098901
v -0.417972 -0.435484 0.190457
v -0.378138 -0.435484 0.358653
v -0.376654 -0.435484 0.359457
v -0.375228 -0.435484 0.360600
v -0.373602 -0.435484 0.361710
v -0.370659 -0.435484 0.364038
v -0.285341 -0.435484 0.397045
v -0.192040 -0.435484 0.405147
v -0.094429 -0.435484 0.402311
v -0.000854 -0.435484 0.396104
v 0.189996 -0.435484 0.392373
v 0.283613 -0.435484 0.386266
v 0.365316 -0.435484 0.352215
v 0.409488 -0.435484 0.277028
v 0.409169 -0.435484 0.185802
v 0.398535 -0.435484 0.003008
v 0.394711 -0.435484 -0.088990
v 0.388687 -0.435484 -0.180102
v 0.385616 -0.435484 -0.272404
v 0.355800 -0.435484 -0.353915
v 0.185736 -0.435484 -0.400619
v 0.088580 -0.435484 -0.402719
v -0.008721 -0.435484 -0.405681
v -0.101013 -0.435484 -0.397434
v -0.291070 -0.435484 -0.391846
v -0.373461 -0.403226 -0.355938
v -0.373944 -0.403226 -0.354114
v -0.375239 -0.403226 -0.352617
v -0.376939 -0.403226 -0.351283
v -0.378635 -0.403226 -0.349948
v -0.409885 -0.403226 -0.261634
v -0.415111 -0.403226 -0.168876
v -0.418180 -0.403226 -0.075251
v -0.417025 -0.403226 0.020076
v -0.421569 -0.403226 0.113108
v -0.417781 -0.403226 0.300816
v -0.366968 -0.403226 0.373154
v -0.281383 -0.403226 0.401309
v -0.186191 -0.403226 0.411226
v -0.087769 -0.403226 0.404977
v 0.103766 -0.403226 0.396463
v 0.200472 -0.403226 0.394409
v 0.295286 -0.403226 0.387913
v 0.375337 -0.403226 0.348359
v 0.411910 -0.403226 0.176554
v 0.407297 -0.403226 0.083551
v 0.402404 -0.403226 -0.009341
v 0.397486 -0.403226 -0.102222
v 0.391591 -0.403226 -0.194710
v 0.348870 -0.403226 -0.367161
v 0.347365 -0.403226 -0.367939
v 0.345987 -0.403226 -0.369140
v 0.344485 -0.403226 -0.370382
v 0.342789 -0.403226 -0.371445
v 0.254267 -0.403226 -0.405023
v 0.155784 -0.403226 -0.411635
v 0.060584 -0.403226 -0.408155
v -0.034013 -0.403226 -0.403350
v -0.128797 -0.403226 -0.400395
v -0.317774 -0.403226 -0.390274
v -0.388256 -0.403226 -0.336734
v -0.410978 -0.403226 -0.251933
v -0.414641 -0.403226 -0.159457
v -0.414692 -0.403226 0.028424
v -0.420042 -0.403226 0.120220
v -0.417465 -0.403226 0.215233
v -0.416330 -0.403226 0.304908
v -0.364076 -0.403226 0.375460
v -0.183978 -0.403226 0.411635
v -0.086893 -0.403226 0.404540
v 0.006206 -0.403226 0.396219
v 0.102977 -0.403226 0.396515
v 0.198699 -0.403226 0.394350
v 0.373604 -0.403226 0.351256
v 0.374282 -0.403226 0.349011
v 0.375963 -0.403226 0.347170
v 0.378121 -0.403226 0.345521
v 0.380229 -0.403226 0.343851
v 0.421606 -0.403226 0.256248
v 0.410574 -0.403226 0.163844
v 0.406968 -0.403226 0.072101
v 0.401781 -0.403226 -0.019005
v 0.391669 -0.403226 -0.201322
v 0.385993 -0.403226 -0.292231
v 0.346400 -0.403226 -0.369160
v 0.265881 -0.403226 -0.404190
v 0.169548 -0.403226 -0.409194
v -0.022305 -0.403226 -0.409416
v -0.115359 -0.403226 -0.404203
v -0.208682 -0.403226 -0.398240
v -0.303079 -0.403226 -0.394789
v -0.378906 -0.403226 -0.349877
v -0.411552 -0.403226 -0.176637
v -0.416859 -0.403226 -0.085579
v -0.416296 -0.403226 0.007842
v -0.419464 -0.403226 0.099761
v -0.421606 -0.403226 0.192113
v -0.381426 -0.403226 0.361771
v -0.379928 -0.403226 0.362582
v -0.378490 -0.403226 0.363735
v -0.376850 -0.403226 0.364855
v -0.373881 -0.403226 0.367203
v -0.287822 -0.403226 0.400497
v -0.193709 -0.403226 0.408669
v -0.095250 -0.403226 0.405809
v -0.000862 -0.403226 0.399547
v 0.191647 -0.403226 0.395784
v 0.286079 -0.403226 0.389624
v 0.368492 -0.403226 0.355277
v 0.413048 -0.403226 0.279436
v 0.412726 -0.403226 0.187417
v 0.402000 -0.403226 0.003034
v 0.398142 -0.403226 -0.089764
v 0.392067 -0.403226 -0.181668
v 0.388969 -0.403226 -0.274772
v 0.358894 -0.403226 -0.356992
v 0.187351 -0.403226 -0.404102
v 0.089350 -0.403226 -0.406221
v -0.008797 -0.403226 -0.409208
v -0.101891 -0.403226 -0.400889
v -0.293601 -0.403226 -0.395253
v -0.373690 -0.370968 -0.356156
v -0.374174 -0.370968 -0.354331
v -0.375470 -0.370968 -0.352834
v -0.377171 -0.370968 -0.351499
v -0.378868 -0.370968 -0.350162
v -0.410137 -0.370968 -0.261794
v -0.415366 -0.370968 -0.168980
v -0.418437 -0.370968 -0.075297
v -0.417281 -0.370968 0.020088
v -0.421828 -0.370968 0.113177
v -0.418038 -0.370968 0.301001
v -0.367193 -0.370968 0.373383
v -0.281556 -0.370968 0.401556
v -0.186305 -0.370968 0.411478
v -0.087823 -0.370968 0.405225
v 0.103830 -0.370968 0.396707
v 0.200596 -0.370968 0.394651
v 0.295467 -0.370968 0.388151
v 0.375568 -0.370968 0.348573
v 0.412163 -0.370968 0.176663
v 0.407547 -0.370968 0.083602
v 0.402651 -0.370968 -0.009346
v 0.397730 -0.370968 -0.102285
v 0.391831 -0.370968 -0.194829
v 0.349084 -0.370968 -0.367386
v 0.347578 -0.370968 -0.368165
v 0.346199 -0.370968 -0.369367
v 0.344697 -0.370968 -0.370610
v 0.343000 -0.370968 -0.371673
v 0.254423 -0.370968 -0.405272
v 0.155880 -0.370968 -0.411888
v 0.060621 -0.370968 -0.408406
v -0.034034 -0.370968 -0.403597
v -0.128876 -0.370968 -0.400641
v -0.317969 -0.370968 -0.390514
v -0.388494 -0.370968 -0.336941
v -0.411231 -0.370968 -0.252088
v -0.414896 -0.370968 -0.159555
v -0.414946 -0.370968 0.028441
v -0.420300 -0.370968 0.120294
v -0.417722 -0.370968 0.215365
v -0.416586 -0.370968 0.305095
v -0.364300 -0.370968 0.375690
v -0.184091 -0.370968 0.411888
v -0.086946 -0.370968 0.404788
v 0.006210 -0.370968 0.396462
v 0.103040 -0.370968 0.396758
v 0.198821 -0.370968 0.394592
v 0.373834 -0.370968 0.351472
v 0.374512 -0.370968 0.349225
v 0.376194 -0.370968 0.347383
v 0.378354 -0.370968 0.345733
v 0.380462 -0.370968 0.344062
v 0.421865 -0.370968 0.256405
v 0.410826 -0.370968 0.163944
v 0.407218 -0.370968 0.072145
v 0.402028 -0.370968 -0.019016
v 0.391909 -0.370968 -0.201446
v 0.386230 -0.370968 -0.292411
v 0.346613 -0.370968 -0.369387
v 0.266044 -0.370968 -0.404438
v 0.169652 -0.370968 -0.409446
v -0.022319 -0.370968 -0.409668
v -0.115430 -0.370968 -0.404451
v -0.208811 -0.370968 -0.398485
v -0.303265 -0.370968 -0.395032
v -0.379138 -0.370968 -0.350092
v -0.411805 -0.370968 -0.176746
v -0.417115 -0.370968 -0.085632
v -0.416552 -0.370968 0.007846
v -0.419721 -0.370968 0.099822
v -0.421865 -0.370968 0.192231
v -0.381660 -0.370968 0.361993
v -0.380162 -0.370968 0.362804
v -0.378722 -0.370968 0.363958
v -0.377082 -0.370968 0.365079
v -0.374111 -0.370968 0.367428
v -0.287999 -0.370968 0.400743
v -0.193828 -0.370968 0.408920
v -0.095308 -0.370968 0.406058
v -0.000862 -0.370968 0.399793
v 0.191765 -0.370968 0.396027
v 0.286255 -0.370968 0.389864
v 0.368718 -0.370968 0.355495
v 0.413302 -0.370968 0.279608
v 0.412979 -0.370968 0.187532
v 0.402246 -0.370968 0.003036
v 0.398387 -0.370968 -0.089819
v 0.392307 -0.370968 -0.181780
v 0.389208 -0.370968 -0.274941
v 0.359114 -0.370968 -0.357211
v 0.187466 -0.370968 -0.404350
v 0.089405 -0.370968 -0.406470
v -0.008803 -0.370968 -0.409459
v -0.101954 -0.370968 -0.401136
v -0.293781 -0.370968 -0.395496
v -0.373920 -0.338710 -0.356375
v -0.374404 -0.338710 -0.354549
v -0.375700 -0.338710 -0.353050
v -0.377402 -0.338710 -0.351714
v -0.379101 -0.338710 -0.350377
v -0.410388 -0.338710 -0.261955
v -0.415621 -0.338710 -0.169084
v -0.418694 -0.338710 -0.075343
v -0.417537 -0.338710 0.020101
v -0.422087 -0.338710 0.113247
v -0.418294 -0.338710 0.301186
v -0.367418 -0.338710 0.373612
v -0.281729 -0.338710 0.401802
v -0.186420 -0.338710 0.411731
v -0.087877 -0.338710 0.405474
v 0.103894 -0.338710 0.396950
v 0.200719 -0.338710 0.394893
v 0.295649 -0.338710 0.388389
v 0.375798 -0.338710 0.348787
v 0.412416 -0.338710 0.176771
v 0.407797 -0.338710 0.083653
v 0.402898 -0.338710 -0.009352
v 0.397974 -0.338710 -0.102348
v 0.392072 -0.338710 -0.194949
v 0.349298 -0.338710 -0.367612
v 0.347791 -0.338710 -0.368391
v 0.346412 -0.338710 -0.369594
v 0.344909 -0.338710 -0.370837
v 0.343210 -0.338710 -0.371901
v 0.254579 -0.338710 -0.405520
v 0.155976 -0.338710 -0.412141
v 0.060658 -0.338710 -0.408657
v -0.034055 -0.338710 -0.403845
v -0.128955 -0.338710 -0.400887
v -0.318164 -0.338710 -0.390754
v -0.388733 -0.338710 -0.337148
v -0.411483 -0.338710 -0.252242
v -0.415150 -0.338710 -0.159653
v -0.415201 -0.338710 0.028459
v -0.420558 -0.338710 0.120368
v -0.417978 -0.338710 0.215498
v -0.416841 -0.338710 0.305283
v -0.364523 -0.338710 0.375921
v -0.184204 -0.338710 0.412141
v -0.087000 -0.338710 0.405037
v 0.006214 -0.338710 0.396706
v 0.103103 -0.338710 0.397002
v 0.198943 -0.338710 0.394834
v 0.374063 -0.338710 0.351687
v 0.374742 -0.338710 0.349439
v 0.376425 -0.338710 0.347596
v 0.378586 -0.338710 0.345945
v 0.380696 -0.338710 0.344273
v 0.422124 -0.338710 0.256563
v 0.411079 -0.338710 0.164045
v 0.407468 -0.338710 0.072190
v 0.402274 -0.338710 -0.019028
v 0.392150 -0.338710 -0.201569
v 0.386467 -0.338710 -0.292590
v 0.346826 -0.338710 -0.369614
v 0.266207 -0.338710 -0.404686
v 0.169756 -0.338710 -0.409697
v -0.022332 -0.338710 -0.409919
v -0.115501 -0.338710 -0.404699
v -0.208939 -0.338710 -0.398730
v -0.303451 -0.338710 -0.395274
v -0.379371 -0.338710 -0.350307
v -0.412058 -0.338710 -0.176854
v -0.417371 -0.338710 -0.085685
v -0.416808 -0.338710 0.007851
v -0.419979 -0.338710 0.099883
v -0.422124 -0.338710 0.192349
v -0.381894 -0.338710 0.362215
v -0.380395 -0.338710 0.363027
v -0.378955 -0.338710 0.364182
v -0.377313 -0.338710 0.365303
v -0.374341 -0.338710 0.367654
v -0.288176 -0.338710 0.400989
v -0.193947 -0.338710 0.409172
v -0.095367 -0.338710 0.406308
v -0.000863 -0.338710 0.400038
v 0.191883 -0.338710 0.396271
v 0.286431 -0.338710 0.390103
v 0.368945 -0.338710 0.355714
v 0.413556 -0.338710 0.279779
v 0.413233 -0.338710 0.187647
v 0.402493 -0.338710 0.003038
v 0.398632 -0.338710 -0.089874
v 0.392548 -0.338710 -0.181892
v 0.389447 -0.338710 -0.275110
v 0.359335 -0.338710 -0.357431
v 0.187581 -0.338710 -0.404598
v 0.089460 -0.338710 -0.406720
v -0.008808 -0.338710 -0.409711
v -0.102016 -0.338710 -0.401382
v -0.293961 -0.338710 -0.395739
v -0.373920 -0.306452 -0.356375
v -0.374404 -0.306452 -0.354549
v -0.375700 -0.306452 -0.353050
v -0.377402 -0.306452 -0.351714
v -0.379101 -0.306452 -0.350377
v -0.410388 -0.306452 -0.261955
v -0.415621 -0.306452 -0.169084
v -0.418694 -0.306452 -0.075343
v -0.417537 -0.306452 0.020101
v -0.422087 -0.306452 0.113247
v -0.418294 -0.306452 0.301186
v -0.367418 -0.306452 0.373612
v -0.281729 -0.306452 0.401802
v -0.186420 -0.306452 0.411731
v -0.087877 -0.306452 0.405474
v 0.103894 -0.306452 0.396950
v 0.200719 -0.306452 0.394893
v 0.295649 -0.306452 0.388389
v 0.375798 -0.306452 0.348787
v 0.412416 -0.306452 0.176771
v 0.407797 -0.306452 0.083653
v 0.402898 -0.306452 -0.009352
v 0.397974 -0.306452 -0.102348
v 0.392072 -0.306452 -0.194949
v 0.349298 -0.306452 -0.367612
v 0.347791 -0.306452 -0.368391
v 0.346412 -0.306452 -0.369594
v 0.344909 -0.306452 -0.370837
v 0.343210 -0.306452 -0.371901
v 0.254579 -0.306452 -0.405520
v 0.155976 -0.306452 -0.412141
v 0.060658 -0.306452 -0.408657
v -0.034055 -0.306452 -0.403845
v -0.128955 -0.306452 -0.400887
v -0.318164 -0.306452 -0.390754
v -0.388733 -0.306452 -0.337148
v -0.411483 -0.306452 -0.252242
v -0.415150 -0.306452 -0.159653
v -0.415201 -0.306452 0.028459
v -0.420558 -0.306452 0.120368
v -0.417978 -0.306452 0.215498
v -0.416841 -0.306452 0.305283
v -0.364523 -0.306452 0.375921
v -0.184204 -0.306452 0.412141
v -0.087000 -0.306452 0.405037
v 0.006214 -0.306452 0.396706
v 0.103103 -0.306452 0.397002
v 0.198943 -0.306452 0.394834
v 0.374063 -0.306452 0.351687
v 0.374742 -0.306452 0.349439
v 0.376425 -0.306452 0.347596
v 0.378586 -0.306452 0.345945
v 0.380696 -0.306452 0.344273
v 0.422124 -0.306452 0.256563
v 0.411079 -0.306452 0.164045
v 0.407468 -0.306452 0.072190
v 0.402274 -0.306452 -0.019028
v 0.392150 -0.306452 -0.201569
v 0.386467 -0.306452 -0.292590
v 0.346826 -0.306452 -0.369614
v 0.266207 -0.306452 -0.404686
v 0.169756 -0.306452 -0.409697
v -0.022332 -0.306452 -0.409919
v -0.115501 -0.306452 -0.404699
v -0.208939 -0.306452 -0.398730
v -0.303451 -0.306452 -0.395274
v -0.379371 -0.306452 -0.350307
v -0.412058 -0.306452 -0.176854
v -0.417371 -0.306452 -0.085685
v -0.416808 -0.306452 0.007851
v -0.419979 -0.306452 0.099883
v -0.422124 -0.306452 0.192349
v -0.381894 -0.306452 0.362215
v -0.380395 -0.306452 0.363027
v -0.378955 -0.306452 0.364182
v -0.377313 -0.306452 0.365303
v -0.374341 -0.306452 0.367654
v -0.288176 -0.306452 0.400989
v -0.193947 -0.306452 0.409172
v -0.095367 -0.306452 0.406308
v -0.000863 -0.306452 0.400038
v 0.191883 -0.306452 0.396271
v 0.286431 -0.306452 0.390103
v 0.368945 -0.306452 0.355714
v 0.413556 -0.306452 0.279779
v 0.413233 -0.306452 0.187647
v 0.402493 -0.306452 0.003038
v 0.398632 -0.306452 -0.089874
v 0.392548 -0.306452 -0.181892
v 0.389447 -0.306452 -0.275110
v 0.359335 -0.306452 -0.357431
v 0.187581 -0.306452 -0.404598
v 0.089460 -0.306452 -0.406720
v -0.008808 -0.306452 -0.409711
v -0.102016 -0.306452 -0.401382
v -0.293961 -0.306452 -0.395739
v -0.374149 -0.274194 -0.356594
v -0.374633 -0.274194 -0.354767
v -0.375931 -0.274194 -0.353267
v -0.377634 -0.274194 -0.351930
v -0.379333 -0.274194 -0.350592
v -0.410640 -0.274194 -0.262116
v -0.415876 -0.274194 -0.169188
v -0.418951 -0.274194 -0.075390
v -0.417793 -0.274194 0.020113
v -0.422346 -0.274194 0.113316
v -0.418551 -0.274194 0.301371
v -0.367644 -0.274194 0.373841
v -0.281902 -0.274194 0.402049
v -0.186534 -0.274194 0.411984
v -0.087931 -0.274194 0.405723
v 0.103958 -0.274194 0.397194
v 0.200842 -0.274194 0.395135
v 0.295830 -0.274194 0.388628
v 0.376029 -0.274194 0.349001
v 0.412669 -0.274194 0.176880
v 0.408047 -0.274194 0.083705
v 0.403145 -0.274194 -0.009358
v 0.398218 -0.274194 -0.102410
v 0.392312 -0.274194 -0.195069
v 0.349513 -0.274194 -0.367838
v 0.348005 -0.274194 -0.368617
v 0.346624 -0.274194 -0.369821
v 0.345120 -0.274194 -0.371065
v 0.343421 -0.274194 -0.372129
v 0.254735 -0.274194 -0.405769
v 0.156071 -0.274194 -0.412394
v 0.060695 -0.274194 -0.408907
v -0.034076 -0.274194 -0.404093
v -0.129034 -0.274194 -0.401132
v -0.318359 -0.274194 -0.390994
v -0.388971 -0.274194 -0.337355
v -0.411736 -0.274194 -0.252397
v -0.415405 -0.274194 -0.159751
v -0.415456 -0.274194 0.028476
v -0.420816 -0.274194 0.120442
v -0.418235 -0.274194 0.215630
v -0.417097 -0.274194 0.305470
v -0.364747 -0.274194 0.376152
v -0.184317 -0.274194 0.412394
v -0.087053 -0.274194 0.405285
v 0.006217 -0.274194 0.396949
v 0.103166 -0.274194 0.397245
v 0.199065 -0.274194 0.395077
v 0.374293 -0.274194 0.351903
v 0.374971 -0.274194 0.349654
v 0.376656 -0.274194 0.347809
v 0.378818 -0.274194 0.346157
v 0.380929 -0.274194 0.344485
v 0.422382 -0.274194 0.256720
v 0.411331 -0.274194 0.164146
v 0.407718 -0.274194 0.072234
v 0.402521 -0.274194 -0.019040
v 0.392391 -0.274194 -0.201693
v 0.386704 -0.274194 -0.292770
v 0.347038 -0.274194 -0.369841
v 0.266370 -0.274194 -0.404934
v 0.169860 -0.274194 -0.409948
v -0.022346 -0.274194 -0.410171
v -0.115572 -0.274194 -0.404948
v -0.209067 -0.274194 -0.398974
v -0.303637 -0.274194 -0.395517
v -0.379604 -0.274194 -0.350522
v -0.412311 -0.274194 -0.176963
v -0.417627 -0.274194 -0.085737
v -0.417063 -0.274194 0.007856
v -0.420237 -0.274194 0.099945
v -0.422382 -0.274194 0.192467
v -0.382129 -0.274194 0.362438
v -0.380628 -0.274194 0.363250
v -0.379187 -0.274194 0.364405
v -0.377544 -0.274194 0.365527
v -0.374570 -0.274194 0.367879
v -0.288352 -0.274194 0.401235
v -0.194066 -0.274194 0.409423
v -0.095425 -0.274194 0.406557
v -0.000863 -0.274194 0.400284
v 0.192001 -0.274194 0.396514
v 0.286606 -0.274194 0.390342
v 0.369171 -0.274194 0.355932
v 0.413809 -0.274194 0.279951
v 0.413487 -0.274194 0.187762
v 0.402740 -0.274194 0.003040
v 0.398876 -0.274194 -0.089929
v 0.392789 -0.274194 -0.182003
v 0.389686 -0.274194 -0.275278
v 0.359555 -0.274194 -0.357650
v 0.187696 -0.274194 -0.404846
v 0.089515 -0.274194 -0.406969
v -0.008813 -0.274194 -0.409962
v -0.102079 -0.274194 -0.401628
v -0.294142 -0.274194 -0.395982
v -0.374378 -0.241935 -0.356812
v -0.374863 -0.241935 -0.354984
v -0.376161 -0.241935 -0.353483
v -0.377865 -0.241935 -0.352146
v -0.379566 -0.241935 -0.350807
v -0.410892 -0.241935 -0.262277
v -0.416131 -0.241935 -0.169291
v -0.419208 -0.241935 -0.075436
v -0.418049 -0.241935 0.020125
v -0.422605 -0.241935 0.113386
v -0.418808 -0.241935 0.301555
v -0.367869 -0.241935 0.374070
v -0.282074 -0.241935 0.402295
v -0.186649 -0.241935 0.412236
v -0.087985 -0.241935 0.405972
v 0.104021 -0.241935 0.397437
v 0.200965 -0.241935 0.395378
v 0.296012 -0.241935 0.388866
v 0.376259 -0.241935 0.349215
v 0.412922 -0.241935 0.176988
v 0.408297 -0.241935 0.083756
v 0.403392 -0.241935 -0.009364
v 0.398462 -0.241935 -0.102473
v 0.392553 -0.241935 -0.195188
v 0.349727 -0.241935 -0.368063
v 0.348218 -0.241935 -0.368843
v 0.346837 -0.241935 -0.370047
v 0.345332 -0.241935 -0.371292
v 0.343631 -0.241935 -0.372358
v 0.254891 -0.241935 -0.406018
v 0.156167 -0.241935 -0.412647
v 0.060733 -0.241935 -0.409158
v -0.034097 -0.241935 -0.404341
v -0.129113 -0.241935 -0.401378
v -0.318555 -0.241935 -0.391233
v -0.389210 -0.241935 -0.337561
v -0.411988 -0.241935 -0.252552
v -0.415660 -0.241935 -0.159849
v -0.415711 -0.241935 0.028494
v -0.421074 -0.241935 0.120516
v -0.418491 -0.241935 0.215762
v -0.417353 -0.241935 0.305657
v -0.364971 -0.241935 0.376382
v -0.184430 -0.241935 0.412647
v -0.087107 -0.241935 0.405534
v 0.006221 -0.241935 0.397192
v 0.103230 -0.241935 0.397489
v 0.199187 -0.241935 0.395319
v 0.374522 -0.241935 0.352119
v 0.375201 -0.241935 0.349868
v 0.376887 -0.241935 0.348023
v 0.379050 -0.241935 0.346369
v 0.381163 -0.241935 0.344696
v 0.422641 -0.241935 0.256878
v 0.411583 -0.241935 0.164246
v 0.407968 -0.241935 0.072278
v 0.402768 -0.241935 -0.019051
v 0.392631 -0.241935 -0.201817
v 0.386941 -0.241935 -0.292949
v 0.347251 -0.241935 -0.370067
v 0.266534 -0.241935 -0.405183
v 0.169965 -0.241935 -0.410200
v -0.022360 -0.241935 -0.410422
v -0.115643 -0.241935 -0.405196
v -0.209195 -0.241935 -0.399219
v -0.303823 -0.241935 -0.395759
v -0.379837 -0.241935 -0.350736
v -0.412563 -0.241935 -0.177071
v -0.417883 -0.241935 -0.085790
v -0.417319 -0.241935 0.007861
v -0.420494 -0.241935 0.100006
v -0.422641 -0.241935 0.192585
v -0.382363 -0.241935 0.362660
v -0.380862 -0.241935 0.363473
v -0.379420 -0.241935 0.364629
v -0.377776 -0.241935 0.365751
v -0.374800 -0.241935 0.368105
v -0.288529 -0.241935 0.401481
v -0.194185 -0.241935 0.409674
v -0.095484 -0.241935 0.406806
v -0.000864 -0.241935 0.400529
v 0.192118 -0.241935 0.396757
v 0.286782 -0.241935 0.390582
v 0.369397 -0.241935 0.356150
v 0.414063 -0.241935 0.280123
v 0.413740 -0.241935 0.187877
v 0.402987 -0.241935 0.003042
v 0.399121 -0.241935 -0.089984
v 0.393030 -0.241935 -0.182115
v 0.389924 -0.241935 -0.275447
v 0.359776 -0.241935 -0.357869
v 0.187811 -0.241935 -0.405095
v 0.089569 -0.241935 -0.407219
v -0.008819 -0.241935 -0.410213
v -0.102142 -0.241935 -0.401874
v -0.294322 -0.241935 -0.396224
v -0.374378 -0.209677 -0.356812
v -0.374863 -0.209677 -0.354984
v -0.376161 -0.209677 -0.353483
v -0.377865 -0.209677 -0.352146
v -0.379566 -0.209677 -0.350807
v -0.410892 -0.209677 -0.262277
v -0.416131 -0.209677 -0.169291
v -0.419208 -0.209677 -0.075436
v -0.418049 -0.209677 0.020125
v -0.422605 -0.209677 0.113386
v -0.418808 -0.209677 0.301555
v -0.367869 -0.209677 0.374070
v -0.282074 -0.209677 0.402295
v -0.186649 -0.209677 0.412236
v -0.087985 -0.209677 0.405972
v 0.104021 -0.209677 0.397437
v 0.200965 -0.209677 0.395378
v 0.296012 -0.209677 0.388866
v 0.376259 -0.209677 0.349215
v 0.412922 -0.209677 0.176988
v 0.408297 -0.209677 0.083756
v 0.403392 -0.209677 -0.009364
v 0.398462 -0.209677 -0.102473
v 0.392553 -0.209677 -0.195188
v 0.349727 -0.209677 -0.368063
v 0.348218 -0.209677 -0.368843
v 0.346837 -0.209677 -0.370047
v 0.345332 -0.209677 -0.371292
v 0.343631 -0.209677 -0.372358
v 0.254891 -0.209677 -0.406018
v 0.156167 -0.209677 -0.412647
v 0.060733 -0.209677 -0.409158
v -0.034097 -0.209677 -0.404341
v -0.129113 -0.209677 -0.401378
v -0.318555 -0.209677 -0.391233
v -0.389210 -0.209677 -0.337561
v -0.411988 -0.209677 -0.252552
v -0.415660 -0.209677 -0.159849
v -0.415711 -0.209677 0.028494
v -0.421074 -0.209677 0.120516
v -0.418491 -0.209677 0.215762
v -0.417353 -0.209677 0.305657
v -0.364971 -0.209677 0.376382
v -0.184430 -0.209677 0.412647
v -0.087107 -0.209677 0.405534
v 0.006221 -0.209677 0.397192
v 0.103230 -0.209677 0.397489
v 0.199187 -0.209677 0.395319
v 0.374522 -0.209677 0.352119
v 0.375201 -0.209677 0.349868
v 0.376887 -0.209677 0.348023
v 0.379050 -0.209677 0.346369
v 0.381163 -0.209677 0.344696
v 0.422641 -0.209677 0.256878
v 0.411583 -0.209677 0.164246
v 0.407968 -0.209677 0.072278
v 0.402768 -0.209677 -0.019051
v 0.392631 -0.209677 -0.201817
v 0.386941 -0.209677 -0.292949
v 0.347251 -0.209677 -0.370067
v 0.266534 -0.209677 -0.405183
v 0.169965 -0.209677 -0.410200
v -0.022360 -0.209677 -0.410422
v -0.115643 -0.209677 -0.405196
v -0.209195 -0.209677 -0.399219
v -0.303823 -0.209677 -0.395759
v -0.379837 -0.209677 -0.350736
v -0.412563 -0.209677 -0.177071
v -0.417883 -0.209677 -0.085790
v -0.417319 -0.209677 0.007861
v -0.420494 -0.209677 0.100006
v -0.422641 -0.209677 0.192585
v -0.382363 -0.209677 0.362660
v -0.380862 -0.209677 0.363473
v -0.379420 -0.209677 0.364629
v -0.377776 -0.209677 0.365751
v -0.374800 -0.209677 0.368105
v -0.288529 -0.209677 0.401481
v -0.194185 -0.209677 0.409674
v -0.095484 -0.209677 0.406806
v -0.000864 -0.209677 0.400529
v 0.192118 -0.209677 0.396757
v 0.286782 -0.209677 0.390582
v 0.369397 -0.209677 0.356150
v 0.414063 -0.209677 0.280123
v 0.413740 -0.209677 0.187877
v 0.402987 -0.209677 0.003042
v 0.399121 -0.209677 -0.089984
v 0.393030 -0.209677 -0.182115
v 0.389924 -0.209677 -0.275447
v 0.359776 -0.209677 -0.357869
v 0.187811 -0.209677 -0.405095
v 0.089569 -0.209677 -0.407219
v -0.008819 -0.209677 -0.410213
v -0.102142 -0.209677 -0.401874
v -0.294322 -0.209677 -0.396224
v -0.374571 -0.177419 -0.356996
v -0.375056 -0.177419 -0.355166
v -0.376355 -0.177419 -0.353665
v -0.378059 -0.177419 -0.352327
v -0.379761 -0.177419 -0.350988
v -0.411103 -0.177419 -0.262411
v -0.416345 -0.177419 -0.169378
v -0.419423 -0.177419 -0.075475
v -0.418264 -0.177419 0.020136
v -0.422822 -0.177419 0.113444
v -0.419023 -0.177419 0.301710
v -0.368058 -0.177419 0.374263
v -0.282219 -0.177419 0.402502
v -0.186744 -0.177419 0.412448
v -0.088030 -0.177419 0.406180
v 0.104075 -0.177419 0.397642
v 0.201068 -0.177419 0.395581
v 0.296164 -0.177419 0.389066
v 0.376453 -0.177419 0.349394
v 0.413134 -0.177419 0.177079
v 0.408507 -0.177419 0.083799
v 0.403600 -0.177419 -0.009368
v 0.398667 -0.177419 -0.102526
v 0.392755 -0.177419 -0.195289
v 0.349907 -0.177419 -0.368252
v 0.348397 -0.177419 -0.369032
v 0.347015 -0.177419 -0.370237
v 0.345509 -0.177419 -0.371483
v 0.343808 -0.177419 -0.372549
v 0.255022 -0.177419 -0.406227
v 0.156247 -0.177419 -0.412859
v 0.060764 -0.177419 -0.409368
v -0.034115 -0.177419 -0.404548
v -0.129180 -0.177419 -0.401585
v -0.318718 -0.177419 -0.391434
v -0.389410 -0.177419 -0.337735
v -0.412200 -0.177419 -0.252682
v -0.415873 -0.177419 -0.159931
v -0.415924 -0.177419 0.028508
v -0.421290 -0.177419 0.120578
v -0.418706 -0.177419 0.215873
v -0.417567 -0.177419 0.305814
v -0.365158 -0.177419 0.376576
v -0.184525 -0.177419 0.412859
v -0.087151 -0.177419 0.405742
v 0.006224 -0.177419 0.397397
v 0.103283 -0.177419 0.397693
v 0.199289 -0.177419 0.395522
v 0.374715 -0.177419 0.352300
v 0.375394 -0.177419 0.350048
v 0.377081 -0.177419 0.348201
v 0.379245 -0.177419 0.346547
v 0.381359 -0.177419 0.344873
v 0.422859 -0.177419 0.257010
v 0.411794 -0.177419 0.164331
v 0.408178 -0.177419 0.072315
v 0.402975 -0.177419 -0.019061
v 0.392833 -0.177419 -0.201920
v 0.387140 -0.177419 -0.293100
v 0.347430 -0.177419 -0.370258
v 0.266671 -0.177419 -0.405391
v 0.170052 -0.177419 -0.410411
v -0.022371 -0.177419 -0.410633
v -0.115702 -0.177419 -0.405404
v -0.209303 -0.177419 -0.399424
v -0.303980 -0.177419 -0.395963
v -0.380032 -0.177419 -0.350917
v -0.412775 -0.177419 -0.177162
v -0.418098 -0.177419 -0.085834
v -0.417534 -0.177419 0.007865
v -0.420710 -0.177419 0.100057
v -0.422859 -0.177419 0.192684
v -0.382560 -0.177419 0.362846
v -0.381058 -0.177419 0.363659
v -0.379615 -0.177419 0.364816
v -0.377970 -0.177419 0.365939
v -0.374993 -0.177419 0.368294
v -0.288678 -0.177419 0.401687
v -0.194285 -0.177419 0.409884
v -0.095533 -0.177419 0.407015
v -0.000864 -0.177419 0.400735
v 0.192217 -0.177419 0.396961
v 0.286929 -0.177419 0.390782
v 0.369587 -0.177419 0.356333
v 0.414276 -0.177419 0.280267
v 0.413953 -0.177419 0.187974
v 0.403194 -0.177419 0.003043
v 0.399326 -0.177419 -0.090031
v 0.393232 -0.177419 -0.182208
v 0.390125 -0.177419 -0.275589
v 0.359960 -0.177419 -0.358053
v 0.187908 -0.177419 -0.405303
v 0.089615 -0.177419 -0.407428
v -0.008823 -0.177419 -0.410424
v -0.102194 -0.177419 -0.402081
v -0.294473 -0.177419 -0.396428
v -0.374608 -0.145161 -0.357031
v -0.375093 -0.145161 -0.355202
v -0.376392 -0.145161 -0.353700
v -0.378097 -0.145161 -0.352362
v -0.379798 -0.145161 -0.351022
v -0.411144 -0.145161 -0.262437
v -0.416386 -0.145161 -0.169395
v -0.419465 -0.145161 -0.075482
v -0.418305 -0.145161 0.020138
v -0.422864 -0.145161 0.113455
v -0.419064 -0.145161 0.301740
v -0.368095 -0.145161 0.374300
v -0.282247 -0.145161 0.402542
v -0.186763 -0.145161 0.412489
v -0.088039 -0.145161 0.406220
v 0.104085 -0.145161 0.397681
v 0.201088 -0.145161 0.395620
v 0.296193 -0.145161 0.389104
v 0.376490 -0.145161 0.349429
v 0.413175 -0.145161 0.177097
v 0.408548 -0.145161 0.083807
v 0.403639 -0.145161 -0.009369
v 0.398706 -0.145161 -0.102536
v 0.392794 -0.145161 -0.195308
v 0.349941 -0.145161 -0.368289
v 0.348431 -0.145161 -0.369069
v 0.347049 -0.145161 -0.370274
v 0.345543 -0.145161 -0.371520
v 0.343842 -0.145161 -0.372586
v 0.255048 -0.145161 -0.406267
v 0.156263 -0.145161 -0.412899
v 0.060770 -0.145161 -0.409409
v -0.034118 -0.145161 -0.404588
v -0.129192 -0.145161 -0.401624
v -0.318750 -0.145161 -0.391473
v -0.389448 -0.145161 -0.337768
v -0.412240 -0.145161 -0.252707
v -0.415914 -0.145161 -0.159947
v -0.415965 -0.145161 0.028511
v -0.421332 -0.145161 0.120590
v -0.418748 -0.145161 0.215894
v -0.417609 -0.145161 0.305844
v -0.365194 -0.145161 0.376613
v -0.184543 -0.145161 0.412899
v -0.087160 -0.145161 0.405782
v 0.006225 -0.145161 0.397436
v 0.103293 -0.145161 0.397732
v 0.199309 -0.145161 0.395561
v 0.374752 -0.145161 0.352335
v 0.375431 -0.145161 0.350083
v 0.377118 -0.145161 0.348236
v 0.379283 -0.145161 0.346582
v 0.381397 -0.145161 0.344907
v 0.422900 -0.145161 0.257035
v 0.411835 -0.145161 0.164347
v 0.408218 -0.145161 0.072323
v 0.403015 -0.145161 -0.019063
v 0.392872 -0.145161 -0.201940
v 0.387178 -0.145161 -0.293129
v 0.347464 -0.145161 -0.370294
v 0.266697 -0.145161 -0.405431
v 0.170069 -0.145161 -0.410451
v -0.022373 -0.145161 -0.410673
v -0.115714 -0.145161 -0.405444
v -0.209323 -0.145161 -0.399463
v -0.304010 -0.145161 -0.396002
v -0.380069 -0.145161 -0.350951
v -0.412816 -0.145161 -0.177180
v -0.418139 -0.145161 -0.085842
v -0.417575 -0.145161 0.007866
v -0.420752 -0.145161 0.100067
v -0.422900 -0.145161 0.192703
v -0.382597 -0.145161 0.362882
v -0.381095 -0.145161 0.363695
v -0.379652 -0.145161 0.364852
v -0.378007 -0.145161 0.365975
v -0.375030 -0.145161 0.368330
v -0.288706 -0.145161 0.401727
v -0.194304 -0.145161 0.409925
v -0.095542 -0.145161 0.407056
v -0.000865 -0.145161 0.400774
v 0.192236 -0.145161 0.397000
v 0.286958 -0.145161 0.390821
v 0.369624 -0.145161 0.356368
v 0.414317 -0.145161 0.280294
v 0.413994 -0.145161 0.187993
v 0.403234 -0.145161 0.003043
v 0.399365 -0.145161 -0.090040
v 0.393271 -0.145161 -0.182226
v 0.390163 -0.145161 -0.275616
v 0.359996 -0.145161 -0.358089
v 0.187926 -0.145161 -0.405343
v 0.089624 -0.145161 -0.407468
v -0.008824 -0.145161 -0.410465
v -0.102204 -0.145161 -0.402121
v -0.294502 -0.145161 -0.396467
v -0.374608 -0.112903 -0.357031
v -0.375093 -0.112903 -0.355202
v -0.376392 -0.112903 -0.353700
v -0.378097 -0.112903 -0.352362
v -0.379798 -0.112903 -0.351022
v -0.411144 -0.112903 -0.262437
v -0.416386 -0.112903 -0.169395
v -0.419465 -0.112903 -0.075482
v -0.418305 -0.112903 0.020138
v -0.422864 -0.112903 0.113455
v -0.419064 -0.112903 0.301740
v -0.368095 -0.112903 0.374300
v -0.282247 -0.112903 0.402542
v -0.186763 -0.112903 0.412489
v -0.088039 -0.112903 0.406220
v 0.104085 -0.112903 0.397681
v 0.201088 -0.112903 0.395620
v 0.296193 -0.112903 0.389104
v 0.376490 -0.112903 0.349429
v 0.413175 -0.112903 0.177097
v 0.408548 -0.112903 0.083807
v 0.403639 -0.112903 -0.009369
v 0.398706 -0.112903 -0.102536
v 0.392794 -0.112903 -0.195308
v 0.349941 -0.112903 -0.368289
v 0.348431 -0.112903 -0.369069
v 0.347049 -0.112903 -0.370274
v 0.345543 -0.112903 -0.371520
v 0.343842 -0.112903 -0.372586
v 0.255048 -0.112903 -0.406267
v 0.156263 -0.112903 -0.412899
v 0.060770 -0.112903 -0.409409
v -0.034118 -0.112903 -0.404588
v -0.129192 -0.112903 -0.401624
v -0.318750 -0.112903 -0.391473
v -0.389448 -0.112903 -0.337768
v -0.412240 -0.112903 -0.252707
v -0.415914 -0.112903 -0.159947
v -0.415965 -0.112903 0.028511
v -0.421332 -0.112903 0.120590
v -0.418748 -0.112903 0.215894
v -0.417609 -0.112903 0.305844
v -0.365194 -0.112903 0.376613
v -0.184543 -0.112903 0.412899
v -0.087160 -0.112903 0.405782
v 0.006225 -0.112903 0.397436
v 0.103293 -0.112903 0.397732
v 0.199309 -0.112903 0.395561
v 0.374752 -0.112903 0.352335
v 0.375431 -0.112903 0.350083
v 0.377118 -0.112903 0.348236
v 0.379283 -0.112903 0.346582
v 0.381397 -0.112903 0.344907
v 0.422900 -0.112903 0.257035
v 0.411835 -0.112903 0.164347
v 0.408218 -0.112903 0.072323
v 0.403015 -0.112903 -0.019063
v 0.392872 -0.112903 -0.201940
v 0.387178 -0.112903 -0.293129
v 0.347464 -0.112903 -0.370294
v 0.266697 -0.112903 -0.405431
v 0.170069 -0.112903 -0.410451
v -0.022373 -0.112903 -0.410673
v -0.115714 -0.112903 -0.405444
v -0.209323 -0.112903 -0.399463
v -0.304010 -0.112903 -0.396002
v -0.380069 -0.112903 -0.350951
v -0.412816 -0.112903 -0.177180
v -0.418139 -0.112903 -0.085842
v -0.417575 -0.112903 0.007866
v -0.420752 -0.112903 0.100067
v -0.422900 -0.112903 0.192703
v -0.382597 -0.112903 0.362882
v -0.381095 -0.112903 0.363695
v -0.379652 -0.112903 0.364852
v -0.378007 -0.112903 0.365975
v -0.375030 -0.112903 0.368330
v -0.288706 -0.112903 0.401727
v -0.194304 -0.112903 0.409925
v -0.095542 -0.112903 0.407056
v -0.000865 -0.112903 0.400774
v 0.192236 -0.112903 0.397000
v 0.286958 -0.112903 0.390821
v 0.369624 -0.112903 0.356368
v 0.414317 -0.112903 0.280294
v 0.413994 -0.112903 0.187993
v 0.403234 -0.112903 0.003043
v 0.399365 -0.112903 -0.090040
v 0.393271 -0.112903 -0.182226
v 0.390163 -0.112903 -0.275616
v 0.359996 -0.112903 -0.358089
v 0.187926 -0.112903 -0.405343
v 0.089624 -0.112903 -0.407468
v -0.008824 -0.112903 -0.410465
v -0.102204 -0.112903 -0.402121
v -0.294502 -0.112903 -0.396467
v -0.374837 -0.080645 -0.357250
v -0.375322 -0.080645 -0.355419
v -0.376622 -0.080645 -0.353917
v -0.378328 -0.080645 -0.352578
v -0.380031 -0.080645 -0.351237
v -0.411395 -0.080645 -0.262598
v -0.416641 -0.080645 -0.169499
v -0.419721 -0.080645 -0.075528
v -0.418562 -0.080645 0.020150
v -0.423123 -0.080645 0.113525
v -0.419321 -0.080645 0.301925
v -0.368320 -0.080645 0.374529
v -0.282420 -0.080645 0.402788
v -0.186877 -0.080645 0.412741
v -0.088093 -0.080645 0.406469
v 0.104149 -0.080645 0.397924
v 0.201211 -0.080645 0.395862
v 0.296374 -0.080645 0.389342
v 0.376720 -0.080645 0.349643
v 0.413428 -0.080645 0.177205
v 0.408798 -0.080645 0.083859
v 0.403887 -0.080645 -0.009375
v 0.398951 -0.080645 -0.102599
v 0.393034 -0.080645 -0.195427
v 0.350156 -0.080645 -0.368514
v 0.348645 -0.080645 -0.369295
v 0.347262 -0.080645 -0.370501
v 0.345755 -0.080645 -0.371747
v 0.344052 -0.080645 -0.372814
v 0.255204 -0.080645 -0.406516
v 0.156359 -0.080645 -0.413152
v 0.060807 -0.080645 -0.409660
v -0.034139 -0.080645 -0.404836
v -0.129271 -0.080645 -0.401870
v -0.318945 -0.080645 -0.391713
v -0.389687 -0.080645 -0.337975
v -0.412493 -0.080645 -0.252861
v -0.416169 -0.080645 -0.160045
v -0.416220 -0.080645 0.028529
v -0.421590 -0.080645 0.120663
v -0.419004 -0.080645 0.216026
v -0.417864 -0.080645 0.306032
v -0.365418 -0.080645 0.376844
v -0.184656 -0.080645 0.413152
v -0.087213 -0.080645 0.406031
v 0.006229 -0.080645 0.397679
v 0.103356 -0.080645 0.397976
v 0.199431 -0.080645 0.395803
v 0.374981 -0.080645 0.352550
v 0.375661 -0.080645 0.350297
v 0.377349 -0.080645 0.348449
v 0.379515 -0.080645 0.346794
v 0.381630 -0.080645 0.345118
v 0.423159 -0.080645 0.257192
v 0.412087 -0.080645 0.164448
v 0.408468 -0.080645 0.072367
v 0.403262 -0.080645 -0.019075
v 0.393112 -0.080645 -0.202064
v 0.387415 -0.080645 -0.293308
v 0.347677 -0.080645 -0.370521
v 0.266860 -0.080645 -0.405679
v 0.170173 -0.080645 -0.410702
v -0.022387 -0.080645 -0.410925
v -0.115785 -0.080645 -0.405692
v -0.209451 -0.080645 -0.399708
v -0.304196 -0.080645 -0.396244
v -0.380302 -0.080645 -0.351166
v -0.413069 -0.080645 -0.177288
v -0.418395 -0.080645 -0.085895
v -0.417831 -0.080645 0.007870
v -0.421010 -0.080645 0.100128
v -0.423159 -0.080645 0.192821
v -0.382832 -0.080645 0.363104
v -0.381329 -0.080645 0.363918
v -0.379885 -0.080645 0.365075
v -0.378239 -0.080645 0.366199
v -0.375259 -0.080645 0.368556
v -0.288883 -0.080645 0.401973
v -0.194423 -0.080645 0.410176
v -0.095601 -0.080645 0.407305
v -0.000865 -0.080645 0.401020
v 0.192354 -0.080645 0.397243
v 0.287133 -0.080645 0.391060
v 0.369850 -0.080645 0.356587
v 0.414571 -0.080645 0.280466
v 0.414247 -0.080645 0.188108
v 0.403481 -0.080645 0.003045
v 0.399610 -0.080645 -0.090095
v 0.393512 -0.080645 -0.182338
v 0.390402 -0.080645 -0.275785
v 0.360217 -0.080645 -0.358308
v 0.188041 -0.080645 -0.405591
v 0.089679 -0.080645 -0.407718
v -0.008830 -0.080645 -0.410716
v -0.102267 -0.080645 -0.402367
v -0.294683 -0.080645 -0.396710
v -0.375067 -0.048387 -0.357468
v -0.375552 -0.048387 -0.355637
v -0.376853 -0.048387 -0.354133
v -0.378560 -0.048387 -0.352793
v -0.380264 -0.048387 -0.351452
v -0.411647 -0.048387 -0.262759
v -0.416896 -0.048387 -0.169603
v -0.419978 -0.048387 -0.075574
v -0.418818 -0.048387 0.020162
v -0.423382 -0.048387 0.113594
v -0.419577 -0.048387 0.302110
v -0.368545 -0.048387 0.374758
v -0.282593 -0.048387 0.403035
v -0.186992 -0.048387 0.412994
v -0.088147 -0.048387 0.406718
v 0.104212 -0.048387 0.398168
v 0.201334 -0.048387 0.396105
v 0.296556 -0.048387 0.389581
v 0.376951 -0.048387 0.349857
v 0.413681 -0.048387 0.177314
v 0.409048 -0.048387 0.083910
v 0.404134 -0.048387 -0.009381
v 0.399195 -0.048387 -0.102662
v 0.393275 -0.048387 -0.195547
v 0.350370 -0.048387 -0.368740
v 0.348858 -0.048387 -0.369521
v 0.347475 -0.048387 -0.370728
v 0.345967 -0.048387 -0.371975
v 0.344263 -0.048387 -0.373042
v 0.255360 -0.048387 -0.406764
v 0.156454 -0.048387 -0.413405
v 0.060844 -0.048387 -0.409910
v -0.034160 -0.048387 -0.405084
v -0.129351 -0.048387 -0.402116
v -0.319140 -0.048387 -0.391953
v -0.389925 -0.048387 -0.338182
v -0.412745 -0.048387 -0.253016
v -0.416424 -0.048387 -0.160143
v -0.416475 -0.048387 0.028546
v -0.421848 -0.048387 0.120737
v -0.419260 -0.048387 0.216159
v -0.418120 -0.048387 0.306219
v -0.365642 -0.048387 0.377074
v -0.184769 -0.048387 0.413405
v -0.087267 -0.048387 0.406279
v 0.006233 -0.048387 0.397923
v 0.103419 -0.048387 0.398219
v 0.199553 -0.048387 0.396045
v 0.375211 -0.048387 0.352766
v 0.375891 -0.048387 0.350511
v 0.377580 -0.048387 0.348662
v 0.379747 -0.048387 0.347006
v 0.381864 -0.048387 0.345329
v 0.423418 -0.048387 0.257350
v 0.412340 -0.048387 0.164548
v 0.408718 -0.048387 0.072411
v 0.403508 -0.048387 -0.019086
v 0.393353 -0.048387 -0.202188
v 0.387652 -0.048387 -0.293488
v 0.347889 -0.048387 -0.370748
v 0.267024 -0.048387 -0.405928
v 0.170277 -0.048387 -0.410954
v -0.022401 -0.048387 -0.411176
v -0.115855 -0.048387 -0.405941
v -0.209580 -0.048387 -0.399953
v -0.304382 -0.048387 -0.396487
v -0.380535 -0.048387 -0.351381
v -0.413322 -0.048387 -0.177397
v -0.418651 -0.048387 -0.085947
v -0.418086 -0.048387 0.007875
v -0.421267 -0.048387 0.100190
v -0.423418 -0.048387 0.192939
v -0.383066 -0.048387 0.363326
v -0.381562 -0.048387 0.364141
v -0.380117 -0.048387 0.365299
v -0.378470 -0.048387 0.366423
v -0.375489 -0.048387 0.368781
v -0.289060 -0.048387 0.402219
v -0.194542 -0.048387 0.410427
v -0.095659 -0.048387 0.407554
v -0.000866 -0.048387 0.401265
v 0.192471 -0.048387 0.397486
v 0.287309 -0.048387 0.391300
v 0.370076 -0.048387 0.356805
v 0.414824 -0.048387 0.280638
v 0.414501 -0.048387 0.188223
v 0.403728 -0.048387 0.003047
v 0.399854 -0.048387 -0.090150
v 0.393752 -0.048387 -0.182449
v 0.390641 -0.048387 -0.275953
v 0.360437 -0.048387 -0.358527
v 0.188156 -0.048387 -0.405839
v 0.089734 -0.048387 -0.407967
v -0.008835 -0.048387 -0.410967
v -0.102329 -0.048387 -0.402613
v -0.294863 -0.048387 -0.396953
v -0.375296 -0.016129 -0.357687
v -0.375782 -0.016129 -0.355854
v -0.377083 -0.016129 -0.354350
v -0.378791 -0.016129 -0.353009
v -0.380496 -0.016129 -0.351667
v -0.411899 -0.016129 -0.262919
v -0.417151 -0.016129 -0.169706
v -0.420235 -0.016129 -0.075621
v -0.419074 -0.016129 0.020175
v -0.423641 -0.016129 0.113663
v -0.419834 -0.016129 0.302295
v -0.368771 -0.016129 0.374987
v -0.282766 -0.016129 0.403281
v -0.187106 -0.016129 0.413247
v -0.088201 -0.016129 0.406967
v 0.104276 -0.016129 0.398411
v 0.201457 -0.016129 0.396347
v 0.296737 -0.016129 0.389819
v 0.377182 -0.016129 0.350071
v 0.413934 -0.016129 0.177422
v 0.409298 -0.016129 0.083961
v 0.404381 -0.016129 -0.009387
v 0.399439 -0.016129 -0.102724
v 0.393515 -0.016129 -0.195667
v 0.350584 -0.016129 -0.368965
v 0.349072 -0.016129 -0.369747
v 0.347687 -0.016129 -0.370954
v 0.346178 -0.016129 -0.372202
v 0.344473 -0.016129 -0.373270
v 0.255516 -0.016129 -0.407013
v 0.156550 -0.016129 -0.413658
v 0.060882 -0.016129 -0.410161
v -0.034181 -0.016129 -0.405332
v -0.129430 -0.016129 -0.402362
v -0.319335 -0.016129 -0.392192
v -0.390164 -0.016129 -0.338389
v -0.412998 -0.016129 -0.253171
v -0.416678 -0.016129 -0.160241
v -0.416730 -0.016129 0.028564
v -0.422106 -0.016129 0.120811
v -0.419517 -0.016129 0.216291
v -0.418376 -0.016129 0.306406
v -0.365865 -0.016129 0.377305
v -0.184882 -0.016129 0.413658
v -0.087320 -0.016129 0.406528
v 0.006236 -0.016129 0.398166
v 0.103483 -0.016129 0.398463
v 0.199675 -0.016129 0.396288
v 0.375440 -0.016129 0.352982
v 0.376121 -0.016129 0.350726
v 0.377811 -0.016129 0.348876
v 0.379979 -0.016129 0.347218
v 0.382097 -0.016129 0.345541
v 0.423677 -0.016129 0.257507
v 0.412592 -0.016129 0.164649
v 0.408968 -0.016129 0.072455
v 0.403755 -0.016129 -0.019098
v 0.393594 -0.016129 -0.202311
v 0.387889 -0.016129 -0.293667
v 0.348102 -0.016129 -0.370974
v 0.267187 -0.016129 -0.406176
v 0.170381 -0.016129 -0.411205
v -0.022415 -0.016129 -0.411428
v -0.115926 -0.016129 -0.406189
v -0.209708 -0.016129 -0.400197
v -0.304568 -0.016129 -0.396729
v -0.380768 -0.016129 -0.351596
v -0.413575 -0.016129 -0.177505
v -0.418907 -0.016129 -0.086000
v -0.418342 -0.016129 0.007880
v -0.421525 -0.016129 0.100251
v -0.423677 -0.016129 0.193057
v -0.383300 -0.016129 0.363549
v -0.381795 -0.016129 0.364363
v -0.380350 -0.016129 0.365522
v -0.378702 -0.016129 0.366648
v -0.375719 -0.016129 0.369007
v -0.289236 -0.016129 0.402465
v -0.194661 -0.016129 0.410678
v -0.095718 -0.016129 0.407803
v -0.000866 -0.016129 0.401511
v 0.192589 -0.016129 0.397729
v 0.287485 -0.016129 0.391539
v 0.370303 -0.016129 0.357023
v 0.415078 -0.016129 0.280809
v 0.414754 -0.016129 0.188338
v 0.403975 -0.016129 0.003049
v 0.400099 -0.016129 -0.090205
v 0.393993 -0.016129 -0.182561
v 0.390880 -0.016129 -0.276122
v 0.360657 -0.016129 -0.358746
v 0.188271 -0.016129 -0.406087
v 0.089789 -0.016129 -0.408217
v -0.008841 -0.016129 -0.411219
v -0.102392 -0.016129 -0.402859
v -0.295043 -0.016129 -0.397196
v -0.375296 0.016129 -0.357687
v -0.375782 0.016129 -0.355854
v -0.377083 0.016129 -0.354350
v -0.378791 0.016129 -0.353009
v -0.380496 0.016129 -0.351667
v -0.411899 0.016129 -0.262919
v -0.417151 0.016129 -0.169706
v -0.420235 0.016129 -0.075621
v -0.419074 0.016129 0.020175
v -0.423641 0.016129 0.113663
v -0.419834 0.016129 0.302295
v -0.368771 0.016129 0.374987
v -0.282766 0.016129 0.403281
v -0.187106 0.016129 0.413247
v -0.088201 0.016129 0.406967
v 0.104276 0.016129 0.398411
v 0.201457 0.016129 0.396347
v 0.296737 0.016129 0.389819
v 0.377182 0.016129 0.350071
v 0.413934 0.016129 0.177422
v 0.409298 0.016129 0.083961
v 0.404381 0.016129 -0.009387
v 0.399439 0.016129 -0.102724
v 0.393515 0.016129 -0.195667
v 0.350584 0.016129 -0.368965
v 0.349072 0.016129 -0.369747
v 0.347687 0.016129 -0.370954
v 0.346178 0.016129 -0.372202
v 0.344473 0.016129 -0.373270
v 0.255516 0.016129 -0.407013
v 0.156550 0.016129 -0.413658
v 0.060882 0.016129 -0.410161
v -0.034181 0.016129 -0.405332
v -0.129430 0.016129 -0.402362
v -0.319335 0.016129 -0.392192
v -0.390164 0.016129 -0.338389
v -0.412998 0.016129 -0.253171
v -0.416678 0.016129 -0.160241
v -0.416730 0.016129 0.028564
v -0.422106 0.016129 0.120811
v -0.419517 0.016129 0.216291
v -0.418376 0.016129 0.306406
v -0.365865 0.016129 0.377305
v -0.184882 0.016129 0.413658
v -0.087320 0.016129 0.406528
v 0.006236 0.016129 0.398166
v 0.103483 0.016129 0.398463
v 0.199675 0.016129 0.396288
v 0.375440 0.016129 0.352982
v 0.376121 0.016129 0.350726
v 0.377811 0.016129 0.348876
v 0.379979 0.016129 0.347218
v 0.382097 0.016129 0.345541
v 0.423677 0.016129 0.257507
v 0.412592 0.016129 0.164649
v 0.408968 0.016129 0.072455
v 0.403755 0.016129 -0.019098
v 0.393594 0.016129 -0.202311
v 0.387889 0.016129 -0.293667
v 0.348102 0.016129 -0.370974
v 0.267187 0.016129 -0.406176
v 0.170381 0.016129 -0.411205
v -0.022415 0.016129 -0.411428
v -0.115926 0.016129 -0.406189
v -0.209708 0.016129 -0.400197
v -0.304568 0.016129 -0.396729
v -0.380768 0.016129 -0.351596
v -0.413575 0.016129 -0.177505
v -0.418907 0.016129 -0.086000
v -0.418342 0.016129 0.007880
v -0.421525 0.016129 0.100251
v -0.423677 0.016129 0.193057
v -0.383300 0.016129 0.363549
v -0.381795 0.016129 0.364363
v -0.380350 0.016129 0.365522
v -0.378702 0.016129 0.366648
v -0.375719 0.016129 0.369007
v -0.289236 0.016129 0.402465
v -0.194661 0.016129 0.410678
v -0.095718 0.016129 0.407803
v -0.000866 0.016129 0.401511
v 0.192589 0.016129 0.397729
v 0.287485 0.016129 0.391539
v 0.370303 0.016129 0.357023
v 0.415078 0.016129 0.280809
v 0.414754 0.016129 0.188338
v 0.403975 0.016129 0.003049
v 0.400099 0.016129 -0.090205
v 0.393993 0.016129 -0.182561
v 0.390880 0.016129 -0.276122
v 0.360657 0.016129 -0.358746
v 0.188271 0.016129 -0.406087
v 0.089789 0.016129 -0.408217
v -0.008841 0.016129 -0.411219
v -0.102392 0.016129 -0.402859
v -0.295043 0.016129 -0.397196
v -0.375525 0.048387 -0.357906
v -0.376011 0.048387 -0.356072
v -0.377314 0.048387 -0.354566
v -0.379023 0.048387 -0.353225
v -0.380729 0.048387 -0.351882
v -0.412151 0.048387 -0.263080
v -0.417406 0.048387 -0.169810
v -0.420492 0.048387 -0.075667
v -0.419330 0.048387 0.020187
v -0.423900 0.048387 0.113733
v -0.420091 0.048387 0.302479
v -0.368996 0.048387 0.375216
v -0.282939 0.048387 0.403528
v -0.187220 0.048387 0.413499
v -0.088254 0.048387 0.407215
v 0.104340 0.048387 0.398655
v 0.201581 0.048387 0.396589
v 0.296918 0.048387 0.390057
v 0.377412 0.048387 0.350285
v 0.414187 0.048387 0.177530
v 0.409548 0.048387 0.084012
v 0.404628 0.048387 -0.009392
v 0.399683 0.048387 -0.102787
v 0.393756 0.048387 -0.195786
v 0.350798 0.048387 -0.369191
v 0.349285 0.048387 -0.369973
v 0.347900 0.048387 -0.371181
v 0.346390 0.048387 -0.372430
v 0.344684 0.048387 -0.373498
v 0.255672 0.048387 -0.407262
v 0.156646 0.048387 -0.413911
v 0.060919 0.048387 -0.410412
v -0.034201 0.048387 -0.405579
v -0.129509 0.048387 -0.402608
v -0.319530 0.048387 -0.392432
v -0.390402 0.048387 -0.338596
v -0.413250 0.048387 -0.253326
v -0.416933 0.048387 -0.160339
v -0.416984 0.048387 0.028581
v -0.422364 0.048387 0.120885
v -0.419773 0.048387 0.216423
v -0.418632 0.048387 0.306594
v -0.366089 0.048387 0.377535
v -0.184995 0.048387 0.413911
v -0.087373 0.048387 0.406776
v 0.006240 0.048387 0.398409
v 0.103546 0.048387 0.398707
v 0.199797 0.048387 0.396530
v 0.375670 0.048387 0.353198
v 0.376351 0.048387 0.350940
v 0.378042 0.048387 0.349089
v 0.380212 0.048387 0.347431
v 0.382331 0.048387 0.345752
v 0.423936 0.048387 0.257665
v 0.412844 0.048387 0.164749
v 0.409218 0.048387 0.072500
v 0.404002 0.048387 -0.019110
v 0.393834 0.048387 -0.202435
v 0.388126 0.048387 -0.293847
v 0.348315 0.048387 -0.371201
v 0.267350 0.048387 -0.406424
v 0.170485 0.048387 -0.411456
v -0.022428 0.048387 -0.411679
v -0.115997 0.048387 -0.406437
v -0.209836 0.048387 -0.400442
v -0.304754 0.048387 -0.396972
v -0.381000 0.048387 -0.351811
v -0.413827 0.048387 -0.177614
v -0.419163 0.048387 -0.086053
v -0.418598 0.048387 0.007885
v -0.421783 0.048387 0.100312
v -0.423936 0.048387 0.193175
v -0.383534 0.048387 0.363771
v -0.382029 0.048387 0.364586
v -0.380582 0.048387 0.365746
v -0.378933 0.048387 0.366872
v -0.375948 0.048387 0.369233
v -0.289413 0.048387 0.402711
v -0.194780 0.048387 0.410929
v -0.095776 0.048387 0.408053
v -0.000867 0.048387 0.401756
v 0.192707 0.048387 0.397972
v 0.287661 0.048387 0.391778
v 0.370529 0.048387 0.357241
v 0.415332 0.048387 0.280981
v 0.415008 0.048387 0.188453
v 0.404222 0.048387 0.003051
v 0.400343 0.048387 -0.090260
v 0.394234 0.048387 -0.182673
v 0.391119 0.048387 -0.276291
v 0.360878 0.048387 -0.358966
v 0.188387 0.048387 -0.406336
v 0.089844 0.048387 -0.408466
v -0.008846 0.048387 -0.411470
v -0.102454 0.048387 -0.403106
v -0.295224 0.048387 -0.397438
v -0.375755 0.080645 -0.358124
v -0.376241 0.080645 -0.356289
v -0.377544 0.080645 -0.354783
v -0.379254 0.080645 -0.353441
v -0.380961 0.080645 -0.352097
v -0.412403 0.080645 -0.263241
v -0.417661 0.080645 -0.169914
v -0.420749 0.080645 -0.075713
v -0.419586 0.080645 0.020199
v -0.424159 0.080645 0.113802
v -0.420347 0.080645 0.302664
v -0.369222 0.080645 0.375446
v -0.283111 0.080645 0.403774
v -0.187335 0.080645 0.413752
v -0.088308 0.080645 0.407464
v 0.104404 0.080645 0.398899
v 0.201704 0.080645 0.396831
v 0.297100 0.080645 0.390296
v 0.377643 0.080645 0.350499
v 0.414440 0.080645 0.177639
v 0.409798 0.080645 0.084064
v 0.404875 0.080645 -0.009398
v 0.399927 0.080645 -0.102850
v 0.393996 0.080645 -0.195906
v 0.351013 0.080645 -0.369416
v 0.349498 0.080645 -0.370199
v 0.348112 0.080645 -0.371408
v 0.346601 0.080645 -0.372657
v 0.344895 0.080645 -0.373727
v 0.255829 0.080645 -0.407511
v 0.156741 0.080645 -0.414164
v 0.060956 0.080645 -0.410662
v -0.034222 0.080645 -0.405827
v -0.129588 0.080645 -0.402854
v -0.319726 0.080645 -0.392672
v -0.390641 0.080645 -0.338802
v -0.413503 0.080645 -0.253480
v -0.417188 0.080645 -0.160437
v -0.417239 0.080645 0.028599
v -0.422622 0.080645 0.120959
v -0.420030 0.080645 0.216555
v -0.418887 0.080645 0.306781
v -0.366312 0.080645 0.377766
v -0.185108 0.080645 0.414164
v -0.087427 0.080645 0.407025
v 0.006244 0.080645 0.398653
v 0.103609 0.080645 0.398950
v 0.199919 0.080645 0.396772
v 0.375899 0.080645 0.353413
v 0.376581 0.080645 0.351154
v 0.378273 0.080645 0.349302
v 0.380444 0.080645 0.347643
v 0.382564 0.080645 0.345963
v 0.424195 0.080645 0.257822
v 0.413096 0.080645 0.164850
v 0.409468 0.080645 0.072544
v 0.404249 0.080645 -0.019121
v 0.394075 0.080645 -0.202559
v 0.388364 0.080645 -0.294026
v 0.348528 0.080645 -0.371428
v 0.267514 0.080645 -0.406672
v 0.170589 0.080645 -0.411708
v -0.022442 0.080645 -0.411931
v -0.116068 0.080645 -0.406686
v -0.209964 0.080645 -0.400686
v -0.304940 0.080645 -0.397214
v -0.381233 0.080645 -0.352026
v -0.414080 0.080645 -0.177722
v -0.419419 0.080645 -0.086105
v -0.418853 0.080645 0.007890
v -0.422040 0.080645 0.100373
v -0.424195 0.080645 0.193293
v -0.383769 0.080645 0.363993
v -0.382262 0.080645 0.364809
v -0.380815 0.080645 0.365969
v -0.379165 0.080645 0.367096
v -0.376178 0.080645 0.369458
v -0.289590 0.080645 0.402957
v -0.194899 0.080645 0.411180
v -0.095835 0.080645 0.408302
v -0.000867 0.080645 0.402002
v 0.192825 0.080645 0.398215
v 0.287836 0.080645 0.392018
v 0.370755 0.080645 0.357459
v 0.415585 0.080645 0.281152
v 0.415261 0.080645 0.188568
v 0.404469 0.080645 0.003053
v 0.400588 0.080645 -0.090315
v 0.394475 0.080645 -0.182784
v 0.391358 0.080645 -0.276460
v 0.361098 0.080645 -0.359185
v 0.188502 0.080645 -0.406584
v 0.089899 0.080645 -0.408716
v -0.008851 0.080645 -0.411722
v -0.102517 0.080645 -0.403352
v -0.295404 0.080645 -0.397681
v -0.375755 0.112903 -0.358124
v -0.376241 0.112903 -0.356289
v -0.377544 0.112903 -0.354783
v -0.379254 0.112903 -0.353441
v -0.380961 0.112903 -0.352097
v -0.412403 0.112903 -0.263241
v -0.417661 0.112903 -0.169914
v -0.420749 0.112903 -0.075713
v -0.419586 0.112903 0.020199
v -0.424159 0.112903 0.113802
v -0.420347 0.112903 0.302664
v -0.369222 0.112903 0.375446
v -0.283111 0.112903 0.403774
v -0.187335 0.112903 0.413752
v -0.088308 0.112903 0.407464
v 0.104404 0.112903 0.398899
v 0.201704 0.112903 0.396831
v 0.297100 0.112903 0.390296
v 0.377643 0.112903 0.350499
v 0.414440 0.112903 0.177639
v 0.409798 0.112903 0.084064
v 0.404875 0.112903 -0.009398
v 0.399927 0.112903 -0.102850
v 0.393996 0.112903 -0.195906
v 0.351013 0.112903 -0.369416
v 0.349498 0.112903 -0.370199
v 0.348112 0.112903 -0.371408
v 0.346601 0.112903 -0.372657
v 0.344895 0.112903 -0.373727
v 0.255829 0.112903 -0.407511
v 0.156741 0.112903 -0.414164
v 0.060956 0.112903 -0.410662
v -0.034222 0.112903 -0.405827
v -0.129588 0.112903 -0.402854
v -0.319726 0.112903 -0.392672
v -0.390641 0.112903 -0.338802
v -0.413503 0.112903 -0.253480
v -0.417188 0.112903 -0.160437
v -0.417239 0.112903 0.028599
v -0.422622 0.112903 0.120959
v -0.420030 0.112903 0.216555
v -0.418887 0.112903 0.306781
v -0.366312 0.112903 0.377766
v -0.185108 0.112903 0.414164
v -0.087427 0.112903 0.407025
v 0.006244 0.112903 0.398653
v 0.103609 0.112903 0.398950
v 0.199919 0.112903 0.396772
v 0.375899 0.112903 0.353413
v 0.376581 0.112903 0.351154
v 0.378273 0.112903 0.349302
v 0.380444 0.112903 0.347643
v 0.382564 0.112903 0.345963
v 0.424195 0.112903 0.257822
v 0.413096 0.112903 0.164850
v 0.409468 0.112903 0.072544
v 0.404249 0.112903 -0.019121
v 0.394075 0.112903 -0.202559
v 0.388364 0.112903 -0.294026
v 0.348528 0.112903 -0.371428
v 0.267514 0.112903 -0.406672
v 0.170589 0.112903 -0.411708
v -0.022442 0.112903 -0.411931
v -0.116068 0.112903 -0.406686
v -0.209964 0.112903 -0.400686
v -0.304940 0.112903 -0.397214
v -0.381233 0.112903 -0.352026
v -0.414080 0.112903 -0.177722
v -0.419419 0.112903 -0.086105
v -0.418853 0.112903 0.007890
v -0.422040 0.112903 0.100373
v -0.424195 0.112903 0.193293
v -0.383769 0.112903 0.363993
v -0.382262 0.112903 0.364809
v -0.380815 0.112903 0.365969
v -0.379165 0.112903 0.367096
v -0.376178 0.112903 0.369458
v -0.289590 0.112903 0.402957
v -0.194899 0.112903 0.411180
v -0.095835 0.112903 0.408302
v -0.000867 0.112903 0.402002
v 0.192825 0.112903 0.398215
v 0.287836 0.112903 0.392018
v 0.370755 0.112903 0.357459
v 0.415585 0.112903 0.281152
v 0.415261 0.112903 0.188568
v 0.404469 0.112903 0.003053
v 0.400588 0.112903 -0.090315
v 0.394475 0.112903 -0.182784
v 0.391358 0.112903 -0.276460
v 0.361098 0.112903 -0.359185
v 0.188502 0.112903 -0.406584
v 0.089899 0.112903 -0.408716
v -0.008851 0.112903 -0.411722
v -0.102517 0.112903 -0.403352
v -0.295404 0.112903 -0.397681
v -0.375984 0.145161 -0.358343
v -0.376471 0.145161 -0.356507
v -0.377775 0.145161 -0.355000
v -0.379486 0.145161 -0.353656
v -0.381194 0.145161 -0.352312
v -0.412654 0.145161 -0.263402
v -0.417916 0.145161 -0.170018
v -0.421006 0.145161 -0.075759
v -0.419842 0.145161 0.020212
v -0.424418 0.145161 0.113872
v -0.420604 0.145161 0.302849
v -0.369447 0.145161 0.375675
v -0.283284 0.145161 0.404021
v -0.187449 0.145161 0.414004
v -0.088362 0.145161 0.407713
v 0.104467 0.145161 0.399142
v 0.201827 0.145161 0.397074
v 0.297281 0.145161 0.390534
v 0.377873 0.145161 0.350713
v 0.414693 0.145161 0.177747
v 0.410049 0.145161 0.084115
v 0.405122 0.145161 -0.009404
v 0.400171 0.145161 -0.102913
v 0.394237 0.145161 -0.196026
v 0.351227 0.145161 -0.369642
v 0.349712 0.145161 -0.370425
v 0.348325 0.145161 -0.371634
v 0.346813 0.145161 -0.372885
v 0.345105 0.145161 -0.373955
v 0.255985 0.145161 -0.407760
v 0.156837 0.145161 -0.414416
v 0.060993 0.145161 -0.410913
v -0.034243 0.145161 -0.406075
v -0.129667 0.145161 -0.403100
v -0.319921 0.145161 -0.392911
v -0.390879 0.145161 -0.339009
v -0.413755 0.145161 -0.253635
v -0.417443 0.145161 -0.160534
v -0.417494 0.145161 0.028616
v -0.422880 0.145161 0.121033
v -0.420286 0.145161 0.216688
v -0.419143 0.145161 0.306968
v -0.366536 0.145161 0.377997
v -0.185221 0.145161 0.414416
v -0.087480 0.145161 0.407273
v 0.006248 0.145161 0.398896
v 0.103672 0.145161 0.399194
v 0.200041 0.145161 0.397014
v 0.376128 0.145161 0.353629
v 0.376811 0.145161 0.351369
v 0.378504 0.145161 0.349515
v 0.380676 0.145161 0.347855
v 0.382798 0.145161 0.346174
v 0.424454 0.145161 0.257979
v 0.413348 0.145161 0.164951
v 0.409718 0.145161 0.072588
v 0.404496 0.145161 -0.019133
v 0.394315 0.145161 -0.202682
v 0.388601 0.145161 -0.294206
v 0.348740 0.145161 -0.371655
v 0.267677 0.145161 -0.406921
v 0.170694 0.145161 -0.411959
v -0.022456 0.145161 -0.412182
v -0.116139 0.145161 -0.406934
v -0.210092 0.145161 -0.400931
v -0.305127 0.145161 -0.397457
v -0.381466 0.145161 -0.352241
v -0.414333 0.145161 -0.177831
v -0.419675 0.145161 -0.086158
v -0.419109 0.145161 0.007895
v -0.422298 0.145161 0.100435
v -0.424454 0.145161 0.193411
v -0.384003 0.145161 0.364215
v -0.382495 0.145161 0.365032
v -0.381047 0.145161 0.366193
v -0.379396 0.145161 0.367320
v -0.376408 0.145161 0.369684
v -0.289767 0.145161 0.403203
v -0.195018 0.145161 0.411431
v -0.095893 0.145161 0.408551
v -0.000868 0.145161 0.402247
v 0.192942 0.145161 0.398459
v 0.288012 0.145161 0.392257
v 0.370982 0.145161 0.357678
v 0.415839 0.145161 0.281324
v 0.415515 0.145161 0.188683
v 0.404716 0.145161 0.003055
v 0.400833 0.145161 -0.090370
v 0.394716 0.145161 -0.182896
v 0.391597 0.145161 -0.276629
v 0.361319 0.145161 -0.359404
v 0.188617 0.145161 -0.406832
v 0.089954 0.145161 -0.408965
v -0.008857 0.145161 -0.411973
v -0.102580 0.145161 -0.403598
v -0.295584 0.145161 -0.397924
v -0.376672 0.177419 -0.358999
v -0.377160 0.177419 -0.357159
v -0.378466 0.177419 -0.355649
v -0.380180 0.177419 -0.354304
v -0.381892 0.177419 -0.352957
v -0.413410 0.177419 -0.263884
v -0.418681 0.177419 -0.170329
v -0.421776 0.177419 -0.075898
v -0.420611 0.177419 0.020249
v -0.425194 0.177419 0.114080
v -0.421374 0.177419 0.303403
v -0.370123 0.177419 0.376362
v -0.283803 0.177419 0.404760
v -0.187792 0.177419 0.414762
v -0.088524 0.177419 0.408459
v 0.104659 0.177419 0.399873
v 0.202196 0.177419 0.397800
v 0.297825 0.177419 0.391249
v 0.378565 0.177419 0.351355
v 0.415452 0.177419 0.178073
v 0.410799 0.177419 0.084269
v 0.405864 0.177419 -0.009421
v 0.400904 0.177419 -0.103101
v 0.394958 0.177419 -0.196384
v 0.351870 0.177419 -0.370318
v 0.350352 0.177419 -0.371103
v 0.348962 0.177419 -0.372315
v 0.347448 0.177419 -0.373567
v 0.345737 0.177419 -0.374639
v 0.256453 0.177419 -0.408506
v 0.157124 0.177419 -0.415175
v 0.061105 0.177419 -0.411665
v -0.034306 0.177419 -0.406818
v -0.129904 0.177419 -0.403838
v -0.320506 0.177419 -0.393631
v -0.391595 0.177419 -0.339630
v -0.414512 0.177419 -0.254099
v -0.418207 0.177419 -0.160828
v -0.418258 0.177419 0.028668
v -0.423654 0.177419 0.121254
v -0.421055 0.177419 0.217084
v -0.419910 0.177419 0.307530
v -0.367207 0.177419 0.378689
v -0.185561 0.177419 0.415175
v -0.087640 0.177419 0.408019
v 0.006259 0.177419 0.399626
v 0.103862 0.177419 0.399924
v 0.200407 0.177419 0.397741
v 0.376817 0.177419 0.354276
v 0.377500 0.177419 0.352012
v 0.379196 0.177419 0.350155
v 0.381373 0.177419 0.348492
v 0.383499 0.177419 0.346808
v 0.425231 0.177419 0.258452
v 0.414105 0.177419 0.165253
v 0.410468 0.177419 0.072721
v 0.405236 0.177419 -0.019168
v 0.395037 0.177419 -0.203053
v 0.389312 0.177419 -0.294744
v 0.349379 0.177419 -0.372335
v 0.268167 0.177419 -0.407665
v 0.171006 0.177419 -0.412713
v -0.022497 0.177419 -0.412937
v -0.116351 0.177419 -0.407679
v -0.210477 0.177419 -0.401665
v -0.305685 0.177419 -0.398184
v -0.382164 0.177419 -0.352886
v -0.415091 0.177419 -0.178156
v -0.420443 0.177419 -0.086315
v -0.419876 0.177419 0.007909
v -0.423071 0.177419 0.100619
v -0.425231 0.177419 0.193765
v -0.384706 0.177419 0.364882
v -0.383196 0.177419 0.365700
v -0.381745 0.177419 0.366863
v -0.380091 0.177419 0.367992
v -0.377097 0.177419 0.370360
v -0.290297 0.177419 0.403941
v -0.195375 0.177419 0.412184
v -0.096069 0.177419 0.409299
v -0.000869 0.177419 0.402983
v 0.193296 0.177419 0.399188
v 0.288539 0.177419 0.392975
v 0.371661 0.177419 0.358332
v 0.416600 0.177419 0.281839
v 0.416275 0.177419 0.189029
v 0.405457 0.177419 0.003060
v 0.401566 0.177419 -0.090536
v 0.395438 0.177419 -0.183231
v 0.392314 0.177419 -0.277135
v 0.361980 0.177419 -0.360062
v 0.188962 0.177419 -0.407577
v 0.090118 0.177419 -0.409714
v -0.008873 0.177419 -0.412727
v -0.102767 0.177419 -0.404337
v -0.296126 0.177419 -0.398652
v -0.379425 0.209677 -0.361622
v -0.379916 0.209677 -0.359769
v -0.381232 0.209677 -0.358248
v -0.382959 0.209677 -0.356893
v -0.384682 0.209677 -0.355536
v -0.416431 0.209677 -0.265812
v -0.421740 0.209677 -0.171574
v -0.424859 0.209677 -0.076453
v -0.423685 0.209677 0.020397
v -0.428302 0.209677 0.114914
v -0.424453 0.209677 0.305621
v -0.372828 0.209677 0.379113
v -0.285877 0.209677 0.407718
v -0.189165 0.209677 0.417793
v -0.089171 0.209677 0.411444
v 0.105424 0.209677 0.402795
v 0.203674 0.209677 0.400708
v 0.300002 0.209677 0.394108
v 0.381332 0.209677 0.353923
v 0.418489 0.209677 0.179374
v 0.413801 0.209677 0.084885
v 0.408830 0.209677 -0.009490
v 0.403834 0.209677 -0.103855
v 0.397845 0.209677 -0.197820
v 0.354441 0.209677 -0.373025
v 0.352912 0.209677 -0.373815
v 0.351512 0.209677 -0.375036
v 0.349987 0.209677 -0.376298
v 0.348263 0.209677 -0.377377
v 0.258328 0.209677 -0.411491
v 0.158272 0.209677 -0.418209
v 0.061551 0.209677 -0.414674
v -0.034557 0.209677 -0.409791
v -0.130854 0.209677 -0.406789
v -0.322849 0.209677 -0.396507
v -0.394456 0.209677 -0.342112
v -0.417542 0.209677 -0.255956
v -0.421263 0.209677 -0.162004
v -0.421315 0.209677 0.028878
v -0.426750 0.209677 0.122140
v -0.424133 0.209677 0.218671
v -0.422979 0.209677 0.309778
v -0.369891 0.209677 0.381456
v -0.186917 0.209677 0.418209
v -0.088281 0.209677 0.411001
v 0.006305 0.209677 0.402547
v 0.104621 0.209677 0.402847
v 0.201872 0.209677 0.400648
v 0.379571 0.209677 0.356866
v 0.380259 0.209677 0.354584
v 0.381968 0.209677 0.352714
v 0.384160 0.209677 0.351039
v 0.386301 0.209677 0.349342
v 0.428339 0.209677 0.260340
v 0.417131 0.209677 0.166460
v 0.413468 0.209677 0.073253
v 0.408198 0.209677 -0.019308
v 0.397924 0.209677 -0.204537
v 0.392157 0.209677 -0.296898
v 0.351932 0.209677 -0.375056
v 0.270127 0.209677 -0.410645
v 0.172256 0.209677 -0.415729
v -0.022661 0.209677 -0.415955
v -0.117202 0.209677 -0.410658
v -0.212015 0.209677 -0.404600
v -0.307919 0.209677 -0.401094
v -0.384957 0.209677 -0.355464
v -0.418125 0.209677 -0.179458
v -0.423516 0.209677 -0.086946
v -0.422945 0.209677 0.007967
v -0.426163 0.209677 0.101354
v -0.428339 0.209677 0.195181
v -0.387517 0.209677 0.367549
v -0.385996 0.209677 0.368372
v -0.384535 0.209677 0.369544
v -0.382869 0.209677 0.370682
v -0.379852 0.209677 0.373067
v -0.292419 0.209677 0.406893
v -0.196803 0.209677 0.415196
v -0.096771 0.209677 0.412290
v -0.000876 0.209677 0.405928
v 0.194708 0.209677 0.402105
v 0.290648 0.209677 0.395847
v 0.374377 0.209677 0.360951
v 0.419645 0.209677 0.283899
v 0.419317 0.209677 0.190410
v 0.408420 0.209677 0.003083
v 0.404501 0.209677 -0.091197
v 0.398328 0.209677 -0.184570
v 0.395181 0.209677 -0.279160
v 0.364626 0.209677 -0.362693
v 0.190343 0.209677 -0.410555
v 0.090777 0.209677 -0.412708
v -0.008938 0.209677 -0.415743
v -0.103518 0.209677 -0.407292
v -0.298290 0.209677 -0.401566
v -0.381978 0.241935 -0.364056
v -0.382472 0.241935 -0.362190
v -0.383797 0.241935 -0.360659
v -0.385536 0.241935 -0.359294
v -0.387271 0.241935 -0.357929
v -0.419233 0.241935 -0.267601
v -0.424578 0.241935 -0.172728
v -0.427717 0.241935 -0.076967
v -0.426536 0.241935 0.020534
v -0.431184 0.241935 0.115687
v -0.427309 0.241935 0.307677
v -0.375337 0.241935 0.381664
v -0.287800 0.241935 0.410462
v -0.190437 0.241935 0.420604
v -0.089771 0.241935 0.414213
v 0.106133 0.241935 0.405505
v 0.205044 0.241935 0.403404
v 0.302021 0.241935 0.396760
v 0.383897 0.241935 0.356304
v 0.421304 0.241935 0.180581
v 0.416586 0.241935 0.085456
v 0.411581 0.241935 -0.009554
v 0.406551 0.241935 -0.104553
v 0.400522 0.241935 -0.199151
v 0.356826 0.241935 -0.375535
v 0.355287 0.241935 -0.376330
v 0.353878 0.241935 -0.377559
v 0.352342 0.241935 -0.378829
v 0.350607 0.241935 -0.379916
v 0.260066 0.241935 -0.414260
v 0.159337 0.241935 -0.421023
v 0.061966 0.241935 -0.417464
v -0.034789 0.241935 -0.412549
v -0.131734 0.241935 -0.409526
v -0.325021 0.241935 -0.399175
v -0.397111 0.241935 -0.344414
v -0.420351 0.241935 -0.257679
v -0.424097 0.241935 -0.163094
v -0.424149 0.241935 0.029072
v -0.429622 0.241935 0.122962
v -0.426986 0.241935 0.220142
v -0.425825 0.241935 0.311862
v -0.372379 0.241935 0.384023
v -0.188174 0.241935 0.421023
v -0.088875 0.241935 0.413766
v 0.006348 0.241935 0.405255
v 0.105325 0.241935 0.405558
v 0.203230 0.241935 0.403344
v 0.382125 0.241935 0.359267
v 0.382818 0.241935 0.356970
v 0.384538 0.241935 0.355087
v 0.386745 0.241935 0.353401
v 0.388900 0.241935 0.351693
v 0.431221 0.241935 0.262092
v 0.419938 0.241935 0.167580
v 0.416250 0.241935 0.073745
v 0.410944 0.241935 -0.019438
v 0.400602 0.241935 -0.205914
v 0.394796 0.241935 -0.298896
v 0.354300 0.241935 -0.377580
v 0.271944 0.241935 -0.413408
v 0.173415 0.241935 -0.418527
v -0.022814 0.241935 -0.418753
v -0.117990 0.241935 -0.413421
v -0.213442 0.241935 -0.407323
v -0.309991 0.241935 -0.403793
v -0.387547 0.241935 -0.357856
v -0.420938 0.241935 -0.180666
v -0.426366 0.241935 -0.087531
v -0.425791 0.241935 0.008020
v -0.429030 0.241935 0.102036
v -0.431221 0.241935 0.196494
v -0.390125 0.241935 0.370022
v -0.388593 0.241935 0.370851
v -0.387122 0.241935 0.372030
v -0.385445 0.241935 0.373176
v -0.382408 0.241935 0.375577
v -0.294386 0.241935 0.409631
v -0.198127 0.241935 0.417990
v -0.097422 0.241935 0.415064
v -0.000882 0.241935 0.408660
v 0.196018 0.241935 0.404811
v 0.292604 0.241935 0.398510
v 0.376896 0.241935 0.363380
v 0.422469 0.241935 0.285809
v 0.422139 0.241935 0.191691
v 0.411168 0.241935 0.003103
v 0.407223 0.241935 -0.091811
v 0.401008 0.241935 -0.185812
v 0.397840 0.241935 -0.281039
v 0.367079 0.241935 -0.365134
v 0.191624 0.241935 -0.413318
v 0.091388 0.241935 -0.415485
v -0.008998 0.241935 -0.418541
v -0.104215 0.241935 -0.410032
v -0.300297 0.241935 -0.404268
v -0.384701 0.274194 -0.366651
v -0.385199 0.274194 -0.364772
v -0.386533 0.274194 -0.363230
v -0.388284 0.274194 -0.361856
v -0.390032 0.274194 -0.360480
v -0.422222 0.274194 -0.269508
v -0.427605 0.274194 -0.173959
v -0.430767 0.274194 -0.077516
v -0.429576 0.274194 0.020680
v -0.434258 0.274194 0.116512
v -0.430356 0.274194 0.309870
v -0.378013 0.274194 0.384385
v -0.289852 0.274194 0.413388
v -0.191795 0.274194 0.423603
v -0.090411 0.274194 0.417166
v 0.106890 0.274194 0.408396
v 0.206506 0.274194 0.406280
v 0.304174 0.274194 0.399588
v 0.386634 0.274194 0.358844
v 0.424308 0.274194 0.181868
v 0.419556 0.274194 0.086065
v 0.414515 0.274194 -0.009622
v 0.409449 0.274194 -0.105299
v 0.403377 0.274194 -0.200570
v 0.359370 0.274194 -0.378212
v 0.357820 0.274194 -0.379013
v 0.356400 0.274194 -0.380251
v 0.354854 0.274194 -0.381530
v 0.353106 0.274194 -0.382625
v 0.261920 0.274194 -0.417213
v 0.160473 0.274194 -0.424025
v 0.062407 0.274194 -0.420440
v -0.035037 0.274194 -0.415490
v -0.132673 0.274194 -0.412446
v -0.327338 0.274194 -0.402021
v -0.399942 0.274194 -0.346869
v -0.423348 0.274194 -0.259516
v -0.427121 0.274194 -0.164256
v -0.427173 0.274194 0.029279
v -0.432684 0.274194 0.123839
v -0.430030 0.274194 0.221711
v -0.428861 0.274194 0.314085
v -0.375034 0.274194 0.386761
v -0.189516 0.274194 0.424025
v -0.089508 0.274194 0.416716
v 0.006393 0.274194 0.408144
v 0.106076 0.274194 0.408449
v 0.204679 0.274194 0.406219
v 0.384849 0.274194 0.361828
v 0.385547 0.274194 0.359515
v 0.387279 0.274194 0.357619
v 0.389502 0.274194 0.355920
v 0.391673 0.274194 0.354200
v 0.434295 0.274194 0.263961
v 0.422932 0.274194 0.168775
v 0.419217 0.274194 0.074271
v 0.413874 0.274194 -0.019577
v 0.403457 0.274194 -0.207382
v 0.397610 0.274194 -0.301027
v 0.356826 0.274194 -0.380271
v 0.273883 0.274194 -0.416355
v 0.174651 0.274194 -0.421510
v -0.022976 0.274194 -0.421739
v -0.118832 0.274194 -0.416369
v -0.214963 0.274194 -0.410227
v -0.312201 0.274194 -0.406672
v -0.390310 0.274194 -0.360407
v -0.423939 0.274194 -0.181954
v -0.429405 0.274194 -0.088155
v -0.428826 0.274194 0.008078
v -0.432089 0.274194 0.102763
v -0.434295 0.274194 0.197895
v -0.392906 0.274194 0.372660
v -0.391364 0.274194 0.373495
v -0.389882 0.274194 0.374683
v -0.388193 0.274194 0.375836
v -0.385135 0.274194 0.378255
v -0.296485 0.274194 0.412551
v -0.199539 0.274194 0.420970
v -0.098117 0.274194 0.418023
v -0.000888 0.274194 0.411573
v 0.197416 0.274194 0.407697
v 0.294690 0.274194 0.401351
v 0.379583 0.274194 0.365970
v 0.425480 0.274194 0.287847
v 0.425148 0.274194 0.193058
v 0.414099 0.274194 0.003125
v 0.410126 0.274194 -0.092466
v 0.403867 0.274194 -0.187136
v 0.400676 0.274194 -0.283042
v 0.369696 0.274194 -0.367737
v 0.192990 0.274194 -0.416264
v 0.092039 0.274194 -0.418447
v -0.009062 0.274194 -0.421524
v -0.104958 0.274194 -0.412956
v -0.302438 0.274194 -0.407150
v -0.387454 0.306452 -0.369275
v -0.387956 0.306452 -0.367382
v -0.389299 0.306452 -0.365829
v -0.391063 0.306452 -0.364445
v -0.392823 0.306452 -0.363060
v -0.425243 0.306452 -0.271437
v -0.430665 0.306452 -0.175204
v -0.433849 0.306452 -0.078070
v -0.432650 0.306452 0.020828
v -0.437365 0.306452 0.117346
v -0.433435 0.306452 0.312088
v -0.380718 0.306452 0.387135
v -0.291926 0.306452 0.416346
v -0.193168 0.306452 0.426634
v -0.091058 0.306452 0.420151
v 0.107654 0.306452 0.411318
v 0.207984 0.306452 0.409187
v 0.306350 0.306452 0.402448
v 0.389401 0.306452 0.361412
v 0.427344 0.306452 0.183170
v 0.422558 0.306452 0.086681
v 0.417481 0.306452 -0.009691
v 0.412379 0.306452 -0.106052
v 0.406263 0.306452 -0.202006
v 0.361942 0.306452 -0.380918
v 0.360380 0.306452 -0.381725
v 0.358951 0.306452 -0.382972
v 0.357393 0.306452 -0.384260
v 0.355633 0.306452 -0.385363
v 0.263794 0.306452 -0.420199
v 0.161622 0.306452 -0.427059
v 0.062854 0.306452 -0.423449
v -0.035288 0.306452 -0.418463
v -0.133623 0.306452 -0.415397
v -0.329681 0.306452 -0.404898
v -0.402803 0.306452 -0.349351
v -0.426377 0.306452 -0.261373
v -0.430177 0.306452 -0.165432
v -0.430230 0.306452 0.029489
v -0.435781 0.306452 0.124725
v -0.433108 0.306452 0.223298
v -0.431930 0.306452 0.316333
v -0.377718 0.306452 0.389528
v -0.190872 0.306452 0.427059
v -0.090149 0.306452 0.419698
v 0.006439 0.306452 0.411065
v 0.106835 0.306452 0.411372
v 0.206144 0.306452 0.409126
v 0.387603 0.306452 0.364417
v 0.388306 0.306452 0.362088
v 0.390050 0.306452 0.360178
v 0.392289 0.306452 0.358467
v 0.394476 0.306452 0.356735
v 0.437403 0.306452 0.265849
v 0.425958 0.306452 0.169983
v 0.422217 0.306452 0.074803
v 0.416835 0.306452 -0.019717
v 0.406344 0.306452 -0.208866
v 0.400455 0.306452 -0.303181
v 0.359379 0.306452 -0.382993
v 0.275843 0.306452 -0.419334
v 0.175901 0.306452 -0.424527
v -0.023141 0.306452 -0.424757
v -0.119682 0.306452 -0.419348
v -0.216502 0.306452 -0.413162
v -0.314435 0.306452 -0.409582
v -0.393103 0.306452 -0.362986
v -0.426973 0.306452 -0.183256
v -0.432478 0.306452 -0.088786
v -0.431895 0.306452 0.008135
v -0.435181 0.306452 0.103499
v -0.437403 0.306452 0.199311
v -0.395718 0.306452 0.375326
v -0.394164 0.306452 0.376167
v -0.392672 0.306452 0.377364
v -0.390970 0.306452 0.378525
v -0.387890 0.306452 0.380961
v -0.298607 0.306452 0.415503
v -0.200967 0.306452 0.423982
v -0.098819 0.306452 0.421015
v -0.000894 0.306452 0.414518
v 0.198828 0.306452 0.410614
v 0.296798 0.306452 0.404223
v 0.382299 0.306452 0.368589
v 0.428525 0.306452 0.289906
v 0.428190 0.306452 0.194439
v 0.417062 0.306452 0.003148
v 0.413061 0.306452 -0.093127
v 0.406757 0.306452 -0.188475
v 0.403543 0.306452 -0.285067
v 0.372341 0.306452 -0.370368
v 0.194371 0.306452 -0.419243
v 0.092698 0.306452 -0.421441
v -0.009127 0.306452 -0.424541
v -0.105709 0.306452 -0.415911
v -0.304602 0.306452 -0.410063
v -0.385027 0.338710 -0.366961
v -0.385525 0.338710 -0.365081
v -0.386861 0.338710 -0.363538
v -0.388613 0.338710 -0.362162
v -0.390362 0.338710 -0.360785
v -0.422579 0.338710 -0.269737
v -0.427967 0.338710 -0.174107
v -0.431131 0.338710 -0.077581
v -0.429940 0.338710 0.020698
v -0.434625 0.338710 0.116611
v -0.430720 0.338710 0.310133
v -0.378333 0.338710 0.384710
v -0.290097 0.338710 0.413738
v -0.191957 0.338710 0.423962
v -0.090487 0.338710 0.417519
v 0.106980 0.338710 0.408742
v 0.206681 0.338710 0.406624
v 0.304431 0.338710 0.399927
v 0.386961 0.338710 0.359148
v 0.424667 0.338710 0.182022
v 0.419911 0.338710 0.086138
v 0.414866 0.338710 -0.009630
v 0.409796 0.338710 -0.105388
v 0.403718 0.338710 -0.200740
v 0.359674 0.338710 -0.378532
v 0.358123 0.338710 -0.379334
v 0.356702 0.338710 -0.380573
v 0.355154 0.338710 -0.381853
v 0.353405 0.338710 -0.382949
v 0.262141 0.338710 -0.417567
v 0.160609 0.338710 -0.424384
v 0.062460 0.338710 -0.420796
v -0.035067 0.338710 -0.415841
v -0.132786 0.338710 -0.412795
v -0.327615 0.338710 -0.402361
v -0.400280 0.338710 -0.347163
v -0.423706 0.338710 -0.259735
v -0.427482 0.338710 -0.164395
v -0.427535 0.338710 0.029304
v -0.433051 0.338710 0.123944
v -0.430394 0.338710 0.221899
v -0.429224 0.338710 0.314351
v -0.375352 0.338710 0.387088
v -0.189676 0.338710 0.424384
v -0.089584 0.338710 0.417068
v 0.006398 0.338710 0.408490
v 0.106166 0.338710 0.408795
v 0.204852 0.338710 0.406563
v 0.385175 0.338710 0.362134
v 0.385873 0.338710 0.359820
v 0.387607 0.338710 0.357922
v 0.389832 0.338710 0.356221
v 0.392004 0.338710 0.354500
v 0.434663 0.338710 0.264184
v 0.423290 0.338710 0.168918
v 0.419572 0.338710 0.074334
v 0.414224 0.338710 -0.019593
v 0.403799 0.338710 -0.207557
v 0.397947 0.338710 -0.301281
v 0.357128 0.338710 -0.380593
v 0.274115 0.338710 -0.416707
v 0.174799 0.338710 -0.421867
v -0.022996 0.338710 -0.422096
v -0.118932 0.338710 -0.416721
v -0.215145 0.338710 -0.410574
v -0.312465 0.338710 -0.407016
v -0.390640 0.338710 -0.360712
v -0.424298 0.338710 -0.182108
v -0.429769 0.338710 -0.088230
v -0.429189 0.338710 0.008084
v -0.432455 0.338710 0.102850
v -0.434663 0.338710 0.198063
v -0.393239 0.338710 0.372975
v -0.391695 0.338710 0.373811
v -0.390212 0.338710 0.375000
v -0.388521 0.338710 0.376154
v -0.385461 0.338710 0.378575
v -0.296736 0.338710 0.412900
v -0.199708 0.338710 0.421326
v -0.098200 0.338710 0.418377
v -0.000889 0.338710 0.411921
v 0.197583 0.338710 0.408042
v 0.294939 0.338710 0.401691
v 0.379904 0.338710 0.366280
v 0.425840 0.338710 0.288090
v 0.425508 0.338710 0.193221
v 0.414450 0.338710 0.003128
v 0.410473 0.338710 -0.092544
v 0.404209 0.338710 -0.187295
v 0.401015 0.338710 -0.283282
v 0.370009 0.338710 -0.368048
v 0.193153 0.338710 -0.416617
v 0.092117 0.338710 -0.418801
v -0.009070 0.338710 -0.421881
v -0.105047 0.338710 -0.413305
v -0.302694 0.338710 -0.407494
v -0.379396 0.370968 -0.361594
v -0.379887 0.370968 -0.359741
v -0.381202 0.370968 -0.358221
v -0.382929 0.370968 -0.356865
v -0.384652 0.370968 -0.355509
v -0.416398 0.370968 -0.265791
v -0.421707 0.370968 -0.171560
v -0.424826 0.370968 -0.076447
v -0.423652 0.370968 0.020395
v -0.428268 0.370968 0.114905
v -0.424420 0.370968 0.305597
v -0.372799 0.370968 0.379083
v -0.285855 0.370968 0.407686
v -0.189150 0.370968 0.417761
v -0.089164 0.370968 0.411412
v 0.105415 0.370968 0.402764
v 0.203658 0.370968 0.400676
v 0.299979 0.370968 0.394077
v 0.381302 0.370968 0.353895
v 0.418456 0.370968 0.179360
v 0.413769 0.370968 0.084878
v 0.408798 0.370968 -0.009489
v 0.403802 0.370968 -0.103846
v 0.397814 0.370968 -0.197804
v 0.354414 0.370968 -0.372996
v 0.352885 0.370968 -0.373786
v 0.351485 0.370968 -0.375006
v 0.349960 0.370968 -0.376268
v 0.348236 0.370968 -0.377348
v 0.258307 0.370968 -0.411459
v 0.158260 0.370968 -0.418177
v 0.061547 0.370968 -0.414641
v -0.034554 0.370968 -0.409759
v -0.130843 0.370968 -0.406757
v -0.322824 0.370968 -0.396476
v -0.394426 0.370968 -0.342085
v -0.417509 0.370968 -0.255937
v -0.421230 0.370968 -0.161991
v -0.421282 0.370968 0.028876
v -0.426717 0.370968 0.122131
v -0.424100 0.370968 0.218654
v -0.422946 0.370968 0.309753
v -0.369862 0.370968 0.381426
v -0.186902 0.370968 0.418177
v -0.088274 0.370968 0.410968
v 0.006305 0.370968 0.402515
v 0.104613 0.370968 0.402816
v 0.201856 0.370968 0.400617
v 0.379541 0.370968 0.356838
v 0.380230 0.370968 0.354557
v 0.381938 0.370968 0.352687
v 0.384130 0.370968 0.351011
v 0.386271 0.370968 0.349315
v 0.428305 0.370968 0.260320
v 0.417099 0.370968 0.166447
v 0.413435 0.370968 0.073247
v 0.408166 0.370968 -0.019307
v 0.397893 0.370968 -0.204521
v 0.392126 0.370968 -0.296875
v 0.351905 0.370968 -0.375027
v 0.270106 0.370968 -0.410613
v 0.172242 0.370968 -0.415697
v -0.022659 0.370968 -0.415922
v -0.117193 0.370968 -0.410626
v -0.211999 0.370968 -0.404569
v -0.307895 0.370968 -0.401063
v -0.384927 0.370968 -0.355437
v -0.418092 0.370968 -0.179444
v -0.423483 0.370968 -0.086939
v -0.422912 0.370968 0.007966
v -0.426130 0.370968 0.101346
v -0.428305 0.370968 0.195166
v -0.387487 0.370968 0.367520
v -0.385966 0.370968 0.368344
v -0.384505 0.370968 0.369515
v -0.382839 0.370968 0.370653
v -0.379823 0.370968 0.373038
v -0.292396 0.370968 0.406861
v -0.196787 0.370968 0.415164
v -0.096763 0.370968 0.412258
v -0.000876 0.370968 0.405897
v 0.194693 0.370968 0.402074
v 0.290625 0.370968 0.395816
v 0.374348 0.370968 0.360923
v 0.419612 0.370968 0.283877
v 0.419285 0.370968 0.190395
v 0.408388 0.370968 0.003082
v 0.404469 0.370968 -0.091190
v 0.398297 0.370968 -0.184555
v 0.395150 0.370968 -0.279138
v 0.364597 0.370968 -0.362665
v 0.190328 0.370968 -0.410523
v 0.090770 0.370968 -0.412676
v -0.008937 0.370968 -0.415711
v -0.103510 0.370968 -0.407260
v -0.298266 0.370968 -0.401534
v -0.373461 0.403226 -0.355938
v -0.373944 0.403226 -0.354114
v -0.375239 0.403226 -0.352617
v -0.376939 0.403226 -0.351283
v -0.378635 0.403226 -0.349948
v -0.409885 0.403226 -0.261634
v -0.415111 0.403226 -0.168876
v -0.418180 0.403226 -0.075251
v -0.417025 0.403226 0.020076
v -0.421569 0.403226 0.113108
v -0.417781 0.403226 0.300816
v -0.366968 0.403226 0.373154
v -0.281383 0.403226 0.401309
v -0.186191 0.403226 0.411226
v -0.087769 0.403226 0.404977
v 0.103766 0.403226 0.396463
v 0.200472 0.403226 0.394409
v 0.295286 0.403226 0.387913
v 0.375337 0.403226 0.348359
v 0.411910 0.403226 0.176554
v 0.407297 0.403226 0.083551
v 0.402404 0.403226 -0.009341
v 0.397486 0.403226 -0.102222
v 0.391591 0.403226 -0.194710
v 0.348870 0.403226 -0.367161
v 0.347365 0.403226 -0.367939
v 0.345987 0.403226 -0.369140
v 0.344485 0.403226 -0.370382
v 0.342789 0.403226 -0.371445
v 0.254267 0.403226 -0.405023
v 0.155784 0.403226 -0.411635
v 0.060584 0.403226 -0.408155
v -0.034013 0.403226 -0.403350
v -0.128797 0.403226 -0.400395
v -0.317774 0.403226 -0.390274
v -0.388256 0.403226 -0.336734
v -0.410978 0.403226 -0.251933
v -0.414641 0.403226 -0.159457
v -0.414692 0.403226 0.028424
v -0.420042 0.403226 0.120220
v -0.417465 0.403226 0.215233
v -0.416330 0.403226 0.304908
v -0.364076 0.403226 0.375460
v -0.183978 0.403226 0.411635
v -0.086893 0.403226 0.404540
v 0.006206 0.403226 0.396219
v 0.102977 0.403226 0.396515
v 0.198699 0.403226 0.394350
v 0.373604 0.403226 0.351256
v 0.374282 0.403226 0.349011
v 0.375963 0.403226 0.347170
v 0.378121 0.403226 0.345521
v 0.380229 0.403226 0.343851
v 0.421606 0.403226 0.256248
v 0.410574 0.403226 0.163844
v 0.406968 0.403226 0.072101
v 0.401781 0.403226 -0.019005
v 0.391669 0.403226 -0.201322
v 0.385993 0.403226 -0.292231
v 0.346400 0.403226 -0.369160
v 0.265881 0.403226 -0.404190
v 0.169548 0.403226 -0.409194
v -0.022305 0.403226 -0.409416
v -0.115359 0.403226 -0.404203
v -0.208682 0.403226 -0.398240
v -0.303079 0.403226 -0.394789
v -0.378906 0.403226 -0.349877
v -0.411552 0.403226 -0.176637
v -0.416859 0.403226 -0.085579
v -0.416296 0.403226 0.007842
v -0.419464 0.403226 0.099761
v -0.421606 0.403226 0.192113
v -0.381426 0.403226 0.361771
v -0.379928 0.403226 0.362582
v -0.378490 0.403226 0.363735
v -0.376850 0.403226 0.364855
v -0.373881 0.403226 0.367203
v -0.287822 0.403226 0.400497
v -0.193709 0.403226 0.408669
v -0.095250 0.403226 0.405809
v -0.000862 0.403226 0.399547
v 0.191647 0.403226 0.395784
v 0.286079 0.403226 0.389624
v 0.368492 0.403226 0.355277
v 0.413048 0.403226 0.279436
v 0.412726 0.403226 0.187417
v 0.402000 0.403226 0.003034
v 0.398142 0.403226 -0.089764
v 0.392067 0.403226 -0.181668
v 0.388969 0.403226 -0.274772
v 0.358894 0.403226 -0.356992
v 0.187351 0.403226 -0.404102
v 0.089350 0.403226 -0.406221
v -0.008797 0.403226 -0.409208
v -0.101891 0.403226 -0.400889
v -0.293601 0.403226 -0.395253
v -0.367726 0.435484 -0.350472
v -0.368202 0.435484 -0.348676
v -0.369477 0.435484 -0.347202
v -0.371151 0.435484 -0.345888
v -0.372821 0.435484 -0.344574
v -0.403591 0.435484 -0.257616
v -0.408736 0.435484 -0.166283
v -0.411759 0.435484 -0.074095
v -0.410621 0.435484 0.019768
v -0.415095 0.435484 0.111371
v -0.411366 0.435484 0.296197
v -0.361332 0.435484 0.367423
v -0.277062 0.435484 0.395147
v -0.183332 0.435484 0.404911
v -0.086421 0.435484 0.398758
v 0.102173 0.435484 0.390375
v 0.197394 0.435484 0.388352
v 0.290752 0.435484 0.381956
v 0.369573 0.435484 0.343010
v 0.405585 0.435484 0.173843
v 0.401042 0.435484 0.082268
v 0.396224 0.435484 -0.009197
v 0.391382 0.435484 -0.100652
v 0.385577 0.435484 -0.191720
v 0.343512 0.435484 -0.361523
v 0.342030 0.435484 -0.362288
v 0.340674 0.435484 -0.363472
v 0.339195 0.435484 -0.364695
v 0.337525 0.435484 -0.365741
v 0.250362 0.435484 -0.398803
v 0.153392 0.435484 -0.405314
v 0.059653 0.435484 -0.401888
v -0.033491 0.435484 -0.397156
v -0.126819 0.435484 -0.394246
v -0.312894 0.435484 -0.384281
v -0.382294 0.435484 -0.331563
v -0.404667 0.435484 -0.248064
v -0.408274 0.435484 -0.157008
v -0.408324 0.435484 0.027987
v -0.413592 0.435484 0.118374
v -0.411055 0.435484 0.211928
v -0.409937 0.435484 0.300226
v -0.358485 0.435484 0.369694
v -0.181153 0.435484 0.405314
v -0.085559 0.435484 0.398328
v 0.006111 0.435484 0.390134
v 0.101395 0.435484 0.390426
v 0.195647 0.435484 0.388294
v 0.367867 0.435484 0.345862
v 0.368534 0.435484 0.343651
v 0.370190 0.435484 0.341838
v 0.372315 0.435484 0.340215
v 0.374390 0.435484 0.338571
v 0.415131 0.435484 0.252313
v 0.404269 0.435484 0.161328
v 0.400719 0.435484 0.070994
v 0.395611 0.435484 -0.018713
v 0.385654 0.435484 -0.198231
v 0.380065 0.435484 -0.287743
v 0.341081 0.435484 -0.363491
v 0.261798 0.435484 -0.397983
v 0.166944 0.435484 -0.402911
v -0.021962 0.435484 -0.403129
v -0.113588 0.435484 -0.397996
v -0.205478 0.435484 -0.392125
v -0.298425 0.435484 -0.388727
v -0.373087 0.435484 -0.344504
v -0.405232 0.435484 -0.173925
v -0.410457 0.435484 -0.084265
v -0.409903 0.435484 0.007721
v -0.413022 0.435484 0.098229
v -0.415131 0.435484 0.189163
v -0.375569 0.435484 0.356216
v -0.374094 0.435484 0.357014
v -0.372678 0.435484 0.358149
v -0.371063 0.435484 0.359252
v -0.368140 0.435484 0.361564
v -0.283402 0.435484 0.394347
v -0.190735 0.435484 0.402394
v -0.093787 0.435484 0.399577
v -0.000849 0.435484 0.393412
v 0.188704 0.435484 0.389707
v 0.281686 0.435484 0.383641
v 0.362833 0.435484 0.349821
v 0.406705 0.435484 0.275145
v 0.406388 0.435484 0.184539
v 0.395826 0.435484 0.002987
v 0.392028 0.435484 -0.088385
v 0.386046 0.435484 -0.178879
v 0.382996 0.435484 -0.270552
v 0.353383 0.435484 -0.351510
v 0.184474 0.435484 -0.397896
v 0.087978 0.435484 -0.399983
v -0.008662 0.435484 -0.402924
v -0.100327 0.435484 -0.394733
v -0.289092 0.435484 -0.389184
v -0.361991 0.467742 -0.345006
v -0.362459 0.467742 -0.343238
v -0.363715 0.467742 -0.341787
v -0.365362 0.467742 -0.340494
v -0.367007 0.467742 -0.339200
v -0.397296 0.467742 -0.253598
v -0.402362 0.467742 -0.163690
v -0.405337 0.467742 -0.072940
v -0.404217 0.467742 0.019459
v -0.408622 0.467742 0.109634
v -0.404950 0.467742 0.291578
v -0.355697 0.467742 0.361693
v -0.272741 0.467742 0.388984
v -0.180473 0.467742 0.398596
v -0.085074 0.467742 0.392539
v 0.100579 0.467742 0.384287
v 0.194315 0.467742 0.382295
v 0.286217 0.467742 0.375999
v 0.363810 0.467742 0.337660
v 0.399259 0.467742 0.171132
v 0.394788 0.467742 0.080985
v 0.390045 0.467742 -0.009054
v 0.385278 0.467742 -0.099083
v 0.379564 0.467742 -0.188730
v 0.338155 0.467742 -0.355884
v 0.336696 0.467742 -0.356638
v 0.335361 0.467742 -0.357803
v 0.333905 0.467742 -0.359007
v 0.332261 0.467742 -0.360037
v 0.246458 0.467742 -0.392584
v 0.151000 0.467742 -0.398993
v 0.058723 0.467742 -0.395620
v -0.032969 0.467742 -0.390962
v -0.124841 0.467742 -0.388097
v -0.308014 0.467742 -0.378288
v -0.376332 0.467742 -0.326392
v -0.398356 0.467742 -0.244195
v -0.401906 0.467742 -0.154560
v -0.401956 0.467742 0.027551
v -0.407141 0.467742 0.116528
v -0.404644 0.467742 0.208623
v -0.403543 0.467742 0.295544
v -0.352894 0.467742 0.363928
v -0.178328 0.467742 0.398993
v -0.084224 0.467742 0.392115
v 0.006015 0.467742 0.384050
v 0.099814 0.467742 0.384337
v 0.192596 0.467742 0.382238
v 0.362130 0.467742 0.340468
v 0.362787 0.467742 0.338292
v 0.364417 0.467742 0.336507
v 0.366508 0.467742 0.334909
v 0.368551 0.467742 0.333290
v 0.408657 0.467742 0.248378
v 0.397964 0.467742 0.158812
v 0.394469 0.467742 0.069887
v 0.389441 0.467742 -0.018421
v 0.379640 0.467742 -0.195139
v 0.374138 0.467742 -0.283256
v 0.335761 0.467742 -0.357823
v 0.257715 0.467742 -0.391776
v 0.164341 0.467742 -0.396627
v -0.021620 0.467742 -0.396842
v -0.111816 0.467742 -0.391789
v -0.202273 0.467742 -0.386009
v -0.293770 0.467742 -0.382664
v -0.367268 0.467742 -0.339131
v -0.398912 0.467742 -0.171212
v -0.404056 0.467742 -0.082951
v -0.403511 0.467742 0.007601
v -0.406581 0.467742 0.096697
v -0.408657 0.467742 0.186213
v -0.369711 0.467742 0.350660
v -0.368260 0.467742 0.351446
v -0.366866 0.467742 0.352564
v -0.365276 0.467742 0.353649
v -0.362399 0.467742 0.355925
v -0.278982 0.467742 0.388197
v -0.187760 0.467742 0.396118
v -0.092324 0.467742 0.393346
v -0.000835 0.467742 0.387276
v 0.185761 0.467742 0.383629
v 0.277293 0.467742 0.377658
v 0.357175 0.467742 0.344366
v 0.400363 0.467742 0.270854
v 0.400050 0.467742 0.181661
v 0.389653 0.467742 0.002941
v 0.385914 0.467742 -0.087007
v 0.380025 0.467742 -0.176089
v 0.377023 0.467742 -0.266333
v 0.347871 0.467742 -0.346028
v 0.181597 0.467742 -0.391691
v 0.086606 0.467742 -0.393745
v -0.008527 0.467742 -0.396640
v -0.098762 0.467742 -0.388577
v -0.284584 0.467742 -0.383114
v -0.318612 0.500000 -0.303662
v -0.319024 0.500000 -0.302106
v -0.320129 0.500000 -0.300829
v -0.321579 0.500000 -0.299691
v -0.323026 0.500000 -0.298552
v -0.349686 0.500000 -0.223208
v -0.354145 0.500000 -0.144074
v -0.356763 0.500000 -0.064199
v -0.355777 0.500000 0.017127
v -0.359654 0.500000 0.096496
v -0.356423 0.500000 0.256636
v -0.313072 0.500000 0.318349
v -0.240057 0.500000 0.342370
v -0.158846 0.500000 0.350830
v -0.074879 0.500000 0.345499
v 0.088526 0.500000 0.338236
v 0.171030 0.500000 0.336483
v 0.251918 0.500000 0.330941
v 0.320212 0.500000 0.297197
v 0.351414 0.500000 0.150624
v 0.347478 0.500000 0.071280
v 0.343304 0.500000 -0.007969
v 0.339108 0.500000 -0.087209
v 0.334079 0.500000 -0.166113
v 0.297632 0.500000 -0.313237
v 0.296348 0.500000 -0.313900
v 0.295173 0.500000 -0.314926
v 0.293892 0.500000 -0.315985
v 0.292444 0.500000 -0.316892
v 0.216923 0.500000 -0.345538
v 0.132905 0.500000 -0.351179
v 0.051686 0.500000 -0.348211
v -0.029018 0.500000 -0.344111
v -0.109881 0.500000 -0.341590
v -0.271103 0.500000 -0.332956
v -0.331234 0.500000 -0.287279
v -0.350619 0.500000 -0.214932
v -0.353744 0.500000 -0.136038
v -0.353787 0.500000 0.024249
v -0.358351 0.500000 0.102564
v -0.356153 0.500000 0.183623
v -0.355185 0.500000 0.260127
v -0.310605 0.500000 0.320317
v -0.156958 0.500000 0.351179
v -0.074131 0.500000 0.345126
v 0.005295 0.500000 0.338027
v 0.087853 0.500000 0.338280
v 0.169516 0.500000 0.336433
v 0.318734 0.500000 0.299668
v 0.319312 0.500000 0.297752
v 0.320747 0.500000 0.296182
v 0.322588 0.500000 0.294775
v 0.324386 0.500000 0.293351
v 0.359685 0.500000 0.218613
v 0.350274 0.500000 0.139780
v 0.347198 0.500000 0.061512
v 0.342772 0.500000 -0.016214
v 0.334146 0.500000 -0.171754
v 0.329303 0.500000 -0.249312
v 0.295525 0.500000 -0.314943
v 0.226831 0.500000 -0.344827
v 0.144647 0.500000 -0.349097
v -0.019029 0.500000 -0.349286
v -0.098417 0.500000 -0.344839
v -0.178034 0.500000 -0.339752
v -0.258566 0.500000 -0.336808
v -0.323257 0.500000 -0.298491
v -0.351109 0.500000 -0.150695
v -0.355636 0.500000 -0.073011
v -0.355156 0.500000 0.006690
v -0.357858 0.500000 0.085109
v -0.359685 0.500000 0.163898
v -0.325407 0.500000 0.308639
v -0.324129 0.500000 0.309330
v -0.322902 0.500000 0.310314
v -0.321503 0.500000 0.311269
v -0.318970 0.500000 0.313272
v -0.245550 0.500000 0.341677
v -0.165260 0.500000 0.348649
v -0.081261 0.500000 0.346209
v -0.000735 0.500000 0.340867
v 0.163501 0.500000 0.337657
v 0.244063 0.500000 0.332401
v 0.314372 0.500000 0.303099
v 0.352385 0.500000 0.238396
v 0.352110 0.500000 0.159892
v 0.342959 0.500000 0.002588
v 0.339668 0.500000 -0.076580
v 0.334485 0.500000 -0.154987
v 0.331842 0.500000 -0.234417
v 0.306184 0.500000 -0.304562
v 0.159835 0.500000 -0.344752
v 0.076227 0.500000 -0.346560
v -0.007505 0.500000 -0.349109
v -0.086927 0.500000 -0.342012
v -0.250480 0.500000 -0.337203
v 0.000000 0.500000 0.000000
v 0.000000 -0.500000 0.000000

vt 0.123532 0.132506
vt 0.123045 0.134389
vt 0.121740 0.135934
vt 0.120026 0.137312
vt 0.118316 0.138691
vt 0.086815 0.229872
vt 0.081547 0.325640
vt 0.078453 0.422306
vt 0.079618 0.520728
vt 0.075037 0.616780
vt 0.078855 0.810583
vt 0.130078 0.885269
vt 0.216352 0.914339
vt 0.312310 0.924577
vt 0.411524 0.918125
vt 0.604602 0.909335
vt 0.702086 0.907214
vt 0.797663 0.900507
vt 0.878359 0.859670
vt 0.915227 0.682287
vt 0.910576 0.586263
vt 0.905643 0.490356
vt 0.900686 0.394459
vt 0.894744 0.298968
vt 0.851679 0.120918
vt 0.850161 0.120115
vt 0.848773 0.118875
vt 0.847259 0.117592
vt 0.845549 0.116495
vt 0.756314 0.081827
vt 0.657039 0.075000
vt 0.561072 0.078593
vt 0.465713 0.083555
vt 0.370166 0.086606
vt 0.179668 0.097054
vt 0.108618 0.152333
vt 0.085713 0.239887
vt 0.082021 0.335366
vt 0.081970 0.529347
vt 0.076576 0.624124
vt 0.079173 0.722221
vt 0.080318 0.814808
vt 0.132993 0.887650
vt 0.314540 0.925000
vt 0.412407 0.917674
vt 0.506256 0.909083
vt 0.603806 0.909388
vt 0.700298 0.907153
vt 0.876612 0.862660
vt 0.877295 0.860342
vt 0.878990 0.858441
vt 0.881166 0.856739
vt 0.883290 0.855015
vt 0.925000 0.764568
vt 0.913880 0.669163
vt 0.910245 0.574442
vt 0.905016 0.480378
vt 0.894822 0.292141
vt 0.889100 0.198281
vt 0.849189 0.118854
vt 0.768021 0.082687
vt 0.670913 0.077520
vt 0.477515 0.077291
vt 0.383712 0.082674
vt 0.289637 0.088830
vt 0.194481 0.092393
vt 0.118044 0.138764
vt 0.085134 0.317628
vt 0.079785 0.411642
vt 0.080352 0.508096
vt 0.077159 0.603000
vt 0.075000 0.698350
vt 0.115503 0.873517
vt 0.117013 0.874354
vt 0.118463 0.875545
vt 0.120116 0.876701
vt 0.123108 0.879125
vt 0.209861 0.913500
vt 0.304731 0.921938
vt 0.403983 0.918985
vt 0.499131 0.912520
vt 0.693190 0.908635
vt 0.788382 0.902275
vt 0.871459 0.866812
vt 0.916374 0.788509
vt 0.916049 0.693502
vt 0.905236 0.503133
vt 0.901348 0.407322
vt 0.895223 0.312433
vt 0.892100 0.216307
vt 0.861783 0.131417
vt 0.688859 0.082778
vt 0.590069 0.080590
vt 0.491132 0.077506
vt 0.397288 0.086095
vt 0.204035 0.091914
vt 0.083144 0.093080
vt 0.082605 0.095165
vt 0.081159 0.096877
vt 0.079262 0.098402
vt 0.077368 0.099929
vt 0.799108 0.032258
vt 0.693065 0.032258
vt 0.586029 0.032258
vt 0.477048 0.032258
vt 0.370692 0.032258
vt 0.033674 0.843903
vt 0.090392 0.926601
vt 0.185921 0.032258
vt 0.292174 0.032258
vt 0.402032 0.032258
vt 0.615824 0.032258
vt 0.723767 0.032258
vt 0.829597 0.032258
vt 0.918950 0.898255
vt 0.701843 0.032258
vt 0.595518 0.032258
vt 0.489321 0.032258
vt 0.383137 0.032258
vt 0.277401 0.032258
vt 0.889407 0.080250
vt 0.887727 0.079361
vt 0.886189 0.077987
vt 0.884513 0.076567
vt 0.882620 0.075352
vt 0.216188 0.032258
vt 0.326114 0.032258
vt 0.432377 0.032258
vt 0.537966 0.032258
vt 0.643762 0.032258
vt 0.854698 0.032258
vt 0.066630 0.115035
vt 0.788018 0.032258
vt 0.682297 0.032258
vt 0.467505 0.032258
vt 0.362560 0.032258
vt 0.253938 0.032258
vt 0.035294 0.848581
vt 0.093620 0.929238
vt 0.294644 0.032258
vt 0.403010 0.032258
vt 0.506927 0.032258
vt 0.614942 0.032258
vt 0.721787 0.032258
vt 0.917016 0.901567
vt 0.917772 0.899000
vt 0.919649 0.896896
vt 0.922058 0.895010
vt 0.924410 0.893102
vt 0.792951 0.032258
vt 0.687311 0.032258
vt 0.582428 0.032258
vt 0.478273 0.032258
vt 0.269842 0.032258
vt 0.165912 0.032258
vt 0.886650 0.077964
vt 0.203225 0.032258
vt 0.310751 0.032258
vt 0.524897 0.032258
vt 0.628764 0.032258
vt 0.732931 0.032258
vt 0.838295 0.032258
vt 0.077067 0.100010
vt 0.701938 0.032258
vt 0.597837 0.032258
vt 0.491035 0.032258
vt 0.385950 0.032258
vt 0.280370 0.032258
vt 0.074254 0.913588
vt 0.075925 0.914515
vt 0.077531 0.915834
vt 0.079361 0.917114
vt 0.082675 0.919798
vt 0.178734 0.032258
vt 0.283783 0.032258
vt 0.393683 0.032258
vt 0.499038 0.032258
vt 0.713916 0.032258
vt 0.819320 0.032258
vt 0.911309 0.906164
vt 0.819460 0.032258
vt 0.714261 0.032258
vt 0.503469 0.032258
vt 0.397379 0.032258
vt 0.292311 0.032258
vt 0.185872 0.032258
vt 0.900596 0.091875
vt 0.290880 0.032258
vt 0.400268 0.032258
vt 0.509820 0.032258
vt 0.613731 0.032258
vt 0.827716 0.032258
vt 0.927046 0.064516
vt 0.924858 0.064516
vt 0.923062 0.064516
vt 0.921461 0.064516
vt 0.919859 0.064516
vt 0.813902 0.064516
vt 0.702614 0.064516
vt 0.590284 0.064516
vt 0.475913 0.064516
vt 0.364296 0.064516
vt 0.139088 0.064516
vt 0.070133 0.064516
vt 0.170387 0.064516
vt 0.281895 0.064516
vt 0.397187 0.064516
vt 0.621552 0.064516
vt 0.734834 0.064516
vt 0.845899 0.064516
vt 0.917953 0.064516
vt 0.711826 0.064516
vt 0.600242 0.064516
vt 0.488793 0.064516
vt 0.377356 0.064516
vt 0.266392 0.064516
vt 0.091333 0.064516
vt 0.093096 0.064516
vt 0.094710 0.064516
vt 0.096469 0.064516
vt 0.098456 0.064516
vt 0.202151 0.064516
vt 0.317514 0.064516
vt 0.429032 0.064516
vt 0.539843 0.064516
vt 0.650873 0.064516
vt 0.872241 0.064516
vt 0.904006 0.064516
vt 0.802263 0.064516
vt 0.691313 0.064516
vt 0.465898 0.064516
vt 0.355762 0.064516
vt 0.241768 0.064516
vt 0.134179 0.064516
vt 0.073520 0.064516
vt 0.284487 0.064516
vt 0.398213 0.064516
vt 0.507270 0.064516
vt 0.620627 0.064516
vt 0.732756 0.064516
vt 0.921429 0.064516
vt 0.918735 0.064516
vt 0.916526 0.064516
vt 0.914547 0.064516
vt 0.912544 0.064516
vt 0.807440 0.064516
vt 0.696576 0.064516
vt 0.586505 0.064516
vt 0.477199 0.064516
vt 0.258458 0.064516
vt 0.149388 0.064516
vt 0.094226 0.064516
vt 0.188547 0.064516
vt 0.301391 0.064516
vt 0.526128 0.064516
vt 0.635132 0.064516
vt 0.744451 0.064516
vt 0.855027 0.064516
vt 0.919774 0.064516
vt 0.711925 0.064516
vt 0.602676 0.064516
vt 0.490592 0.064516
vt 0.380309 0.064516
vt 0.269507 0.064516
vt 0.065956 0.064516
vt 0.064983 0.064516
vt 0.063599 0.064516
vt 0.062256 0.064516
vt 0.059439 0.064516
vt 0.162844 0.064516
vt 0.273088 0.064516
vt 0.388424 0.064516
vt 0.498990 0.064516
vt 0.724496 0.064516
vt 0.835114 0.064516
vt 0.926253 0.064516
vt 0.835261 0.064516
vt 0.724858 0.064516
vt 0.503640 0.064516
vt 0.392303 0.064516
vt 0.282039 0.064516
vt 0.170335 0.064516
vt 0.071689 0.064516
vt 0.280537 0.064516
vt 0.395335 0.064516
vt 0.510305 0.064516
vt 0.619356 0.064516
vt 0.843925 0.064516
vt 0.930759 0.096774
vt 0.928551 0.096774
vt 0.926740 0.096774
vt 0.925125 0.096774
vt 0.923509 0.096774
vt 0.816631 0.096774
vt 0.704376 0.096774
vt 0.591069 0.096774
vt 0.475704 0.096774
vt 0.363116 0.096774
vt 0.135950 0.096774
vt 0.066396 0.096774
vt 0.167521 0.096774
vt 0.279999 0.096774
vt 0.396293 0.096774
vt 0.622609 0.096774
vt 0.736876 0.096774
vt 0.848906 0.096774
vt 0.921587 0.096774
vt 0.713668 0.096774
vt 0.601114 0.096774
vt 0.488696 0.096774
vt 0.376290 0.096774
vt 0.264361 0.096774
vt 0.087780 0.096774
vt 0.089558 0.096774
vt 0.091186 0.096774
vt 0.092960 0.096774
vt 0.094965 0.096774
vt 0.199562 0.096774
vt 0.315927 0.096774
vt 0.428415 0.096774
vt 0.540190 0.096774
vt 0.652185 0.096774
vt 0.875478 0.096774
vt 0.907518 0.096774
vt 0.804891 0.096774
vt 0.692976 0.096774
vt 0.465601 0.096774
vt 0.354508 0.096774
vt 0.239523 0.096774
vt 0.130998 0.096774
vt 0.069812 0.096774
vt 0.282613 0.096774
vt 0.397328 0.096774
vt 0.507333 0.096774
vt 0.621676 0.096774
vt 0.734780 0.096774
vt 0.925092 0.096774
vt 0.922375 0.096774
vt 0.920147 0.096774
vt 0.918152 0.096774
vt 0.916131 0.096774
vt 0.810113 0.096774
vt 0.698285 0.096774
vt 0.587257 0.096774
vt 0.477000 0.096774
vt 0.256358 0.096774
vt 0.146340 0.096774
vt 0.090698 0.096774
vt 0.185839 0.096774
vt 0.299664 0.096774
vt 0.526355 0.096774
vt 0.636307 0.096774
vt 0.746577 0.096774
vt 0.858114 0.096774
vt 0.923424 0.096774
vt 0.713768 0.096774
vt 0.603569 0.096774
vt 0.490510 0.096774
vt 0.379269 0.096774
vt 0.267503 0.096774
vt 0.062182 0.096774
vt 0.061201 0.096774
vt 0.059805 0.096774
vt 0.058450 0.096774
vt 0.055609 0.096774
vt 0.159913 0.096774
vt 0.271116 0.096774
vt 0.387454 0.096774
vt 0.498982 0.096774
vt 0.726448 0.096774
vt 0.838028 0.096774
vt 0.929959 0.096774
vt 0.838176 0.096774
vt 0.726813 0.096774
vt 0.503672 0.096774
vt 0.391367 0.096774
vt 0.280144 0.096774
vt 0.167469 0.096774
vt 0.067965 0.096774
vt 0.278629 0.096774
vt 0.394425 0.096774
vt 0.510395 0.096774
vt 0.620393 0.096774
vt 0.846915 0.096774
vt 0.931023 0.129032
vt 0.928815 0.129032
vt 0.927002 0.129032
vt 0.925386 0.129032
vt 0.923769 0.129032
vt 0.816826 0.129032
vt 0.704501 0.129032
vt 0.591125 0.129032
vt 0.475689 0.129032
vt 0.363032 0.129032
vt 0.135726 0.129032
vt 0.066129 0.129032
vt 0.167317 0.129032
vt 0.279864 0.129032
vt 0.396229 0.129032
vt 0.622684 0.129032
vt 0.737021 0.129032
vt 0.849121 0.129032
vt 0.921846 0.129032
vt 0.713799 0.129032
vt 0.601176 0.129032
vt 0.488689 0.129032
vt 0.376214 0.129032
vt 0.264216 0.129032
vt 0.087526 0.129032
vt 0.089306 0.129032
vt 0.090935 0.129032
vt 0.092710 0.129032
vt 0.094716 0.129032
vt 0.199377 0.129032
vt 0.315814 0.129032
vt 0.428371 0.129032
vt 0.540215 0.129032
vt 0.652278 0.129032
vt 0.875708 0.129032
vt 0.907768 0.129032
vt 0.805078 0.129032
vt 0.693095 0.129032
vt 0.465580 0.129032
vt 0.354419 0.129032
vt 0.239363 0.129032
vt 0.130771 0.129032
vt 0.069548 0.129032
vt 0.282480 0.129032
vt 0.397265 0.129032
vt 0.507337 0.129032
vt 0.621751 0.129032
vt 0.734924 0.129032
vt 0.925354 0.129032
vt 0.922635 0.129032
vt 0.920405 0.129032
vt 0.918408 0.129032
vt 0.916387 0.129032
vt 0.810304 0.129032
vt 0.698407 0.129032
vt 0.587311 0.129032
vt 0.476986 0.129032
vt 0.256209 0.129032
vt 0.146123 0.129032
vt 0.090447 0.129032
vt 0.185646 0.129032
vt 0.299541 0.129032
vt 0.526371 0.129032
vt 0.636391 0.129032
vt 0.746728 0.129032
vt 0.858334 0.129032
vt 0.923684 0.129032
vt 0.713899 0.129032
vt 0.603633 0.129032
vt 0.490504 0.129032
vt 0.379195 0.129032
vt 0.267361 0.129032
vt 0.061913 0.129032
vt 0.060931 0.129032
vt 0.059535 0.129032
vt 0.058179 0.129032
vt 0.055336 0.129032
vt 0.159704 0.129032
vt 0.270975 0.129032
vt 0.387385 0.129032
vt 0.498981 0.129032
vt 0.726587 0.129032
vt 0.838235 0.129032
vt 0.930223 0.129032
vt 0.838383 0.129032
vt 0.726953 0.129032
vt 0.503674 0.129032
vt 0.391300 0.129032
vt 0.280009 0.129032
vt 0.167265 0.129032
vt 0.067700 0.129032
vt 0.278493 0.129032
vt 0.394360 0.129032
vt 0.510401 0.129032
vt 0.620467 0.129032
vt 0.847128 0.129032
vt 0.931288 0.161290
vt 0.929078 0.161290
vt 0.927264 0.161290
vt 0.925647 0.161290
vt 0.924029 0.161290
vt 0.817020 0.161290
vt 0.704627 0.161290
vt 0.591181 0.161290
vt 0.475674 0.161290
vt 0.362948 0.161290
vt 0.135503 0.161290
vt 0.065863 0.161290
vt 0.167113 0.161290
vt 0.279729 0.161290
vt 0.396166 0.161290
vt 0.622760 0.161290
vt 0.737167 0.161290
vt 0.849335 0.161290
vt 0.922105 0.161290
vt 0.713930 0.161290
vt 0.601238 0.161290
vt 0.488682 0.161290
vt 0.376138 0.161290
vt 0.264071 0.161290
vt 0.087273 0.161290
vt 0.089054 0.161290
vt 0.090684 0.161290
vt 0.092460 0.161290
vt 0.094467 0.161290
vt 0.199192 0.161290
vt 0.315701 0.161290
vt 0.428327 0.161290
vt 0.540239 0.161290
vt 0.652372 0.161290
vt 0.875939 0.161290
vt 0.908019 0.161290
vt 0.805266 0.161290
vt 0.693213 0.161290
vt 0.465559 0.161290
vt 0.354330 0.161290
vt 0.239203 0.161290
vt 0.130545 0.161290
vt 0.069284 0.161290
vt 0.282346 0.161290
vt 0.397202 0.161290
vt 0.507342 0.161290
vt 0.621825 0.161290
vt 0.735068 0.161290
vt 0.925615 0.161290
vt 0.922894 0.161290
vt 0.920663 0.161290
vt 0.918665 0.161290
vt 0.916642 0.161290
vt 0.810494 0.161290
vt 0.698528 0.161290
vt 0.587364 0.161290
vt 0.476972 0.161290
vt 0.256059 0.161290
vt 0.145905 0.161290
vt 0.090195 0.161290
vt 0.185453 0.161290
vt 0.299418 0.161290
vt 0.526388 0.161290
vt 0.636475 0.161290
vt 0.746879 0.161290
vt 0.858554 0.161290
vt 0.923944 0.161290
vt 0.714031 0.161290
vt 0.603696 0.161290
vt 0.490498 0.161290
vt 0.379121 0.161290
vt 0.267218 0.161290
vt 0.061644 0.161290
vt 0.060662 0.161290
vt 0.059264 0.161290
vt 0.057908 0.161290
vt 0.055063 0.161290
vt 0.159495 0.161290
vt 0.270834 0.161290
vt 0.387316 0.161290
vt 0.498980 0.161290
vt 0.726726 0.161290
vt 0.838443 0.161290
vt 0.930487 0.161290
vt 0.838591 0.161290
vt 0.727092 0.161290
vt 0.503676 0.161290
vt 0.391234 0.161290
vt 0.279874 0.161290
vt 0.167060 0.161290
vt 0.067435 0.161290
vt 0.278357 0.161290
vt 0.394296 0.161290
vt 0.510408 0.161290
vt 0.620541 0.161290
vt 0.847341 0.161290
vt 0.931288 0.193548
vt 0.929078 0.193548
vt 0.927264 0.193548
vt 0.925647 0.193548
vt 0.924029 0.193548
vt 0.817020 0.193548
vt 0.704627 0.193548
vt 0.591181 0.193548
vt 0.475674 0.193548
vt 0.362948 0.193548
vt 0.135503 0.193548
vt 0.065863 0.193548
vt 0.167113 0.193548
vt 0.279729 0.193548
vt 0.396166 0.193548
vt 0.622760 0.193548
vt 0.737167 0.193548
vt 0.849335 0.193548
vt 0.922105 0.193548
vt 0.713930 0.193548
vt 0.601238 0.193548
vt 0.488682 0.193548
vt 0.376138 0.193548
vt 0.264071 0.193548
vt 0.087273 0.193548
vt 0.089054 0.193548
vt 0.090684 0.193548
vt 0.092460 0.193548
vt 0.094467 0.193548
vt 0.199192 0.193548
vt 0.315701 0.193548
vt 0.428327 0.193548
vt 0.540239 0.193548
vt 0.652372 0.193548
vt 0.875939 0.193548
vt 0.908019 0.193548
vt 0.805266 0.193548
vt 0.693213 0.193548
vt 0.465559 0.193548
vt 0.354330 0.193548
vt 0.239203 0.193548
vt 0.130545 0.193548
vt 0.069284 0.193548
vt 0.282346 0.193548
vt 0.397202 0.193548
vt 0.507342 0.193548
vt 0.621825 0.193548
vt 0.735068 0.193548
vt 0.925615 0.193548
vt 0.922894 0.193548
vt 0.920663 0.193548
vt 0.918665 0.193548
vt 0.916642 0.193548
vt 0.810494 0.193548
vt 0.698528 0.193548
vt 0.587364 0.193548
vt 0.476972 0.193548
vt 0.256059 0.193548
vt 0.145905 0.193548
vt 0.090195 0.193548
vt 0.185453 0.193548
vt 0.299418 0.193548
vt 0.526388 0.193548
vt 0.636475 0.193548
vt 0.746879 0.193548
vt 0.858554 0.193548
vt 0.923944 0.193548
vt 0.714031 0.193548
vt 0.603696 0.193548
vt 0.490498 0.193548
vt 0.379121 0.193548
vt 0.267218 0.193548
vt 0.061644 0.193548
vt 0.060662 0.193548
vt 0.059264 0.193548
vt 0.057908 0.193548
vt 0.055063 0.193548
vt 0.159495 0.193548
vt 0.270834 0.193548
vt 0.387316 0.193548
vt 0.498980 0.193548
vt 0.726726 0.193548
vt 0.838443 0.193548
vt 0.930487 0.193548
vt 0.838591 0.193548
vt 0.727092 0.193548
vt 0.503676 0.193548
vt 0.391234 0.193548
vt 0.279874 0.193548
vt 0.167060 0.193548
vt 0.067435 0.193548
vt 0.278357 0.193548
vt 0.394296 0.193548
vt 0.510408 0.193548
vt 0.620541 0.193548
vt 0.847341 0.193548
vt 0.931552 0.225806
vt 0.929341 0.225806
vt 0.927526 0.225806
vt 0.925909 0.225806
vt 0.924290 0.225806
vt 0.817215 0.225806
vt 0.704752 0.225806
vt 0.591237 0.225806
vt 0.475659 0.225806
vt 0.362864 0.225806
vt 0.135279 0.225806
vt 0.065597 0.225806
vt 0.166909 0.225806
vt 0.279593 0.225806
vt 0.396102 0.225806
vt 0.622835 0.225806
vt 0.737312 0.225806
vt 0.849549 0.225806
vt 0.922364 0.225806
vt 0.714061 0.225806
vt 0.601300 0.225806
vt 0.488675 0.225806
vt 0.376062 0.225806
vt 0.263926 0.225806
vt 0.087020 0.225806
vt 0.088802 0.225806
vt 0.090433 0.225806
vt 0.092210 0.225806
vt 0.094218 0.225806
vt 0.199008 0.225806
vt 0.315588 0.225806
vt 0.428283 0.225806
vt 0.540264 0.225806
vt 0.652465 0.225806
vt 0.876170 0.225806
vt 0.908269 0.225806
vt 0.805453 0.225806
vt 0.693332 0.225806
vt 0.465538 0.225806
vt 0.354240 0.225806
vt 0.239043 0.225806
vt 0.130318 0.225806
vt 0.069019 0.225806
vt 0.282213 0.225806
vt 0.397139 0.225806
vt 0.507346 0.225806
vt 0.621900 0.225806
vt 0.735213 0.225806
vt 0.925876 0.225806
vt 0.923154 0.225806
vt 0.920922 0.225806
vt 0.918922 0.225806
vt 0.916898 0.225806
vt 0.810685 0.225806
vt 0.698650 0.225806
vt 0.587418 0.225806
vt 0.476958 0.225806
vt 0.255909 0.225806
vt 0.145688 0.225806
vt 0.089944 0.225806
vt 0.185260 0.225806
vt 0.299295 0.225806
vt 0.526404 0.225806
vt 0.636558 0.225806
vt 0.747031 0.225806
vt 0.858774 0.225806
vt 0.924204 0.225806
vt 0.714162 0.225806
vt 0.603760 0.225806
vt 0.490493 0.225806
vt 0.379046 0.225806
vt 0.267075 0.225806
vt 0.061375 0.225806
vt 0.060392 0.225806
vt 0.058994 0.225806
vt 0.057636 0.225806
vt 0.054790 0.225806
vt 0.159286 0.225806
vt 0.270694 0.225806
vt 0.387247 0.225806
vt 0.498980 0.225806
vt 0.726866 0.225806
vt 0.838650 0.225806
vt 0.930751 0.225806
vt 0.838799 0.225806
vt 0.727231 0.225806
vt 0.503679 0.225806
vt 0.391167 0.225806
vt 0.279738 0.225806
vt 0.166856 0.225806
vt 0.067169 0.225806
vt 0.278221 0.225806
vt 0.394231 0.225806
vt 0.510414 0.225806
vt 0.620615 0.225806
vt 0.847554 0.225806
vt 0.931817 0.258065
vt 0.929604 0.258065
vt 0.927788 0.258065
vt 0.926170 0.258065
vt 0.924550 0.258065
vt 0.817409 0.258065
vt 0.704878 0.258065
vt 0.591293 0.258065
vt 0.475644 0.258065
vt 0.362780 0.258065
vt 0.135055 0.258065
vt 0.065330 0.258065
vt 0.166704 0.258065
vt 0.279458 0.258065
vt 0.396038 0.258065
vt 0.622910 0.258065
vt 0.737458 0.258065
vt 0.849764 0.258065
vt 0.922623 0.258065
vt 0.714193 0.258065
vt 0.601362 0.258065
vt 0.488668 0.258065
vt 0.375986 0.258065
vt 0.263782 0.258065
vt 0.086767 0.258065
vt 0.088550 0.258065
vt 0.090182 0.258065
vt 0.091960 0.258065
vt 0.093970 0.258065
vt 0.198823 0.258065
vt 0.315475 0.258065
vt 0.428239 0.258065
vt 0.540289 0.258065
vt 0.652559 0.258065
vt 0.876400 0.258065
vt 0.908519 0.258065
vt 0.805640 0.258065
vt 0.693450 0.258065
vt 0.465517 0.258065
vt 0.354151 0.258065
vt 0.238883 0.258065
vt 0.130091 0.258065
vt 0.068755 0.258065
vt 0.282079 0.258065
vt 0.397076 0.258065
vt 0.507351 0.258065
vt 0.621975 0.258065
vt 0.735357 0.258065
vt 0.926137 0.258065
vt 0.923413 0.258065
vt 0.921180 0.258065
vt 0.919179 0.258065
vt 0.917154 0.258065
vt 0.810875 0.258065
vt 0.698772 0.258065
vt 0.587472 0.258065
vt 0.476944 0.258065
vt 0.255760 0.258065
vt 0.145471 0.258065
vt 0.089692 0.258065
vt 0.185067 0.258065
vt 0.299172 0.258065
vt 0.526420 0.258065
vt 0.636642 0.258065
vt 0.747182 0.258065
vt 0.858994 0.258065
vt 0.924464 0.258065
vt 0.714293 0.258065
vt 0.603823 0.258065
vt 0.490487 0.258065
vt 0.378972 0.258065
vt 0.266932 0.258065
vt 0.061106 0.258065
vt 0.060123 0.258065
vt 0.058724 0.258065
vt 0.057365 0.258065
vt 0.054517 0.258065
vt 0.159077 0.258065
vt 0.270553 0.258065
vt 0.387178 0.258065
vt 0.498979 0.258065
vt 0.727005 0.258065
vt 0.838858 0.258065
vt 0.931016 0.258065
vt 0.839007 0.258065
vt 0.727371 0.258065
vt 0.503681 0.258065
vt 0.391100 0.258065
vt 0.279603 0.258065
vt 0.166652 0.258065
vt 0.066904 0.258065
vt 0.278085 0.258065
vt 0.394166 0.258065
vt 0.510420 0.258065
vt 0.620689 0.258065
vt 0.847767 0.258065
vt 0.931817 0.290323
vt 0.929604 0.290323
vt 0.927788 0.290323
vt 0.926170 0.290323
vt 0.924550 0.290323
vt 0.817409 0.290323
vt 0.704878 0.290323
vt 0.591293 0.290323
vt 0.475644 0.290323
vt 0.362780 0.290323
vt 0.135055 0.290323
vt 0.065330 0.290323
vt 0.166704 0.290323
vt 0.279458 0.290323
vt 0.396038 0.290323
vt 0.622910 0.290323
vt 0.737458 0.290323
vt 0.849764 0.290323
vt 0.922623 0.290323
vt 0.714193 0.290323
vt 0.601362 0.290323
vt 0.488668 0.290323
vt 0.375986 0.290323
vt 0.263782 0.290323
vt 0.086767 0.290323
vt 0.088550 0.290323
vt 0.090182 0.290323
vt 0.091960 0.290323
vt 0.093970 0.290323
vt 0.198823 0.290323
vt 0.315475 0.290323
vt 0.428239 0.290323
vt 0.540289 0.290323
vt 0.652559 0.290323
vt 0.876400 0.290323
vt 0.908519 0.290323
vt 0.805640 0.290323
vt 0.693450 0.290323
vt 0.465517 0.290323
vt 0.354151 0.290323
vt 0.238883 0.290323
vt 0.130091 0.290323
vt 0.068755 0.290323
vt 0.282079 0.290323
vt 0.397076 0.290323
vt 0.507351 0.290323
vt 0.621975 0.290323
vt 0.735357 0.290323
vt 0.926137 0.290323
vt 0.923413 0.290323
vt 0.921180 0.290323
vt 0.919179 0.290323
vt 0.917154 0.290323
vt 0.810875 0.290323
vt 0.698772 0.290323
vt 0.587472 0.290323
vt 0.476944 0.290323
vt 0.255760 0.290323
vt 0.145471 0.290323
vt 0.089692 0.290323
vt 0.185067 0.290323
vt 0.299172 0.290323
vt 0.526420 0.290323
vt 0.636642 0.290323
vt 0.747182 0.290323
vt 0.858994 0.290323
vt 0.924464 0.290323
vt 0.714293 0.290323
vt 0.603823 0.290323
vt 0.490487 0.290323
vt 0.378972 0.290323
vt 0.266932 0.290323
vt 0.061106 0.290323
vt 0.060123 0.290323
vt 0.058724 0.290323
vt 0.057365 0.290323
vt 0.054517 0.290323
vt 0.159077 0.290323
vt 0.270553 0.290323
vt 0.387178 0.290323
vt 0.498979 0.290323
vt 0.727005 0.290323
vt 0.838858 0.290323
vt 0.931016 0.290323
vt 0.839007 0.290323
vt 0.727371 0.290323
vt 0.503681 0.290323
vt 0.391100 0.290323
vt 0.279603 0.290323
vt 0.166652 0.290323
vt 0.066904 0.290323
vt 0.278085 0.290323
vt 0.394166 0.290323
vt 0.510420 0.290323
vt 0.620689 0.290323
vt 0.847767 0.290323
vt 0.932039 0.322581
vt 0.929825 0.322581
vt 0.928008 0.322581
vt 0.926389 0.322581
vt 0.924768 0.322581
vt 0.817572 0.322581
vt 0.704983 0.322581
vt 0.591340 0.322581
vt 0.475632 0.322581
vt 0.362709 0.322581
vt 0.134868 0.322581
vt 0.065107 0.322581
vt 0.166533 0.322581
vt 0.279345 0.322581
vt 0.395985 0.322581
vt 0.622973 0.322581
vt 0.737580 0.322581
vt 0.849943 0.322581
vt 0.922840 0.322581
vt 0.714303 0.322581
vt 0.601414 0.322581
vt 0.488662 0.322581
vt 0.375922 0.322581
vt 0.263660 0.322581
vt 0.086554 0.322581
vt 0.088338 0.322581
vt 0.089971 0.322581
vt 0.091750 0.322581
vt 0.093761 0.322581
vt 0.198669 0.322581
vt 0.315380 0.322581
vt 0.428202 0.322581
vt 0.540309 0.322581
vt 0.652637 0.322581
vt 0.876594 0.322581
vt 0.908729 0.322581
vt 0.805797 0.322581
vt 0.693550 0.322581
vt 0.465499 0.322581
vt 0.354076 0.322581
vt 0.238749 0.322581
vt 0.129901 0.322581
vt 0.068534 0.322581
vt 0.281967 0.322581
vt 0.397023 0.322581
vt 0.507355 0.322581
vt 0.622037 0.322581
vt 0.735478 0.322581
vt 0.926356 0.322581
vt 0.923631 0.322581
vt 0.921396 0.322581
vt 0.919394 0.322581
vt 0.917368 0.322581
vt 0.811035 0.322581
vt 0.698874 0.322581
vt 0.587517 0.322581
vt 0.476932 0.322581
vt 0.255634 0.322581
vt 0.145289 0.322581
vt 0.089482 0.322581
vt 0.184905 0.322581
vt 0.299069 0.322581
vt 0.526434 0.322581
vt 0.636712 0.322581
vt 0.747309 0.322581
vt 0.859178 0.322581
vt 0.924682 0.322581
vt 0.714403 0.322581
vt 0.603877 0.322581
vt 0.490482 0.322581
vt 0.378910 0.322581
vt 0.266812 0.322581
vt 0.060881 0.322581
vt 0.059897 0.322581
vt 0.058497 0.322581
vt 0.057138 0.322581
vt 0.054288 0.322581
vt 0.158902 0.322581
vt 0.270435 0.322581
vt 0.387120 0.322581
vt 0.498979 0.322581
vt 0.727121 0.322581
vt 0.839032 0.322581
vt 0.931237 0.322581
vt 0.839181 0.322581
vt 0.727488 0.322581
vt 0.503683 0.322581
vt 0.391044 0.322581
vt 0.279490 0.322581
vt 0.166481 0.322581
vt 0.066681 0.322581
vt 0.277971 0.322581
vt 0.394111 0.322581
vt 0.510426 0.322581
vt 0.620751 0.322581
vt 0.847946 0.322581
vt 0.932082 0.354839
vt 0.929868 0.354839
vt 0.928050 0.354839
vt 0.926431 0.354839
vt 0.924810 0.354839
vt 0.817604 0.354839
vt 0.705003 0.354839
vt 0.591349 0.354839
vt 0.475629 0.354839
vt 0.362696 0.354839
vt 0.134832 0.354839
vt 0.065064 0.354839
vt 0.166500 0.354839
vt 0.279323 0.354839
vt 0.395974 0.354839
vt 0.622986 0.354839
vt 0.737603 0.354839
vt 0.849978 0.354839
vt 0.922882 0.354839
vt 0.714324 0.354839
vt 0.601424 0.354839
vt 0.488661 0.354839
vt 0.375910 0.354839
vt 0.263637 0.354839
vt 0.086514 0.354839
vt 0.088298 0.354839
vt 0.089931 0.354839
vt 0.091710 0.354839
vt 0.093721 0.354839
vt 0.198639 0.354839
vt 0.315362 0.354839
vt 0.428195 0.354839
vt 0.540313 0.354839
vt 0.652652 0.354839
vt 0.876631 0.354839
vt 0.908770 0.354839
vt 0.805828 0.354839
vt 0.693569 0.354839
vt 0.465496 0.354839
vt 0.354062 0.354839
vt 0.238723 0.354839
vt 0.129865 0.354839
vt 0.068491 0.354839
vt 0.281946 0.354839
vt 0.397013 0.354839
vt 0.507355 0.354839
vt 0.622050 0.354839
vt 0.735501 0.354839
vt 0.926398 0.354839
vt 0.923672 0.354839
vt 0.921438 0.354839
vt 0.919436 0.354839
vt 0.917409 0.354839
vt 0.811066 0.354839
vt 0.698894 0.354839
vt 0.587525 0.354839
vt 0.476930 0.354839
vt 0.255610 0.354839
vt 0.145254 0.354839
vt 0.089441 0.354839
vt 0.184874 0.354839
vt 0.299049 0.354839
vt 0.526436 0.354839
vt 0.636726 0.354839
vt 0.747334 0.354839
vt 0.859214 0.354839
vt 0.924724 0.354839
vt 0.714424 0.354839
vt 0.603887 0.354839
vt 0.490481 0.354839
vt 0.378898 0.354839
vt 0.266789 0.354839
vt 0.060837 0.354839
vt 0.059853 0.354839
vt 0.058453 0.354839
vt 0.057094 0.354839
vt 0.054244 0.354839
vt 0.158868 0.354839
vt 0.270413 0.354839
vt 0.387108 0.354839
vt 0.498979 0.354839
vt 0.727144 0.354839
vt 0.839066 0.354839
vt 0.931280 0.354839
vt 0.839214 0.354839
vt 0.727510 0.354839
vt 0.503683 0.354839
vt 0.391034 0.354839
vt 0.279468 0.354839
vt 0.166448 0.354839
vt 0.066639 0.354839
vt 0.277949 0.354839
vt 0.394101 0.354839
vt 0.510427 0.354839
vt 0.620763 0.354839
vt 0.847980 0.354839
vt 0.932082 0.387097
vt 0.929868 0.387097
vt 0.928050 0.387097
vt 0.926431 0.387097
vt 0.924810 0.387097
vt 0.817604 0.387097
vt 0.705003 0.387097
vt 0.591349 0.387097
vt 0.475629 0.387097
vt 0.362696 0.387097
vt 0.134832 0.387097
vt 0.065064 0.387097
vt 0.166500 0.387097
vt 0.279323 0.387097
vt 0.395974 0.387097
vt 0.622986 0.387097
vt 0.737603 0.387097
vt 0.849978 0.387097
vt 0.922882 0.387097
vt 0.714324 0.387097
vt 0.601424 0.387097
vt 0.488661 0.387097
vt 0.375910 0.387097
vt 0.263637 0.387097
vt 0.086514 0.387097
vt 0.088298 0.387097
vt 0.089931 0.387097
vt 0.091710 0.387097
vt 0.093721 0.387097
vt 0.198639 0.387097
vt 0.315362 0.387097
vt 0.428195 0.387097
vt 0.540313 0.387097
vt 0.652652 0.387097
vt 0.876631 0.387097
vt 0.908770 0.387097
vt 0.805828 0.387097
vt 0.693569 0.387097
vt 0.465496 0.387097
vt 0.354062 0.387097
vt 0.238723 0.387097
vt 0.129865 0.387097
vt 0.068491 0.387097
vt 0.281946 0.387097
vt 0.397013 0.387097
vt 0.507355 0.387097
vt 0.622050 0.387097
vt 0.735501 0.387097
vt 0.926398 0.387097
vt 0.923672 0.387097
vt 0.921438 0.387097
vt 0.919436 0.387097
vt 0.917409 0.387097
vt 0.811066 0.387097
vt 0.698894 0.387097
vt 0.587525 0.387097
vt 0.476930 0.387097
vt 0.255610 0.387097
vt 0.145254 0.387097
vt 0.089441 0.387097
vt 0.184874 0.387097
vt 0.299049 0.387097
vt 0.526436 0.387097
vt 0.636726 0.387097
vt 0.747334 0.387097
vt 0.859214 0.387097
vt 0.924724 0.387097
vt 0.714424 0.387097
vt 0.603887 0.387097
vt 0.490481 0.387097
vt 0.378898 0.387097
vt 0.266789 0.387097
vt 0.060837 0.387097
vt 0.059853 0.387097
vt 0.058453 0.387097
vt 0.057094 0.387097
vt 0.054244 0.387097
vt 0.158868 0.387097
vt 0.270413 0.387097
vt 0.387108 0.387097
vt 0.498979 0.387097
vt 0.727144 0.387097
vt 0.839066 0.387097
vt 0.931280 0.387097
vt 0.839214 0.387097
vt 0.727510 0.387097
vt 0.503683 0.387097
vt 0.391034 0.387097
vt 0.279468 0.387097
vt 0.166448 0.387097
vt 0.066639 0.387097
vt 0.277949 0.387097
vt 0.394101 0.387097
vt 0.510427 0.387097
vt 0.620763 0.387097
vt 0.847980 0.387097
vt 0.932346 0.419355
vt 0.930131 0.419355
vt 0.928313 0.419355
vt 0.926692 0.419355
vt 0.925070 0.419355
vt 0.817798 0.419355
vt 0.705129 0.419355
vt 0.591405 0.419355
vt 0.475614 0.419355
vt 0.362612 0.419355
vt 0.134608 0.419355
vt 0.064798 0.419355
vt 0.166296 0.419355
vt 0.279188 0.419355
vt 0.395911 0.419355
vt 0.623061 0.419355
vt 0.737749 0.419355
vt 0.850192 0.419355
vt 0.923141 0.419355
vt 0.714455 0.419355
vt 0.601486 0.419355
vt 0.488654 0.419355
vt 0.375834 0.419355
vt 0.263492 0.419355
vt 0.086260 0.419355
vt 0.088046 0.419355
vt 0.089679 0.419355
vt 0.091460 0.419355
vt 0.093472 0.419355
vt 0.198454 0.419355
vt 0.315249 0.419355
vt 0.428151 0.419355
vt 0.540338 0.419355
vt 0.652746 0.419355
vt 0.876861 0.419355
vt 0.909020 0.419355
vt 0.806015 0.419355
vt 0.693687 0.419355
vt 0.465474 0.419355
vt 0.353972 0.419355
vt 0.238563 0.419355
vt 0.129638 0.419355
vt 0.068227 0.419355
vt 0.281812 0.419355
vt 0.396950 0.419355
vt 0.507360 0.419355
vt 0.622124 0.419355
vt 0.735645 0.419355
vt 0.926659 0.419355
vt 0.923932 0.419355
vt 0.921696 0.419355
vt 0.919693 0.419355
vt 0.917665 0.419355
vt 0.811256 0.419355
vt 0.699016 0.419355
vt 0.587579 0.419355
vt 0.476916 0.419355
vt 0.255461 0.419355
vt 0.145036 0.419355
vt 0.089190 0.419355
vt 0.184681 0.419355
vt 0.298926 0.419355
vt 0.526452 0.419355
vt 0.636810 0.419355
vt 0.747485 0.419355
vt 0.859434 0.419355
vt 0.924984 0.419355
vt 0.714556 0.419355
vt 0.603951 0.419355
vt 0.490475 0.419355
vt 0.378824 0.419355
vt 0.266647 0.419355
vt 0.060568 0.419355
vt 0.059584 0.419355
vt 0.058183 0.419355
vt 0.056823 0.419355
vt 0.053971 0.419355
vt 0.158660 0.419355
vt 0.270272 0.419355
vt 0.387039 0.419355
vt 0.498978 0.419355
vt 0.727283 0.419355
vt 0.839273 0.419355
vt 0.931544 0.419355
vt 0.839422 0.419355
vt 0.727649 0.419355
vt 0.503685 0.419355
vt 0.390967 0.419355
vt 0.279333 0.419355
vt 0.166243 0.419355
vt 0.066373 0.419355
vt 0.277813 0.419355
vt 0.394036 0.419355
vt 0.510433 0.419355
vt 0.620837 0.419355
vt 0.848194 0.419355
vt 0.932611 0.451613
vt 0.930394 0.451613
vt 0.928575 0.451613
vt 0.926953 0.451613
vt 0.925330 0.451613
vt 0.817993 0.451613
vt 0.705254 0.451613
vt 0.591461 0.451613
vt 0.475599 0.451613
vt 0.362528 0.451613
vt 0.134384 0.451613
vt 0.064531 0.451613
vt 0.166092 0.451613
vt 0.279053 0.451613
vt 0.395847 0.451613
vt 0.623136 0.451613
vt 0.737894 0.451613
vt 0.850407 0.451613
vt 0.923400 0.451613
vt 0.714586 0.451613
vt 0.601548 0.451613
vt 0.488647 0.451613
vt 0.375758 0.451613
vt 0.263347 0.451613
vt 0.086007 0.451613
vt 0.087793 0.451613
vt 0.089428 0.451613
vt 0.091210 0.451613
vt 0.093223 0.451613
vt 0.198270 0.451613
vt 0.315136 0.451613
vt 0.428107 0.451613
vt 0.540363 0.451613
vt 0.652839 0.451613
vt 0.877092 0.451613
vt 0.909270 0.451613
vt 0.806202 0.451613
vt 0.693806 0.451613
vt 0.465453 0.451613
vt 0.353883 0.451613
vt 0.238403 0.451613
vt 0.129411 0.451613
vt 0.067962 0.451613
vt 0.281679 0.451613
vt 0.396887 0.451613
vt 0.507364 0.451613
vt 0.622199 0.451613
vt 0.735789 0.451613
vt 0.926920 0.451613
vt 0.924191 0.451613
vt 0.921954 0.451613
vt 0.919950 0.451613
vt 0.917920 0.451613
vt 0.811447 0.451613
vt 0.699137 0.451613
vt 0.587632 0.451613
vt 0.476901 0.451613
vt 0.255311 0.451613
vt 0.144819 0.451613
vt 0.088938 0.451613
vt 0.184488 0.451613
vt 0.298803 0.451613
vt 0.526469 0.451613
vt 0.636893 0.451613
vt 0.747637 0.451613
vt 0.859654 0.451613
vt 0.925244 0.451613
vt 0.714687 0.451613
vt 0.604014 0.451613
vt 0.490469 0.451613
vt 0.378750 0.451613
vt 0.266504 0.451613
vt 0.060300 0.451613
vt 0.059314 0.451613
vt 0.057912 0.451613
vt 0.056552 0.451613
vt 0.053698 0.451613
vt 0.158451 0.451613
vt 0.270131 0.451613
vt 0.386970 0.451613
vt 0.498977 0.451613
vt 0.727422 0.451613
vt 0.839481 0.451613
vt 0.931808 0.451613
vt 0.839630 0.451613
vt 0.727789 0.451613
vt 0.503688 0.451613
vt 0.390900 0.451613
vt 0.279198 0.451613
vt 0.166039 0.451613
vt 0.066108 0.451613
vt 0.277677 0.451613
vt 0.393971 0.451613
vt 0.510439 0.451613
vt 0.620911 0.451613
vt 0.848407 0.451613
vt 0.932875 0.483871
vt 0.930657 0.483871
vt 0.928837 0.483871
vt 0.927214 0.483871
vt 0.925590 0.483871
vt 0.818187 0.483871
vt 0.705380 0.483871
vt 0.591517 0.483871
vt 0.475584 0.483871
vt 0.362444 0.483871
vt 0.134161 0.483871
vt 0.064265 0.483871
vt 0.165887 0.483871
vt 0.278918 0.483871
vt 0.395783 0.483871
vt 0.623212 0.483871
vt 0.738040 0.483871
vt 0.850621 0.483871
vt 0.923658 0.483871
vt 0.714718 0.483871
vt 0.601610 0.483871
vt 0.488640 0.483871
vt 0.375682 0.483871
vt 0.263203 0.483871
vt 0.085754 0.483871
vt 0.087541 0.483871
vt 0.089177 0.483871
vt 0.090960 0.483871
vt 0.092974 0.483871
vt 0.198085 0.483871
vt 0.315023 0.483871
vt 0.428063 0.483871
vt 0.540387 0.483871
vt 0.652933 0.483871
vt 0.877323 0.483871
vt 0.909521 0.483871
vt 0.806389 0.483871
vt 0.693924 0.483871
vt 0.465432 0.483871
vt 0.353794 0.483871
vt 0.238243 0.483871
vt 0.129185 0.483871
vt 0.067698 0.483871
vt 0.281545 0.483871
vt 0.396824 0.483871
vt 0.507369 0.483871
vt 0.622274 0.483871
vt 0.735934 0.483871
vt 0.927181 0.483871
vt 0.924451 0.483871
vt 0.922212 0.483871
vt 0.920206 0.483871
vt 0.918176 0.483871
vt 0.811637 0.483871
vt 0.699259 0.483871
vt 0.587686 0.483871
vt 0.476887 0.483871
vt 0.255161 0.483871
vt 0.144602 0.483871
vt 0.088687 0.483871
vt 0.184295 0.483871
vt 0.298680 0.483871
vt 0.526485 0.483871
vt 0.636977 0.483871
vt 0.747788 0.483871
vt 0.859874 0.483871
vt 0.925504 0.483871
vt 0.714818 0.483871
vt 0.604078 0.483871
vt 0.490463 0.483871
vt 0.378676 0.483871
vt 0.266361 0.483871
vt 0.060031 0.483871
vt 0.059045 0.483871
vt 0.057642 0.483871
vt 0.056280 0.483871
vt 0.053425 0.483871
vt 0.158242 0.483871
vt 0.269991 0.483871
vt 0.386901 0.483871
vt 0.498977 0.483871
vt 0.727561 0.483871
vt 0.839689 0.483871
vt 0.932072 0.483871
vt 0.839837 0.483871
vt 0.727928 0.483871
vt 0.503690 0.483871
vt 0.390833 0.483871
vt 0.279063 0.483871
vt 0.165835 0.483871
vt 0.065842 0.483871
vt 0.277541 0.483871
vt 0.393906 0.483871
vt 0.510446 0.483871
vt 0.620985 0.483871
vt 0.848620 0.483871
vt 0.932875 0.516129
vt 0.930657 0.516129
vt 0.928837 0.516129
vt 0.927214 0.516129
vt 0.925590 0.516129
vt 0.818187 0.516129
vt 0.705380 0.516129
vt 0.591517 0.516129
vt 0.475584 0.516129
vt 0.362444 0.516129
vt 0.134161 0.516129
vt 0.064265 0.516129
vt 0.165887 0.516129
vt 0.278918 0.516129
vt 0.395783 0.516129
vt 0.623212 0.516129
vt 0.738040 0.516129
vt 0.850621 0.516129
vt 0.923658 0.516129
vt 0.714718 0.516129
vt 0.601610 0.516129
vt 0.488640 0.516129
vt 0.375682 0.516129
vt 0.263203 0.516129
vt 0.085754 0.516129
vt 0.087541 0.516129
vt 0.089177 0.516129
vt 0.090960 0.516129
vt 0.092974 0.516129
vt 0.198085 0.516129
vt 0.315023 0.516129
vt 0.428063 0.516129
vt 0.540387 0.516129
vt 0.652933 0.516129
vt 0.877323 0.516129
vt 0.909521 0.516129
vt 0.806389 0.516129
vt 0.693924 0.516129
vt 0.465432 0.516129
vt 0.353794 0.516129
vt 0.238243 0.516129
vt 0.129185 0.516129
vt 0.067698 0.516129
vt 0.281545 0.516129
vt 0.396824 0.516129
vt 0.507369 0.516129
vt 0.622274 0.516129
vt 0.735934 0.516129
vt 0.927181 0.516129
vt 0.924451 0.516129
vt 0.922212 0.516129
vt 0.920206 0.516129
vt 0.918176 0.516129
vt 0.811637 0.516129
vt 0.699259 0.516129
vt 0.587686 0.516129
vt 0.476887 0.516129
vt 0.255161 0.516129
vt 0.144602 0.516129
vt 0.088687 0.516129
vt 0.184295 0.516129
vt 0.298680 0.516129
vt 0.526485 0.516129
vt 0.636977 0.516129
vt 0.747788 0.516129
vt 0.859874 0.516129
vt 0.925504 0.516129
vt 0.714818 0.516129
vt 0.604078 0.516129
vt 0.490463 0.516129
vt 0.378676 0.516129
vt 0.266361 0.516129
vt 0.060031 0.516129
vt 0.059045 0.516129
vt 0.057642 0.516129
vt 0.056280 0.516129
vt 0.053425 0.516129
vt 0.158242 0.516129
vt 0.269991 0.516129
vt 0.386901 0.516129
vt 0.498977 0.516129
vt 0.727561 0.516129
vt 0.839689 0.516129
vt 0.932072 0.516129
vt 0.839837 0.516129
vt 0.727928 0.516129
vt 0.503690 0.516129
vt 0.390833 0.516129
vt 0.279063 0.516129
vt 0.165835 0.516129
vt 0.065842 0.516129
vt 0.277541 0.516129
vt 0.393906 0.516129
vt 0.510446 0.516129
vt 0.620985 0.516129
vt 0.848620 0.516129
vt 0.933140 0.548387
vt 0.930921 0.548387
vt 0.929099 0.548387
vt 0.927475 0.548387
vt 0.925850 0.548387
vt 0.818382 0.548387
vt 0.705505 0.548387
vt 0.591573 0.548387
vt 0.475570 0.548387
vt 0.362360 0.548387
vt 0.133937 0.548387
vt 0.063999 0.548387
vt 0.165683 0.548387
vt 0.278783 0.548387
vt 0.395720 0.548387
vt 0.623287 0.548387
vt 0.738185 0.548387
vt 0.850835 0.548387
vt 0.923917 0.548387
vt 0.714849 0.548387
vt 0.601673 0.548387
vt 0.488633 0.548387
vt 0.375606 0.548387
vt 0.263058 0.548387
vt 0.085501 0.548387
vt 0.087289 0.548387
vt 0.088926 0.548387
vt 0.090710 0.548387
vt 0.092726 0.548387
vt 0.197901 0.548387
vt 0.314909 0.548387
vt 0.428019 0.548387
vt 0.540412 0.548387
vt 0.653026 0.548387
vt 0.877553 0.548387
vt 0.909771 0.548387
vt 0.806577 0.548387
vt 0.694043 0.548387
vt 0.465411 0.548387
vt 0.353704 0.548387
vt 0.238083 0.548387
vt 0.128958 0.548387
vt 0.067434 0.548387
vt 0.281412 0.548387
vt 0.396761 0.548387
vt 0.507373 0.548387
vt 0.622348 0.548387
vt 0.736078 0.548387
vt 0.927442 0.548387
vt 0.924710 0.548387
vt 0.922470 0.548387
vt 0.920463 0.548387
vt 0.918432 0.548387
vt 0.811828 0.548387
vt 0.699381 0.548387
vt 0.587740 0.548387
vt 0.476873 0.548387
vt 0.255012 0.548387
vt 0.144385 0.548387
vt 0.088435 0.548387
vt 0.184102 0.548387
vt 0.298557 0.548387
vt 0.526501 0.548387
vt 0.637061 0.548387
vt 0.747940 0.548387
vt 0.860094 0.548387
vt 0.925764 0.548387
vt 0.714950 0.548387
vt 0.604141 0.548387
vt 0.490458 0.548387
vt 0.378601 0.548387
vt 0.266218 0.548387
vt 0.059762 0.548387
vt 0.058775 0.548387
vt 0.057372 0.548387
vt 0.056009 0.548387
vt 0.053152 0.548387
vt 0.158033 0.548387
vt 0.269850 0.548387
vt 0.386832 0.548387
vt 0.498976 0.548387
vt 0.727700 0.548387
vt 0.839896 0.548387
vt 0.932336 0.548387
vt 0.840045 0.548387
vt 0.728067 0.548387
vt 0.503692 0.548387
vt 0.390767 0.548387
vt 0.278928 0.548387
vt 0.165631 0.548387
vt 0.065577 0.548387
vt 0.277405 0.548387
vt 0.393842 0.548387
vt 0.510452 0.548387
vt 0.621059 0.548387
vt 0.848833 0.548387
vt 0.933405 0.580645
vt 0.931184 0.580645
vt 0.929361 0.580645
vt 0.927737 0.580645
vt 0.926111 0.580645
vt 0.818576 0.580645
vt 0.705631 0.580645
vt 0.591629 0.580645
vt 0.475555 0.580645
vt 0.362275 0.580645
vt 0.133714 0.580645
vt 0.063732 0.580645
vt 0.165479 0.580645
vt 0.278648 0.580645
vt 0.395656 0.580645
vt 0.623362 0.580645
vt 0.738331 0.580645
vt 0.851050 0.580645
vt 0.924176 0.580645
vt 0.714980 0.580645
vt 0.601735 0.580645
vt 0.488626 0.580645
vt 0.375530 0.580645
vt 0.262913 0.580645
vt 0.085248 0.580645
vt 0.087037 0.580645
vt 0.088675 0.580645
vt 0.090460 0.580645
vt 0.092477 0.580645
vt 0.197716 0.580645
vt 0.314796 0.580645
vt 0.427975 0.580645
vt 0.540437 0.580645
vt 0.653119 0.580645
vt 0.877784 0.580645
vt 0.910021 0.580645
vt 0.806764 0.580645
vt 0.694162 0.580645
vt 0.465390 0.580645
vt 0.353615 0.580645
vt 0.237923 0.580645
vt 0.128731 0.580645
vt 0.067170 0.580645
vt 0.281278 0.580645
vt 0.396697 0.580645
vt 0.507378 0.580645
vt 0.622423 0.580645
vt 0.736222 0.580645
vt 0.927704 0.580645
vt 0.924970 0.580645
vt 0.922728 0.580645
vt 0.920720 0.580645
vt 0.918687 0.580645
vt 0.812018 0.580645
vt 0.699503 0.580645
vt 0.587793 0.580645
vt 0.476859 0.580645
vt 0.254862 0.580645
vt 0.144167 0.580645
vt 0.088184 0.580645
vt 0.183909 0.580645
vt 0.298434 0.580645
vt 0.526517 0.580645
vt 0.637145 0.580645
vt 0.748091 0.580645
vt 0.860314 0.580645
vt 0.926024 0.580645
vt 0.715081 0.580645
vt 0.604205 0.580645
vt 0.490452 0.580645
vt 0.378527 0.580645
vt 0.266075 0.580645
vt 0.059493 0.580645
vt 0.058506 0.580645
vt 0.057101 0.580645
vt 0.055738 0.580645
vt 0.052879 0.580645
vt 0.157824 0.580645
vt 0.269710 0.580645
vt 0.386763 0.580645
vt 0.498975 0.580645
vt 0.727839 0.580645
vt 0.840104 0.580645
vt 0.932600 0.580645
vt 0.840253 0.580645
vt 0.728207 0.580645
vt 0.503694 0.580645
vt 0.390700 0.580645
vt 0.278793 0.580645
vt 0.165426 0.580645
vt 0.065312 0.580645
vt 0.277269 0.580645
vt 0.393777 0.580645
vt 0.510459 0.580645
vt 0.621133 0.580645
vt 0.849046 0.580645
vt 0.933405 0.612903
vt 0.931184 0.612903
vt 0.929361 0.612903
vt 0.927737 0.612903
vt 0.926111 0.612903
vt 0.818576 0.612903
vt 0.705631 0.612903
vt 0.591629 0.612903
vt 0.475555 0.612903
vt 0.362275 0.612903
vt 0.133714 0.612903
vt 0.063732 0.612903
vt 0.165479 0.612903
vt 0.278648 0.612903
vt 0.395656 0.612903
vt 0.623362 0.612903
vt 0.738331 0.612903
vt 0.851050 0.612903
vt 0.924176 0.612903
vt 0.714980 0.612903
vt 0.601735 0.612903
vt 0.488626 0.612903
vt 0.375530 0.612903
vt 0.262913 0.612903
vt 0.085248 0.612903
vt 0.087037 0.612903
vt 0.088675 0.612903
vt 0.090460 0.612903
vt 0.092477 0.612903
vt 0.197716 0.612903
vt 0.314796 0.612903
vt 0.427975 0.612903
vt 0.540437 0.612903
vt 0.653119 0.612903
vt 0.877784 0.612903
vt 0.910021 0.612903
vt 0.806764 0.612903
vt 0.694162 0.612903
vt 0.465390 0.612903
vt 0.353615 0.612903
vt 0.237923 0.612903
vt 0.128731 0.612903
vt 0.067170 0.612903
vt 0.281278 0.612903
vt 0.396697 0.612903
vt 0.507378 0.612903
vt 0.622423 0.612903
vt 0.736222 0.612903
vt 0.927704 0.612903
vt 0.924970 0.612903
vt 0.922728 0.612903
vt 0.920720 0.612903
vt 0.918687 0.612903
vt 0.812018 0.612903
vt 0.699503 0.612903
vt 0.587793 0.612903
vt 0.476859 0.612903
vt 0.254862 0.612903
vt 0.144167 0.612903
vt 0.088184 0.612903
vt 0.183909 0.612903
vt 0.298434 0.612903
vt 0.526517 0.612903
vt 0.637145 0.612903
vt 0.748091 0.612903
vt 0.860314 0.612903
vt 0.926024 0.612903
vt 0.715081 0.612903
vt 0.604205 0.612903
vt 0.490452 0.612903
vt 0.378527 0.612903
vt 0.266075 0.612903
vt 0.059493 0.612903
vt 0.058506 0.612903
vt 0.057101 0.612903
vt 0.055738 0.612903
vt 0.052879 0.612903
vt 0.157824 0.612903
vt 0.269710 0.612903
vt 0.386763 0.612903
vt 0.498975 0.612903
vt 0.727839 0.612903
vt 0.840104 0.612903
vt 0.932600 0.612903
vt 0.840253 0.612903
vt 0.728207 0.612903
vt 0.503694 0.612903
vt 0.390700 0.612903
vt 0.278793 0.612903
vt 0.165426 0.612903
vt 0.065312 0.612903
vt 0.277269 0.612903
vt 0.393777 0.612903
vt 0.510459 0.612903
vt 0.621133 0.612903
vt 0.849046 0.612903
vt 0.933669 0.645161
vt 0.931447 0.645161
vt 0.929623 0.645161
vt 0.927998 0.645161
vt 0.926371 0.645161
vt 0.818771 0.645161
vt 0.705757 0.645161
vt 0.591685 0.645161
vt 0.475540 0.645161
vt 0.362191 0.645161
vt 0.133490 0.645161
vt 0.063466 0.645161
vt 0.165275 0.645161
vt 0.278512 0.645161
vt 0.395592 0.645161
vt 0.623437 0.645161
vt 0.738476 0.645161
vt 0.851264 0.645161
vt 0.924435 0.645161
vt 0.715111 0.645161
vt 0.601797 0.645161
vt 0.488619 0.645161
vt 0.375454 0.645161
vt 0.262768 0.645161
vt 0.084994 0.645161
vt 0.086785 0.645161
vt 0.088424 0.645161
vt 0.090210 0.645161
vt 0.092228 0.645161
vt 0.197532 0.645161
vt 0.314683 0.645161
vt 0.427931 0.645161
vt 0.540461 0.645161
vt 0.653213 0.645161
vt 0.878015 0.645161
vt 0.910272 0.645161
vt 0.806951 0.645161
vt 0.694280 0.645161
vt 0.465369 0.645161
vt 0.353525 0.645161
vt 0.237763 0.645161
vt 0.128505 0.645161
vt 0.066905 0.645161
vt 0.281145 0.645161
vt 0.396634 0.645161
vt 0.507382 0.645161
vt 0.622498 0.645161
vt 0.736366 0.645161
vt 0.927965 0.645161
vt 0.925229 0.645161
vt 0.922986 0.645161
vt 0.920977 0.645161
vt 0.918943 0.645161
vt 0.812209 0.645161
vt 0.699625 0.645161
vt 0.587847 0.645161
vt 0.476845 0.645161
vt 0.254712 0.645161
vt 0.143950 0.645161
vt 0.087932 0.645161
vt 0.183716 0.645161
vt 0.298311 0.645161
vt 0.526533 0.645161
vt 0.637228 0.645161
vt 0.748243 0.645161
vt 0.860534 0.645161
vt 0.926284 0.645161
vt 0.715212 0.645161
vt 0.604269 0.645161
vt 0.490446 0.645161
vt 0.378453 0.645161
vt 0.265933 0.645161
vt 0.059224 0.645161
vt 0.058236 0.645161
vt 0.056831 0.645161
vt 0.055467 0.645161
vt 0.052606 0.645161
vt 0.157615 0.645161
vt 0.269569 0.645161
vt 0.386694 0.645161
vt 0.498975 0.645161
vt 0.727978 0.645161
vt 0.840312 0.645161
vt 0.932864 0.645161
vt 0.840461 0.645161
vt 0.728346 0.645161
vt 0.503697 0.645161
vt 0.390633 0.645161
vt 0.278658 0.645161
vt 0.165222 0.645161
vt 0.065046 0.645161
vt 0.277133 0.645161
vt 0.393712 0.645161
vt 0.510465 0.645161
vt 0.621207 0.645161
vt 0.849259 0.645161
vt 0.934463 0.677419
vt 0.932237 0.677419
vt 0.930409 0.677419
vt 0.928781 0.677419
vt 0.927151 0.677419
vt 0.819354 0.677419
vt 0.706133 0.677419
vt 0.591852 0.677419
vt 0.475495 0.677419
vt 0.361939 0.677419
vt 0.132819 0.677419
vt 0.062667 0.677419
vt 0.164662 0.677419
vt 0.278107 0.677419
vt 0.395401 0.677419
vt 0.623663 0.677419
vt 0.738913 0.677419
vt 0.851907 0.677419
vt 0.925212 0.677419
vt 0.715505 0.677419
vt 0.601983 0.677419
vt 0.488599 0.677419
vt 0.375226 0.677419
vt 0.262334 0.677419
vt 0.084235 0.677419
vt 0.086029 0.677419
vt 0.087671 0.677419
vt 0.089460 0.677419
vt 0.091482 0.677419
vt 0.196978 0.677419
vt 0.314344 0.677419
vt 0.427799 0.677419
vt 0.540536 0.677419
vt 0.653493 0.677419
vt 0.878707 0.677419
vt 0.911023 0.677419
vt 0.807513 0.677419
vt 0.694636 0.677419
vt 0.465305 0.677419
vt 0.353257 0.677419
vt 0.237283 0.677419
vt 0.127825 0.677419
vt 0.066113 0.677419
vt 0.280744 0.677419
vt 0.396445 0.677419
vt 0.507396 0.677419
vt 0.622722 0.677419
vt 0.736799 0.677419
vt 0.928748 0.677419
vt 0.926008 0.677419
vt 0.923760 0.677419
vt 0.921748 0.677419
vt 0.919710 0.677419
vt 0.812780 0.677419
vt 0.699990 0.677419
vt 0.588008 0.677419
vt 0.476803 0.677419
vt 0.254263 0.677419
vt 0.143299 0.677419
vt 0.087178 0.677419
vt 0.183137 0.677419
vt 0.297941 0.677419
vt 0.526582 0.677419
vt 0.637479 0.677419
vt 0.748697 0.677419
vt 0.861194 0.677419
vt 0.927065 0.677419
vt 0.715606 0.677419
vt 0.604460 0.677419
vt 0.490429 0.677419
vt 0.378231 0.677419
vt 0.265504 0.677419
vt 0.058417 0.677419
vt 0.057427 0.677419
vt 0.056020 0.677419
vt 0.054653 0.677419
vt 0.051787 0.677419
vt 0.156988 0.677419
vt 0.269147 0.677419
vt 0.386486 0.677419
vt 0.498973 0.677419
vt 0.728396 0.677419
vt 0.840934 0.677419
vt 0.933657 0.677419
vt 0.841084 0.677419
vt 0.728764 0.677419
vt 0.503703 0.677419
vt 0.390433 0.677419
vt 0.278253 0.677419
vt 0.164609 0.677419
vt 0.064250 0.677419
vt 0.276725 0.677419
vt 0.393517 0.677419
vt 0.510484 0.677419
vt 0.621429 0.677419
vt 0.849898 0.677419
vt 0.937638 0.709677
vt 0.935396 0.709677
vt 0.933555 0.709677
vt 0.931915 0.709677
vt 0.930273 0.709677
vt 0.821688 0.709677
vt 0.707640 0.709677
vt 0.592524 0.709677
vt 0.475316 0.709677
vt 0.360930 0.709677
vt 0.130136 0.709677
vt 0.059471 0.709677
vt 0.162211 0.709677
vt 0.276485 0.709677
vt 0.394637 0.709677
vt 0.624567 0.709677
vt 0.740659 0.709677
vt 0.854479 0.709677
vt 0.928320 0.709677
vt 0.717080 0.709677
vt 0.602728 0.709677
vt 0.488515 0.709677
vt 0.374314 0.709677
vt 0.260597 0.709677
vt 0.081196 0.709677
vt 0.083003 0.709677
vt 0.084657 0.709677
vt 0.086460 0.709677
vt 0.088496 0.709677
vt 0.194763 0.709677
vt 0.312987 0.709677
vt 0.427272 0.709677
vt 0.540832 0.709677
vt 0.654615 0.709677
vt 0.881474 0.709677
vt 0.914026 0.709677
vt 0.809760 0.709677
vt 0.696058 0.709677
vt 0.465052 0.709677
vt 0.352185 0.709677
vt 0.235363 0.709677
vt 0.125105 0.709677
vt 0.062942 0.709677
vt 0.279142 0.709677
vt 0.395688 0.709677
vt 0.507450 0.709677
vt 0.623619 0.709677
vt 0.738530 0.709677
vt 0.931881 0.709677
vt 0.929121 0.709677
vt 0.926857 0.709677
vt 0.924830 0.709677
vt 0.922777 0.709677
vt 0.815066 0.709677
vt 0.701452 0.709677
vt 0.588651 0.709677
vt 0.476633 0.709677
vt 0.252467 0.709677
vt 0.140692 0.709677
vt 0.084161 0.709677
vt 0.180822 0.709677
vt 0.296465 0.709677
vt 0.526776 0.709677
vt 0.638484 0.709677
vt 0.750515 0.709677
vt 0.863833 0.709677
vt 0.930186 0.709677
vt 0.717182 0.709677
vt 0.605223 0.709677
vt 0.490359 0.709677
vt 0.377341 0.709677
vt 0.263790 0.709677
vt 0.055190 0.709677
vt 0.054193 0.709677
vt 0.052775 0.709677
vt 0.051398 0.709677
vt 0.048512 0.709677
vt 0.154482 0.709677
vt 0.267460 0.709677
vt 0.385657 0.709677
vt 0.498965 0.709677
vt 0.730065 0.709677
vt 0.843426 0.709677
vt 0.936826 0.709677
vt 0.843576 0.709677
vt 0.730436 0.709677
vt 0.503730 0.709677
vt 0.389632 0.709677
vt 0.276632 0.709677
vt 0.162158 0.709677
vt 0.061066 0.709677
vt 0.275093 0.709677
vt 0.392739 0.709677
vt 0.510561 0.709677
vt 0.622316 0.709677
vt 0.852455 0.709677
vt 0.940583 0.741935
vt 0.938325 0.741935
vt 0.936472 0.741935
vt 0.934821 0.741935
vt 0.933168 0.741935
vt 0.823852 0.741935
vt 0.709037 0.741935
vt 0.593146 0.741935
vt 0.475150 0.741935
vt 0.359994 0.741935
vt 0.127647 0.741935
vt 0.056507 0.741935
vt 0.159939 0.741935
vt 0.274981 0.741935
vt 0.393928 0.741935
vt 0.625405 0.741935
vt 0.742278 0.741935
vt 0.856864 0.741935
vt 0.931202 0.741935
vt 0.718541 0.741935
vt 0.603420 0.741935
vt 0.488438 0.741935
vt 0.373469 0.741935
vt 0.258987 0.741935
vt 0.078378 0.741935
vt 0.080197 0.741935
vt 0.081862 0.741935
vt 0.083677 0.741935
vt 0.085727 0.741935
vt 0.192710 0.741935
vt 0.311729 0.741935
vt 0.426782 0.741935
vt 0.541106 0.741935
vt 0.655656 0.741935
vt 0.884041 0.741935
vt 0.916812 0.741935
vt 0.811845 0.741935
vt 0.697377 0.741935
vt 0.464817 0.741935
vt 0.351190 0.741935
vt 0.233583 0.741935
vt 0.122582 0.741935
vt 0.060001 0.741935
vt 0.277656 0.741935
vt 0.394987 0.741935
vt 0.507500 0.741935
vt 0.624451 0.741935
vt 0.740134 0.741935
vt 0.934787 0.741935
vt 0.932008 0.741935
vt 0.929729 0.741935
vt 0.927688 0.741935
vt 0.925622 0.741935
vt 0.817186 0.741935
vt 0.702807 0.741935
vt 0.589247 0.741935
vt 0.476476 0.741935
vt 0.250802 0.741935
vt 0.138274 0.741935
vt 0.081363 0.741935
vt 0.178674 0.741935
vt 0.295095 0.741935
vt 0.526956 0.741935
vt 0.639416 0.741935
vt 0.752200 0.741935
vt 0.866281 0.741935
vt 0.933080 0.741935
vt 0.718643 0.741935
vt 0.605931 0.741935
vt 0.490294 0.741935
vt 0.376515 0.741935
vt 0.262201 0.741935
vt 0.052197 0.741935
vt 0.051193 0.741935
vt 0.049766 0.741935
vt 0.048380 0.741935
vt 0.045474 0.741935
vt 0.152157 0.741935
vt 0.265896 0.741935
vt 0.384887 0.741935
vt 0.498958 0.741935
vt 0.731613 0.741935
vt 0.845737 0.741935
vt 0.939765 0.741935
vt 0.845888 0.741935
vt 0.731986 0.741935
vt 0.503756 0.741935
vt 0.388890 0.741935
vt 0.275129 0.741935
vt 0.159885 0.741935
vt 0.058112 0.741935
vt 0.273580 0.741935
vt 0.392017 0.741935
vt 0.510632 0.741935
vt 0.623139 0.741935
vt 0.854827 0.741935
vt 0.943724 0.774194
vt 0.941450 0.774194
vt 0.939584 0.774194
vt 0.937921 0.774194
vt 0.936256 0.774194
vt 0.826161 0.774194
vt 0.710527 0.774194
vt 0.593810 0.774194
vt 0.474973 0.774194
vt 0.358996 0.774194
vt 0.124992 0.774194
vt 0.053345 0.774194
vt 0.157514 0.774194
vt 0.273377 0.774194
vt 0.393172 0.774194
vt 0.626299 0.774194
vt 0.744005 0.774194
vt 0.859408 0.774194
vt 0.934276 0.774194
vt 0.720099 0.774194
vt 0.604157 0.774194
vt 0.488356 0.774194
vt 0.372567 0.774194
vt 0.257268 0.774194
vt 0.075373 0.774194
vt 0.077205 0.774194
vt 0.078882 0.774194
vt 0.080709 0.774194
vt 0.082774 0.774194
vt 0.190519 0.774194
vt 0.310387 0.774194
vt 0.426260 0.774194
vt 0.541400 0.774194
vt 0.656765 0.774194
vt 0.886779 0.774194
vt 0.919784 0.774194
vt 0.814068 0.774194
vt 0.698784 0.774194
vt 0.464566 0.774194
vt 0.350129 0.774194
vt 0.231683 0.774194
vt 0.119892 0.774194
vt 0.056864 0.774194
vt 0.276070 0.774194
vt 0.394238 0.774194
vt 0.507554 0.774194
vt 0.625338 0.774194
vt 0.741846 0.774194
vt 0.937887 0.774194
vt 0.935088 0.774194
vt 0.932793 0.774194
vt 0.930737 0.774194
vt 0.928656 0.774194
vt 0.819447 0.774194
vt 0.704253 0.774194
vt 0.589884 0.774194
vt 0.476308 0.774194
vt 0.249025 0.774194
vt 0.135695 0.774194
vt 0.078379 0.774194
vt 0.176383 0.774194
vt 0.293634 0.774194
vt 0.527148 0.774194
vt 0.640410 0.774194
vt 0.753998 0.774194
vt 0.868893 0.774194
vt 0.936168 0.774194
vt 0.720202 0.774194
vt 0.606686 0.774194
vt 0.490224 0.774194
vt 0.375635 0.774194
vt 0.260506 0.774194
vt 0.049004 0.774194
vt 0.047994 0.774194
vt 0.046556 0.774194
vt 0.045160 0.774194
vt 0.042233 0.774194
vt 0.149677 0.774194
vt 0.264227 0.774194
vt 0.384067 0.774194
vt 0.498951 0.774194
vt 0.733264 0.774194
vt 0.848202 0.774194
vt 0.942900 0.774194
vt 0.848354 0.774194
vt 0.733640 0.774194
vt 0.503782 0.774194
vt 0.388097 0.774194
vt 0.273526 0.774194
vt 0.157460 0.774194
vt 0.054962 0.774194
vt 0.271966 0.774194
vt 0.391248 0.774194
vt 0.510708 0.774194
vt 0.624017 0.774194
vt 0.857357 0.774194
vt 0.946899 0.806452
vt 0.944609 0.806452
vt 0.942729 0.806452
vt 0.941054 0.806452
vt 0.939378 0.806452
vt 0.828495 0.806452
vt 0.712033 0.806452
vt 0.594481 0.806452
vt 0.474794 0.806452
vt 0.357987 0.806452
vt 0.122309 0.806452
vt 0.050149 0.806452
vt 0.155064 0.806452
vt 0.271756 0.806452
vt 0.392407 0.806452
vt 0.627203 0.806452
vt 0.745751 0.806452
vt 0.861980 0.806452
vt 0.937383 0.806452
vt 0.721674 0.806452
vt 0.604902 0.806452
vt 0.488272 0.806452
vt 0.371655 0.806452
vt 0.255531 0.806452
vt 0.072334 0.806452
vt 0.074179 0.806452
vt 0.075868 0.806452
vt 0.077709 0.806452
vt 0.079788 0.806452
vt 0.188304 0.806452
vt 0.309030 0.806452
vt 0.425733 0.806452
vt 0.541696 0.806452
vt 0.657887 0.806452
vt 0.889546 0.806452
vt 0.922787 0.806452
vt 0.816315 0.806452
vt 0.700207 0.806452
vt 0.464312 0.806452
vt 0.349057 0.806452
vt 0.229763 0.806452
vt 0.117172 0.806452
vt 0.053693 0.806452
vt 0.274468 0.806452
vt 0.393481 0.806452
vt 0.507608 0.806452
vt 0.626235 0.806452
vt 0.743577 0.806452
vt 0.941020 0.806452
vt 0.938201 0.806452
vt 0.935890 0.806452
vt 0.933819 0.806452
vt 0.931723 0.806452
vt 0.821733 0.806452
vt 0.705714 0.806452
vt 0.590527 0.806452
vt 0.476139 0.806452
vt 0.247229 0.806452
vt 0.133088 0.806452
vt 0.075362 0.806452
vt 0.174067 0.806452
vt 0.292158 0.806452
vt 0.527343 0.806452
vt 0.641415 0.806452
vt 0.755816 0.806452
vt 0.871532 0.806452
vt 0.939289 0.806452
vt 0.721778 0.806452
vt 0.607450 0.806452
vt 0.490155 0.806452
vt 0.374745 0.806452
vt 0.258792 0.806452
vt 0.045777 0.806452
vt 0.044759 0.806452
vt 0.043311 0.806452
vt 0.041906 0.806452
vt 0.038958 0.806452
vt 0.147170 0.806452
vt 0.262539 0.806452
vt 0.383237 0.806452
vt 0.498943 0.806452
vt 0.734933 0.806452
vt 0.850693 0.806452
vt 0.946069 0.806452
vt 0.850847 0.806452
vt 0.735312 0.806452
vt 0.503809 0.806452
vt 0.387297 0.806452
vt 0.271906 0.806452
vt 0.155009 0.806452
vt 0.051777 0.806452
vt 0.270334 0.806452
vt 0.390469 0.806452
vt 0.510784 0.806452
vt 0.624904 0.806452
vt 0.859914 0.806452
vt 0.944099 0.838710
vt 0.941824 0.838710
vt 0.939956 0.838710
vt 0.938291 0.838710
vt 0.936625 0.838710
vt 0.826437 0.838710
vt 0.710705 0.838710
vt 0.593890 0.838710
vt 0.474951 0.838710
vt 0.358877 0.838710
vt 0.124675 0.838710
vt 0.052967 0.838710
vt 0.157224 0.838710
vt 0.273185 0.838710
vt 0.393081 0.838710
vt 0.626406 0.838710
vt 0.744212 0.838710
vt 0.859712 0.838710
vt 0.934643 0.838710
vt 0.720285 0.838710
vt 0.604245 0.838710
vt 0.488346 0.838710
vt 0.372459 0.838710
vt 0.257063 0.838710
vt 0.075013 0.838710
vt 0.076847 0.838710
vt 0.078525 0.838710
vt 0.080354 0.838710
vt 0.082421 0.838710
vt 0.190257 0.838710
vt 0.310226 0.838710
vt 0.426198 0.838710
vt 0.541435 0.838710
vt 0.656898 0.838710
vt 0.887106 0.838710
vt 0.920139 0.838710
vt 0.814334 0.838710
vt 0.698953 0.838710
vt 0.464536 0.838710
vt 0.350003 0.838710
vt 0.231456 0.838710
vt 0.119570 0.838710
vt 0.056489 0.838710
vt 0.275881 0.838710
vt 0.394148 0.838710
vt 0.507560 0.838710
vt 0.625444 0.838710
vt 0.742051 0.838710
vt 0.938258 0.838710
vt 0.935456 0.838710
vt 0.933159 0.838710
vt 0.931102 0.838710
vt 0.929019 0.838710
vt 0.819717 0.838710
vt 0.704426 0.838710
vt 0.589960 0.838710
vt 0.476288 0.838710
vt 0.248813 0.838710
vt 0.135387 0.838710
vt 0.078022 0.838710
vt 0.176109 0.838710
vt 0.293460 0.838710
vt 0.527171 0.838710
vt 0.640529 0.838710
vt 0.754213 0.838710
vt 0.869205 0.838710
vt 0.936537 0.838710
vt 0.720388 0.838710
vt 0.606776 0.838710
vt 0.490216 0.838710
vt 0.375530 0.838710
vt 0.260303 0.838710
vt 0.048623 0.838710
vt 0.047611 0.838710
vt 0.046172 0.838710
vt 0.044775 0.838710
vt 0.041846 0.838710
vt 0.149380 0.838710
vt 0.264027 0.838710
vt 0.383969 0.838710
vt 0.498950 0.838710
vt 0.733461 0.838710
vt 0.848496 0.838710
vt 0.943275 0.838710
vt 0.848649 0.838710
vt 0.733838 0.838710
vt 0.503786 0.838710
vt 0.388003 0.838710
vt 0.273335 0.838710
vt 0.157170 0.838710
vt 0.054585 0.838710
vt 0.271773 0.838710
vt 0.391156 0.838710
vt 0.510717 0.838710
vt 0.624122 0.838710
vt 0.857659 0.838710
vt 0.937604 0.870968
vt 0.935362 0.870968
vt 0.933521 0.870968
vt 0.931881 0.870968
vt 0.930239 0.870968
vt 0.821663 0.870968
vt 0.707623 0.870968
vt 0.592516 0.870968
vt 0.475318 0.870968
vt 0.360941 0.870968
vt 0.130165 0.870968
vt 0.059505 0.870968
vt 0.162238 0.870968
vt 0.276503 0.870968
vt 0.394645 0.870968
vt 0.624557 0.870968
vt 0.740640 0.870968
vt 0.854451 0.870968
vt 0.928286 0.870968
vt 0.717063 0.870968
vt 0.602720 0.870968
vt 0.488516 0.870968
vt 0.374324 0.870968
vt 0.260616 0.870968
vt 0.081229 0.870968
vt 0.083036 0.870968
vt 0.084690 0.870968
vt 0.086492 0.870968
vt 0.088528 0.870968
vt 0.194787 0.870968
vt 0.313002 0.870968
vt 0.427277 0.870968
vt 0.540829 0.870968
vt 0.654603 0.870968
vt 0.881444 0.870968
vt 0.913994 0.870968
vt 0.809736 0.870968
vt 0.696043 0.870968
vt 0.465055 0.870968
vt 0.352196 0.870968
vt 0.235384 0.870968
vt 0.125134 0.870968
vt 0.062976 0.870968
vt 0.279159 0.870968
vt 0.395697 0.870968
vt 0.507449 0.870968
vt 0.623609 0.870968
vt 0.738511 0.870968
vt 0.931848 0.870968
vt 0.929087 0.870968
vt 0.926824 0.870968
vt 0.924797 0.870968
vt 0.922744 0.870968
vt 0.815041 0.870968
vt 0.701436 0.870968
vt 0.588644 0.870968
vt 0.476635 0.870968
vt 0.252487 0.870968
vt 0.140720 0.870968
vt 0.084194 0.870968
vt 0.180846 0.870968
vt 0.296481 0.870968
vt 0.526774 0.870968
vt 0.638473 0.870968
vt 0.750495 0.870968
vt 0.863805 0.870968
vt 0.930152 0.870968
vt 0.717165 0.870968
vt 0.605215 0.870968
vt 0.490359 0.870968
vt 0.377350 0.870968
vt 0.263809 0.870968
vt 0.055225 0.870968
vt 0.054228 0.870968
vt 0.052810 0.870968
vt 0.051433 0.870968
vt 0.048547 0.870968
vt 0.154509 0.870968
vt 0.267478 0.870968
vt 0.385666 0.870968
vt 0.498965 0.870968
vt 0.730047 0.870968
vt 0.843399 0.870968
vt 0.936792 0.870968
vt 0.843550 0.870968
vt 0.730418 0.870968
vt 0.503730 0.870968
vt 0.389641 0.870968
vt 0.276650 0.870968
vt 0.162185 0.870968
vt 0.061100 0.870968
vt 0.275111 0.870968
vt 0.392748 0.870968
vt 0.510560 0.870968
vt 0.622307 0.870968
vt 0.852428 0.870968
vt 0.930759 0.903226
vt 0.928551 0.903226
vt 0.926740 0.903226
vt 0.925125 0.903226
vt 0.923509 0.903226
vt 0.816631 0.903226
vt 0.704376 0.903226
vt 0.591069 0.903226
vt 0.475704 0.903226
vt 0.363116 0.903226
vt 0.135950 0.903226
vt 0.066396 0.903226
vt 0.167521 0.903226
vt 0.279999 0.903226
vt 0.396293 0.903226
vt 0.622609 0.903226
vt 0.736876 0.903226
vt 0.848906 0.903226
vt 0.921587 0.903226
vt 0.713668 0.903226
vt 0.601114 0.903226
vt 0.488696 0.903226
vt 0.376290 0.903226
vt 0.264361 0.903226
vt 0.087780 0.903226
vt 0.089558 0.903226
vt 0.091186 0.903226
vt 0.092960 0.903226
vt 0.094965 0.903226
vt 0.199562 0.903226
vt 0.315927 0.903226
vt 0.428415 0.903226
vt 0.540190 0.903226
vt 0.652185 0.903226
vt 0.875478 0.903226
vt 0.907518 0.903226
vt 0.804891 0.903226
vt 0.692976 0.903226
vt 0.465601 0.903226
vt 0.354508 0.903226
vt 0.239523 0.903226
vt 0.130998 0.903226
vt 0.069812 0.903226
vt 0.282613 0.903226
vt 0.397328 0.903226
vt 0.507333 0.903226
vt 0.621676 0.903226
vt 0.734780 0.903226
vt 0.925092 0.903226
vt 0.922375 0.903226
vt 0.920147 0.903226
vt 0.918152 0.903226
vt 0.916131 0.903226
vt 0.810113 0.903226
vt 0.698285 0.903226
vt 0.587257 0.903226
vt 0.477000 0.903226
vt 0.256358 0.903226
vt 0.146340 0.903226
vt 0.090698 0.903226
vt 0.185839 0.903226
vt 0.299664 0.903226
vt 0.526355 0.903226
vt 0.636307 0.903226
vt 0.746577 0.903226
vt 0.858114 0.903226
vt 0.923424 0.903226
vt 0.713768 0.903226
vt 0.603569 0.903226
vt 0.490510 0.903226
vt 0.379269 0.903226
vt 0.267503 0.903226
vt 0.062182 0.903226
vt 0.061201 0.903226
vt 0.059805 0.903226
vt 0.058450 0.903226
vt 0.055609 0.903226
vt 0.159913 0.903226
vt 0.271116 0.903226
vt 0.387454 0.903226
vt 0.498982 0.903226
vt 0.726448 0.903226
vt 0.838028 0.903226
vt 0.929959 0.903226
vt 0.838176 0.903226
vt 0.726813 0.903226
vt 0.503672 0.903226
vt 0.391367 0.903226
vt 0.280144 0.903226
vt 0.167469 0.903226
vt 0.067965 0.903226
vt 0.278629 0.903226
vt 0.394425 0.903226
vt 0.510395 0.903226
vt 0.620393 0.903226
vt 0.846915 0.903226
vt 0.924144 0.935484
vt 0.921970 0.935484
vt 0.920187 0.935484
vt 0.918597 0.935484
vt 0.917006 0.935484
vt 0.811769 0.935484
vt 0.701237 0.935484
vt 0.589671 0.935484
vt 0.476077 0.935484
vt 0.365218 0.935484
vt 0.141540 0.935484
vt 0.073054 0.935484
vt 0.172627 0.935484
vt 0.283377 0.935484
vt 0.397885 0.935484
vt 0.620726 0.935484
vt 0.733238 0.935484
vt 0.843549 0.935484
vt 0.915113 0.935484
vt 0.710386 0.935484
vt 0.599561 0.935484
vt 0.488869 0.935484
vt 0.378190 0.935484
vt 0.267979 0.935484
vt 0.094110 0.935484
vt 0.095861 0.935484
vt 0.097464 0.935484
vt 0.099211 0.935484
vt 0.101185 0.935484
vt 0.204175 0.935484
vt 0.318754 0.935484
vt 0.429514 0.935484
vt 0.539573 0.935484
vt 0.649848 0.935484
vt 0.869712 0.935484
vt 0.901260 0.935484
vt 0.800209 0.935484
vt 0.690013 0.935484
vt 0.466129 0.935484
vt 0.356743 0.935484
vt 0.243523 0.935484
vt 0.136664 0.935484
vt 0.076418 0.935484
vt 0.285952 0.935484
vt 0.398905 0.935484
vt 0.507220 0.935484
vt 0.619807 0.935484
vt 0.731175 0.935484
vt 0.918565 0.935484
vt 0.915889 0.935484
vt 0.913695 0.935484
vt 0.911730 0.935484
vt 0.909741 0.935484
vt 0.805351 0.935484
vt 0.695240 0.935484
vt 0.585917 0.935484
vt 0.477354 0.935484
vt 0.260100 0.935484
vt 0.151771 0.935484
vt 0.096983 0.935484
vt 0.190663 0.935484
vt 0.302741 0.935484
vt 0.525951 0.935484
vt 0.634214 0.935484
vt 0.742790 0.935484
vt 0.852615 0.935484
vt 0.916921 0.935484
vt 0.710485 0.935484
vt 0.601978 0.935484
vt 0.490656 0.935484
vt 0.381123 0.935484
vt 0.271074 0.935484
vt 0.068905 0.935484
vt 0.067939 0.935484
vt 0.066565 0.935484
vt 0.065231 0.935484
vt 0.062433 0.935484
vt 0.165135 0.935484
vt 0.274630 0.935484
vt 0.389182 0.935484
vt 0.498997 0.935484
vt 0.722971 0.935484
vt 0.832837 0.935484
vt 0.923357 0.935484
vt 0.832983 0.935484
vt 0.723330 0.935484
vt 0.503615 0.935484
vt 0.393035 0.935484
vt 0.283520 0.935484
vt 0.172575 0.935484
vt 0.074600 0.935484
vt 0.282028 0.935484
vt 0.396046 0.935484
vt 0.510235 0.935484
vt 0.618545 0.935484
vt 0.841588 0.935484
vt 0.917529 0.967742
vt 0.915390 0.967742
vt 0.913634 0.967742
vt 0.912069 0.967742
vt 0.910502 0.967742
vt 0.806907 0.967742
vt 0.698099 0.967742
vt 0.588272 0.967742
vt 0.476450 0.967742
vt 0.367320 0.967742
vt 0.147131 0.967742
vt 0.079713 0.967742
vt 0.177733 0.967742
vt 0.286756 0.967742
vt 0.399478 0.967742
vt 0.618843 0.967742
vt 0.729601 0.967742
vt 0.838191 0.967742
vt 0.908639 0.967742
vt 0.707105 0.967742
vt 0.598008 0.967742
vt 0.489043 0.967742
vt 0.380090 0.967742
vt 0.271598 0.967742
vt 0.100440 0.967742
vt 0.102164 0.967742
vt 0.103742 0.967742
vt 0.105461 0.967742
vt 0.107404 0.967742
vt 0.208789 0.967742
vt 0.321580 0.967742
vt 0.430613 0.967742
vt 0.538956 0.967742
vt 0.647511 0.967742
vt 0.863946 0.967742
vt 0.895002 0.967742
vt 0.795527 0.967742
vt 0.687049 0.967742
vt 0.466658 0.967742
vt 0.358977 0.967742
vt 0.247523 0.967742
vt 0.142331 0.967742
vt 0.083024 0.967742
vt 0.289290 0.967742
vt 0.400481 0.967742
vt 0.507108 0.967742
vt 0.617939 0.967742
vt 0.727569 0.967742
vt 0.912037 0.967742
vt 0.909403 0.967742
vt 0.907244 0.967742
vt 0.905309 0.967742
vt 0.903351 0.967742
vt 0.800589 0.967742
vt 0.692195 0.967742
vt 0.584577 0.967742
vt 0.477707 0.967742
vt 0.263841 0.967742
vt 0.157202 0.967742
vt 0.103269 0.967742
vt 0.195487 0.967742
vt 0.305817 0.967742
vt 0.525546 0.967742
vt 0.632121 0.967742
vt 0.739004 0.967742
vt 0.847116 0.967742
vt 0.910419 0.967742
vt 0.707202 0.967742
vt 0.600388 0.967742
vt 0.490802 0.967742
vt 0.382977 0.967742
vt 0.274644 0.967742
vt 0.075629 0.967742
vt 0.074677 0.967742
vt 0.073325 0.967742
vt 0.072011 0.967742
vt 0.069257 0.967742
vt 0.170358 0.967742
vt 0.278145 0.967742
vt 0.390911 0.967742
vt 0.499013 0.967742
vt 0.719493 0.967742
vt 0.827646 0.967742
vt 0.916754 0.967742
vt 0.827789 0.967742
vt 0.719847 0.967742
vt 0.503559 0.967742
vt 0.394704 0.967742
vt 0.286896 0.967742
vt 0.177682 0.967742
vt 0.081234 0.967742
vt 0.285427 0.967742
vt 0.397668 0.967742
vt 0.510076 0.967742
vt 0.616696 0.967742
vt 0.836260 0.967742
vt 0.123532 0.132506
vt 0.123045 0.134389
vt 0.121740 0.135934
vt 0.120026 0.137312
vt 0.118316 0.138691
vt 0.086815 0.229872
vt 0.081547 0.325640
vt 0.078453 0.422306
vt 0.079618 0.520728
vt 0.075037 0.616780
vt 0.078855 0.810583
vt 0.130078 0.885269
vt 0.216352 0.914339
vt 0.312310 0.924577
vt 0.411524 0.918125
vt 0.604602 0.909335
vt 0.702086 0.907214
vt 0.797663 0.900507
vt 0.878359 0.859670
vt 0.915227 0.682287
vt 0.910576 0.586263
vt 0.905643 0.490356
vt 0.900686 0.394459
vt 0.894744 0.298968
vt 0.851679 0.120918
vt 0.850161 0.120115
vt 0.848773 0.118875
vt 0.847259 0.117592
vt 0.845549 0.116495
vt 0.756314 0.081827
vt 0.657039 0.075000
vt 0.561072 0.078593
vt 0.465713 0.083555
vt 0.370166 0.086606
vt 0.179668 0.097054
vt 0.108618 0.152333
vt 0.085713 0.239887
vt 0.082021 0.335366
vt 0.081970 0.529347
vt 0.076576 0.624124
vt 0.079173 0.722221
vt 0.080318 0.814808
vt 0.132993 0.887650
vt 0.314540 0.925000
vt 0.412407 0.917674
vt 0.506256 0.909083
vt 0.603806 0.909388
vt 0.700298 0.907153
vt 0.876612 0.862660
vt 0.877295 0.860342
vt 0.878990 0.858441
vt 0.881166 0.856739
vt 0.883290 0.855015
vt 0.925000 0.764568
vt 0.913880 0.669163
vt 0.910245 0.574442
vt 0.905016 0.480378
vt 0.894822 0.292141
vt 0.889100 0.198281
vt 0.849189 0.118854
vt 0.768021 0.082687
vt 0.670913 0.077520
vt 0.477515 0.077291
vt 0.383712 0.082674
vt 0.289637 0.088830
vt 0.194481 0.092393
vt 0.118044 0.138764
vt 0.085134 0.317628
vt 0.079785 0.411642
vt 0.080352 0.508096
vt 0.077159 0.603000
vt 0.075000 0.698350
vt 0.115503 0.873517
vt 0.117013 0.874354
vt 0.118463 0.875545
vt 0.120116 0.876701
vt 0.123108 0.879125
vt 0.209861 0.913500
vt 0.304731 0.921938
vt 0.403983 0.918985
vt 0.499131 0.912520
vt 0.693190 0.908635
vt 0.788382 0.902275
vt 0.871459 0.866812
vt 0.916374 0.788509
vt 0.916049 0.693502
vt 0.905236 0.503133
vt 0.901348 0.407322
vt 0.895223 0.312433
vt 0.892100 0.216307
vt 0.861783 0.131417
vt 0.688859 0.082778
vt 0.590069 0.080590
vt 0.491132 0.077506
vt 0.397288 0.086095
vt 0.204035 0.091914
vt 0.500000 0.500000
vt 0.500000 0.500000

vn -0.308482 -0.934136 -0.179523
vn -0.304759 -0.933555 -0.188674
vn -0.236443 -0.934900 -0.264681
vn -0.220733 -0.934073 -0.280687
vn -0.311530 -0.933365 -0.178265
vn -0.389543 -0.919217 -0.057405
vn -0.407962 -0.912848 -0.016565
vn -0.410404 -0.911903 -0.001148
vn -0.411616 -0.911282 -0.011748
vn -0.408520 -0.912748 -0.001222
vn -0.330335 -0.933437 0.139910
vn -0.176901 -0.934281 0.309555
vn -0.067577 -0.919107 0.388169
vn 0.003856 -0.909312 0.416097
vn 0.021453 -0.906221 0.422260
vn 0.012254 -0.905996 0.423109
vn 0.022052 -0.907628 0.419196
vn 0.120626 -0.923899 0.363125
vn 0.317625 -0.932984 0.169280
vn 0.410169 -0.911905 0.013826
vn 0.420568 -0.907001 -0.021723
vn 0.420616 -0.906966 -0.022232
vn 0.420053 -0.907148 -0.025260
vn 0.402143 -0.912586 -0.073946
vn 0.246353 -0.935121 -0.254676
vn 0.214030 -0.932809 -0.289927
vn 0.231320 -0.933285 -0.274720
vn 0.205092 -0.932335 -0.297807
vn 0.154168 -0.927961 -0.339295
vn 0.063393 -0.918409 -0.390521
vn -0.001047 -0.909784 -0.415080
vn -0.019296 -0.907790 -0.418981
vn -0.015821 -0.907605 -0.419528
vn -0.019273 -0.908093 -0.418324
vn -0.154449 -0.930528 -0.332059
vn -0.321269 -0.932840 -0.163081
vn -0.396096 -0.917153 -0.044029
vn -0.411469 -0.911407 -0.005474
vn -0.413472 -0.910375 -0.016111
vn -0.409406 -0.912352 -0.000660
vn -0.408539 -0.912713 0.007136
vn -0.327469 -0.933880 0.143643
vn -0.148568 -0.931607 0.331717
vn -0.005621 -0.910881 0.412632
vn 0.035611 -0.904873 0.424190
vn 0.011779 -0.905031 0.425183
vn 0.005954 -0.905549 0.424199
vn 0.067598 -0.913077 0.402145
vn 0.282925 -0.936390 0.207672
vn 0.298682 -0.933618 0.197853
vn 0.233276 -0.933992 0.270631
vn 0.221392 -0.933269 0.282833
vn 0.296362 -0.934129 0.198930
vn 0.397895 -0.917230 0.019188
vn 0.422625 -0.905872 -0.028010
vn 0.420361 -0.907103 -0.021466
vn 0.420628 -0.906928 -0.023536
vn 0.419960 -0.907191 -0.025244
vn 0.362841 -0.923582 -0.123862
vn 0.212201 -0.933738 -0.288278
vn 0.064509 -0.918989 -0.388969
vn 0.007438 -0.910038 -0.414457
vn -0.015354 -0.909364 -0.415719
vn -0.025418 -0.909519 -0.414885
vn -0.019038 -0.908543 -0.417357
vn -0.130324 -0.927570 -0.350184
vn -0.326232 -0.932304 -0.156148
vn -0.402560 -0.914498 -0.040486
vn -0.410520 -0.911830 -0.006278
vn -0.411868 -0.911203 -0.008636
vn -0.411434 -0.911372 -0.011089
vn -0.388999 -0.919497 0.056611
vn -0.242908 -0.938604 0.244986
vn -0.204039 -0.935360 0.288911
vn -0.206567 -0.935511 0.286617
vn -0.212044 -0.935856 0.281446
vn -0.163075 -0.931540 0.325022
vn -0.068804 -0.919492 0.387041
vn -0.003633 -0.909522 0.415640
vn 0.022772 -0.906253 0.422122
vn 0.014864 -0.905992 0.423034
vn 0.020893 -0.907767 0.418954
vn 0.106736 -0.921819 0.372637
vn 0.259079 -0.935433 0.240507
vn 0.382375 -0.921973 0.061280
vn 0.419100 -0.907784 -0.016813
vn 0.421368 -0.906673 -0.019847
vn 0.420268 -0.907074 -0.024337
vn 0.422596 -0.906126 -0.018659
vn 0.382757 -0.919126 -0.093294
vn 0.193491 -0.932997 -0.303444
vn 0.041243 -0.912859 -0.406186
vn 0.011462 -0.908909 -0.416837
vn -0.020526 -0.909151 -0.415961
vn -0.020615 -0.907953 -0.418564
vn -0.114099 -0.924940 -0.362583
vn -0.548248 -0.722480 -0.421244
vn -0.621867 -0.708739 -0.333122
vn -0.475309 -0.720884 -0.504388
vn -0.430425 -0.717588 -0.547542
vn -0.572618 -0.719674 -0.392655
vn -0.721959 -0.678237 -0.137006
vn -0.756280 -0.653402 -0.033260
vn -0.759359 -0.650634 -0.007014
vn -0.760955 -0.648629 -0.015062
vn -0.758700 -0.651368 -0.009735
vn -0.673988 -0.704427 0.222538
vn -0.396600 -0.723974 0.564420
vn -0.148629 -0.676699 0.721101
vn -0.011519 -0.647272 0.762172
vn 0.041365 -0.633743 0.772437
vn 0.024982 -0.633783 0.773107
vn 0.035295 -0.636656 0.770340
vn 0.194197 -0.675894 0.710954
vn 0.562240 -0.719845 0.407074
vn 0.753186 -0.655586 0.054020
vn 0.770423 -0.636311 -0.039453
vn 0.770480 -0.636164 -0.040695
vn 0.769926 -0.636538 -0.045103
vn 0.751936 -0.648488 -0.118559
vn 0.545509 -0.713397 -0.439869
vn 0.398383 -0.711401 -0.578964
vn 0.452149 -0.715127 -0.533061
vn 0.408242 -0.712923 -0.570157
vn 0.312783 -0.701500 -0.640363
vn 0.149290 -0.675636 -0.721962
vn 0.009509 -0.646455 -0.762893
vn -0.033826 -0.638650 -0.768753
vn -0.031191 -0.638007 -0.769398
vn -0.032934 -0.638938 -0.768553
vn -0.248940 -0.693699 -0.675877
vn -0.586675 -0.718867 -0.372885
vn -0.733763 -0.671152 -0.105583
vn -0.760114 -0.649630 -0.014407
vn -0.762859 -0.646142 -0.023365
vn -0.760011 -0.649826 -0.010473
vn -0.757272 -0.652933 0.014794
vn -0.671418 -0.705209 0.227769
vn -0.351587 -0.719686 0.598698
vn -0.040415 -0.653568 0.755788
vn 0.063112 -0.630636 0.773508
vn 0.031838 -0.630572 0.775477
vn 0.008007 -0.631792 0.775097
vn 0.102810 -0.648670 0.754094
vn 0.486916 -0.721703 0.491994
vn 0.609866 -0.710117 0.351849
vn 0.467226 -0.718177 0.515675
vn 0.429697 -0.714843 0.551688
vn 0.550152 -0.719601 0.423682
vn 0.726449 -0.680326 0.097101
vn 0.773799 -0.630567 -0.060167
vn 0.770123 -0.636800 -0.037367
vn 0.770430 -0.636055 -0.043273
vn 0.769852 -0.636598 -0.045503
vn 0.711180 -0.674512 -0.198134
vn 0.466939 -0.716777 -0.517879
vn 0.157956 -0.678920 -0.717020
vn 0.019276 -0.646057 -0.763046
vn -0.021986 -0.642815 -0.765706
vn -0.045960 -0.643251 -0.764275
vn -0.037974 -0.641395 -0.766270
vn -0.206570 -0.685198 -0.698450
vn -0.582442 -0.719912 -0.377475
vn -0.746038 -0.659938 -0.088933
vn -0.759140 -0.650661 -0.018612
vn -0.761351 -0.648237 -0.011544
vn -0.760945 -0.648452 -0.021737
vn -0.740592 -0.667083 0.080771
vn -0.538714 -0.727495 0.424898
vn -0.386484 -0.719601 0.576893
vn -0.409858 -0.722975 0.556168
vn -0.410524 -0.722766 0.555948
vn -0.340163 -0.714333 0.611570
vn -0.157953 -0.679531 0.716442
vn -0.019467 -0.646558 0.762617
vn 0.037469 -0.634842 0.771733
vn 0.032391 -0.633296 0.773231
vn 0.033348 -0.637152 0.770017
vn 0.171390 -0.670690 0.721665
vn 0.464008 -0.718934 0.517523
vn 0.702022 -0.691391 0.170716
vn 0.767843 -0.640161 -0.024726
vn 0.771339 -0.635279 -0.038178
vn 0.770388 -0.636198 -0.041886
vn 0.771872 -0.634656 -0.037747
vn 0.735022 -0.662344 -0.145063
vn 0.455619 -0.717420 -0.526992
vn 0.102952 -0.657432 -0.746448
vn 0.020113 -0.641526 -0.766838
vn -0.024590 -0.642341 -0.766025
vn -0.044429 -0.639655 -0.767377
vn -0.178864 -0.677879 -0.713083
vn -0.723634 -0.384155 -0.573393
vn -0.820736 -0.365632 -0.438983
vn -0.636202 -0.379086 -0.671968
vn -0.572695 -0.375831 -0.728541
vn -0.757491 -0.380629 -0.530405
vn -0.920559 -0.346693 -0.179928
vn -0.944847 -0.324832 -0.041810
vn -0.946433 -0.322767 -0.009230
vn -0.946836 -0.321208 -0.018094
vn -0.946427 -0.322665 -0.012772
vn -0.884960 -0.360924 0.294246
vn -0.539753 -0.385313 0.748465
vn -0.192996 -0.344856 0.918600
vn -0.016807 -0.321924 0.946616
vn 0.051024 -0.310214 0.949296
vn 0.030944 -0.310485 0.950074
vn 0.043067 -0.311927 0.949129
vn 0.248143 -0.338290 0.907736
vn 0.739105 -0.382514 0.554443
vn 0.941745 -0.328588 0.071741
vn 0.948779 -0.312187 -0.048555
vn 0.948739 -0.312063 -0.050107
vn 0.948370 -0.312282 -0.055447
vn 0.936133 -0.319725 -0.146394
vn 0.723805 -0.370841 -0.581879
vn 0.525168 -0.369696 -0.766501
vn 0.600187 -0.373763 -0.707161
vn 0.541565 -0.372342 -0.753703
vn 0.411395 -0.363943 -0.835643
vn 0.195257 -0.344557 -0.918235
vn 0.013126 -0.320434 -0.947180
vn -0.041589 -0.313913 -0.948540
vn -0.038668 -0.313406 -0.948832
vn -0.040428 -0.313913 -0.948591
vn -0.325942 -0.351752 -0.877515
vn -0.774344 -0.380623 -0.505487
vn -0.930077 -0.340615 -0.137616
vn -0.946498 -0.322186 -0.018383
vn -0.947187 -0.319423 -0.028390
vn -0.946848 -0.321386 -0.013789
vn -0.945718 -0.324452 0.018632
vn -0.882151 -0.361438 0.301947
vn -0.481776 -0.383981 0.787686
vn -0.055061 -0.327460 0.943259
vn 0.077193 -0.308239 0.948172
vn 0.039948 -0.308034 0.950536
vn 0.009574 -0.308800 0.951079
vn 0.126834 -0.319454 0.939075
vn 0.645594 -0.380575 0.662096
vn 0.806274 -0.367264 0.463724
vn 0.623466 -0.376848 0.685037
vn 0.569894 -0.373405 0.731977
vn 0.729536 -0.379036 0.569306
vn 0.925478 -0.352528 0.138618
vn 0.948733 -0.307202 -0.074383
vn 0.948773 -0.312613 -0.045851
vn 0.948591 -0.311985 -0.053295
vn 0.948331 -0.312304 -0.055982
vn 0.906824 -0.337134 -0.253004
vn 0.625925 -0.376476 -0.682996
vn 0.208552 -0.347957 -0.914020
vn 0.024517 -0.319691 -0.947205
vn -0.026640 -0.316828 -0.948109
vn -0.056849 -0.317134 -0.946675
vn -0.047260 -0.316129 -0.947538
vn -0.267682 -0.345024 -0.899614
vn -0.765644 -0.383499 -0.516447
vn -0.936984 -0.330470 -0.113362
vn -0.946137 -0.322883 -0.023911
vn -0.947027 -0.320851 -0.013937
vn -0.946723 -0.320903 -0.027158
vn -0.937496 -0.333009 0.101029
vn -0.727034 -0.384073 0.569130
vn -0.514491 -0.376585 0.770378
vn -0.549235 -0.380877 0.743824
vn -0.548920 -0.380013 0.744497
vn -0.454866 -0.375714 0.807425
vn -0.206994 -0.347940 0.914380
vn -0.025741 -0.320846 0.946781
vn 0.045679 -0.311368 0.949191
vn 0.040261 -0.309970 0.949893
vn 0.040693 -0.312319 0.949105
vn 0.217458 -0.334609 0.916924
vn 0.615222 -0.376655 0.692556
vn 0.903426 -0.360065 0.232753
vn 0.948428 -0.315580 -0.029888
vn 0.949106 -0.311408 -0.047146
vn 0.948697 -0.311992 -0.051337
vn 0.949161 -0.311296 -0.046778
vn 0.926778 -0.328219 -0.182633
vn 0.615515 -0.379415 -0.690787
vn 0.132721 -0.329595 -0.934747
vn 0.024788 -0.315885 -0.948474
vn -0.029197 -0.316558 -0.948124
vn -0.055516 -0.314848 -0.947517
vn -0.229645 -0.339466 -0.912155
vn -0.771992 -0.073899 -0.631321
vn -0.881914 -0.069268 -0.466293
vn -0.688051 -0.073204 -0.721960
vn -0.616361 -0.072384 -0.784130
vn -0.810793 -0.073507 -0.580700
vn -0.978359 -0.065570 -0.196249
vn -0.997196 -0.060226 -0.044418
vn -0.998160 -0.059755 -0.010283
vn -0.998066 -0.059393 -0.018342
vn -0.998117 -0.059661 -0.014256
vn -0.948157 -0.067870 0.310471
vn -0.593545 -0.074677 0.801328
vn -0.208655 -0.065092 0.975821
vn -0.020056 -0.059728 0.998013
vn 0.053792 -0.056924 0.996928
vn 0.032760 -0.057009 0.997836
vn 0.044756 -0.057263 0.997355
vn 0.260219 -0.062801 0.963505
vn 0.787823 -0.073459 0.611505
vn 0.994936 -0.061267 0.079683
vn 0.997050 -0.057375 -0.050991
vn 0.996965 -0.057345 -0.052651
vn 0.996657 -0.057388 -0.058151
vn 0.986554 -0.058893 -0.152456
vn 0.782698 -0.070013 -0.618451
vn 0.560950 -0.070657 -0.824829
vn 0.645733 -0.071868 -0.760173
vn 0.583811 -0.071547 -0.808731
vn 0.443684 -0.069591 -0.893477
vn 0.212472 -0.065042 -0.975000
vn 0.015166 -0.059304 -0.998125
vn -0.043568 -0.057762 -0.997379
vn -0.040873 -0.057644 -0.997500
vn -0.042261 -0.057740 -0.997437
vn -0.343759 -0.065673 -0.936759
vn -0.828203 -0.073419 -0.555599
vn -0.986659 -0.064097 -0.149652
vn -0.998022 -0.059642 -0.019871
vn -0.997830 -0.058997 -0.029218
vn -0.998117 -0.059356 -0.015485
vn -0.997993 -0.060136 0.019841
vn -0.945385 -0.067938 0.318797
vn -0.533930 -0.074492 0.842241
vn -0.062296 -0.061050 0.996189
vn 0.080837 -0.056514 0.995124
vn 0.042918 -0.056446 0.997483
vn 0.009774 -0.056610 0.998348
vn 0.131565 -0.058781 0.989563
vn 0.687238 -0.072186 0.722837
vn 0.867264 -0.069719 0.492942
vn 0.673554 -0.072660 0.735558
vn 0.612522 -0.071764 0.787189
vn 0.781316 -0.073060 0.619844
vn 0.984886 -0.067265 0.159609
vn 0.995305 -0.056181 -0.078813
vn 0.997193 -0.057477 -0.047991
vn 0.996783 -0.057328 -0.056019
vn 0.996621 -0.057391 -0.058755
vn 0.962164 -0.062512 -0.265204
vn 0.681647 -0.072018 -0.728128
vn 0.228285 -0.065911 -0.971361
vn 0.026454 -0.059094 -0.997902
vn -0.027383 -0.058398 -0.997918
vn -0.059751 -0.058468 -0.996500
vn -0.050053 -0.058280 -0.997045
vn -0.281313 -0.064219 -0.957465
vn -0.817191 -0.073974 -0.571600
vn -0.990664 -0.061582 -0.121624
vn -0.997872 -0.059791 -0.026011
vn -0.998139 -0.059308 -0.014208
vn -0.997825 -0.059309 -0.028756
vn -0.992614 -0.061807 0.104393
vn -0.791524 -0.073349 0.606720
vn -0.551688 -0.072399 0.830902
vn -0.593468 -0.073707 0.801475
vn -0.590912 -0.073396 0.803390
vn -0.494598 -0.072588 0.866085
vn -0.225199 -0.065899 0.972082
vn -0.028668 -0.059433 0.997821
vn 0.047565 -0.057217 0.997228
vn 0.042790 -0.056877 0.997464
vn 0.042280 -0.057353 0.997458
vn 0.227654 -0.062026 0.971765
vn 0.655897 -0.071934 0.751415
vn 0.963237 -0.068927 0.259661
vn 0.997831 -0.058193 -0.030778
vn 0.997124 -0.057198 -0.049715
vn 0.996912 -0.057319 -0.053675
vn 0.997133 -0.057208 -0.049520
vn 0.979810 -0.060578 -0.190534
vn 0.674999 -0.072433 -0.734254
vn 0.143881 -0.061458 -0.987685
vn 0.025980 -0.058189 -0.997967
vn -0.029350 -0.058337 -0.997865
vn -0.059091 -0.057989 -0.996567
vn -0.240668 -0.063013 -0.968560
vn -0.773623 -0.009796 -0.633570
vn -0.884088 -0.009446 -0.467226
vn -0.689981 -0.009790 -0.723761
vn -0.617954 -0.009694 -0.786154
vn -0.812665 -0.009742 -0.582650
vn -0.980388 -0.008633 -0.196886
vn -0.998977 -0.008039 -0.044510
vn -0.999915 -0.007977 -0.010325
vn -0.999800 -0.007932 -0.018343
vn -0.999866 -0.007995 -0.014315
vn -0.950360 -0.009342 0.311012
vn -0.595662 -0.009869 0.803175
vn -0.209248 -0.008594 0.977825
vn -0.020194 -0.007901 0.999765
vn 0.053887 -0.007610 0.998518
vn 0.032824 -0.007610 0.999432
vn 0.044807 -0.007674 0.998966
vn 0.260608 -0.008597 0.965406
vn 0.789459 -0.009713 0.613726
vn 0.996762 -0.008087 0.080001
vn 0.998666 -0.007664 -0.051072
vn 0.998579 -0.007661 -0.052736
vn 0.998273 -0.007669 -0.058240
vn 0.988250 -0.007935 -0.152641
vn 0.784798 -0.009546 -0.619678
vn 0.562198 -0.009513 -0.826948
vn 0.647393 -0.009622 -0.762096
vn 0.585365 -0.009557 -0.810714
vn 0.444883 -0.009238 -0.895541
vn 0.213139 -0.008567 -0.976984
vn 0.015251 -0.007882 -0.999853
vn -0.043632 -0.007714 -0.999018
vn -0.040949 -0.007701 -0.999132
vn -0.042319 -0.007721 -0.999074
vn -0.344355 -0.009060 -0.938796
vn -0.830078 -0.009712 -0.557562
vn -0.988632 -0.008457 -0.150117
vn -0.999770 -0.007954 -0.019926
vn -0.999541 -0.007877 -0.029239
vn -0.999847 -0.007962 -0.015552
vn -0.999770 -0.008029 0.019884
vn -0.947586 -0.009366 0.319363
vn -0.536037 -0.009751 0.844138
vn -0.062593 -0.008042 0.998007
vn 0.080956 -0.007544 0.996689
vn 0.043028 -0.007542 0.999045
vn 0.009777 -0.007569 0.999924
vn 0.131704 -0.007942 0.991257
vn 0.688614 -0.009749 0.725062
vn 0.869445 -0.009479 0.493939
vn 0.675410 -0.009710 0.737378
vn 0.614066 -0.009614 0.789196
vn 0.783143 -0.009741 0.621765
vn 0.986995 -0.008707 0.160515
vn 0.996849 -0.007547 -0.078968
vn 0.998815 -0.007674 -0.048061
vn 0.998395 -0.007659 -0.056110
vn 0.998237 -0.007671 -0.058847
vn 0.964046 -0.008564 -0.265596
vn 0.683738 -0.009639 -0.729664
vn 0.229063 -0.008651 -0.973373
vn 0.026527 -0.007875 -0.999617
vn -0.027401 -0.007805 -0.999594
vn -0.059848 -0.007814 -0.998177
vn -0.050150 -0.007773 -0.998711
vn -0.281760 -0.008839 -0.959444
vn -0.818946 -0.009731 -0.573788
vn -0.992505 -0.008188 -0.121928
vn -0.999628 -0.007977 -0.026091
vn -0.999868 -0.007924 -0.014212
vn -0.999553 -0.007929 -0.028812
vn -0.994492 -0.008367 0.104483
vn -0.793887 -0.009954 0.607984
vn -0.553015 -0.009753 0.833115
vn -0.595110 -0.009855 0.803584
vn -0.592438 -0.009848 0.805556
vn -0.496121 -0.009603 0.868200
vn -0.225905 -0.008667 0.974111
vn -0.028784 -0.007885 0.999555
vn 0.047624 -0.007632 0.998836
vn 0.042880 -0.007600 0.999051
vn 0.042328 -0.007684 0.999074
vn 0.227978 -0.008466 0.973630
vn 0.657283 -0.009710 0.753581
vn 0.965358 -0.008980 0.260773
vn 0.999496 -0.007745 -0.030800
vn 0.998730 -0.007642 -0.049803
vn 0.998525 -0.007662 -0.053750
vn 0.998739 -0.007628 -0.049615
vn 0.981598 -0.008269 -0.190780
vn 0.677257 -0.009629 -0.735683
vn 0.144306 -0.008129 -0.989500
vn 0.026020 -0.007776 -0.999631
vn -0.029341 -0.007793 -0.999539
vn -0.059219 -0.007735 -0.998215
vn -0.241024 -0.008652 -0.970481
vn -0.773655 -0.004954 -0.633588
vn -0.884117 -0.004622 -0.467243
vn -0.690006 -0.004904 -0.723787
vn -0.617975 -0.004847 -0.786183
vn -0.812695 -0.004930 -0.582669
vn -0.980416 -0.004396 -0.196890
vn -0.999001 -0.004025 -0.044511
vn -0.999939 -0.003993 -0.010325
vn -0.999824 -0.003969 -0.018343
vn -0.999890 -0.003984 -0.014315
vn -0.950391 -0.004520 0.311026
vn -0.595682 -0.005011 0.803205
vn -0.209254 -0.004362 0.977852
vn -0.020194 -0.003997 0.999788
vn 0.053888 -0.003802 0.998540
vn 0.032824 -0.003809 0.999454
vn 0.044808 -0.003823 0.998988
vn 0.260617 -0.004183 0.965433
vn 0.789488 -0.004926 0.613746
vn 0.996786 -0.004103 0.080003
vn 0.998688 -0.003832 -0.051073
vn 0.998601 -0.003830 -0.052738
vn 0.998295 -0.003833 -0.058241
vn 0.988273 -0.003930 -0.152645
vn 0.784828 -0.004669 -0.619696
vn 0.562220 -0.004726 -0.826974
vn 0.647413 -0.004812 -0.762124
vn 0.585383 -0.004792 -0.810743
vn 0.444895 -0.004664 -0.895571
vn 0.213144 -0.004360 -0.977011
vn 0.015251 -0.003966 -0.999876
vn -0.043633 -0.003859 -0.999040
vn -0.040950 -0.003851 -0.999154
vn -0.042320 -0.003857 -0.999097
vn -0.344369 -0.004371 -0.938824
vn -0.830108 -0.004925 -0.557581
vn -0.988658 -0.004295 -0.150121
vn -0.999793 -0.003987 -0.019927
vn -0.999565 -0.003942 -0.029239
vn -0.999871 -0.003963 -0.015553
vn -0.999794 -0.004019 0.019884
vn -0.947617 -0.004524 0.319377
vn -0.536054 -0.005005 0.844169
vn -0.062594 -0.004090 0.998031
vn 0.080958 -0.003775 0.996710
vn 0.043028 -0.003770 0.999067
vn 0.009778 -0.003781 0.999945
vn 0.131708 -0.003920 0.991281
vn 0.688643 -0.004822 0.725085
vn 0.869475 -0.004654 0.493955
vn 0.675433 -0.004867 0.737405
vn 0.614085 -0.004804 0.789226
vn 0.783170 -0.004895 0.621788
vn 0.987022 -0.004523 0.160519
vn 0.996870 -0.003749 -0.078969
vn 0.998837 -0.003840 -0.048062
vn 0.998417 -0.003829 -0.056112
vn 0.998260 -0.003833 -0.058849
vn 0.964073 -0.004163 -0.265605
vn 0.683760 -0.004820 -0.729691
vn 0.229069 -0.004421 -0.973400
vn 0.026527 -0.003950 -0.999640
vn -0.027401 -0.003901 -0.999617
vn -0.059849 -0.003906 -0.998200
vn -0.050152 -0.003895 -0.998734
vn -0.281771 -0.004274 -0.959472
vn -0.818976 -0.004965 -0.573807
vn -0.992530 -0.004120 -0.121931
vn -0.999652 -0.003996 -0.026091
vn -0.999891 -0.003963 -0.014213
vn -0.999577 -0.003962 -0.028813
vn -0.994518 -0.004123 0.104486
vn -0.793913 -0.004899 0.608011
vn -0.553034 -0.004844 0.833144
vn -0.595130 -0.004938 0.803615
vn -0.592459 -0.004914 0.805585
vn -0.496136 -0.004870 0.868231
vn -0.225911 -0.004419 0.974138
vn -0.028785 -0.003976 0.999578
vn 0.047625 -0.003823 0.998858
vn 0.042881 -0.003799 0.999073
vn 0.042329 -0.003829 0.999096
vn 0.227985 -0.004133 0.973656
vn 0.657309 -0.004808 0.753606
vn 0.965387 -0.004631 0.260780
vn 0.999518 -0.003890 -0.030801
vn 0.998752 -0.003821 -0.049804
vn 0.998547 -0.003828 -0.053751
vn 0.998761 -0.003822 -0.049616
vn 0.981623 -0.004035 -0.190787
vn 0.677279 -0.004851 -0.735711
vn 0.144309 -0.004114 -0.989524
vn 0.026020 -0.003887 -0.999654
vn -0.029342 -0.003897 -0.999562
vn -0.059220 -0.003875 -0.998237
vn -0.241033 -0.004195 -0.970508
vn -0.773651 -0.004842 -0.633593
vn -0.884119 -0.004824 -0.467237
vn -0.690006 -0.004886 -0.723787
vn -0.617975 -0.004847 -0.786183
vn -0.812692 -0.004812 -0.582674
vn -0.980416 -0.004237 -0.196892
vn -0.999001 -0.004014 -0.044511
vn -0.999939 -0.003983 -0.010325
vn -0.999824 -0.003963 -0.018343
vn -0.999890 -0.004011 -0.014316
vn -0.950391 -0.004822 0.311021
vn -0.595686 -0.004858 0.803203
vn -0.209255 -0.004232 0.977852
vn -0.020195 -0.003903 0.999788
vn 0.053888 -0.003808 0.998540
vn 0.032824 -0.003802 0.999454
vn 0.044808 -0.003850 0.998988
vn 0.260615 -0.004414 0.965433
vn 0.789485 -0.004788 0.613751
vn 0.996787 -0.003984 0.080004
vn 0.998688 -0.003832 -0.051073
vn 0.998601 -0.003830 -0.052738
vn 0.998295 -0.003836 -0.058241
vn 0.988273 -0.004005 -0.152644
vn 0.784828 -0.004877 -0.619694
vn 0.562222 -0.004787 -0.826972
vn 0.647414 -0.004810 -0.762124
vn 0.585383 -0.004766 -0.810743
vn 0.444896 -0.004575 -0.895570
vn 0.213146 -0.004207 -0.977011
vn 0.015251 -0.003917 -0.999876
vn -0.043633 -0.003855 -0.999040
vn -0.040950 -0.003849 -0.999154
vn -0.042320 -0.003864 -0.999097
vn -0.344365 -0.004690 -0.938824
vn -0.830106 -0.004788 -0.557585
vn -0.988659 -0.004162 -0.150122
vn -0.999794 -0.003968 -0.019927
vn -0.999565 -0.003935 -0.029239
vn -0.999871 -0.003998 -0.015553
vn -0.999794 -0.004010 0.019884
vn -0.947617 -0.004843 0.319373
vn -0.536059 -0.004746 0.844167
vn -0.062596 -0.003953 0.998031
vn 0.080958 -0.003769 0.996710
vn 0.043029 -0.003773 0.999067
vn 0.009777 -0.003788 0.999945
vn 0.131707 -0.004022 0.991281
vn 0.688637 -0.004927 0.725089
vn 0.869476 -0.004825 0.493952
vn 0.675437 -0.004843 0.737402
vn 0.614083 -0.004809 0.789227
vn 0.783167 -0.004846 0.621793
vn 0.987023 -0.004184 0.160522
vn 0.996870 -0.003798 -0.078970
vn 0.998837 -0.003835 -0.048062
vn 0.998417 -0.003829 -0.056112
vn 0.998260 -0.003837 -0.058848
vn 0.964073 -0.004401 -0.265603
vn 0.683764 -0.004819 -0.729688
vn 0.229072 -0.004230 -0.973400
vn 0.026528 -0.003924 -0.999640
vn -0.027401 -0.003903 -0.999617
vn -0.059849 -0.003908 -0.998200
vn -0.050152 -0.003878 -0.998734
vn -0.281768 -0.004564 -0.959472
vn -0.818973 -0.004766 -0.573812
vn -0.992530 -0.004068 -0.121931
vn -0.999652 -0.003981 -0.026092
vn -0.999891 -0.003961 -0.014213
vn -0.999577 -0.003967 -0.028813
vn -0.994518 -0.004243 0.104485
vn -0.793918 -0.005056 0.608004
vn -0.553032 -0.004910 0.833145
vn -0.595129 -0.004917 0.803615
vn -0.592459 -0.004934 0.805585
vn -0.496138 -0.004733 0.868231
vn -0.225913 -0.004248 0.974138
vn -0.028785 -0.003909 0.999578
vn 0.047625 -0.003809 0.998858
vn 0.042881 -0.003801 0.999073
vn 0.042329 -0.003854 0.999096
vn 0.227983 -0.004333 0.973655
vn 0.657305 -0.004902 0.753609
vn 0.965387 -0.004349 0.260784
vn 0.999518 -0.003855 -0.030801
vn 0.998752 -0.003822 -0.049804
vn 0.998547 -0.003834 -0.053751
vn 0.998761 -0.003806 -0.049617
vn 0.981623 -0.004234 -0.190785
vn 0.677283 -0.004778 -0.735707
vn 0.144311 -0.004014 -0.989524
vn 0.026020 -0.003889 -0.999654
vn -0.029341 -0.003896 -0.999562
vn -0.059220 -0.003860 -0.998238
vn -0.241030 -0.004457 -0.970507
vn -0.773625 -0.009795 -0.633568
vn -0.884089 -0.009445 -0.467222
vn -0.689982 -0.009790 -0.723760
vn -0.617951 -0.009694 -0.786157
vn -0.812663 -0.009742 -0.582652
vn -0.980389 -0.008633 -0.196885
vn -0.998977 -0.008040 -0.044510
vn -0.999915 -0.007977 -0.010325
vn -0.999800 -0.007932 -0.018343
vn -0.999866 -0.007995 -0.014315
vn -0.950360 -0.009342 0.311012
vn -0.595662 -0.009869 0.803175
vn -0.209249 -0.008593 0.977825
vn -0.020194 -0.007900 0.999765
vn 0.053887 -0.007610 0.998518
vn 0.032824 -0.007610 0.999432
vn 0.044807 -0.007673 0.998966
vn 0.260608 -0.008596 0.965406
vn 0.789459 -0.009713 0.613726
vn 0.996762 -0.008087 0.080001
vn 0.998666 -0.007664 -0.051072
vn 0.998579 -0.007661 -0.052736
vn 0.998273 -0.007669 -0.058240
vn 0.988250 -0.007935 -0.152641
vn 0.784798 -0.009546 -0.619678
vn 0.562197 -0.009512 -0.826948
vn 0.647394 -0.009622 -0.762094
vn 0.585365 -0.009558 -0.810714
vn 0.444882 -0.009238 -0.895542
vn 0.213139 -0.008567 -0.976984
vn 0.015251 -0.007882 -0.999853
vn -0.043633 -0.007714 -0.999018
vn -0.040949 -0.007700 -0.999132
vn -0.042319 -0.007721 -0.999074
vn -0.344355 -0.009060 -0.938796
vn -0.830078 -0.009712 -0.557562
vn -0.988632 -0.008457 -0.150118
vn -0.999770 -0.007954 -0.019926
vn -0.999541 -0.007877 -0.029239
vn -0.999847 -0.007962 -0.015552
vn -0.999770 -0.008029 0.019884
vn -0.947586 -0.009366 0.319363
vn -0.536037 -0.009751 0.844138
vn -0.062593 -0.008042 0.998007
vn 0.080956 -0.007543 0.996689
vn 0.043028 -0.007543 0.999045
vn 0.009777 -0.007569 0.999924
vn 0.131704 -0.007942 0.991257
vn 0.688614 -0.009748 0.725062
vn 0.869445 -0.009479 0.493938
vn 0.675414 -0.009710 0.737375
vn 0.614064 -0.009614 0.789198
vn 0.783139 -0.009741 0.621771
vn 0.986995 -0.008707 0.160515
vn 0.996849 -0.007547 -0.078968
vn 0.998815 -0.007674 -0.048061
vn 0.998395 -0.007659 -0.056110
vn 0.998237 -0.007670 -0.058847
vn 0.964046 -0.008563 -0.265596
vn 0.683738 -0.009639 -0.729664
vn 0.229063 -0.008651 -0.973373
vn 0.026527 -0.007875 -0.999617
vn -0.027401 -0.007805 -0.999594
vn -0.059847 -0.007814 -0.998177
vn -0.050150 -0.007773 -0.998711
vn -0.281760 -0.008839 -0.959444
vn -0.818946 -0.009731 -0.573788
vn -0.992505 -0.008188 -0.121928
vn -0.999628 -0.007977 -0.026091
vn -0.999868 -0.007924 -0.014212
vn -0.999553 -0.007929 -0.028812
vn -0.994492 -0.008366 0.104483
vn -0.793890 -0.009954 0.607980
vn -0.553016 -0.009753 0.833113
vn -0.595106 -0.009855 0.803587
vn -0.592438 -0.009848 0.805556
vn -0.496121 -0.009603 0.868200
vn -0.225905 -0.008667 0.974111
vn -0.028784 -0.007884 0.999555
vn 0.047624 -0.007632 0.998836
vn 0.042880 -0.007600 0.999051
vn 0.042328 -0.007684 0.999074
vn 0.227978 -0.008465 0.973630
vn 0.657283 -0.009710 0.753581
vn 0.965358 -0.008980 0.260773
vn 0.999496 -0.007745 -0.030801
vn 0.998730 -0.007642 -0.049803
vn 0.998525 -0.007662 -0.053750
vn 0.998739 -0.007628 -0.049615
vn 0.981598 -0.008269 -0.190780
vn 0.677257 -0.009629 -0.735683
vn 0.144306 -0.008129 -0.989500
vn 0.026020 -0.007777 -0.999631
vn -0.029341 -0.007793 -0.999539
vn -0.059219 -0.007735 -0.998215
vn -0.241024 -0.008652 -0.970481
vn -0.773654 -0.004954 -0.633589
vn -0.884116 -0.004621 -0.467244
vn -0.690006 -0.004904 -0.723787
vn -0.617975 -0.004847 -0.786183
vn -0.812693 -0.004929 -0.582671
vn -0.980416 -0.004396 -0.196890
vn -0.999001 -0.004026 -0.044511
vn -0.999939 -0.003994 -0.010325
vn -0.999824 -0.003969 -0.018343
vn -0.999890 -0.003985 -0.014315
vn -0.950391 -0.004520 0.311026
vn -0.595682 -0.005011 0.803205
vn -0.209254 -0.004362 0.977852
vn -0.020194 -0.003997 0.999788
vn 0.053888 -0.003802 0.998540
vn 0.032824 -0.003809 0.999454
vn 0.044809 -0.003823 0.998988
vn 0.260617 -0.004183 0.965433
vn 0.789488 -0.004925 0.613746
vn 0.996786 -0.004103 0.080003
vn 0.998688 -0.003833 -0.051073
vn 0.998601 -0.003831 -0.052738
vn 0.998295 -0.003833 -0.058241
vn 0.988273 -0.003930 -0.152645
vn 0.784828 -0.004669 -0.619697
vn 0.562216 -0.004726 -0.826977
vn 0.647415 -0.004812 -0.762123
vn 0.585389 -0.004792 -0.810739
vn 0.444898 -0.004664 -0.895569
vn 0.213144 -0.004360 -0.977011
vn 0.015251 -0.003966 -0.999876
vn -0.043634 -0.003859 -0.999040
vn -0.040950 -0.003851 -0.999154
vn -0.042320 -0.003857 -0.999097
vn -0.344369 -0.004371 -0.938824
vn -0.830108 -0.004925 -0.557580
vn -0.988658 -0.004295 -0.150121
vn -0.999793 -0.003986 -0.019927
vn -0.999565 -0.003942 -0.029239
vn -0.999871 -0.003963 -0.015552
vn -0.999794 -0.004019 0.019884
vn -0.947617 -0.004523 0.319377
vn -0.536054 -0.005005 0.844169
vn -0.062594 -0.004089 0.998031
vn 0.080958 -0.003775 0.996710
vn 0.043028 -0.003769 0.999067
vn 0.009778 -0.003781 0.999945
vn 0.131708 -0.003920 0.991281
vn 0.688641 -0.004822 0.725086
vn 0.869473 -0.004654 0.493958
vn 0.675435 -0.004867 0.737404
vn 0.614088 -0.004805 0.789223
vn 0.783168 -0.004895 0.621791
vn 0.987022 -0.004523 0.160519
vn 0.996870 -0.003749 -0.078969
vn 0.998837 -0.003840 -0.048062
vn 0.998417 -0.003829 -0.056112
vn 0.998260 -0.003833 -0.058849
vn 0.964073 -0.004163 -0.265605
vn 0.683760 -0.004820 -0.729691
vn 0.229069 -0.004421 -0.973400
vn 0.026527 -0.003950 -0.999640
vn -0.027401 -0.003901 -0.999617
vn -0.059849 -0.003906 -0.998200
vn -0.050152 -0.003895 -0.998734
vn -0.281771 -0.004274 -0.959472
vn -0.818976 -0.004965 -0.573807
vn -0.992530 -0.004119 -0.121931
vn -0.999652 -0.003996 -0.026091
vn -0.999891 -0.003963 -0.014213
vn -0.999577 -0.003962 -0.028813
vn -0.994518 -0.004123 0.104486
vn -0.793918 -0.004899 0.608005
vn -0.553039 -0.004843 0.833141
vn -0.595127 -0.004938 0.803617
vn -0.592459 -0.004914 0.805586
vn -0.496137 -0.004870 0.868230
vn -0.225911 -0.004419 0.974138
vn -0.028785 -0.003976 0.999578
vn 0.047625 -0.003823 0.998858
vn 0.042881 -0.003799 0.999073
vn 0.042329 -0.003830 0.999096
vn 0.227985 -0.004133 0.973656
vn 0.657309 -0.004808 0.753606
vn 0.965387 -0.004631 0.260780
vn 0.999518 -0.003890 -0.030801
vn 0.998752 -0.003821 -0.049804
vn 0.998547 -0.003828 -0.053751
vn 0.998761 -0.003822 -0.049616
vn 0.981623 -0.004035 -0.190787
vn 0.677278 -0.004851 -0.735711
vn 0.144309 -0.004114 -0.989524
vn 0.026020 -0.003887 -0.999654
vn -0.029342 -0.003897 -0.999562
vn -0.059220 -0.003875 -0.998237
vn -0.241033 -0.004195 -0.970508
vn -0.773653 -0.004061 -0.633597
vn -0.884120 -0.004047 -0.467242
vn -0.690008 -0.004098 -0.723790
vn -0.617978 -0.004066 -0.786185
vn -0.812695 -0.004036 -0.582676
vn -0.980419 -0.003553 -0.196893
vn -0.999003 -0.003367 -0.044511
vn -0.999941 -0.003341 -0.010325
vn -0.999826 -0.003324 -0.018343
vn -0.999892 -0.003364 -0.014316
vn -0.950394 -0.004044 0.311023
vn -0.595688 -0.004075 0.803206
vn -0.209256 -0.003549 0.977854
vn -0.020195 -0.003274 0.999791
vn 0.053888 -0.003194 0.998542
vn 0.032824 -0.003188 0.999456
vn 0.044808 -0.003230 0.998990
vn 0.260616 -0.003702 0.965436
vn 0.789488 -0.004016 0.613753
vn 0.996789 -0.003342 0.080004
vn 0.998690 -0.003214 -0.051073
vn 0.998603 -0.003213 -0.052738
vn 0.998297 -0.003217 -0.058241
vn 0.988275 -0.003360 -0.152645
vn 0.784832 -0.004090 -0.619695
vn 0.562220 -0.004015 -0.826978
vn 0.647416 -0.004034 -0.762126
vn 0.585391 -0.003997 -0.810741
vn 0.444902 -0.003837 -0.895571
vn 0.213146 -0.003528 -0.977014
vn 0.015251 -0.003285 -0.999878
vn -0.043634 -0.003233 -0.999042
vn -0.040950 -0.003229 -0.999156
vn -0.042320 -0.003241 -0.999099
vn -0.344367 -0.003933 -0.938827
vn -0.830109 -0.004015 -0.557586
vn -0.988661 -0.003491 -0.150122
vn -0.999796 -0.003328 -0.019927
vn -0.999567 -0.003300 -0.029239
vn -0.999873 -0.003353 -0.015553
vn -0.999797 -0.003363 0.019884
vn -0.947620 -0.004062 0.319375
vn -0.536061 -0.003981 0.844170
vn -0.062596 -0.003315 0.998034
vn 0.080958 -0.003161 0.996713
vn 0.043029 -0.003164 0.999069
vn 0.009777 -0.003177 0.999947
vn 0.131707 -0.003373 0.991283
vn 0.688641 -0.004132 0.725091
vn 0.869477 -0.004047 0.493957
vn 0.675437 -0.004062 0.737407
vn 0.614090 -0.004034 0.789226
vn 0.783170 -0.004065 0.621794
vn 0.987026 -0.003509 0.160523
vn 0.996872 -0.003186 -0.078970
vn 0.998839 -0.003216 -0.048062
vn 0.998419 -0.003212 -0.056112
vn 0.998262 -0.003218 -0.058849
vn 0.964075 -0.003691 -0.265604
vn 0.683765 -0.004042 -0.729691
vn 0.229072 -0.003548 -0.973403
vn 0.026528 -0.003291 -0.999643
vn -0.027401 -0.003274 -0.999619
vn -0.059849 -0.003278 -0.998202
vn -0.050152 -0.003253 -0.998736
vn -0.281769 -0.003828 -0.959475
vn -0.818976 -0.003998 -0.573814
vn -0.992533 -0.003413 -0.121932
vn -0.999654 -0.003339 -0.026092
vn -0.999893 -0.003323 -0.014213
vn -0.999579 -0.003327 -0.028813
vn -0.994520 -0.003559 0.104485
vn -0.793923 -0.004240 0.608003
vn -0.553040 -0.004118 0.833145
vn -0.595131 -0.004124 0.803618
vn -0.592460 -0.004138 0.805589
vn -0.496141 -0.003970 0.868233
vn -0.225913 -0.003563 0.974141
vn -0.028785 -0.003279 0.999580
vn 0.047625 -0.003195 0.998860
vn 0.042881 -0.003188 0.999075
vn 0.042329 -0.003233 0.999098
vn 0.227984 -0.003634 0.973658
vn 0.657308 -0.004111 0.753611
vn 0.965390 -0.003648 0.260785
vn 0.999520 -0.003233 -0.030801
vn 0.998754 -0.003205 -0.049804
vn 0.998549 -0.003215 -0.053751
vn 0.998763 -0.003192 -0.049617
vn 0.981625 -0.003551 -0.190786
vn 0.677285 -0.004008 -0.735710
vn 0.144311 -0.003367 -0.989527
vn 0.026020 -0.003262 -0.999656
vn -0.029341 -0.003268 -0.999564
vn -0.059220 -0.003238 -0.998240
vn -0.241032 -0.003738 -0.970510
vn -0.773651 -0.004936 -0.633592
vn -0.884116 -0.004654 -0.467244
vn -0.690006 -0.004901 -0.723787
vn -0.617978 -0.004847 -0.786181
vn -0.812694 -0.004911 -0.582671
vn -0.980416 -0.004370 -0.196891
vn -0.999001 -0.004024 -0.044511
vn -0.999939 -0.003992 -0.010325
vn -0.999824 -0.003968 -0.018343
vn -0.999890 -0.003989 -0.014315
vn -0.950391 -0.004569 0.311025
vn -0.595683 -0.004987 0.803204
vn -0.209254 -0.004341 0.977852
vn -0.020194 -0.003982 0.999788
vn 0.053888 -0.003803 0.998540
vn 0.032824 -0.003807 0.999454
vn 0.044808 -0.003827 0.998988
vn 0.260617 -0.004220 0.965433
vn 0.789488 -0.004903 0.613747
vn 0.996786 -0.004084 0.080003
vn 0.998688 -0.003833 -0.051073
vn 0.998601 -0.003831 -0.052738
vn 0.998295 -0.003833 -0.058241
vn 0.988273 -0.003942 -0.152645
vn 0.784824 -0.004703 -0.619701
vn 0.562218 -0.004735 -0.826975
vn 0.647415 -0.004812 -0.762123
vn 0.585387 -0.004788 -0.810740
vn 0.444897 -0.004649 -0.895570
vn 0.213145 -0.004335 -0.977011
vn 0.015251 -0.003958 -0.999876
vn -0.043634 -0.003858 -0.999040
vn -0.040950 -0.003851 -0.999154
vn -0.042320 -0.003858 -0.999097
vn -0.344368 -0.004422 -0.938824
vn -0.830108 -0.004902 -0.557581
vn -0.988658 -0.004274 -0.150121
vn -0.999794 -0.003984 -0.019927
vn -0.999565 -0.003941 -0.029239
vn -0.999871 -0.003969 -0.015553
vn -0.999794 -0.004018 0.019884
vn -0.947617 -0.004575 0.319377
vn -0.536055 -0.004964 0.844168
vn -0.062595 -0.004067 0.998031
vn 0.080958 -0.003774 0.996710
vn 0.043029 -0.003771 0.999067
vn 0.009777 -0.003782 0.999945
vn 0.131708 -0.003937 0.991281
vn 0.688644 -0.004839 0.725083
vn 0.869475 -0.004682 0.493955
vn 0.675434 -0.004863 0.737405
vn 0.614086 -0.004805 0.789225
vn 0.783170 -0.004887 0.621789
vn 0.987023 -0.004468 0.160520
vn 0.996870 -0.003757 -0.078969
vn 0.998837 -0.003839 -0.048062
vn 0.998417 -0.003829 -0.056112
vn 0.998260 -0.003834 -0.058849
vn 0.964073 -0.004201 -0.265605
vn 0.683761 -0.004820 -0.729690
vn 0.229070 -0.004390 -0.973400
vn 0.026527 -0.003946 -0.999640
vn -0.027401 -0.003901 -0.999617
vn -0.059849 -0.003906 -0.998200
vn -0.050152 -0.003892 -0.998734
vn -0.281771 -0.004321 -0.959472
vn -0.818975 -0.004933 -0.573808
vn -0.992530 -0.004112 -0.121931
vn -0.999652 -0.003994 -0.026092
vn -0.999891 -0.003962 -0.014213
vn -0.999577 -0.003964 -0.028813
vn -0.994518 -0.004143 0.104486
vn -0.793917 -0.004924 0.608006
vn -0.553038 -0.004854 0.833142
vn -0.595130 -0.004934 0.803614
vn -0.592462 -0.004917 0.805583
vn -0.496139 -0.004848 0.868230
vn -0.225911 -0.004391 0.974138
vn -0.028785 -0.003965 0.999578
vn 0.047625 -0.003821 0.998858
vn 0.042881 -0.003799 0.999073
vn 0.042329 -0.003833 0.999096
vn 0.227985 -0.004165 0.973656
vn 0.657308 -0.004824 0.753606
vn 0.965387 -0.004586 0.260781
vn 0.999518 -0.003884 -0.030801
vn 0.998752 -0.003820 -0.049804
vn 0.998547 -0.003829 -0.053751
vn 0.998761 -0.003820 -0.049616
vn 0.981623 -0.004067 -0.190786
vn 0.677279 -0.004840 -0.735710
vn 0.144310 -0.004098 -0.989524
vn 0.026020 -0.003888 -0.999654
vn -0.029342 -0.003897 -0.999562
vn -0.059220 -0.003872 -0.998237
vn -0.241033 -0.004237 -0.970508
vn -0.773662 -0.000799 -0.633599
vn -0.884128 -0.000745 -0.467245
vn -0.690014 -0.000791 -0.723795
vn -0.617984 -0.000782 -0.786190
vn -0.812703 -0.000795 -0.582678
vn -0.980425 -0.000709 -0.196893
vn -0.999009 -0.000649 -0.044512
vn -0.999946 -0.000644 -0.010325
vn -0.999832 -0.000640 -0.018343
vn -0.999897 -0.000643 -0.014316
vn -0.950400 -0.000729 0.311028
vn -0.595692 -0.000808 0.803213
vn -0.209257 -0.000703 0.977861
vn -0.020194 -0.000645 0.999796
vn 0.053888 -0.000613 0.998547
vn 0.032825 -0.000614 0.999461
vn 0.044809 -0.000617 0.998995
vn 0.260619 -0.000674 0.965442
vn 0.789495 -0.000794 0.613756
vn 0.996794 -0.000662 0.080004
vn 0.998695 -0.000618 -0.051074
vn 0.998608 -0.000618 -0.052738
vn 0.998302 -0.000618 -0.058241
vn 0.988281 -0.000634 -0.152646
vn 0.784830 -0.000753 -0.619711
vn 0.562220 -0.000762 -0.826987
vn 0.647424 -0.000776 -0.762130
vn 0.585394 -0.000773 -0.810749
vn 0.444900 -0.000752 -0.895580
vn 0.213147 -0.000703 -0.977020
vn 0.015251 -0.000640 -0.999883
vn -0.043634 -0.000622 -0.999047
vn -0.040950 -0.000621 -0.999161
vn -0.042321 -0.000622 -0.999104
vn -0.344371 -0.000705 -0.938833
vn -0.830116 -0.000795 -0.557590
vn -0.988667 -0.000693 -0.150123
vn -0.999801 -0.000643 -0.019927
vn -0.999572 -0.000636 -0.029240
vn -0.999879 -0.000639 -0.015553
vn -0.999802 -0.000648 0.019884
vn -0.947627 -0.000730 0.319379
vn -0.536064 -0.000807 0.844177
vn -0.062596 -0.000659 0.998039
vn 0.080958 -0.000609 0.996717
vn 0.043029 -0.000608 0.999074
vn 0.009778 -0.000610 0.999952
vn 0.131708 -0.000632 0.991288
vn 0.688651 -0.000778 0.725092
vn 0.869485 -0.000751 0.493959
vn 0.675444 -0.000785 0.737411
vn 0.614094 -0.000775 0.789233
vn 0.783177 -0.000789 0.621798
vn 0.987032 -0.000730 0.160523
vn 0.996877 -0.000605 -0.078970
vn 0.998844 -0.000619 -0.048062
vn 0.998424 -0.000618 -0.056112
vn 0.998267 -0.000618 -0.058849
vn 0.964081 -0.000671 -0.265607
vn 0.683770 -0.000777 -0.729698
vn 0.229073 -0.000713 -0.973409
vn 0.026528 -0.000637 -0.999648
vn -0.027402 -0.000629 -0.999624
vn -0.059849 -0.000630 -0.998207
vn -0.050152 -0.000628 -0.998741
vn -0.281773 -0.000689 -0.959481
vn -0.818983 -0.000801 -0.573817
vn -0.992538 -0.000664 -0.121932
vn -0.999659 -0.000645 -0.026092
vn -0.999899 -0.000639 -0.014213
vn -0.999585 -0.000639 -0.028813
vn -0.994526 -0.000665 0.104487
vn -0.793925 -0.000790 0.608015
vn -0.553040 -0.000781 0.833154
vn -0.595137 -0.000796 0.803624
vn -0.592468 -0.000792 0.805593
vn -0.496144 -0.000785 0.868240
vn -0.225914 -0.000713 0.974147
vn -0.028785 -0.000641 0.999585
vn 0.047625 -0.000616 0.998865
vn 0.042882 -0.000613 0.999080
vn 0.042329 -0.000618 0.999103
vn 0.227987 -0.000666 0.973664
vn 0.657314 -0.000776 0.753616
vn 0.965396 -0.000747 0.260786
vn 0.999525 -0.000628 -0.030801
vn 0.998759 -0.000616 -0.049805
vn 0.998554 -0.000617 -0.053752
vn 0.998768 -0.000616 -0.049617
vn 0.981631 -0.000651 -0.190787
vn 0.677289 -0.000783 -0.735717
vn 0.144311 -0.000664 -0.989532
vn 0.026020 -0.000627 -0.999661
vn -0.029342 -0.000629 -0.999569
vn -0.059221 -0.000625 -0.998245
vn -0.241034 -0.000676 -0.970516
vn -0.773651 -0.004842 -0.633593
vn -0.884119 -0.004824 -0.467238
vn -0.690008 -0.004886 -0.723785
vn -0.617975 -0.004847 -0.786183
vn -0.812693 -0.004812 -0.582672
vn -0.980416 -0.004237 -0.196892
vn -0.999001 -0.004014 -0.044511
vn -0.999939 -0.003983 -0.010325
vn -0.999824 -0.003963 -0.018343
vn -0.999890 -0.004011 -0.014316
vn -0.950391 -0.004822 0.311021
vn -0.595686 -0.004858 0.803203
vn -0.209255 -0.004231 0.977852
vn -0.020195 -0.003903 0.999788
vn 0.053888 -0.003808 0.998540
vn 0.032824 -0.003802 0.999454
vn 0.044808 -0.003850 0.998988
vn 0.260615 -0.004414 0.965433
vn 0.789485 -0.004788 0.613751
vn 0.996787 -0.003984 0.080004
vn 0.998688 -0.003831 -0.051073
vn 0.998601 -0.003831 -0.052738
vn 0.998295 -0.003836 -0.058241
vn 0.988273 -0.004005 -0.152644
vn 0.784825 -0.004876 -0.619698
vn 0.562210 -0.004787 -0.826981
vn 0.647416 -0.004810 -0.762121
vn 0.585387 -0.004766 -0.810740
vn 0.444896 -0.004575 -0.895571
vn 0.213146 -0.004207 -0.977011
vn 0.015251 -0.003917 -0.999876
vn -0.043633 -0.003855 -0.999040
vn -0.040950 -0.003849 -0.999154
vn -0.042320 -0.003864 -0.999097
vn -0.344364 -0.004690 -0.938824
vn -0.830106 -0.004787 -0.557585
vn -0.988659 -0.004162 -0.150122
vn -0.999794 -0.003968 -0.019927
vn -0.999565 -0.003935 -0.029239
vn -0.999871 -0.003998 -0.015553
vn -0.999794 -0.004010 0.019884
vn -0.947617 -0.004843 0.319373
vn -0.536059 -0.004746 0.844167
vn -0.062596 -0.003953 0.998031
vn 0.080958 -0.003769 0.996710
vn 0.043029 -0.003773 0.999067
vn 0.009778 -0.003789 0.999945
vn 0.131707 -0.004022 0.991281
vn 0.688639 -0.004927 0.725088
vn 0.869476 -0.004825 0.493951
vn 0.675436 -0.004843 0.737403
vn 0.614089 -0.004809 0.789222
vn 0.783167 -0.004846 0.621793
vn 0.987023 -0.004184 0.160522
vn 0.996870 -0.003798 -0.078970
vn 0.998837 -0.003835 -0.048062
vn 0.998417 -0.003829 -0.056112
vn 0.998260 -0.003837 -0.058849
vn 0.964073 -0.004401 -0.265603
vn 0.683764 -0.004819 -0.729688
vn 0.229071 -0.004230 -0.973400
vn 0.026528 -0.003925 -0.999640
vn -0.027401 -0.003903 -0.999617
vn -0.059849 -0.003908 -0.998200
vn -0.050152 -0.003878 -0.998734
vn -0.281768 -0.004564 -0.959472
vn -0.818973 -0.004766 -0.573812
vn -0.992530 -0.004068 -0.121931
vn -0.999652 -0.003981 -0.026092
vn -0.999891 -0.003961 -0.014213
vn -0.999577 -0.003966 -0.028813
vn -0.994518 -0.004243 0.104485
vn -0.793918 -0.005056 0.608004
vn -0.553032 -0.004910 0.833146
vn -0.595129 -0.004917 0.803615
vn -0.592462 -0.004934 0.805583
vn -0.496139 -0.004733 0.868230
vn -0.225913 -0.004248 0.974138
vn -0.028785 -0.003909 0.999578
vn 0.047625 -0.003809 0.998858
vn 0.042881 -0.003802 0.999073
vn 0.042329 -0.003855 0.999096
vn 0.227983 -0.004333 0.973655
vn 0.657305 -0.004902 0.753609
vn 0.965387 -0.004349 0.260784
vn 0.999518 -0.003855 -0.030801
vn 0.998752 -0.003822 -0.049804
vn 0.998547 -0.003834 -0.053751
vn 0.998761 -0.003806 -0.049617
vn 0.981623 -0.004234 -0.190784
vn 0.677283 -0.004778 -0.735707
vn 0.144311 -0.004014 -0.989524
vn 0.026020 -0.003889 -0.999654
vn -0.029341 -0.003896 -0.999562
vn -0.059220 -0.003860 -0.998237
vn -0.241030 -0.004457 -0.970507
vn -0.773625 -0.009796 -0.633567
vn -0.884088 -0.009445 -0.467225
vn -0.689981 -0.009790 -0.723762
vn -0.617952 -0.009694 -0.786156
vn -0.812664 -0.009742 -0.582651
vn -0.980388 -0.008633 -0.196886
vn -0.998977 -0.008039 -0.044510
vn -0.999915 -0.007977 -0.010325
vn -0.999800 -0.007932 -0.018343
vn -0.999866 -0.007996 -0.014315
vn -0.950360 -0.009342 0.311012
vn -0.595662 -0.009869 0.803175
vn -0.209249 -0.008593 0.977825
vn -0.020194 -0.007900 0.999765
vn 0.053887 -0.007610 0.998518
vn 0.032824 -0.007610 0.999432
vn 0.044807 -0.007674 0.998966
vn 0.260608 -0.008597 0.965406
vn 0.789459 -0.009713 0.613726
vn 0.996762 -0.008087 0.080001
vn 0.998666 -0.007664 -0.051072
vn 0.998579 -0.007661 -0.052736
vn 0.998273 -0.007670 -0.058240
vn 0.988250 -0.007935 -0.152641
vn 0.784800 -0.009546 -0.619675
vn 0.562200 -0.009512 -0.826947
vn 0.647391 -0.009622 -0.762097
vn 0.585364 -0.009558 -0.810714
vn 0.444881 -0.009238 -0.895542
vn 0.213139 -0.008567 -0.976984
vn 0.015251 -0.007882 -0.999853
vn -0.043633 -0.007714 -0.999018
vn -0.040949 -0.007700 -0.999132
vn -0.042319 -0.007721 -0.999074
vn -0.344355 -0.009060 -0.938796
vn -0.830078 -0.009712 -0.557562
vn -0.988632 -0.008457 -0.150117
vn -0.999770 -0.007954 -0.019926
vn -0.999541 -0.007877 -0.029239
vn -0.999847 -0.007962 -0.015552
vn -0.999770 -0.008029 0.019884
vn -0.947586 -0.009366 0.319363
vn -0.536037 -0.009751 0.844138
vn -0.062593 -0.008042 0.998007
vn 0.080956 -0.007544 0.996689
vn 0.043028 -0.007542 0.999045
vn 0.009777 -0.007569 0.999924
vn 0.131704 -0.007942 0.991257
vn 0.688614 -0.009748 0.725063
vn 0.869446 -0.009479 0.493937
vn 0.675411 -0.009710 0.737377
vn 0.614067 -0.009614 0.789196
vn 0.783140 -0.009741 0.621769
vn 0.986995 -0.008707 0.160515
vn 0.996849 -0.007547 -0.078968
vn 0.998815 -0.007674 -0.048061
vn 0.998395 -0.007659 -0.056110
vn 0.998237 -0.007670 -0.058847
vn 0.964046 -0.008564 -0.265596
vn 0.683738 -0.009639 -0.729664
vn 0.229063 -0.008651 -0.973373
vn 0.026527 -0.007875 -0.999617
vn -0.027401 -0.007805 -0.999594
vn -0.059848 -0.007814 -0.998177
vn -0.050150 -0.007773 -0.998711
vn -0.281760 -0.008839 -0.959444
vn -0.818946 -0.009731 -0.573788
vn -0.992505 -0.008188 -0.121928
vn -0.999628 -0.007977 -0.026091
vn -0.999868 -0.007924 -0.014212
vn -0.999553 -0.007929 -0.028812
vn -0.994492 -0.008366 0.104482
vn -0.793887 -0.009954 0.607984
vn -0.553015 -0.009753 0.833115
vn -0.595105 -0.009855 0.803588
vn -0.592440 -0.009848 0.805554
vn -0.496122 -0.009603 0.868200
vn -0.225905 -0.008667 0.974111
vn -0.028784 -0.007885 0.999555
vn 0.047624 -0.007632 0.998836
vn 0.042880 -0.007600 0.999051
vn 0.042328 -0.007684 0.999074
vn 0.227978 -0.008466 0.973630
vn 0.657283 -0.009710 0.753581
vn 0.965358 -0.008980 0.260773
vn 0.999496 -0.007745 -0.030801
vn 0.998730 -0.007642 -0.049803
vn 0.998525 -0.007662 -0.053750
vn 0.998739 -0.007628 -0.049615
vn 0.981598 -0.008269 -0.190780
vn 0.677257 -0.009629 -0.735683
vn 0.144306 -0.008129 -0.989500
vn 0.026019 -0.007777 -0.999631
vn -0.029341 -0.007794 -0.999539
vn -0.059219 -0.007735 -0.998215
vn -0.241024 -0.008652 -0.970481
vn -0.773625 -0.009796 -0.633568
vn -0.884089 -0.009446 -0.467224
vn -0.689980 -0.009790 -0.723762
vn -0.617951 -0.009694 -0.786157
vn -0.812662 -0.009742 -0.582653
vn -0.980388 -0.008633 -0.196885
vn -0.998977 -0.008039 -0.044510
vn -0.999915 -0.007977 -0.010325
vn -0.999800 -0.007932 -0.018343
vn -0.999866 -0.007996 -0.014315
vn -0.950360 -0.009342 0.311012
vn -0.595662 -0.009869 0.803175
vn -0.209248 -0.008594 0.977825
vn -0.020194 -0.007900 0.999765
vn 0.053886 -0.007610 0.998518
vn 0.032824 -0.007610 0.999432
vn 0.044807 -0.007673 0.998966
vn 0.260608 -0.008597 0.965406
vn 0.789459 -0.009714 0.613726
vn 0.996762 -0.008087 0.080001
vn 0.998666 -0.007664 -0.051072
vn 0.998579 -0.007661 -0.052736
vn 0.998273 -0.007669 -0.058240
vn 0.988250 -0.007935 -0.152641
vn 0.784798 -0.009546 -0.619679
vn 0.562199 -0.009512 -0.826947
vn 0.647395 -0.009622 -0.762094
vn 0.585364 -0.009558 -0.810714
vn 0.444879 -0.009238 -0.895543
vn 0.213139 -0.008567 -0.976984
vn 0.015250 -0.007882 -0.999853
vn -0.043633 -0.007714 -0.999018
vn -0.040949 -0.007700 -0.999132
vn -0.042319 -0.007721 -0.999074
vn -0.344355 -0.009061 -0.938796
vn -0.830078 -0.009712 -0.557562
vn -0.988632 -0.008457 -0.150117
vn -0.999770 -0.007954 -0.019926
vn -0.999541 -0.007877 -0.029239
vn -0.999847 -0.007962 -0.015552
vn -0.999770 -0.008029 0.019884
vn -0.947586 -0.009366 0.319363
vn -0.536037 -0.009751 0.844138
vn -0.062593 -0.008042 0.998007
vn 0.080956 -0.007544 0.996689
vn 0.043028 -0.007543 0.999045
vn 0.009777 -0.007569 0.999924
vn 0.131704 -0.007942 0.991257
vn 0.688613 -0.009748 0.725063
vn 0.869445 -0.009479 0.493940
vn 0.675411 -0.009710 0.737378
vn 0.614065 -0.009614 0.789197
vn 0.783140 -0.009741 0.621769
vn 0.986995 -0.008707 0.160515
vn 0.996849 -0.007547 -0.078968
vn 0.998815 -0.007674 -0.048061
vn 0.998395 -0.007659 -0.056110
vn 0.998237 -0.007670 -0.058847
vn 0.964046 -0.008564 -0.265596
vn 0.683738 -0.009639 -0.729664
vn 0.229063 -0.008651 -0.973373
vn 0.026527 -0.007874 -0.999617
vn -0.027401 -0.007804 -0.999594
vn -0.059848 -0.007814 -0.998177
vn -0.050150 -0.007773 -0.998711
vn -0.281760 -0.008839 -0.959444
vn -0.818946 -0.009731 -0.573788
vn -0.992505 -0.008188 -0.121928
vn -0.999628 -0.007977 -0.026091
vn -0.999868 -0.007924 -0.014212
vn -0.999553 -0.007929 -0.028812
vn -0.994492 -0.008366 0.104483
vn -0.793885 -0.009954 0.607987
vn -0.553014 -0.009753 0.833115
vn -0.595106 -0.009855 0.803587
vn -0.592438 -0.009848 0.805556
vn -0.496122 -0.009603 0.868199
vn -0.225905 -0.008667 0.974111
vn -0.028784 -0.007884 0.999555
vn 0.047624 -0.007632 0.998836
vn 0.042880 -0.007600 0.999051
vn 0.042328 -0.007684 0.999074
vn 0.227978 -0.008465 0.973630
vn 0.657283 -0.009710 0.753581
vn 0.965358 -0.008980 0.260773
vn 0.999496 -0.007745 -0.030801
vn 0.998730 -0.007642 -0.049803
vn 0.998525 -0.007662 -0.053750
vn 0.998739 -0.007628 -0.049615
vn 0.981598 -0.008269 -0.190780
vn 0.677257 -0.009629 -0.735683
vn 0.144306 -0.008129 -0.989500
vn 0.026020 -0.007777 -0.999631
vn -0.029341 -0.007794 -0.999539
vn -0.059219 -0.007735 -0.998215
vn -0.241024 -0.008652 -0.970481
vn -0.773654 -0.004954 -0.633588
vn -0.884118 -0.004622 -0.467242
vn -0.690007 -0.004904 -0.723786
vn -0.617975 -0.004847 -0.786183
vn -0.812693 -0.004929 -0.582672
vn -0.980416 -0.004396 -0.196890
vn -0.999001 -0.004025 -0.044511
vn -0.999939 -0.003994 -0.010325
vn -0.999824 -0.003969 -0.018343
vn -0.999890 -0.003985 -0.014315
vn -0.950391 -0.004520 0.311026
vn -0.595682 -0.005011 0.803205
vn -0.209254 -0.004362 0.977852
vn -0.020194 -0.003998 0.999788
vn 0.053888 -0.003802 0.998540
vn 0.032824 -0.003808 0.999454
vn 0.044808 -0.003823 0.998988
vn 0.260617 -0.004183 0.965433
vn 0.789488 -0.004925 0.613746
vn 0.996786 -0.004103 0.080003
vn 0.998688 -0.003833 -0.051073
vn 0.998601 -0.003831 -0.052738
vn 0.998295 -0.003833 -0.058241
vn 0.988273 -0.003930 -0.152645
vn 0.784827 -0.004669 -0.619697
vn 0.562218 -0.004726 -0.826976
vn 0.647414 -0.004812 -0.762123
vn 0.585386 -0.004792 -0.810741
vn 0.444895 -0.004663 -0.895570
vn 0.213144 -0.004360 -0.977011
vn 0.015251 -0.003966 -0.999876
vn -0.043633 -0.003859 -0.999040
vn -0.040950 -0.003851 -0.999154
vn -0.042320 -0.003857 -0.999097
vn -0.344369 -0.004370 -0.938824
vn -0.830108 -0.004925 -0.557580
vn -0.988658 -0.004295 -0.150121
vn -0.999793 -0.003987 -0.019927
vn -0.999565 -0.003942 -0.029240
vn -0.999871 -0.003964 -0.015552
vn -0.999794 -0.004020 0.019884
vn -0.947617 -0.004523 0.319377
vn -0.536054 -0.005005 0.844169
vn -0.062594 -0.004089 0.998031
vn 0.080958 -0.003775 0.996710
vn 0.043028 -0.003770 0.999067
vn 0.009778 -0.003781 0.999945
vn 0.131708 -0.003920 0.991281
vn 0.688641 -0.004822 0.725087
vn 0.869472 -0.004654 0.493960
vn 0.675434 -0.004867 0.737404
vn 0.614087 -0.004805 0.789224
vn 0.783169 -0.004895 0.621789
vn 0.987022 -0.004523 0.160519
vn 0.996870 -0.003749 -0.078969
vn 0.998837 -0.003840 -0.048062
vn 0.998417 -0.003829 -0.056112
vn 0.998260 -0.003833 -0.058849
vn 0.964073 -0.004163 -0.265605
vn 0.683760 -0.004820 -0.729691
vn 0.229069 -0.004421 -0.973400
vn 0.026527 -0.003950 -0.999640
vn -0.027402 -0.003901 -0.999617
vn -0.059849 -0.003906 -0.998200
vn -0.050151 -0.003895 -0.998734
vn -0.281771 -0.004274 -0.959472
vn -0.818976 -0.004965 -0.573807
vn -0.992530 -0.004119 -0.121931
vn -0.999652 -0.003996 -0.026091
vn -0.999891 -0.003963 -0.014213
vn -0.999577 -0.003962 -0.028813
vn -0.994518 -0.004123 0.104486
vn -0.793913 -0.004899 0.608012
vn -0.553034 -0.004843 0.833145
vn -0.595128 -0.004938 0.803616
vn -0.592458 -0.004914 0.805586
vn -0.496138 -0.004870 0.868230
vn -0.225911 -0.004419 0.974138
vn -0.028785 -0.003976 0.999578
vn 0.047625 -0.003823 0.998858
vn 0.042881 -0.003799 0.999073
vn 0.042329 -0.003830 0.999096
vn 0.227985 -0.004133 0.973656
vn 0.657309 -0.004808 0.753606
vn 0.965387 -0.004631 0.260780
vn 0.999518 -0.003890 -0.030801
vn 0.998752 -0.003821 -0.049804
vn 0.998547 -0.003828 -0.053751
vn 0.998761 -0.003822 -0.049616
vn 0.981623 -0.004035 -0.190786
vn 0.677279 -0.004851 -0.735711
vn 0.144309 -0.004114 -0.989524
vn 0.026020 -0.003887 -0.999654
vn -0.029342 -0.003897 -0.999562
vn -0.059220 -0.003875 -0.998237
vn -0.241033 -0.004195 -0.970508
vn -0.773651 -0.004842 -0.633594
vn -0.884118 -0.004824 -0.467238
vn -0.690007 -0.004886 -0.723786
vn -0.617976 -0.004847 -0.786182
vn -0.812691 -0.004812 -0.582675
vn -0.980416 -0.004237 -0.196892
vn -0.999001 -0.004014 -0.044512
vn -0.999939 -0.003983 -0.010325
vn -0.999824 -0.003963 -0.018343
vn -0.999889 -0.004011 -0.014316
vn -0.950391 -0.004822 0.311021
vn -0.595686 -0.004858 0.803203
vn -0.209255 -0.004231 0.977852
vn -0.020195 -0.003903 0.999788
vn 0.053888 -0.003808 0.998540
vn 0.032825 -0.003802 0.999454
vn 0.044808 -0.003850 0.998988
vn 0.260614 -0.004414 0.965433
vn 0.789485 -0.004788 0.613751
vn 0.996787 -0.003984 0.080004
vn 0.998688 -0.003831 -0.051073
vn 0.998601 -0.003831 -0.052738
vn 0.998295 -0.003836 -0.058241
vn 0.988273 -0.004005 -0.152644
vn 0.784827 -0.004877 -0.619695
vn 0.562222 -0.004787 -0.826972
vn 0.647411 -0.004810 -0.762126
vn 0.585386 -0.004766 -0.810741
vn 0.444899 -0.004575 -0.895569
vn 0.213146 -0.004207 -0.977011
vn 0.015251 -0.003917 -0.999876
vn -0.043633 -0.003855 -0.999040
vn -0.040950 -0.003850 -0.999154
vn -0.042320 -0.003864 -0.999097
vn -0.344364 -0.004690 -0.938824
vn -0.830106 -0.004787 -0.557585
vn -0.988659 -0.004162 -0.150122
vn -0.999794 -0.003968 -0.019927
vn -0.999565 -0.003935 -0.029239
vn -0.999871 -0.003998 -0.015553
vn -0.999794 -0.004010 0.019884
vn -0.947617 -0.004843 0.319373
vn -0.536059 -0.004746 0.844167
vn -0.062596 -0.003953 0.998031
vn 0.080958 -0.003769 0.996710
vn 0.043029 -0.003773 0.999067
vn 0.009777 -0.003788 0.999945
vn 0.131707 -0.004022 0.991281
vn 0.688637 -0.004927 0.725089
vn 0.869473 -0.004825 0.493957
vn 0.675435 -0.004843 0.737403
vn 0.614086 -0.004809 0.789224
vn 0.783168 -0.004846 0.621792
vn 0.987023 -0.004184 0.160522
vn 0.996870 -0.003798 -0.078970
vn 0.998837 -0.003835 -0.048062
vn 0.998417 -0.003829 -0.056112
vn 0.998260 -0.003837 -0.058849
vn 0.964073 -0.004401 -0.265603
vn 0.683764 -0.004819 -0.729688
vn 0.229071 -0.004230 -0.973400
vn 0.026528 -0.003925 -0.999640
vn -0.027401 -0.003903 -0.999617
vn -0.059849 -0.003908 -0.998200
vn -0.050152 -0.003878 -0.998734
vn -0.281768 -0.004564 -0.959472
vn -0.818973 -0.004767 -0.573812
vn -0.992530 -0.004069 -0.121931
vn -0.999652 -0.003981 -0.026092
vn -0.999891 -0.003961 -0.014213
vn -0.999577 -0.003967 -0.028813
vn -0.994518 -0.004243 0.104485
vn -0.793917 -0.005056 0.608005
vn -0.553033 -0.004910 0.833145
vn -0.595128 -0.004917 0.803616
vn -0.592458 -0.004934 0.805586
vn -0.496140 -0.004733 0.868230
vn -0.225913 -0.004248 0.974138
vn -0.028785 -0.003909 0.999578
vn 0.047625 -0.003809 0.998858
vn 0.042881 -0.003801 0.999073
vn 0.042329 -0.003854 0.999096
vn 0.227983 -0.004333 0.973655
vn 0.657305 -0.004902 0.753609
vn 0.965387 -0.004350 0.260784
vn 0.999518 -0.003855 -0.030801
vn 0.998752 -0.003822 -0.049804
vn 0.998547 -0.003834 -0.053751
vn 0.998761 -0.003806 -0.049617
vn 0.981623 -0.004234 -0.190785
vn 0.677283 -0.004778 -0.735707
vn 0.144311 -0.004014 -0.989524
vn 0.026020 -0.003890 -0.999654
vn -0.029341 -0.003896 -0.999562
vn -0.059220 -0.003860 -0.998238
vn -0.241030 -0.004457 -0.970507
vn -0.773624 -0.009795 -0.633569
vn -0.884088 -0.009446 -0.467226
vn -0.689981 -0.009790 -0.723761
vn -0.617954 -0.009694 -0.786155
vn -0.812664 -0.009742 -0.582651
vn -0.980388 -0.008633 -0.196886
vn -0.998977 -0.008040 -0.044510
vn -0.999915 -0.007977 -0.010325
vn -0.999800 -0.007932 -0.018343
vn -0.999866 -0.007995 -0.014315
vn -0.950360 -0.009342 0.311012
vn -0.595662 -0.009869 0.803175
vn -0.209249 -0.008593 0.977825
vn -0.020194 -0.007900 0.999765
vn 0.053887 -0.007610 0.998518
vn 0.032824 -0.007610 0.999432
vn 0.044807 -0.007674 0.998966
vn 0.260608 -0.008596 0.965406
vn 0.789459 -0.009713 0.613726
vn 0.996762 -0.008087 0.080001
vn 0.998666 -0.007664 -0.051072
vn 0.998579 -0.007661 -0.052736
vn 0.998273 -0.007669 -0.058240
vn 0.988250 -0.007935 -0.152641
vn 0.784797 -0.009546 -0.619679
vn 0.562200 -0.009512 -0.826946
vn 0.647392 -0.009622 -0.762096
vn 0.585363 -0.009558 -0.810715
vn 0.444884 -0.009238 -0.895540
vn 0.213139 -0.008567 -0.976984
vn 0.015251 -0.007883 -0.999853
vn -0.043633 -0.007714 -0.999018
vn -0.040949 -0.007700 -0.999132
vn -0.042319 -0.007721 -0.999074
vn -0.344355 -0.009060 -0.938796
vn -0.830078 -0.009712 -0.557562
vn -0.988632 -0.008457 -0.150117
vn -0.999770 -0.007954 -0.019926
vn -0.999541 -0.007877 -0.029239
vn -0.999847 -0.007961 -0.015552
vn -0.999770 -0.008029 0.019884
vn -0.947586 -0.009366 0.319363
vn -0.536037 -0.009751 0.844138
vn -0.062593 -0.008042 0.998007
vn 0.080956 -0.007544 0.996689
vn 0.043028 -0.007543 0.999045
vn 0.009777 -0.007569 0.999924
vn 0.131704 -0.007941 0.991257
vn 0.688616 -0.009749 0.725060
vn 0.869447 -0.009479 0.493936
vn 0.675410 -0.009710 0.737379
vn 0.614066 -0.009614 0.789196
vn 0.783139 -0.009741 0.621770
vn 0.986995 -0.008707 0.160515
vn 0.996849 -0.007547 -0.078968
vn 0.998815 -0.007674 -0.048061
vn 0.998395 -0.007659 -0.056110
vn 0.998237 -0.007671 -0.058847
vn 0.964046 -0.008564 -0.265596
vn 0.683738 -0.009639 -0.729664
vn 0.229064 -0.008651 -0.973373
vn 0.026527 -0.007875 -0.999617
vn -0.027401 -0.007805 -0.999594
vn -0.059848 -0.007814 -0.998177
vn -0.050150 -0.007773 -0.998711
vn -0.281760 -0.008839 -0.959444
vn -0.818946 -0.009731 -0.573788
vn -0.992505 -0.008188 -0.121928
vn -0.999628 -0.007978 -0.026091
vn -0.999868 -0.007924 -0.014212
vn -0.999553 -0.007929 -0.028812
vn -0.994492 -0.008366 0.104483
vn -0.793887 -0.009954 0.607984
vn -0.553018 -0.009753 0.833112
vn -0.595105 -0.009855 0.803588
vn -0.592437 -0.009848 0.805557
vn -0.496123 -0.009603 0.868199
vn -0.225905 -0.008667 0.974111
vn -0.028784 -0.007885 0.999555
vn 0.047624 -0.007632 0.998836
vn 0.042880 -0.007600 0.999051
vn 0.042328 -0.007684 0.999074
vn 0.227978 -0.008465 0.973630
vn 0.657283 -0.009710 0.753581
vn 0.965358 -0.008980 0.260773
vn 0.999496 -0.007745 -0.030800
vn 0.998730 -0.007642 -0.049803
vn 0.998525 -0.007662 -0.053750
vn 0.998739 -0.007628 -0.049615
vn 0.981598 -0.008269 -0.190780
vn 0.677257 -0.009629 -0.735683
vn 0.144306 -0.008128 -0.989500
vn 0.026020 -0.007776 -0.999631
vn -0.029341 -0.007793 -0.999539
vn -0.059219 -0.007735 -0.998215
vn -0.241024 -0.008652 -0.970481
vn -0.773652 -0.004954 -0.633591
vn -0.884116 -0.004621 -0.467245
vn -0.690006 -0.004904 -0.723787
vn -0.617975 -0.004847 -0.786183
vn -0.812693 -0.004930 -0.582671
vn -0.980416 -0.004396 -0.196890
vn -0.999001 -0.004025 -0.044511
vn -0.999939 -0.003994 -0.010325
vn -0.999824 -0.003969 -0.018343
vn -0.999890 -0.003985 -0.014315
vn -0.950391 -0.004520 0.311026
vn -0.595682 -0.005011 0.803205
vn -0.209254 -0.004362 0.977852
vn -0.020194 -0.003997 0.999788
vn 0.053888 -0.003802 0.998540
vn 0.032824 -0.003808 0.999454
vn 0.044809 -0.003823 0.998988
vn 0.260617 -0.004183 0.965433
vn 0.789488 -0.004925 0.613746
vn 0.996786 -0.004103 0.080003
vn 0.998688 -0.003833 -0.051073
vn 0.998601 -0.003830 -0.052738
vn 0.998295 -0.003833 -0.058241
vn 0.988273 -0.003930 -0.152645
vn 0.784827 -0.004669 -0.619697
vn 0.562219 -0.004726 -0.826975
vn 0.647414 -0.004812 -0.762123
vn 0.585382 -0.004792 -0.810743
vn 0.444897 -0.004663 -0.895570
vn 0.213144 -0.004360 -0.977011
vn 0.015251 -0.003966 -0.999876
vn -0.043634 -0.003859 -0.999040
vn -0.040950 -0.003851 -0.999154
vn -0.042320 -0.003856 -0.999097
vn -0.344369 -0.004370 -0.938824
vn -0.830108 -0.004924 -0.557581
vn -0.988658 -0.004295 -0.150121
vn -0.999793 -0.003987 -0.019927
vn -0.999565 -0.003942 -0.029239
vn -0.999871 -0.003963 -0.015552
vn -0.999794 -0.004019 0.019884
vn -0.947617 -0.004523 0.319377
vn -0.536054 -0.005005 0.844169
vn -0.062594 -0.004089 0.998031
vn 0.080958 -0.003775 0.996710
vn 0.043029 -0.003770 0.999067
vn 0.009778 -0.003781 0.999945
vn 0.131708 -0.003920 0.991281
vn 0.688640 -0.004821 0.725088
vn 0.869476 -0.004654 0.493953
vn 0.675434 -0.004867 0.737404
vn 0.614089 -0.004805 0.789222
vn 0.783170 -0.004895 0.621788
vn 0.987022 -0.004523 0.160519
vn 0.996870 -0.003749 -0.078969
vn 0.998837 -0.003840 -0.048062
vn 0.998417 -0.003829 -0.056112
vn 0.998260 -0.003833 -0.058848
vn 0.964073 -0.004163 -0.265605
vn 0.683760 -0.004820 -0.729691
vn 0.229069 -0.004421 -0.973400
vn 0.026527 -0.003950 -0.999640
vn -0.027402 -0.003901 -0.999617
vn -0.059849 -0.003906 -0.998200
vn -0.050151 -0.003895 -0.998734
vn -0.281771 -0.004274 -0.959472
vn -0.818976 -0.004965 -0.573807
vn -0.992530 -0.004119 -0.121931
vn -0.999652 -0.003996 -0.026092
vn -0.999891 -0.003963 -0.014213
vn -0.999577 -0.003963 -0.028813
vn -0.994518 -0.004123 0.104486
vn -0.793910 -0.004899 0.608016
vn -0.553037 -0.004843 0.833143
vn -0.595128 -0.004938 0.803616
vn -0.592457 -0.004914 0.805587
vn -0.496139 -0.004870 0.868229
vn -0.225911 -0.004419 0.974138
vn -0.028785 -0.003976 0.999578
vn 0.047625 -0.003823 0.998858
vn 0.042881 -0.003799 0.999073
vn 0.042329 -0.003830 0.999096
vn 0.227985 -0.004133 0.973656
vn 0.657309 -0.004808 0.753606
vn 0.965387 -0.004631 0.260780
vn 0.999518 -0.003890 -0.030801
vn 0.998752 -0.003821 -0.049804
vn 0.998547 -0.003828 -0.053751
vn 0.998761 -0.003822 -0.049616
vn 0.981623 -0.004035 -0.190787
vn 0.677279 -0.004851 -0.735711
vn 0.144309 -0.004114 -0.989524
vn 0.026020 -0.003887 -0.999654
vn -0.029342 -0.003897 -0.999562
vn -0.059220 -0.003875 -0.998237
vn -0.241033 -0.004195 -0.970508
vn -0.773650 -0.004842 -0.633595
vn -0.884117 -0.004824 -0.467241
vn -0.690006 -0.004886 -0.723787
vn -0.617976 -0.004847 -0.786182
vn -0.812691 -0.004812 -0.582675
vn -0.980416 -0.004237 -0.196892
vn -0.999001 -0.004014 -0.044512
vn -0.999939 -0.003983 -0.010325
vn -0.999824 -0.003963 -0.018343
vn -0.999889 -0.004011 -0.014316
vn -0.950391 -0.004822 0.311021
vn -0.595686 -0.004859 0.803203
vn -0.209255 -0.004232 0.977852
vn -0.020195 -0.003903 0.999788
vn 0.053888 -0.003808 0.998540
vn 0.032825 -0.003802 0.999454
vn 0.044808 -0.003850 0.998988
vn 0.260614 -0.004414 0.965433
vn 0.789485 -0.004788 0.613751
vn 0.996787 -0.003984 0.080004
vn 0.998688 -0.003832 -0.051073
vn 0.998601 -0.003831 -0.052738
vn 0.998295 -0.003836 -0.058241
vn 0.988273 -0.004005 -0.152644
vn 0.784827 -0.004877 -0.619695
vn 0.562222 -0.004787 -0.826973
vn 0.647413 -0.004810 -0.762124
vn 0.585384 -0.004766 -0.810742
vn 0.444898 -0.004575 -0.895570
vn 0.213146 -0.004207 -0.977011
vn 0.015251 -0.003917 -0.999876
vn -0.043634 -0.003855 -0.999040
vn -0.040950 -0.003850 -0.999154
vn -0.042320 -0.003865 -0.999097
vn -0.344364 -0.004690 -0.938824
vn -0.830106 -0.004788 -0.557585
vn -0.988659 -0.004162 -0.150122
vn -0.999794 -0.003968 -0.019927
vn -0.999565 -0.003935 -0.029239
vn -0.999871 -0.003998 -0.015553
vn -0.999794 -0.004010 0.019884
vn -0.947617 -0.004843 0.319372
vn -0.536059 -0.004746 0.844167
vn -0.062596 -0.003953 0.998031
vn 0.080958 -0.003769 0.996710
vn 0.043029 -0.003773 0.999067
vn 0.009778 -0.003788 0.999945
vn 0.131707 -0.004022 0.991281
vn 0.688635 -0.004927 0.725092
vn 0.869475 -0.004825 0.493953
vn 0.675438 -0.004843 0.737401
vn 0.614087 -0.004809 0.789224
vn 0.783170 -0.004846 0.621789
vn 0.987023 -0.004185 0.160522
vn 0.996870 -0.003798 -0.078970
vn 0.998837 -0.003835 -0.048062
vn 0.998417 -0.003829 -0.056112
vn 0.998260 -0.003837 -0.058848
vn 0.964073 -0.004401 -0.265603
vn 0.683764 -0.004819 -0.729688
vn 0.229071 -0.004230 -0.973400
vn 0.026528 -0.003925 -0.999640
vn -0.027401 -0.003903 -0.999617
vn -0.059849 -0.003908 -0.998200
vn -0.050152 -0.003879 -0.998734
vn -0.281768 -0.004564 -0.959472
vn -0.818973 -0.004767 -0.573812
vn -0.992530 -0.004068 -0.121931
vn -0.999652 -0.003981 -0.026092
vn -0.999891 -0.003961 -0.014213
vn -0.999577 -0.003967 -0.028813
vn -0.994518 -0.004243 0.104485
vn -0.793916 -0.005056 0.608007
vn -0.553031 -0.004910 0.833146
vn -0.595130 -0.004917 0.803614
vn -0.592456 -0.004934 0.805588
vn -0.496142 -0.004733 0.868229
vn -0.225913 -0.004248 0.974138
vn -0.028785 -0.003909 0.999578
vn 0.047625 -0.003809 0.998858
vn 0.042881 -0.003801 0.999073
vn 0.042329 -0.003854 0.999096
vn 0.227983 -0.004333 0.973655
vn 0.657305 -0.004902 0.753609
vn 0.965387 -0.004349 0.260784
vn 0.999518 -0.003855 -0.030801
vn 0.998752 -0.003822 -0.049804
vn 0.998547 -0.003834 -0.053751
vn 0.998761 -0.003806 -0.049616
vn 0.981623 -0.004234 -0.190785
vn 0.677283 -0.004778 -0.735707
vn 0.144311 -0.004015 -0.989524
vn 0.026020 -0.003890 -0.999654
vn -0.029341 -0.003896 -0.999562
vn -0.059220 -0.003860 -0.998238
vn -0.241030 -0.004457 -0.970507
vn -0.773504 -0.019475 -0.633492
vn -0.883976 -0.019090 -0.467143
vn -0.689887 -0.019557 -0.723653
vn -0.617866 -0.019384 -0.786044
vn -0.812542 -0.019362 -0.582580
vn -0.980281 -0.017103 -0.196869
vn -0.998880 -0.016065 -0.044507
vn -0.999820 -0.015941 -0.010325
vn -0.999706 -0.015857 -0.018340
vn -0.999769 -0.016014 -0.014315
vn -0.950238 -0.018981 0.310945
vn -0.595588 -0.019582 0.803052
vn -0.209229 -0.017054 0.977718
vn -0.020194 -0.015703 0.999673
vn 0.053882 -0.015224 0.998431
vn 0.032821 -0.015211 0.999345
vn 0.044803 -0.015372 0.998878
vn 0.260565 -0.017420 0.965299
vn 0.789338 -0.019285 0.613656
vn 0.996666 -0.016053 0.079998
vn 0.998578 -0.015325 -0.051068
vn 0.998491 -0.015320 -0.052732
vn 0.998185 -0.015339 -0.058234
vn 0.988156 -0.015943 -0.152622
vn 0.784707 -0.019295 -0.619567
vn 0.562113 -0.019082 -0.826840
vn 0.647304 -0.019237 -0.761989
vn 0.585288 -0.019085 -0.810601
vn 0.444831 -0.018384 -0.895426
vn 0.213121 -0.016978 -0.976878
vn 0.015251 -0.015713 -0.999760
vn -0.043628 -0.015422 -0.998929
vn -0.040946 -0.015397 -0.999043
vn -0.042315 -0.015448 -0.998985
vn -0.344287 -0.018436 -0.938684
vn -0.829955 -0.019283 -0.557497
vn -0.988528 -0.016778 -0.150105
vn -0.999675 -0.015887 -0.019925
vn -0.999449 -0.015744 -0.029235
vn -0.999752 -0.015955 -0.015553
vn -0.999673 -0.016046 0.019882
vn -0.947465 -0.019048 0.319293
vn -0.535972 -0.019239 0.844016
vn -0.062591 -0.015944 0.997912
vn 0.080949 -0.015079 0.996604
vn 0.043026 -0.015086 0.998960
vn 0.009776 -0.015144 0.999838
vn 0.131686 -0.015982 0.991163
vn 0.688490 -0.019598 0.724981
vn 0.869334 -0.019125 0.493855
vn 0.675322 -0.019391 0.737268
vn 0.613979 -0.019228 0.789088
vn 0.783023 -0.019429 0.621689
vn 0.986888 -0.017072 0.160502
vn 0.996763 -0.015141 -0.078963
vn 0.998727 -0.015341 -0.048056
vn 0.998307 -0.015315 -0.056106
vn 0.998149 -0.015343 -0.058842
vn 0.963940 -0.017362 -0.265552
vn 0.683657 -0.019273 -0.729549
vn 0.229044 -0.017108 -0.973266
vn 0.026525 -0.015721 -0.999525
vn -0.027397 -0.015609 -0.999503
vn -0.059842 -0.015628 -0.998085
vn -0.050146 -0.015527 -0.998621
vn -0.281707 -0.017964 -0.959332
vn -0.818824 -0.019261 -0.573721
vn -0.992406 -0.016323 -0.121918
vn -0.999533 -0.015937 -0.026090
vn -0.999774 -0.015843 -0.014210
vn -0.999459 -0.015859 -0.028809
vn -0.994386 -0.016849 0.104464
vn -0.793789 -0.020061 0.607862
vn -0.552930 -0.019567 0.832998
vn -0.595023 -0.019683 0.803468
vn -0.592346 -0.019710 0.805442
vn -0.496060 -0.019064 0.868079
vn -0.225885 -0.017159 0.974003
vn -0.028784 -0.015700 0.999462
vn 0.047619 -0.015248 0.998749
vn 0.042877 -0.015201 0.998965
vn 0.042323 -0.015391 0.998985
vn 0.227942 -0.017128 0.973524
vn 0.657172 -0.019509 0.753488
vn 0.965245 -0.017676 0.260749
vn 0.999406 -0.015453 -0.030797
vn 0.998642 -0.015283 -0.049799
vn 0.998437 -0.015328 -0.053745
vn 0.998652 -0.015237 -0.049612
vn 0.981496 -0.016733 -0.190750
vn 0.677180 -0.019182 -0.735567
vn 0.144296 -0.016155 -0.989403
vn 0.026017 -0.015553 -0.999541
vn -0.029336 -0.015583 -0.999448
vn -0.059215 -0.015453 -0.998126
vn -0.240980 -0.017561 -0.970371
vn -0.771422 -0.072661 -0.632162
vn -0.882017 -0.071442 -0.465771
vn -0.688244 -0.073014 -0.721796
vn -0.616356 -0.072382 -0.784134
vn -0.810454 -0.072227 -0.581333
vn -0.978412 -0.063810 -0.196564
vn -0.997205 -0.060061 -0.044440
vn -0.998169 -0.059601 -0.010323
vn -0.998073 -0.059290 -0.018290
vn -0.998102 -0.059900 -0.014316
vn -0.948135 -0.071112 0.309811
vn -0.594281 -0.073016 0.800936
vn -0.208892 -0.063646 0.975866
vn -0.020204 -0.058656 0.998074
vn 0.053807 -0.056947 0.996926
vn 0.032779 -0.056887 0.997842
vn 0.044718 -0.057512 0.997343
vn 0.259828 -0.065269 0.963447
vn 0.787268 -0.071942 0.612399
vn 0.994997 -0.059939 0.079926
vn 0.997053 -0.057315 -0.050989
vn 0.996968 -0.057297 -0.052651
vn 0.996659 -0.057369 -0.058142
vn 0.986531 -0.059669 -0.152300
vn 0.783128 -0.072218 -0.617653
vn 0.560681 -0.071310 -0.824956
vn 0.645757 -0.071839 -0.760156
vn 0.583956 -0.071256 -0.808652
vn 0.443922 -0.068612 -0.893435
vn 0.212794 -0.063349 -0.975041
vn 0.015256 -0.058724 -0.998158
vn -0.043557 -0.057675 -0.997385
vn -0.040889 -0.057585 -0.997503
vn -0.042242 -0.057778 -0.997435
vn -0.343131 -0.069104 -0.936742
vn -0.827838 -0.071922 -0.556337
vn -0.986718 -0.062623 -0.149888
vn -0.998036 -0.059393 -0.019905
vn -0.997839 -0.058870 -0.029169
vn -0.998096 -0.059684 -0.015558
vn -0.998002 -0.059990 0.019854
vn -0.945366 -0.071372 0.318103
vn -0.534826 -0.071672 0.841917
vn -0.062548 -0.059522 0.996265
vn 0.080825 -0.056397 0.995132
vn 0.042990 -0.056430 0.997481
vn 0.009753 -0.056648 0.998347
vn 0.131377 -0.059834 0.989525
vn 0.686392 -0.073281 0.723530
vn 0.867401 -0.071550 0.492439
vn 0.673737 -0.072392 0.735417
vn 0.612502 -0.071808 0.787201
vn 0.780985 -0.072522 0.620325
vn 0.985028 -0.063568 0.160249
vn 0.995273 -0.056669 -0.078872
vn 0.997199 -0.057373 -0.047977
vn 0.996785 -0.057280 -0.056020
vn 0.996622 -0.057385 -0.058750
vn 0.962107 -0.065059 -0.264795
vn 0.682235 -0.071986 -0.727581
vn 0.228685 -0.063807 -0.971407
vn 0.026498 -0.058770 -0.997920
vn -0.027335 -0.058373 -0.997921
vn -0.059744 -0.058446 -0.996501
vn -0.050076 -0.058055 -0.997057
vn -0.280799 -0.067327 -0.957402
vn -0.816735 -0.071801 -0.572528
vn -0.990686 -0.060989 -0.121746
vn -0.997883 -0.059581 -0.026067
vn -0.998143 -0.059243 -0.014174
vn -0.997825 -0.059307 -0.028766
vn -0.992560 -0.063069 0.104151
vn -0.792021 -0.075022 0.605867
vn -0.551474 -0.073109 0.830982
vn -0.593557 -0.073476 0.801431
vn -0.590828 -0.073605 0.803433
vn -0.494982 -0.071104 0.865989
vn -0.225520 -0.064010 0.972134
vn -0.028769 -0.058662 0.997863
vn 0.047536 -0.057021 0.997241
vn 0.042827 -0.056857 0.997463
vn 0.042243 -0.057580 0.997447
vn 0.227330 -0.064161 0.971702
vn 0.655280 -0.072926 0.751858
vn 0.963279 -0.065849 0.260302
vn 0.997857 -0.057769 -0.030733
vn 0.997126 -0.057162 -0.049729
vn 0.996913 -0.057328 -0.053655
vn 0.997145 -0.056976 -0.049546
vn 0.979734 -0.062693 -0.190238
vn 0.675813 -0.071608 -0.733586
vn 0.144115 -0.060332 -0.987720
vn 0.025973 -0.058166 -0.997969
vn -0.029251 -0.058276 -0.997872
vn -0.059141 -0.057781 -0.996576
vn -0.240239 -0.065815 -0.968480
vn -0.768883 -0.112611 -0.629395
vn -0.878971 -0.108502 -0.464367
vn -0.685621 -0.112506 -0.719212
vn -0.614132 -0.111412 -0.781300
vn -0.807680 -0.112002 -0.578885
vn -0.975587 -0.099406 -0.195826
vn -0.994718 -0.092580 -0.044319
vn -0.995718 -0.091866 -0.010279
vn -0.995651 -0.091353 -0.018270
vn -0.995651 -0.092062 -0.014254
vn -0.945000 -0.107275 0.308976
vn -0.591664 -0.113462 0.798161
vn -0.208171 -0.098946 0.973075
vn -0.020077 -0.091024 0.995646
vn 0.053680 -0.087666 0.994703
vn 0.032697 -0.087671 0.995613
vn 0.044634 -0.088383 0.995086
vn 0.259221 -0.098824 0.960749
vn 0.784720 -0.111688 0.609705
vn 0.992464 -0.093167 0.079594
vn 0.994795 -0.088287 -0.050874
vn 0.994712 -0.088251 -0.052532
vn 0.994399 -0.088343 -0.058014
vn 0.984151 -0.091348 -0.151996
vn 0.780248 -0.109639 -0.615786
vn 0.558851 -0.109323 -0.822031
vn 0.643449 -0.110595 -0.757458
vn 0.581833 -0.109873 -0.805852
vn 0.442343 -0.106268 -0.890528
vn 0.212016 -0.098652 -0.972274
vn 0.015175 -0.090801 -0.995753
vn -0.043462 -0.088859 -0.995095
vn -0.040788 -0.088702 -0.995223
vn -0.042154 -0.088934 -0.995145
vn -0.342236 -0.104065 -0.933834
vn -0.825041 -0.111670 -0.553929
vn -0.983977 -0.097392 -0.149348
vn -0.995597 -0.091609 -0.019840
vn -0.995450 -0.090723 -0.029123
vn -0.995669 -0.091671 -0.015487
vn -0.995520 -0.092459 0.019798
vn -0.942228 -0.107545 0.317240
vn -0.532354 -0.112162 0.839058
vn -0.062254 -0.092659 0.993750
vn 0.080653 -0.086913 0.992946
vn 0.042862 -0.086897 0.995295
vn 0.009741 -0.087196 0.996144
vn 0.131134 -0.091416 0.987141
vn 0.684240 -0.111985 0.720607
vn 0.864367 -0.108897 0.490929
vn 0.671208 -0.111602 0.732819
vn 0.610334 -0.110498 0.784400
vn 0.778300 -0.111967 0.617829
vn 0.982108 -0.100317 0.159374
vn 0.993103 -0.086928 -0.078673
vn 0.994933 -0.088405 -0.047875
vn 0.994531 -0.088225 -0.055893
vn 0.994362 -0.088359 -0.058619
vn 0.959435 -0.098448 -0.264184
vn 0.679524 -0.110790 -0.725240
vn 0.227800 -0.099629 -0.968597
vn 0.026414 -0.090701 -0.995528
vn -0.027293 -0.089890 -0.995578
vn -0.059607 -0.090001 -0.994156
vn -0.049948 -0.089535 -0.994730
vn -0.280114 -0.101557 -0.954580
vn -0.814036 -0.111916 -0.569929
vn -0.988118 -0.094292 -0.121371
vn -0.995432 -0.091871 -0.025977
vn -0.995727 -0.091256 -0.014156
vn -0.995409 -0.091312 -0.028692
vn -0.989913 -0.096250 0.103966
vn -0.788826 -0.114297 0.603896
vn -0.549552 -0.112051 0.827911
vn -0.591299 -0.113245 0.798462
vn -0.588666 -0.113149 0.800418
vn -0.493026 -0.110430 0.862978
vn -0.224690 -0.099800 0.969306
vn -0.028648 -0.090834 0.995454
vn 0.047444 -0.087925 0.994997
vn 0.042715 -0.087555 0.995243
vn 0.042164 -0.088503 0.995183
vn 0.226817 -0.097346 0.969060
vn 0.653166 -0.111554 0.748953
vn 0.960297 -0.103409 0.259108
vn 0.995538 -0.089228 -0.030684
vn 0.994881 -0.088036 -0.049610
vn 0.994657 -0.088261 -0.053543
vn 0.994904 -0.087880 -0.049422
vn 0.977198 -0.095101 -0.189841
vn 0.672997 -0.110708 -0.731313
vn 0.143625 -0.093636 -0.985192
vn 0.025916 -0.089571 -0.995643
vn -0.029229 -0.089765 -0.995534
vn -0.058981 -0.089103 -0.994275
vn -0.239684 -0.099440 -0.965745
vn -0.768874 -0.111905 -0.629532
vn -0.879040 -0.108061 -0.464340
vn -0.685689 -0.111873 -0.719246
vn -0.614177 -0.110799 -0.781352
vn -0.807698 -0.111295 -0.578997
vn -0.975646 -0.098734 -0.195872
vn -0.994767 -0.092060 -0.044323
vn -0.995766 -0.091351 -0.010283
vn -0.995698 -0.090844 -0.018265
vn -0.995696 -0.091573 -0.014261
vn -0.945059 -0.106918 0.308920
vn -0.591787 -0.112720 0.798174
vn -0.208208 -0.098299 0.973132
vn -0.020095 -0.090447 0.995698
vn 0.053684 -0.087186 0.994745
vn 0.032700 -0.087180 0.995656
vn 0.044631 -0.087916 0.995128
vn 0.259190 -0.098458 0.960795
vn 0.784713 -0.110967 0.609846
vn 0.992518 -0.092560 0.079625
vn 0.994838 -0.087797 -0.050876
vn 0.994755 -0.087763 -0.052534
vn 0.994442 -0.087857 -0.058016
vn 0.984194 -0.090903 -0.151986
vn 0.780349 -0.109196 -0.615737
vn 0.558853 -0.108769 -0.822102
vn 0.643499 -0.109984 -0.757504
vn 0.581891 -0.109248 -0.805896
vn 0.442399 -0.105613 -0.890578
vn 0.212063 -0.097989 -0.972331
vn 0.015185 -0.090261 -0.995802
vn -0.043463 -0.088365 -0.995139
vn -0.040791 -0.088210 -0.995266
vn -0.042154 -0.088448 -0.995188
vn -0.342184 -0.103740 -0.933889
vn -0.825058 -0.110950 -0.554049
vn -0.984035 -0.096751 -0.149382
vn -0.995645 -0.091088 -0.019845
vn -0.995496 -0.090216 -0.029118
vn -0.995713 -0.091191 -0.015496
vn -0.995568 -0.091941 0.019801
vn -0.942287 -0.107200 0.317180
vn -0.532489 -0.111345 0.839081
vn -0.062285 -0.092040 0.993805
vn 0.080655 -0.086427 0.992988
vn 0.042872 -0.086418 0.995336
vn 0.009739 -0.086720 0.996185
vn 0.131118 -0.090990 0.987182
vn 0.684192 -0.111450 0.720735
vn 0.864441 -0.108429 0.490902
vn 0.671276 -0.110969 0.732853
vn 0.610373 -0.109893 0.784454
vn 0.778317 -0.111313 0.617925
vn 0.982178 -0.099501 0.159453
vn 0.993141 -0.086485 -0.078683
vn 0.994977 -0.087912 -0.047875
vn 0.994574 -0.087737 -0.055896
vn 0.994405 -0.087873 -0.058621
vn 0.959480 -0.098090 -0.264151
vn 0.679636 -0.110179 -0.725228
vn 0.227856 -0.098931 -0.968656
vn 0.026420 -0.090180 -0.995575
vn -0.027289 -0.089395 -0.995622
vn -0.059609 -0.089505 -0.994201
vn -0.049953 -0.089027 -0.994776
vn -0.280071 -0.101221 -0.954628
vn -0.814043 -0.111147 -0.570071
vn -0.988169 -0.093732 -0.121391
vn -0.995480 -0.091352 -0.025984
vn -0.995773 -0.090750 -0.014153
vn -0.995455 -0.090811 -0.028694
vn -0.989957 -0.095812 0.103944
vn -0.788939 -0.113789 0.603843
vn -0.549564 -0.111485 0.827980
vn -0.591351 -0.112605 0.798514
vn -0.588697 -0.112542 0.800481
vn -0.493103 -0.109716 0.863025
vn -0.224737 -0.099115 0.969365
vn -0.028661 -0.090279 0.995504
vn 0.047442 -0.087429 0.995040
vn 0.042721 -0.087073 0.995286
vn 0.042162 -0.088033 0.995225
vn 0.226792 -0.096964 0.969105
vn 0.653142 -0.111012 0.749054
vn 0.960358 -0.102620 0.259194
vn 0.995585 -0.088707 -0.030681
vn 0.994924 -0.087550 -0.049614
vn 0.994700 -0.087777 -0.053543
vn 0.994948 -0.087380 -0.049427
vn 0.977239 -0.094731 -0.189816
vn 0.673133 -0.110042 -0.731289
vn 0.143658 -0.093041 -0.985244
vn 0.025916 -0.089078 -0.995687
vn -0.029219 -0.089267 -0.995579
vn -0.058989 -0.088598 -0.994319
vn -0.239648 -0.099094 -0.965789
vn -0.768535 -0.116122 -0.629182
vn -0.878645 -0.112041 -0.464145
vn -0.685348 -0.116060 -0.718908
vn -0.613887 -0.114942 -0.780981
vn -0.807333 -0.115491 -0.578683
vn -0.975278 -0.102484 -0.195780
vn -0.994441 -0.095519 -0.044308
vn -0.995445 -0.094783 -0.010278
vn -0.995380 -0.094257 -0.018262
vn -0.995375 -0.095003 -0.014254
vn -0.944651 -0.110825 0.308792
vn -0.591456 -0.116979 0.797807
vn -0.208118 -0.102024 0.972768
vn -0.020080 -0.093873 0.995382
vn 0.053667 -0.090459 0.994453
vn 0.032690 -0.090458 0.995364
vn 0.044620 -0.091210 0.994832
vn 0.259100 -0.102078 0.960441
vn 0.784372 -0.115157 0.609507
vn 0.992188 -0.096070 0.079585
vn 0.994542 -0.091096 -0.050861
vn 0.994460 -0.091060 -0.052519
vn 0.994146 -0.091156 -0.057999
vn 0.983881 -0.094292 -0.151942
vn 0.779987 -0.113215 -0.615470
vn 0.558610 -0.112819 -0.821722
vn 0.643196 -0.114099 -0.757153
vn 0.581614 -0.113342 -0.805530
vn 0.442193 -0.109594 -0.890199
vn 0.211966 -0.101710 -0.971970
vn 0.015176 -0.093666 -0.995488
vn -0.043450 -0.091685 -0.994840
vn -0.040779 -0.091524 -0.994968
vn -0.042142 -0.091767 -0.994888
vn -0.342048 -0.107524 -0.933510
vn -0.824687 -0.115140 -0.553746
vn -0.983677 -0.100421 -0.149315
vn -0.995326 -0.094514 -0.019837
vn -0.995184 -0.093605 -0.029111
vn -0.995395 -0.094603 -0.015489
vn -0.995243 -0.095395 0.019794
vn -0.941879 -0.111112 0.317047
vn -0.532178 -0.115587 0.838705
vn -0.062250 -0.095538 0.993477
vn 0.080632 -0.089677 0.992702
vn 0.042857 -0.089665 0.995049
vn 0.009737 -0.089976 0.995896
vn 0.131082 -0.094374 0.986869
vn 0.683890 -0.115584 0.720371
vn 0.864046 -0.112432 0.490697
vn 0.670949 -0.115125 0.732512
vn 0.610090 -0.114002 0.784088
vn 0.777961 -0.115490 0.617607
vn 0.981800 -0.103334 0.159344
vn 0.992856 -0.089720 -0.078658
vn 0.994680 -0.091216 -0.047862
vn 0.994279 -0.091033 -0.055879
vn 0.994109 -0.091173 -0.058604
vn 0.959130 -0.101693 -0.264060
vn 0.679293 -0.114299 -0.724911
vn 0.227746 -0.102698 -0.968290
vn 0.026410 -0.093574 -0.995262
vn -0.027283 -0.092752 -0.995315
vn -0.059591 -0.092866 -0.993894
vn -0.049937 -0.092376 -0.994471
vn -0.279966 -0.104924 -0.954259
vn -0.813685 -0.115362 -0.569744
vn -0.987834 -0.097265 -0.121344
vn -0.995159 -0.094786 -0.025973
vn -0.995457 -0.094158 -0.014150
vn -0.995138 -0.094219 -0.028685
vn -0.989610 -0.099369 0.103914
vn -0.788536 -0.117992 0.603564
vn -0.549314 -0.115632 0.827577
vn -0.591058 -0.116820 0.798125
vn -0.588415 -0.116742 0.800087
vn -0.492852 -0.113861 0.862631
vn -0.224633 -0.102883 0.968997
vn -0.028647 -0.093689 0.995189
vn 0.047430 -0.090717 0.994747
vn 0.042707 -0.090344 0.994995
vn 0.042150 -0.091332 0.994928
vn 0.226716 -0.100538 0.968758
vn 0.652852 -0.115133 0.748685
vn 0.959970 -0.106550 0.259045
vn 0.995282 -0.092050 -0.030673
vn 0.994630 -0.090839 -0.049599
vn 0.994405 -0.091073 -0.053528
vn 0.994654 -0.090669 -0.049412
vn 0.976906 -0.098223 -0.189756
vn 0.672778 -0.114180 -0.730980
vn 0.143598 -0.096564 -0.984914
vn 0.025909 -0.092423 -0.995383
vn -0.029215 -0.092621 -0.995273
vn -0.058969 -0.091931 -0.994018
vn -0.239564 -0.102727 -0.965431
vn -0.773800 -0.008133 -0.633378
vn -0.884170 -0.004364 -0.467144
vn -0.689972 -0.007057 -0.723801
vn -0.617967 -0.006794 -0.786174
vn -0.812781 -0.008146 -0.582513
vn -0.980415 -0.007852 -0.196788
vn -0.998992 -0.005784 -0.044509
vn -0.999930 -0.005729 -0.010321
vn -0.999816 -0.005645 -0.018349
vn -0.999883 -0.005336 -0.014312
vn -0.950469 -0.003186 0.310804
vn -0.595470 -0.008630 0.803331
vn -0.209186 -0.007500 0.977847
vn -0.020157 -0.006622 0.999775
vn 0.053886 -0.005287 0.998533
vn 0.032822 -0.005436 0.999446
vn 0.044810 -0.005099 0.998982
vn 0.260514 -0.003461 0.965464
vn 0.789650 -0.008362 0.613500
vn 0.996776 -0.007018 0.079934
vn 0.998680 -0.005410 -0.051073
vn 0.998594 -0.005397 -0.052737
vn 0.998288 -0.005372 -0.058241
vn 0.988271 -0.004740 -0.152639
vn 0.784947 -0.004394 -0.619548
vn 0.562219 -0.005987 -0.826967
vn 0.647409 -0.006772 -0.762112
vn 0.585359 -0.006997 -0.810744
vn 0.444840 -0.007479 -0.895579
vn 0.213042 -0.007737 -0.977012
vn 0.015235 -0.006101 -0.999865
vn -0.043634 -0.005473 -0.999033
vn -0.040948 -0.005436 -0.999146
vn -0.042322 -0.005350 -0.999090
vn -0.344138 -0.002792 -0.938915
vn -0.830217 -0.008348 -0.557378
vn -0.988650 -0.007432 -0.150052
vn -0.999785 -0.005811 -0.019922
vn -0.999556 -0.005630 -0.029244
vn -0.999866 -0.005220 -0.015550
vn -0.999786 -0.005758 0.019883
vn -0.947707 -0.003004 0.319128
vn -0.535695 -0.009742 0.844355
vn -0.062515 -0.007192 0.998018
vn 0.080959 -0.005384 0.996703
vn 0.043022 -0.005279 0.999060
vn 0.009779 -0.005242 0.999938
vn 0.131692 -0.004458 0.991281
vn 0.688595 -0.005681 0.725124
vn 0.869514 -0.004744 0.493885
vn 0.675406 -0.007080 0.737412
vn 0.614082 -0.006690 0.789214
vn 0.783215 -0.007379 0.621708
vn 0.987040 -0.009906 0.160168
vn 0.996866 -0.004763 -0.078969
vn 0.998829 -0.005463 -0.048063
vn 0.998410 -0.005395 -0.056111
vn 0.998253 -0.005359 -0.058849
vn 0.964107 -0.003356 -0.265493
vn 0.683697 -0.006779 -0.729735
vn 0.228924 -0.008221 -0.973410
vn 0.026521 -0.005831 -0.999631
vn -0.027406 -0.005474 -0.999609
vn -0.059849 -0.005478 -0.998192
vn -0.050148 -0.005657 -0.998726
vn -0.281596 -0.002970 -0.959528
vn -0.819162 -0.009056 -0.573491
vn -0.992521 -0.006332 -0.121908
vn -0.999643 -0.005786 -0.026085
vn -0.999883 -0.005599 -0.014216
vn -0.999570 -0.005538 -0.028812
vn -0.994519 -0.004543 0.104461
vn -0.793989 -0.005235 0.607909
vn -0.553034 -0.006100 0.833136
vn -0.595109 -0.007147 0.803613
vn -0.592458 -0.006687 0.805573
vn -0.496035 -0.008262 0.868263
vn -0.225803 -0.008010 0.974140
vn -0.028764 -0.006300 0.999566
vn 0.047628 -0.005528 0.998850
vn 0.042878 -0.005324 0.999066
vn 0.042331 -0.005129 0.999091
vn 0.227914 -0.003712 0.973674
vn 0.657282 -0.005772 0.753623
vn 0.965432 -0.009461 0.260485
vn 0.999508 -0.005843 -0.030808
vn 0.998745 -0.005370 -0.049803
vn 0.998540 -0.005338 -0.053753
vn 0.998753 -0.005563 -0.049613
vn 0.981638 -0.003594 -0.190718
vn 0.677116 -0.007585 -0.735837
vn 0.144249 -0.006839 -0.989518
vn 0.026021 -0.005452 -0.999647
vn -0.029351 -0.005502 -0.999554
vn -0.059214 -0.005613 -0.998230
vn -0.240900 -0.003155 -0.970545
vn -0.762001 0.168233 -0.625342
vn -0.872672 0.164300 -0.459835
vn -0.680379 0.168626 -0.713197
vn -0.609286 0.167142 -0.775135
vn -0.800855 0.167239 -0.575033
vn -0.969531 0.148372 -0.194927
vn -0.989263 0.139332 -0.044107
vn -0.990339 0.138282 -0.010281
vn -0.990329 0.137557 -0.018094
vn -0.990213 0.138831 -0.014272
vn -0.938204 0.163197 0.305187
vn -0.587661 0.169144 0.791230
vn -0.207140 0.147897 0.967067
vn -0.020148 0.136431 0.990445
vn 0.053438 0.132174 0.989785
vn 0.032563 0.132086 0.990703
vn 0.044348 0.133387 0.990071
vn 0.256750 0.150266 0.954725
vn 0.777878 0.166711 0.605898
vn 0.987040 0.139438 0.079429
vn 0.989817 0.133041 -0.050616
vn 0.989737 0.132996 -0.052269
vn 0.989414 0.133152 -0.057710
vn 0.978850 0.138128 -0.150909
vn 0.775236 0.166085 -0.609446
vn 0.554161 0.164514 -0.815991
vn 0.638484 0.165929 -0.751536
vn 0.577577 0.164707 -0.799548
vn 0.439465 0.158979 -0.884079
vn 0.211045 0.147304 -0.966313
vn 0.015215 0.136426 -0.990533
vn -0.043224 0.133872 -0.990056
vn -0.040606 0.133656 -0.990195
vn -0.041912 0.134065 -0.990086
vn -0.338380 0.158609 -0.927546
vn -0.818108 0.166632 -0.550394
vn -0.978106 0.145585 -0.148707
vn -0.990257 0.137839 -0.019783
vn -0.990204 0.136608 -0.028896
vn -0.990267 0.138309 -0.015522
vn -0.990073 0.139165 0.019709
vn -0.935446 0.163719 0.313269
vn -0.528921 0.166500 0.832178
vn -0.062185 0.138554 0.988401
vn 0.080243 0.130966 0.988134
vn 0.042763 0.131009 0.990458
vn 0.009663 0.131487 0.991271
vn 0.130083 0.138410 0.981795
vn 0.677266 0.168883 0.716093
vn 0.858165 0.164662 0.486250
vn 0.666154 0.167255 0.726819
vn 0.605569 0.165834 0.778322
vn 0.771648 0.167650 0.613558
vn 0.976095 0.148445 0.158753
vn 0.988227 0.131386 -0.078390
vn 0.989946 0.133187 -0.047614
vn 0.989560 0.132957 -0.055616
vn 0.989374 0.133183 -0.058316
vn 0.953473 0.149765 -0.261647
vn 0.675086 0.166300 -0.718751
vn 0.226753 0.148478 -0.962568
vn 0.026337 0.136446 -0.990297
vn -0.027080 0.135441 -0.990415
vn -0.059287 0.135607 -0.988987
vn -0.049725 0.134784 -0.989627
vn -0.277074 0.154704 -0.948313
vn -0.807155 0.166598 -0.566344
vn -0.982523 0.141584 -0.120845
vn -0.990058 0.138254 -0.025918
vn -0.990411 0.137437 -0.014028
vn -0.990081 0.137563 -0.028553
vn -0.983965 0.145691 0.102895
vn -0.783251 0.172563 0.597277
vn -0.544805 0.168534 0.821452
vn -0.586614 0.169674 0.791893
vn -0.583748 0.169816 0.793978
vn -0.489660 0.164761 0.856205
vn -0.223595 0.148866 0.963247
vn -0.028627 0.136346 0.990248
vn 0.047165 0.132415 0.990072
vn 0.042560 0.131982 0.990338
vn 0.041892 0.133550 0.990156
vn 0.224760 0.147870 0.963129
vn 0.646922 0.168063 0.743806
vn 0.953925 0.153420 0.257854
vn 0.990486 0.134196 -0.030465
vn 0.989927 0.132685 -0.049384
vn 0.989678 0.133049 -0.053245
vn 0.989984 0.132324 -0.049216
vn 0.971453 0.144546 -0.188112
vn 0.668801 0.165741 -0.724731
vn 0.143100 0.140266 -0.979718
vn 0.025771 0.134970 -0.990515
vn -0.028929 0.135234 -0.990391
vn -0.058753 0.134153 -0.989217
vn -0.237194 0.151387 -0.959594
vn -0.751457 0.239673 -0.614711
vn -0.860460 0.231712 -0.453782
vn -0.669931 0.239599 -0.702698
vn -0.600313 0.237399 -0.763718
vn -0.789500 0.238424 -0.565547
vn -0.958082 0.212535 -0.192112
vn -0.979103 0.198629 -0.043627
vn -0.980322 0.197146 -0.010127
vn -0.980422 0.196086 -0.017979
vn -0.980181 0.197605 -0.014058
vn -0.925548 0.229305 0.301298
vn -0.577570 0.241335 0.779853
vn -0.204349 0.211634 0.955747
vn -0.019721 0.195263 0.980553
vn 0.052927 0.188414 0.980662
vn 0.032239 0.188405 0.981562
vn 0.043977 0.189942 0.980810
vn 0.253981 0.211870 0.943719
vn 0.767307 0.237754 0.595578
vn 0.976734 0.199682 0.078217
vn 0.980561 0.189700 -0.050146
vn 0.980490 0.189627 -0.051781
vn 0.980152 0.189823 -0.057181
vn 0.969094 0.196189 -0.149555
vn 0.763960 0.234044 -0.601322
vn 0.546575 0.233224 -0.804278
vn 0.629180 0.235732 -0.740651
vn 0.569110 0.234225 -0.788195
vn 0.433226 0.226762 -0.872293
vn 0.208071 0.210989 -0.955087
vn 0.014939 0.194871 -0.980715
vn -0.042830 0.190891 -0.980676
vn -0.040203 0.190566 -0.980851
vn -0.041536 0.191063 -0.980699
vn -0.334252 0.222746 -0.915784
vn -0.806637 0.237719 -0.541135
vn -0.966983 0.208418 -0.146649
vn -0.980289 0.196598 -0.019539
vn -0.980430 0.194771 -0.028673
vn -0.980324 0.196802 -0.015284
vn -0.979931 0.198380 0.019491
vn -0.922786 0.229872 0.309234
vn -0.519473 0.238509 0.820525
vn -0.061130 0.198595 0.978173
vn 0.079531 0.186823 0.979169
vn 0.042287 0.186802 0.981487
vn 0.009599 0.187434 0.982230
vn 0.128953 0.196362 0.972015
vn 0.668023 0.238706 0.704816
vn 0.846015 0.232484 0.479802
vn 0.656080 0.237752 0.716264
vn 0.596815 0.235544 0.767027
vn 0.760634 0.238459 0.603799
vn 0.964353 0.214088 0.155529
vn 0.979302 0.186933 -0.077617
vn 0.980661 0.189941 -0.047185
vn 0.980320 0.189572 -0.055095
vn 0.980110 0.189858 -0.057777
vn 0.942569 0.211101 -0.258843
vn 0.664541 0.236130 -0.708963
vn 0.223383 0.212941 -0.951187
vn 0.026019 0.194698 -0.980518
vn -0.026876 0.193050 -0.980821
vn -0.058719 0.193280 -0.979385
vn -0.049217 0.192282 -0.980105
vn -0.273885 0.217561 -0.936832
vn -0.796055 0.238116 -0.556414
vn -0.972055 0.202126 -0.119390
vn -0.980039 0.197150 -0.025583
vn -0.980527 0.195888 -0.013931
vn -0.980194 0.196014 -0.028256
vn -0.973136 0.206421 0.101965
vn -0.770773 0.243461 0.588757
vn -0.536923 0.238786 0.809132
vn -0.577582 0.241096 0.779918
vn -0.574985 0.240959 0.781877
vn -0.481994 0.235191 0.844018
vn -0.220408 0.213326 0.951794
vn -0.028197 0.194910 0.980416
vn 0.046766 0.188926 0.980877
vn 0.042123 0.188177 0.981231
vn 0.041542 0.190189 0.980868
vn 0.222426 0.208782 0.952332
vn 0.637986 0.237811 0.732407
vn 0.941892 0.220562 0.253362
vn 0.981005 0.191614 -0.030235
vn 0.980724 0.189179 -0.048908
vn 0.980432 0.189655 -0.052771
vn 0.980801 0.188827 -0.048725
vn 0.961059 0.204134 -0.186265
vn 0.657952 0.235860 -0.715171
vn 0.141241 0.200687 -0.969420
vn 0.025533 0.192385 -0.980987
vn -0.028773 0.192783 -0.980820
vn -0.058129 0.191382 -0.979793
vn -0.234602 0.213171 -0.948430
vn -0.751252 0.241800 -0.614128
vn -0.860010 0.233494 -0.453722
vn -0.669524 0.241641 -0.702387
vn -0.600009 0.239409 -0.763330
vn -0.789205 0.240546 -0.565061
vn -0.957679 0.214504 -0.191933
vn -0.978753 0.200351 -0.043605
vn -0.979977 0.198855 -0.010111
vn -0.980081 0.197782 -0.017990
vn -0.979841 0.199284 -0.014034
vn -0.925114 0.230975 0.301354
vn -0.577037 0.243511 0.779571
vn -0.204192 0.213568 0.955350
vn -0.019667 0.197038 0.980199
vn 0.052905 0.190037 0.980350
vn 0.032223 0.190041 0.981247
vn 0.043975 0.191557 0.980496
vn 0.253997 0.213467 0.943354
vn 0.767096 0.239891 0.594992
vn 0.976366 0.201514 0.078111
vn 0.980243 0.191341 -0.050130
vn 0.980172 0.191267 -0.051764
vn 0.979834 0.191462 -0.057165
vn 0.968765 0.197808 -0.149553
vn 0.763453 0.235837 -0.601266
vn 0.546389 0.235147 -0.803844
vn 0.628856 0.237731 -0.740286
vn 0.568785 0.236235 -0.787830
vn 0.432951 0.228772 -0.871904
vn 0.207884 0.212940 -0.954694
vn 0.014905 0.196599 -0.980371
vn -0.042819 0.192544 -0.980354
vn -0.040185 0.192214 -0.980530
vn -0.041529 0.192706 -0.980377
vn -0.334291 0.224347 -0.915379
vn -0.806345 0.239854 -0.540627
vn -0.966589 0.210331 -0.146516
vn -0.979945 0.198311 -0.019521
vn -0.980093 0.196458 -0.028679
vn -0.979989 0.198466 -0.015255
vn -0.979582 0.200098 0.019480
vn -0.922351 0.231530 0.309294
vn -0.518924 0.240760 0.820215
vn -0.061027 0.200436 0.977804
vn 0.079510 0.188446 0.978860
vn 0.042251 0.188415 0.981180
vn 0.009602 0.189048 0.981921
vn 0.128967 0.197958 0.971689
vn 0.667941 0.240628 0.704240
vn 0.845560 0.234300 0.479720
vn 0.655690 0.239786 0.715942
vn 0.596521 0.237536 0.766642
vn 0.760349 0.240520 0.603340
vn 0.963918 0.216235 0.155257
vn 0.979004 0.188503 -0.077573
vn 0.980341 0.191587 -0.047174
vn 0.980003 0.191210 -0.055077
vn 0.979793 0.191494 -0.057760
vn 0.942207 0.212685 -0.258863
vn 0.664024 0.238131 -0.708778
vn 0.223163 0.214943 -0.950788
vn 0.025996 0.196403 -0.980179
vn -0.026882 0.194714 -0.980492
vn -0.058702 0.194947 -0.979056
vn -0.049194 0.193958 -0.979776
vn -0.273924 0.219149 -0.936451
vn -0.795799 0.240311 -0.555836
vn -0.971692 0.203912 -0.119307
vn -0.979694 0.198863 -0.025556
vn -0.980188 0.197578 -0.013938
vn -0.979856 0.197701 -0.028243
vn -0.972779 0.208080 0.102001
vn -0.770210 0.245372 0.588701
vn -0.536710 0.240747 0.808692
vn -0.577255 0.243153 0.779521
vn -0.574711 0.242978 0.781453
vn -0.481634 0.237307 0.843632
vn -0.220215 0.215312 0.951392
vn -0.028155 0.196655 0.980068
vn 0.046760 0.190573 0.980559
vn 0.042098 0.189802 0.980919
vn 0.041540 0.191808 0.980553
vn 0.222438 0.210383 0.951977
vn 0.637850 0.239739 0.731896
vn 0.941473 0.222705 0.253045
vn 0.980673 0.193302 -0.030240
vn 0.980408 0.190814 -0.048888
vn 0.980115 0.191290 -0.052761
vn 0.980483 0.190476 -0.048701
vn 0.960721 0.205700 -0.186286
vn 0.657366 0.237924 -0.715026
vn 0.141115 0.202509 -0.969060
vn 0.025527 0.194044 -0.980661
vn -0.028795 0.194448 -0.980490
vn -0.058094 0.193049 -0.979468
vn -0.234637 0.214750 -0.948065
vn -0.751912 0.237861 -0.614859
vn -0.860811 0.229785 -0.454097
vn -0.670212 0.237737 -0.703063
vn -0.600594 0.235543 -0.764073
vn -0.789929 0.236623 -0.565705
vn -0.958430 0.210942 -0.192132
vn -0.979421 0.197053 -0.043637
vn -0.980635 0.195580 -0.010123
vn -0.980733 0.194525 -0.017995
vn -0.980500 0.196016 -0.014051
vn -0.925940 0.227340 0.301583
vn -0.577726 0.239534 0.780292
vn -0.204385 0.210030 0.956093
vn -0.019702 0.193759 0.980851
vn 0.052939 0.186902 0.980951
vn 0.032245 0.186901 0.981849
vn 0.043998 0.188407 0.981105
vn 0.254163 0.210063 0.944073
vn 0.767759 0.235969 0.595706
vn 0.977045 0.198159 0.078202
vn 0.980852 0.188183 -0.050161
vn 0.980781 0.188111 -0.051797
vn 0.980444 0.188304 -0.057199
vn 0.969406 0.194581 -0.149635
vn 0.764204 0.232097 -0.601767
vn 0.546872 0.231363 -0.804613
vn 0.629462 0.233888 -0.740995
vn 0.569341 0.232405 -0.788567
vn 0.433370 0.225028 -0.872670
vn 0.208094 0.209404 -0.955430
vn 0.014928 0.193344 -0.981017
vn -0.042845 0.189367 -0.980971
vn -0.040212 0.189043 -0.981145
vn -0.041552 0.189531 -0.980995
vn -0.334537 0.220816 -0.916147
vn -0.807075 0.235934 -0.541263
vn -0.967320 0.206839 -0.146662
vn -0.980600 0.195041 -0.019539
vn -0.980736 0.193220 -0.028692
vn -0.980642 0.195213 -0.015274
vn -0.980249 0.196804 0.019495
vn -0.923176 0.227894 0.309532
vn -0.519580 0.236786 0.820956
vn -0.061108 0.197091 0.978479
vn 0.079557 0.185330 0.979451
vn 0.042286 0.185304 0.981771
vn 0.009606 0.185929 0.982516
vn 0.129034 0.194739 0.972331
vn 0.668509 0.236782 0.705004
vn 0.846357 0.230569 0.480123
vn 0.656357 0.235906 0.716620
vn 0.597088 0.233698 0.767379
vn 0.761051 0.236621 0.603997
vn 0.964690 0.212585 0.155500
vn 0.979591 0.185408 -0.077627
vn 0.980953 0.188425 -0.047202
vn 0.980611 0.188056 -0.055111
vn 0.980402 0.188337 -0.057796
vn 0.942920 0.209296 -0.259031
vn 0.664736 0.234282 -0.709392
vn 0.223403 0.211363 -0.951534
vn 0.026019 0.193159 -0.980822
vn -0.026894 0.191507 -0.981123
vn -0.058739 0.191736 -0.979687
vn -0.049228 0.190755 -0.980403
vn -0.274113 0.215683 -0.937199
vn -0.796500 0.236363 -0.556526
vn -0.972380 0.200547 -0.119408
vn -0.980353 0.195586 -0.025581
vn -0.980838 0.194326 -0.013942
vn -0.980506 0.194448 -0.028263
vn -0.973487 0.204715 0.102052
vn -0.771044 0.241478 0.589219
vn -0.537214 0.236885 0.809497
vn -0.577845 0.239227 0.780298
vn -0.575279 0.239068 0.782241
vn -0.482149 0.233423 0.844421
vn -0.220439 0.211734 0.952143
vn -0.028188 0.193393 0.980716
vn 0.046785 0.187423 0.981164
vn 0.042129 0.186670 0.981519
vn 0.041562 0.188654 0.981164
vn 0.222578 0.207014 0.952683
vn 0.638407 0.235901 0.732658
vn 0.942259 0.218980 0.253369
vn 0.981298 0.190102 -0.030253
vn 0.981014 0.187666 -0.048920
vn 0.980723 0.188136 -0.052791
vn 0.981088 0.187326 -0.048735
vn 0.961401 0.202400 -0.186395
vn 0.658110 0.234053 -0.715619
vn 0.141248 0.199146 -0.969737
vn 0.025542 0.190847 -0.981287
vn -0.028801 0.191244 -0.981120
vn -0.058137 0.189861 -0.980088
vn -0.234790 0.211339 -0.948794
vn -0.584198 0.621555 -0.521903
vn -0.713575 0.606424 -0.350800
vn -0.551971 0.611792 -0.566602
vn -0.490189 0.608846 -0.623716
vn -0.628187 0.613790 -0.478167
vn -0.798514 0.577369 -0.170351
vn -0.828132 0.559257 -0.037802
vn -0.830329 0.557179 -0.010289
vn -0.831252 0.555745 -0.012922
vn -0.829486 0.558336 -0.014625
vn -0.765415 0.605978 0.216635
vn -0.488044 0.618187 0.616164
vn -0.178488 0.576122 0.797637
vn -0.022515 0.553498 0.832546
vn 0.045905 0.544580 0.837452
vn 0.028386 0.544372 0.838363
vn 0.035689 0.547179 0.836255
vn 0.193106 0.581309 0.790437
vn 0.597698 0.620289 0.507936
vn 0.825071 0.560028 0.075014
vn 0.836442 0.546392 -0.042662
vn 0.836426 0.546298 -0.044163
vn 0.835975 0.546632 -0.048368
vn 0.821717 0.557255 -0.119361
vn 0.643240 0.617144 -0.453185
vn 0.438248 0.605291 -0.664501
vn 0.515437 0.606913 -0.604963
vn 0.470632 0.605217 -0.642042
vn 0.364286 0.595978 -0.715616
vn 0.184250 0.575483 -0.796788
vn 0.016436 0.553441 -0.832726
vn -0.035964 0.548131 -0.835619
vn -0.034995 0.547686 -0.835952
vn -0.034539 0.548553 -0.835402
vn -0.245325 0.598179 -0.762888
vn -0.640239 0.614511 -0.460945
vn -0.809907 0.571781 -0.130828
vn -0.830808 0.556266 -0.018042
vn -0.832348 0.553810 -0.022152
vn -0.830133 0.557326 -0.016331
vn -0.829046 0.558921 0.017044
vn -0.763155 0.607264 0.220965
vn -0.443501 0.615452 0.651557
vn -0.060801 0.558219 0.827463
vn 0.067448 0.541982 0.837679
vn 0.039552 0.542200 0.839318
vn 0.007254 0.543128 0.839619
vn 0.100006 0.557976 0.823810
vn 0.500319 0.627550 0.596542
vn 0.701695 0.607123 0.372860
vn 0.541217 0.609545 0.579258
vn 0.487525 0.606740 0.627842
vn 0.606427 0.612870 0.506593
vn 0.801996 0.579309 0.145612
vn 0.836848 0.543018 -0.069406
vn 0.836395 0.546695 -0.039592
vn 0.836322 0.546215 -0.047057
vn 0.835893 0.546699 -0.049016
vn 0.790202 0.580601 -0.196169
vn 0.560868 0.614490 -0.554823
vn 0.198468 0.578065 -0.791487
vn 0.023976 0.553436 -0.832547
vn -0.020689 0.551432 -0.833963
vn -0.049618 0.551730 -0.832545
vn -0.042894 0.550009 -0.834057
vn -0.202077 0.590118 -0.781617
vn -0.625522 0.618558 -0.475508
vn -0.819115 0.563856 -0.105439
vn -0.830067 0.557143 -0.024105
vn -0.831467 0.555479 -0.010267
vn -0.831013 0.555718 -0.024389
vn -0.816701 0.572269 0.074217
vn -0.642752 0.627470 0.439489
vn -0.430535 0.611337 0.664008
vn -0.472957 0.612994 0.632890
vn -0.465446 0.613103 0.638330
vn -0.404736 0.606367 0.684476
vn -0.193709 0.578225 0.792548
vn -0.028056 0.553252 0.832541
vn 0.038571 0.545065 0.837506
vn 0.037708 0.544190 0.838114
vn 0.033666 0.547517 0.836117
vn 0.170650 0.576515 0.799068
vn 0.494224 0.616241 0.613180
vn 0.775874 0.588826 0.226502
vn 0.835635 0.548771 -0.023779
vn 0.836942 0.545650 -0.042353
vn 0.836346 0.546425 -0.044100
vn 0.837435 0.544859 -0.042795
vn 0.809186 0.570191 -0.141775
vn 0.558535 0.620178 -0.550835
vn 0.127877 0.561689 -0.817406
vn 0.021390 0.550417 -0.834616
vn -0.019969 0.551146 -0.834170
vn -0.051710 0.548739 -0.834393
vn -0.174304 0.583528 -0.793167
vn -0.197159 0.956701 -0.214130
vn -0.284450 0.951136 -0.120120
vn -0.209045 0.956008 -0.205787
vn -0.182958 0.955144 -0.232866
vn -0.221385 0.956347 -0.190759
vn -0.311580 0.947139 -0.076458
vn -0.342802 0.939261 -0.016609
vn -0.345230 0.938498 -0.006131
vn -0.346905 0.937896 -0.002853
vn -0.345761 0.938279 -0.009001
vn -0.309421 0.948935 0.061493
vn -0.194008 0.957512 0.213382
vn -0.077784 0.946500 0.313188
vn -0.015964 0.938536 0.344811
vn 0.020447 0.933596 0.357743
vn 0.013122 0.933774 0.357622
vn 0.013133 0.934164 0.356602
vn 0.062458 0.942455 0.328447
vn 0.202118 0.956286 0.211340
vn 0.335986 0.940996 0.040496
vn 0.355718 0.934420 -0.018010
vn 0.355820 0.934366 -0.018775
vn 0.355558 0.934438 -0.020103
vn 0.347053 0.936884 -0.042462
vn 0.269341 0.951733 -0.147170
vn 0.159444 0.953165 -0.257010
vn 0.193853 0.954597 -0.226200
vn 0.180190 0.954270 -0.238536
vn 0.144449 0.952116 -0.269463
vn 0.082760 0.946439 -0.312096
vn 0.011084 0.937805 -0.346984
vn -0.014625 0.935110 -0.354057
vn -0.015691 0.934899 -0.354567
vn -0.013677 0.935050 -0.354252
vn -0.073696 0.945974 -0.315756
vn -0.224590 0.956262 -0.187409
vn -0.321129 0.945137 -0.059926
vn -0.345634 0.938325 -0.009125
vn -0.348623 0.937238 -0.006846
vn -0.347129 0.937759 -0.010459
vn -0.343518 0.939115 0.007654
vn -0.309463 0.948905 0.061748
vn -0.180131 0.957325 0.226011
vn -0.035144 0.940660 0.337527
vn 0.028198 0.932870 0.359108
vn 0.021064 0.932732 0.359954
vn 0.001970 0.933020 0.359818
vn 0.032508 0.936614 0.348851
vn 0.158811 0.954354 0.252956
vn 0.278491 0.951775 0.128711
vn 0.205647 0.955451 0.211713
vn 0.182487 0.954477 0.235951
vn 0.215698 0.955858 0.199526
vn 0.306077 0.949179 0.073321
vn 0.360560 0.932132 -0.033548
vn 0.355316 0.934608 -0.016057
vn 0.355831 0.934335 -0.020085
vn 0.355528 0.934440 -0.020544
vn 0.329728 0.941983 -0.062834
vn 0.227763 0.954661 -0.191692
vn 0.089417 0.947583 -0.306742
vn 0.012128 0.937426 -0.347973
vn -0.006280 0.936206 -0.351397
vn -0.020557 0.936324 -0.350534
vn -0.019228 0.936031 -0.351393
vn -0.060753 0.944177 -0.323787
vn -0.214064 0.956839 -0.196560
vn -0.333763 0.941434 -0.048006
vn -0.344875 0.938563 -0.012659
vn -0.347308 0.937747 -0.002597
vn -0.347175 0.937740 -0.010661
vn -0.336645 0.941426 0.019681
vn -0.259907 0.955543 0.139235
vn -0.156131 0.955060 0.251960
vn -0.176504 0.956530 0.232155
vn -0.170674 0.956173 0.237915
vn -0.158109 0.955415 0.249366
vn -0.085161 0.947565 0.308008
vn -0.016344 0.938034 0.346158
vn 0.014806 0.934159 0.356550
vn 0.018168 0.933518 0.358069
vn 0.012332 0.934330 0.356195
vn 0.056136 0.941443 0.332467
vn 0.168604 0.954382 0.246429
vn 0.290882 0.951282 0.102225
vn 0.352165 0.935906 -0.007723
vn 0.356518 0.934100 -0.018766
vn 0.356023 0.934309 -0.017703
vn 0.356346 0.934148 -0.019630
vn 0.340436 0.939188 -0.045059
vn 0.233232 0.955149 -0.182466
vn 0.061509 0.941285 -0.331963
vn 0.008652 0.935845 -0.352306
vn -0.003312 0.936110 -0.351692
vn -0.024394 0.935527 -0.352413
vn -0.052823 0.942606 -0.329702
vn 0.000000 1.000000 0.000000
vn 0.000000 -1.000000 0.000000

f 1/1/1 2/2/2 98/98/98
f 1/1/1 98/98/98 97/97/97
f 2/2/2 3/3/3 99/99/99
f 2/2/2 99/99/99 98/98/98
f 3/3/3 4/4/4 100/100/100
f 3/3/3 100/100/100 99/99/99
f 4/4/4 5/5/5 101/101/101
f 4/4/4 101/101/101 100/100/100
f 5/5/5 6/6/6 102/102/102
f 5/5/5 102/102/102 101/101/101
f 6/6/6 7/7/7 103/103/103
f 6/6/6 103/103/103 102/102/102
f 7/7/7 8/8/8 104/104/104
f 7/7/7 104/104/104 103/103/103
f 8/8/8 9/9/9 105/105/105
f 8/8/8 105/105/105 104/104/104
f 9/9/9 10/10/10 106/106/106
f 9/9/9 106/106/106 105/105/105
f 10/10/10 11/11/11 107/107/107
f 10/10/10 107/107/107 106/106/106
f 11/11/11 12/12/12 108/108/108
f 11/11/11 108/108/108 107/107/107
f 12/12/12 13/13/13 109/109/109
f 12/12/12 109/109/109 108/108/108
f 13/13/13 14/14/14 110/110/110
f 13/13/13 110/110/110 109/109/109
f 14/14/14 15/15/15 111/111/111
f 14/14/14 111/111/111 110/110/110
f 15/15/15 16/16/16 112/112/112
f 15/15/15 112/112/112 111/111/111
f 16/16/16 17/17/17 113/113/113
f 16/16/16 113/113/113 112/112/112
f 17/17/17 18/18/18 114/114/114
f 17/17/17 114/114/114 113/113/113
f 18/18/18 19/19/19 115/115/115
f 18/18/18 115/115/115 114/114/114
f 19/19/19 20/20/20 116/116/116
f 19/19/19 116/116/116 115/115/115
f 20/20/20 21/21/21 117/117/117
f 20/20/20 117/117/117 116/116/116
f 21/21/21 22/22/22 118/118/118
f 21/21/21 118/118/118 117/117/117
f 22/22/22 23/23/23 119/119/119
f 22/22/22 119/119/119 118/118/118
f 23/23/23 24/24/24 120/120/120
f 23/23/23 120/120/120 119/119/119
f 24/24/24 25/25/25 121/121/121
f 24/24/24 121/121/121 120/120/120
f 25/25/25 26/26/26 122/122/122
f 25/25/25 122/122/122 121/121/121
f 26/26/26 27/27/27 123/123/123
f 26/26/26 123/123/123 122/122/122
f 27/27/27 28/28/28 124/124/124
f 27/27/27 124/124/124 123/123/123
f 28/28/28 29/29/29 125/125/125
f 28/28/28 125/125/125 124/124/124
f 29/29/29 30/30/30 126/126/126
f 29/29/29 126/126/126 125/125/125
f 30/30/30 31/31/31 127/127/127
f 30/30/30 127/127/127 126/126/126
f 31/31/31 32/32/32 128/128/128
f 31/31/31 128/128/128 127/127/127
f 32/32/32 33/33/33 129/129/129
f 32/32/32 129/129/129 128/128/128
f 33/33/33 34/34/34 130/130/130
f 33/33/33 130/130/130 129/129/129
f 34/34/34 35/35/35 131/131/131
f 34/34/34 131/131/131 130/130/130
f 35/35/35 36/36/36 132/132/132
f 35/35/35 132/132/132 131/131/131
f 36/36/36 37/37/37 133/133/133
f 36/36/36 133/133/133 132/132/132
f 37/37/37 38/38/38 134/134/134
f 37/37/37 134/134/134 133/133/133
f 38/38/38 39/39/39 135/135/135
f 38/38/38 135/135/135 134/134/134
f 39/39/39 40/40/40 136/136/136
f 39/39/39 136/136/136 135/135/135
f 40/40/40 41/41/41 137/137/137
f 40/40/40 137/137/137 136/136/136
f 41/41/41 42/42/42 138/138/138
f 41/41/41 138/138/138 137/137/137
f 42/42/42 43/43/43 139/139/139
f 42/42/42 139/139/139 138/138/138
f 43/43/43 44/44/44 140/140/140
f 43/43/43 140/140/140 139/139/139
f 44/44/44 45/45/45 141/141/141
f 44/44/44 141/141/141 140/140/140
f 45/45/45 46/46/46 142/142/142
f 45/45/45 142/142/142 141/141/141
f 46/46/46 47/47/47 143/143/143
f 46/46/46 143/143/143 142/142/142
f 47/47/47 48/48/48 144/144/144
f 47/47/47 144/144/144 143/143/143
f 48/48/48 49/49/49 145/145/145
f 48/48/48 145/145/145 144/144/144
f 49/49/49 50/50/50 146/146/146
f 49/49/49 146/146/146 145/145/145
f 50/50/50 51/51/51 147/147/147
f 50/50/50 147/147/147 146/146/146
f 51/51/51 52/52/52 148/148/148
f 51/51/51 148/148/148 147/147/147
f 52/52/52 53/53/53 149/149/149
f 52/52/52 149/149/149 148/148/148
f 53/53/53 54/54/54 150/150/150
f 53/53/53 150/150/150 149/149/149
f 54/54/54 55/55/55 151/151/151
f 54/54/54 151/151/151 150/150/150
f 55/55/55 56/56/56 152/152/152
f 55/55/55 152/152/152 151/151/151
f 56/56/56 57/57/57 153/153/153
f 56/56/56 153/153/153 152/152/152
f 57/57/57 58/58/58 154/154/154
f 57/57/57 154/154/154 153/153/153
f 58/58/58 59/59/59 155/155/155
f 58/58/58 155/155/155 154/154/154
f 59/59/59 60/60/60 156/156/156
f 59/59/59 156/156/156 155/155/155
f 60/60/60 61/61/61 157/157/157
f 60/60/60 157/157/157 156/156/156
f 61/61/61 62/62/62 158/158/158
f 61/61/61 158/158/158 157/157/157
f 62/62/62 63/63/63 159/159/159
f 62/62/62 159/159/159 158/158/158
f 63/63/63 64/64/64 160/160/160
f 63/63/63 160/160/160 159/159/159
f 64/64/64 65/65/65 161/161/161
f 64/64/64 161/161/161 160/160/160
f 65/65/65 66/66/66 162/162/162
f 65/65/65 162/162/162 161/161/161
f 66/66/66 67/67/67 163/163/163
f 66/66/66 163/163/163 162/162/162
f 67/67/67 68/68/68 164/164/164
f 67/67/67 164/164/164 163/163/163
f 68/68/68 69/69/69 165/165/165
f 68/68/68 165/165/165 164/164/164
f 69/69/69 70/70/70 166/166/166
f 69/69/69 166/166/166 165/165/165
f 70/70/70 71/71/71 167/167/167
f 70/70/70 167/167/167 166/166/166
f 71/71/71 72/72/72 168/168/168
f 71/71/71 168/168/168 167/167/167
f 72/72/72 73/73/73 169/169/169
f 72/72/72 169/169/169 168/168/168
f 73/73/73 74/74/74 170/170/170
f 73/73/73 170/170/170 169/169/169
f 74/74/74 75/75/75 171/171/171
f 74/74/74 171/171/171 170/170/170
f 75/75/75 76/76/76 172/172/172
f 75/75/75 172/172/172 171/171/171
f 76/76/76 77/77/77 173/173/173
f 76/76/76 173/173/173 172/172/172
f 77/77/77 78/78/78 174/174/174
f 77/77/77 174/174/174 173/173/173
f 78/78/78 79/79/79 175/175/175
f 78/78/78 175/175/175 174/174/174
f 79/79/79 80/80/80 176/176/176
f 79/79/79 176/176/176 175/175/175
f 80/80/80 81/81/81 177/177/177
f 80/80/80 177/177/177 176/176/176
f 81/81/81 82/82/82 178/178/178
f 81/81/81 178/178/178 177/177/177
f 82/82/82 83/83/83 179/179/179
f 82/82/82 179/179/179 178/178/178
f 83/83/83 84/84/84 180/180/180
f 83/83/83 180/180/180 179/179/179
f 84/84/84 85/85/85 181/181/181
f 84/84/84 181/181/181 180/180/180
f 85/85/85 86/86/86 182/182/182
f 85/85/85 182/182/182 181/181/181
f 86/86/86 87/87/87 183/183/183
f 86/86/86 183/183/183 182/182/182
f 87/87/87 88/88/88 184/184/184
f 87/87/87 184/184/184 183/183/183
f 88/88/88 89/89/89 185/185/185
f 88/88/88 185/185/185 184/184/184
f 89/89/89 90/90/90 186/186/186
f 89/89/89 186/186/186 185/185/185
f 90/90/90 91/91/91 187/187/187
f 90/90/90 187/187/187 186/186/186
f 91/91/91 92/92/92 188/188/188
f 91/91/91 188/188/188 187/187/187
f 92/92/92 93/93/93 189/189/189
f 92/92/92 189/189/189 188/188/188
f 93/93/93 94/94/94 190/190/190
f 93/93/93 190/190/190 189/189/189
f 94/94/94 95/95/95 191/191/191
f 94/94/94 191/191/191 190/190/190
f 95/95/95 96/96/96 192/192/192
f 95/95/95 192/192/192 191/191/191
f 96/96/96 1/1/1 97/97/97
f 96/96/96 97/97/97 192/192/192
f 97/97/97 98/98/98 194/194/194
f 97/97/97 194/194/194 193/193/193
f 98/98/98 99/99/99 195/195/195
f 98/98/98 195/195/195 194/194/194
f 99/99/99 100/100/100 196/196/196
f 99/99/99 196/196/196 195/195/195
f 100/100/100 101/101/101 197/197/197
f 100/100/100 197/197/197 196/196/196
f 101/101/101 102/102/102 198/198/198
f 101/101/101 198/198/198 197/197/197
f 102/102/102 103/103/103 199/199/199
f 102/102/102 199/199/199 198/198/198
f 103/103/103 104/104/104 200/200/200
f 103/103/103 200/200/200 199/199/199
f 104/104/104 105/105/105 201/201/201
f 104/104/104 201/201/201 200/200/200
f 105/105/105 106/106/106 202/202/202
f 105/105/105 202/202/202 201/201/201
f 106/106/106 107/107/107 203/203/203
f 106/106/106 203/203/203 202/202/202
f 107/107/107 108/108/108 204/204/204
f 107/107/107 204/204/204 203/203/203
f 108/108/108 109/109/109 205/205/205
f 108/108/108 205/205/205 204/204/204
f 109/109/109 110/110/110 206/206/206
f 109/109/109 206/206/206 205/205/205
f 110/110/110 111/111/111 207/207/207
f 110/110/110 207/207/207 206/206/206
f 111/111/111 112/112/112 208/208/208
f 111/111/111 208/208/208 207/207/207
f 112/112/112 113/113/113 209/209/209
f 112/112/112 209/209/209 208/208/208
f 113/113/113 114/114/114 210/210/210
f 113/113/113 210/210/210 209/209/209
f 114/114/114 115/115/115 211/211/211
f 114/114/114 211/211/211 210/210/210
f 115/115/115 116/116/116 212/212/212
f 115/115/115 212/212/212 211/211/211
f 116/116/116 117/117/117 213/213/213
f 116/116/116 213/213/213 212/212/212
f 117/117/117 118/118/118 214/214/214
f 117/117/117 214/214/214 213/213/213
f 118/118/118 119/119/119 215/215/215
f 118/118/118 215/215/215 214/214/214
f 119/119/119 120/120/120 216/216/216
f 119/119/119 216/216/216 215/215/215
f 120/120/120 121/121/121 217/217/217
f 120/120/120 217/217/217 216/216/216
f 121/121/121 122/122/122 218/218/218
f 121/121/121 218/218/218 217/217/217
f 122/122/122 123/123/123 219/219/219
f 122/122/122 219/219/219 218/218/218
f 123/123/123 124/124/124 220/220/220
f 123/123/123 220/220/220 219/219/219
f 124/124/124 125/125/125 221/221/221
f 124/124/124 221/221/221 220/220/220
f 125/125/125 126/126/126 222/222/222
f 125/125/125 222/222/222 221/221/221
f 126/126/126 127/127/127 223/223/223
f 126/126/126 223/223/223 222/222/222
f 127/127/127 128/128/128 224/224/224
f 127/127/127 224/224/224 223/223/223
f 128/128/128 129/129/129 225/225/225
f 128/128/128 225/225/225 224/224/224
f 129/129/129 130/130/130 226/226/226
f 129/129/129 226/226/226 225/225/225
f 130/130/130 131/131/131 227/227/227
f 130/130/130 227/227/227 226/226/226
f 131/131/131 132/132/132 228/228/228
f 131/131/131 228/228/228 227/227/227
f 132/132/132 133/133/133 229/229/229
f 132/132/132 229/229/229 228/228/228
f 133/133/133 134/134/134 230/230/230
f 133/133/133 230/230/230 229/229/229
f 134/134/134 135/135/135 231/231/231
f 134/134/134 231/231/231 230/230/230
f 135/135/135 136/136/136 232/232/232
f 135/135/135 232/232/232 231/231/231
f 136/136/136 137/137/137 233/233/233
f 136/136/136 233/233/233 232/232/232
f 137/137/137 138/138/138 234/234/234
f 137/137/137 234/234/234 233/233/233
f 138/138/138 139/139/139 235/235/235
f 138/138/138 235/235/235 234/234/234
f 139/139/139 140/140/140 236/236/236
f 139/139/139 236/236/236 235/235/235
f 140/140/140 141/141/141 237/237/237
f 140/140/140 237/237/237 236/236/236
f 141/141/141 142/142/142 238/238/238
f 141/141/141 238/238/238 237/237/237
f 142/142/142 143/143/143 239/239/239
f 142/142/142 239/239/239 238/238/238
f 143/143/143 144/144/144 240/240/240
f 143/143/143 240/240/240 239/239/239
f 144/144/144 145/145/145 241/241/241
f 144/144/144 241/241/241 240/240/240
f 145/145/145 146/146/146 242/242/242
f 145/145/145 242/242/242 241/241/241
f 146/146/146 147/147/147 243/243/243
f 146/146/146 243/243/243 242/242/242
f 147/147/147 148/148/148 244/244/244
f 147/147/147 244/244/244 243/243/243
f 148/148/148 149/149/149 245/245/245
f 148/148/148 245/245/245 244/244/244
f 149/149/149 150/150/150 246/246/246
f 149/149/149 246/246/246 245/245/245
f 150/150/150 151/151/151 247/247/247
f 150/150/150 247/247/247 246/246/246
f 151/151/151 152/152/152 248/248/248
f 151/151/151 248/248/248 247/247/247
f 152/152/152 153/153/153 249/249/249
f 152/152/152 249/249/249 248/248/248
f 153/153/153 154/154/154 250/250/250
f 153/153/153 250/250/250 249/249/249
f 154/154/154 155/155/155 251/251/251
f 154/154/154 251/251/251 250/250/250
f 155/155/155 156/156/156 252/252/252
f 155/155/155 252/252/252 251/251/251
f 156/156/156 157/157/157 253/253/253
f 156/156/156 253/253/253 252/252/252
f 157/157/157 158/158/158 254/254/254
f 157/157/157 254/254/254 253/253/253
f 158/158/158 159/159/159 255/255/255
f 158/158/158 255/255/255 254/254/254
f 159/159/159 160/160/160 256/256/256
f 159/159/159 256/256/256 255/255/255
f 160/160/160 161/161/161 257/257/257
f 160/160/160 257/257/257 256/256/256
f 161/161/161 162/162/162 258/258/258
f 161/161/161 258/258/258 257/257/257
f 162/162/162 163/163/163 259/259/259
f 162/162/162 259/259/259 258/258/258
f 163/163/163 164/164/164 260/260/260
f 163/163/163 260/260/260 259/259/259
f 164/164/164 165/165/165 261/261/261
f 164/164/164 261/261/261 260/260/260
f 165/165/165 166/166/166 262/262/262
f 165/165/165 262/262/262 261/261/261
f 166/166/166 167/167/167 263/263/263
f 166/166/166 263/263/263 262/262/262
f 167/167/167 168/168/168 264/264/264
f 167/167/167 264/264/264 263/263/263
f 168/168/168 169/169/169 265/265/265
f 168/168/168 265/265/265 264/264/264
f 169/169/169 170/170/170 266/266/266
f 169/169/169 266/266/266 265/265/265
f 170/170/170 171/171/171 267/267/267
f 170/170/170 267/267/267 266/266/266
f 171/171/171 172/172/172 268/268/268
f 171/171/171 268/268/268 267/267/267
f 172/172/172 173/173/173 269/269/269
f 172/172/172 269/269/269 268/268/268
f 173/173/173 174/174/174 270/270/270
f 173/173/173 270/270/270 269/269/269
f 174/174/174 175/175/175 271/271/271
f 174/174/174 271/271/271 270/270/270
f 175/175/175 176/176/176 272/272/272
f 175/175/175 272/272/272 271/271/271
f 176/176/176 177/177/177 273/273/273
f 176/176/176 273/273/273 272/272/272
f 177/177/177 178/178/178 274/274/274
f 177/177/177 274/274/274 273/273/273
f 178/178/178 179/179/179 275/275/275
f 178/178/178 275/275/275 274/274/274
f 179/179/179 180/180/180 276/276/276
f 179/179/179 276/276/276 275/275/275
f 180/180/180 181/181/181 277/277/277
f 180/180/180 277/277/277 276/276/276
f 181/181/181 182/182/182 278/278/278
f 181/181/181 278/278/278 277/277/277
f 182/182/182 183/183/183 279/279/279
f 182/182/182 279/279/279 278/278/278
f 183/183/183 184/184/184 280/280/280
f 183/183/183 280/280/280 279/279/279
f 184/184/184 185/185/185 281/281/281
f 184/184/184 281/281/281 280/280/280
f 185/185/185 186/186/186 282/282/282
f 185/185/185 282/282/282 281/281/281
f 186/186/186 187/187/187 283/283/283
f 186/186/186 283/283/283 282/282/282
f 187/187/187 188/188/188 284/284/284
f 187/187/187 284/284/284 283/283/283
f 188/188/188 189/189/189 285/285/285
f 188/188/188 285/285/285 284/284/284
f 189/189/189 190/190/190 286/286/286
f 189/189/189 286/286/286 285/285/285
f 190/190/190 191/191/191 287/287/287
f 190/190/190 287/287/287 286/286/286
f 191/191/191 192/192/192 288/288/288
f 191/191/191 288/288/288 287/287/287
f 192/192/192 97/97/97 193/193/193
f 192/192/192 193/193/193 288/288/288
f 193/193/193 194/194/194 290/290/290
f 193/193/193 290/290/290 289/289/289
f 194/194/194 195/195/195 291/291/291
f 194/194/194 291/291/291 290/290/290
f 195/195/195 196/196/196 292/292/292
f 195/195/195 292/292/292 291/291/291
f 196/196/196 197/197/197 293/293/293
f 196/196/196 293/293/293 292/292/292
f 197/197/197 198/198/198 294/294/294
f 197/197/197 294/294/294 293/293/293
f 198/198/198 199/199/199 295/295/295
f 198/198/198 295/295/295 294/294/294
f 199/199/199 200/200/200 296/296/296
f 199/199/199 296/296/296 295/295/295
f 200/200/200 201/201/201 297/297/297
f 200/200/200 297/297/297 296/296/296
f 201/201/201 202/202/202 298/298/298
f 201/201/201 298/298/298 297/297/297
f 202/202/202 203/203/203 299/299/299
f 202/202/202 299/299/299 298/298/298
f 203/203/203 204/204/204 300/300/300
f 203/203/203 300/300/300 299/299/299
f 204/204/204 205/205/205 301/301/301
f 204/204/204 301/301/301 300/300/300
f 205/205/205 206/206/206 302/302/302
f 205/205/205 302/302/302 301/301/301
f 206/206/206 207/207/207 303/303/303
f 206/206/206 303/303/303 302/302/302
f 207/207/207 208/208/208 304/304/304
f 207/207/207 304/304/304 303/303/303
f 208/208/208 209/209/209 305/305/305
f 208/208/208 305/305/305 304/304/304
f 209/209/209 210/210/210 306/306/306
f 209/209/209 306/306/306 305/305/305
f 210/210/210 211/211/211 307/307/307
f 210/210/210 307/307/307 306/306/306
f 211/211/211 212/212/212 308/308/308
f 211/211/211 308/308/308 307/307/307
f 212/212/212 213/213/213 309/309/309
f 212/212/212 309/309/309 308/308/308
f 213/213/213 214/214/214 310/310/310
f 213/213/213 310/310/310 309/309/309
f 214/214/214 215/215/215 311/311/311
f 214/214/214 311/311/311 310/310/310
f 215/215/215 216/216/216 312/312/312
f 215/215/215 312/312/312 311/311/311
f 216/216/216 217/217/217 313/313/313
f 216/216/216 313/313/313 312/312/312
f 217/217/217 218/218/218 314/314/314
f 217/217/217 314/314/314 313/313/313
f 218/218/218 219/219/219 315/315/315
f 218/218/218 315/315/315 314/314/314
f 219/219/219 220/220/220 316/316/316
f 219/219/219 316/316/316 315/315/315
f 220/220/220 221/221/221 317/317/317
f 220/220/220 317/317/317 316/316/316
f 221/221/221 222/222/222 318/318/318
f 221/221/221 318/318/318 317/317/317
f 222/222/222 223/223/223 319/319/319
f 222/222/222 319/319/319 318/318/318
f 223/223/223 224/224/224 320/320/320
f 223/223/223 320/320/320 319/319/319
f 224/224/224 225/225/225 321/321/321
f 224/224/224 321/321/321 320/320/320
f 225/225/225 226/226/226 322/322/322
f 225/225/225 322/322/322 321/321/321
f 226/226/226 227/227/227 323/323/323
f 226/226/226 323/323/323 322/322/322
f 227/227/227 228/228/228 324/324/324
f 227/227/227 324/324/324 323/323/323
f 228/228/228 229/229/229 325/325/325
f 228/228/228 325/325/325 324/324/324
f 229/229/229 230/230/230 326/326/326
f 229/229/229 326/326/326 325/325/325
f 230/230/230 231/231/231 327/327/327
f 230/230/230 327/327/327 326/326/326
f 231/231/231 232/232/232 328/328/328
f 231/231/231 328/328/328 327/327/327
f 232/232/232 233/233/233 329/329/329
f 232/232/232 329/329/329 328/328/328
f 233/233/233 234/234/234 330/330/330
f 233/233/233 330/330/330 329/329/329
f 234/234/234 235/235/235 331/331/331
f 234/234/234 331/331/331 330/330/330
f 235/235/235 236/236/236 332/332/332
f 235/235/235 332/332/332 331/331/331
f 236/236/236 237/237/237 333/333/333
f 236/236/236 333/333/333 332/332/332
f 237/237/237 238/238/238 334/334/334
f 237/237/237 334/334/334 333/333/333
f 238/238/238 239/239/239 335/335/335
f 238/238/238 335/335/335 334/334/334
f 239/239/239 240/240/240 336/336/336
f 239/239/239 336/336/336 335/335/335
f 240/240/240 241/241/241 337/337/337
f 240/240/240 337/337/337 336/336/336
f 241/241/241 242/242/242 338/338/338
f 241/241/241 338/338/338 337/337/337
f 242/242/242 243/243/243 339/339/339
f 242/242/242 339/339/339 338/338/338
f 243/243/243 244/244/244 340/340/340
f 243/243/243 340/340/340 339/339/339
f 244/244/244 245/245/245 341/341/341
f 244/244/244 341/341/341 340/340/340
f 245/245/245 246/246/246 342/342/342
f 245/245/245 342/342/342 341/341/341
f 246/246/246 247/247/247 343/343/343
f 246/246/246 343/343/343 342/342/342
f 247/247/247 248/248/248 344/344/344
f 247/247/247 344/344/344 343/343/343
f 248/248/248 249/249/249 345/345/345
f 248/248/248 345/345/345 344/344/344
f 249/249/249 250/250/250 346/346/346
f 249/249/249 346/346/346 345/345/345
f 250/250/250 251/251/251 347/347/347
f 250/250/250 347/347/347 346/346/346
f 251/251/251 252/252/252 348/348/348
f 251/251/251 348/348/348 347/347/347
f 252/252/252 253/253/253 349/349/349
f 252/252/252 349/349/349 348/348/348
f 253/253/253 254/254/254 350/350/350
f 253/253/253 350/350/350 349/349/349
f 254/254/254 255/255/255 351/351/351
f 254/254/254 351/351/351 350/350/350
f 255/255/255 256/256/256 352/352/352
f 255/255/255 352/352/352 351/351/351
f 256/256/256 257/257/257 353/353/353
f 256/256/256 353/353/353 352/352/352
f 257/257/257 258/258/258 354/354/354
f 257/257/257 354/354/354 353/353/353
f 258/258/258 259/259/259 355/355/355
f 258/258/258 355/355/355 354/354/354
f 259/259/259 260/260/260 356/356/356
f 259/259/259 356/356/356 355/355/355
f 260/260/260 261/261/261 357/357/357
f 260/260/260 357/357/357 356/356/356
f 261/261/261 262/262/262 358/358/358
f 261/261/261 358/358/358 357/357/357
f 262/262/262 263/263/263 359/359/359
f 262/262/262 359/359/359 358/358/358
f 263/263/263 264/264/264 360/360/360
f 263/263/263 360/360/360 359/359/359
f 264/264/264 265/265/265 361/361/361
f 264/264/264 361/361/361 360/360/360
f 265/265/265 266/266/266 362/362/362
f 265/265/265 362/362/362 361/361/361
f 266/266/266 267/267/267 363/363/363
f 266/266/266 363/363/363 362/362/362
f 267/267/267 268/268/268 364/364/364
f 267/267/267 364/364/364 363/363/363
f 268/268/268 269/269/269 365/365/365
f 268/268/268 365/365/365 364/364/364
f 269/269/269 270/270/270 366/366/366
f 269/269/269 366/366/366 365/365/365
f 270/270/270 271/271/271 367/367/367
f 270/270/270 367/367/367 366/366/366
f 271/271/271 272/272/272 368/368/368
f 271/271/271 368/368/368 367/367/367
f 272/272/272 273/273/273 369/369/369
f 272/272/272 369/369/369 368/368/368
f 273/273/273 274/274/274 370/370/370
f 273/273/273 370/370/370 369/369/369
f 274/274/274 275/275/275 371/371/371
f 274/274/274 371/371/371 370/370/370
f 275/275/275 276/276/276 372/372/372
f 275/275/275 372/372/372 371/371/371
f 276/276/276 277/277/277 373/373/373
f 276/276/276 373/373/373 372/372/372
f 277/277/277 278/278/278 374/374/374
f 277/277/277 374/374/374 373/373/373
f 278/278/278 279/279/279 375/375/375
f 278/278/278 375/375/375 374/374/374
f 279/279/279 280/280/280 376/376/376
f 279/279/279 376/376/376 375/375/375
f 280/280/280 281/281/281 377/377/377
f 280/280/280 377/377/377 376/376/376
f 281/281/281 282/282/282 378/378/378
f 281/281/281 378/378/378 377/377/377
f 282/282/282 283/283/283 379/379/379
f 282/282/282 379/379/379 378/378/378
f 283/283/283 284/284/284 380/380/380
f 283/283/283 380/380/380 379/379/379
f 284/284/284 285/285/285 381/381/381
f 284/284/284 381/381/381 380/380/380
f 285/285/285 286/286/286 382/382/382
f 285/285/285 382/382/382 381/381/381
f 286/286/286 287/287/287 383/383/383
f 286/286/286 383/383/383 382/382/382
f 287/287/287 288/288/288 384/384/384
f 287/287/287 384/384/384 383/383/383
f 288/288/288 193/193/193 289/289/289
f 288/288/288 289/289/289 384/384/384
f 289/289/289 290/290/290 386/386/386
f 289/289/289 386/386/386 385/385/385
f 290/290/290 291/291/291 387/387/387
f 290/290/290 387/387/387 386/386/386
f 291/291/291 292/292/292 388/388/388
f 291/291/291 388/388/388 387/387/387
f 292/292/292 293/293/293 389/389/389
f 292/292/292 389/389/389 388/388/388
f 293/293/293 294/294/294 390/390/390
f 293/293/293 390/390/390 389/389/389
f 294/294/294 295/295/295 391/391/391
f 294/294/294 391/391/391 390/390/390
f 295/295/295 296/296/296 392/392/392
f 295/295/295 392/392/392 391/391/391
f 296/296/296 297/297/297 393/393/393
f 296/296/296 393/393/393 392/392/392
f 297/297/297 298/298/298 394/394/394
f 297/297/297 394/394/394 393/393/393
f 298/298/298 299/299/299 395/395/395
f 298/298/298 395/395/395 394/394/394
f 299/299/299 300/300/300 396/396/396
f 299/299/299 396/396/396 395/395/395
f 300/300/300 301/301/301 397/397/397
f 300/300/300 397/397/397 396/396/396
f 301/301/301 302/302/302 398/398/398
f 301/301/301 398/398/398 397/397/397
f 302/302/302 303/303/303 399/399/399
f 302/302/302 399/399/399 398/398/398
f 303/303/303 304/304/304 400/400/400
f 303/303/303 400/400/400 399/399/399
f 304/304/304 305/305/305 401/401/401
f 304/304/304 401/401/401 400/400/400
f 305/305/305 306/306/306 402/402/402
f 305/305/305 402/402/402 401/401/401
f 306/306/306 307/307/307 403/403/403
f 306/306/306 403/403/403 402/402/402
f 307/307/307 308/308/308 404/404/404
f 307/307/307 404/404/404 403/403/403
f 308/308/308 309/309/309 405/405/405
f 308/308/308 405/405/405 404/404/404
f 309/309/309 310/310/310 406/406/406
f 309/309/309 406/406/406 405/405/405
f 310/310/310 311/311/311 407/407/407
f 310/310/310 407/407/407 406/406/406
f 311/311/311 312/312/312 408/408/408
f 311/311/311 408/408/408 407/407/407
f 312/312/312 313/313/313 409/409/409
f 312/312/312 409/409/409 408/408/408
f 313/313/313 314/314/314 410/410/410
f 313/313/313 410/410/410 409/409/409
f 314/314/314 315/315/315 411/411/411
f 314/314/314 411/411/411 410/410/410
f 315/315/315 316/316/316 412/412/412
f 315/315/315 412/412/412 411/411/411
f 316/316/316 317/317/317 413/413/413
f 316/316/316 413/413/413 412/412/412
f 317/317/317 318/318/318 414/414/414
f 317/317/317 414/414/414 413/413/413
f 318/318/318 319/319/319 415/415/415
f 318/318/318 415/415/415 414/414/414
f 319/319/319 320/320/320 416/416/416
f 319/319/319 416/416/416 415/415/415
f 320/320/320 321/321/321 417/417/417
f 320/320/320 417/417/417 416/416/416
f 321/321/321 322/322/322 418/418/418
f 321/321/321 418/418/418 417/417/417
f 322/322/322 323/323/323 419/419/419
f 322/322/322 419/419/419 418/418/418
f 323/323/323 324/324/324 420/420/420
f 323/323/323 420/420/420 419/419/419
f 324/324/324 325/325/325 421/421/421
f 324/324/324 421/421/421 420/420/420
f 325/325/325 326/326/326 422/422/422
f 325/325/325 422/422/422 421/421/421
f 326/326/326 327/327/327 423/423/423
f 326/326/326 423/423/423 422/422/422
f 327/327/327 328/328/328 424/424/424
f 327/327/327 424/424/424 423/423/423
f 328/328/328 329/329/329 425/425/425
f 328/328/328 425/425/425 424/424/424
f 329/329/329 330/330/330 426/426/426
f 329/329/329 426/426/426 425/425/425
f 330/330/330 331/331/331 427/427/427
f 330/330/330 427/427/427 426/426/426
f 331/331/331 332/332/332 428/428/428
f 331/331/331 428/428/428 427/427/427
f 332/332/332 333/333/333 429/429/429
f 332/332/332 429/429/429 428/428/428
f 333/333/333 334/334/334 430/430/430
f 333/333/333 430/430/430 429/429/429
f 334/334/334 335/335/335 431/431/431
f 334/334/334 431/431/431 430/430/430
f 335/335/335 336/336/336 432/432/432
f 335/335/335 432/432/432 431/431/431
f 336/336/336 337/337/337 433/433/433
f 336/336/336 433/433/433 432/432/432
f 337/337/337 338/338/338 434/434/434
f 337/337/337 434/434/434 433/433/433
f 338/338/338 339/339/339 435/435/435
f 338/338/338 435/435/435 434/434/434
f 339/339/339 340/340/340 436/436/436
f 339/339/339 436/436/436 435/435/435
f 340/340/340 341/341/341 437/437/437
f 340/340/340 437/437/437 436/436/436
f 341/341/341 342/342/342 438/438/438
f 341/341/341 438/438/438 437/437/437
f 342/342/342 343/343/343 439/439/439
f 342/342/342 439/439/439 438/438/438
f 343/343/343 344/344/344 440/440/440
f 343/343/343 440/440/440 439/439/439
f 344/344/344 345/345/345 441/441/441
f 344/344/344 441/441/441 440/440/440
f 345/345/345 346/346/346 442/442/442
f 345/345/345 442/442/442 441/441/441
f 346/346/346 347/347/347 443/443/443
f 346/346/346 443/443/443 442/442/442
f 347/347/347 348/348/348 444/444/444
f 347/347/347 444/444/444 443/443/443
f 348/348/348 349/349/349 445/445/445
f 348/348/348 445/445/445 444/444/444
f 349/349/349 350/350/350 446/446/446
f 349/349/349 446/446/446 445/445/445
f 350/350/350 351/351/351 447/447/447
f 350/350/350 447/447/447 446/446/446
f 351/351/351 352/352/352 448/448/448
f 351/351/351 448/448/448 447/447/447
f 352/352/352 353/353/353 449/449/449
f 352/352/352 449/449/449 448/448/448
f 353/353/353 354/354/354 450/450/450
f 353/353/353 450/450/450 449/449/449
f 354/354/354 355/355/355 451/451/451
f 354/354/354 451/451/451 450/450/450
f 355/355/355 356/356/356 452/452/452
f 355/355/355 452/452/452 451/451/451
f 356/356/356 357/357/357 453/453/453
f 356/356/356 453/453/453 452/452/452
f 357/357/357 358/358/358 454/454/454
f 357/357/357 454/454/454 453/453/453
f 358/358/358 359/359/359 455/455/455
f 358/358/358 455/455/455 454/454/454
f 359/359/359 360/360/360 456/456/456
f 359/359/359 456/456/456 455/455/455
f 360/360/360 361/361/361 457/457/457
f 360/360/360 457/457/457 456/456/456
f 361/361/361 362/362/362 458/458/458
f 361/361/361 458/458/458 457/457/457
f 362/362/362 363/363/363 459/459/459
f 362/362/362 459/459/459 458/458/458
f 363/363/363 364/364/364 460/460/460
f 363/363/363 460/460/460 459/459/459
f 364/364/364 365/365/365 461/461/461
f 364/364/364 461/461/461 460/460/460
f 365/365/365 366/366/366 462/462/462
f 365/365/365 462/462/462 461/461/461
f 366/366/366 367/367/367 463/463/463
f 366/366/366 463/463/463 462/462/462
f 367/367/367 368/368/368 464/464/464
f 367/367/367 464/464/464 463/463/463
f 368/368/368 369/369/369 465/465/465
f 368/368/368 465/465/465 464/464/464
f 369/369/369 370/370/370 466/466/466
f 369/369/369 466/466/466 465/465/465
f 370/370/370 371/371/371 467/467/467
f 370/370/370 467/467/467 466/466/466
f 371/371/371 372/372/372 468/468/468
f 371/371/371 468/468/468 467/467/467
f 372/372/372 373/373/373 469/469/469
f 372/372/372 469/469/469 468/468/468
f 373/373/373 374/374/374 470/470/470
f 373/373/373 470/470/470 469/469/469
f 374/374/374 375/375/375 471/471/471
f 374/374/374 471/471/471 470/470/470
f 375/375/375 376/376/376 472/472/472
f 375/375/375 472/472/472 471/471/471
f 376/376/376 377/377/377 473/473/473
f 376/376/376 473/473/473 472/472/472
f 377/377/377 378/378/378 474/474/474
f 377/377/377 474/474/474 473/473/473
f 378/378/378 379/379/379 475/475/475
f 378/378/378 475/475/475 474/474/474
f 379/379/379 380/380/380 476/476/476
f 379/379/379 476/476/476 475/475/475
f 380/380/380 381/381/381 477/477/477
f 380/380/380 477/477/477 476/476/476
f 381/381/381 382/382/382 478/478/478
f 381/381/381 478/478/478 477/477/477
f 382/382/382 383/383/383 479/479/479
f 382/382/382 479/479/479 478/478/478
f 383/383/383 384/384/384 480/480/480
f 383/383/383 480/480/480 479/479/479
f 384/384/384 289/289/289 385/385/385
f 384/384/384 385/385/385 480/480/480
f 385/385/385 386/386/386 482/482/482
f 385/385/385 482/482/482 481/481/481
f 386/386/386 387/387/387 483/483/483
f 386/386/386 483/483/483 482/482/482
f 387/387/387 388/388/388 484/484/484
f 387/387/387 484/484/484 483/483/483
f 388/388/388 389/389/389 485/485/485
f 388/388/388 485/485/485 484/484/484
f 389/389/389 390/390/390 486/486/486
f 389/389/389 486/486/486 485/485/485
f 390/390/390 391/391/391 487/487/487
f 390/390/390 487/487/487 486/486/486
f 391/391/391 392/392/392 488/488/488
f 391/391/391 488/488/488 487/487/487
f 392/392/392 393/393/393 489/489/489
f 392/392/392 489/489/489 488/488/488
f 393/393/393 394/394/394 490/490/490
f 393/393/393 490/490/490 489/489/489
f 394/394/394 395/395/395 491/491/491
f 394/394/394 491/491/491 490/490/490
f 395/395/395 396/396/396 492/492/492
f 395/395/395 492/492/492 491/491/491
f 396/396/396 397/397/397 493/493/493
f 396/396/396 493/493/493 492/492/492
f 397/397/397 398/398/398 494/494/494
f 397/397/397 494/494/494 493/493/493
f 398/398/398 399/399/399 495/495/495
f 398/398/398 495/495/495 494/494/494
f 399/399/399 400/400/400 496/496/496
f 399/399/399 496/496/496 495/495/495
f 400/400/400 401/401/401 497/497/497
f 400/400/400 497/497/497 496/496/496
f 401/401/401 402/402/402 498/498/498
f 401/401/401 498/498/498 497/497/497
f 402/402/402 403/403/403 499/499/499
f 402/402/402 499/499/499 498/498/498
f 403/403/403 404/404/404 500/500/500
f 403/403/403 500/500/500 499/499/499
f 404/404/404 405/405/405 501/501/501
f 404/404/404 501/501/501 500/500/500
f 405/405/405 406/406/406 502/502/502
f 405/405/405 502/502/502 501/501/501
f 406/406/406 407/407/407 503/503/503
f 406/406/406 503/503/503 502/502/502
f 407/407/407 408/408/408 504/504/504
f 407/407/407 504/504/504 503/503/503
f 408/408/408 409/409/409 505/505/505
f 408/408/408 505/505/505 504/504/504
f 409/409/409 410/410/410 506/506/506
f 409/409/409 506/506/506 505/505/505
f 410/410/410 411/411/411 507/507/507
f 410/410/410 507/507/507 506/506/506
f 411/411/411 412/412/412 508/508/508
f 411/411/411 508/508/508 507/507/507
f 412/412/412 413/413/413 509/509/509
f 412/412/412 509/509/509 508/508/508
f 413/413/413 414/414/414 510/510/510
f 413/413/413 510/510/510 509/509/509
f 414/414/414 415/415/415 511/511/511
f 414/414/414 511/511/511 510/510/510
f 415/415/415 416/416/416 512/512/512
f 415/415/415 512/512/512 511/511/511
f 416/416/416 417/417/417 513/513/513
f 416/416/416 513/513/513 512/512/512
f 417/417/417 418/418/418 514/514/514
f 417/417/417 514/514/514 513/513/513
f 418/418/418 419/419/419 515/515/515
f 418/418/418 515/515/515 514/514/514
f 419/419/419 420/420/420 516/516/516
f 419/419/419 516/516/516 515/515/515
f 420/420/420 421/421/421 517/517/517
f 420/420/420 517/517/517 516/516/516
f 421/421/421 422/422/422 518/518/518
f 421/421/421 518/518/518 517/517/517
f 422/422/422 423/423/423 519/519/519
f 422/422/422 519/519/519 518/518/518
f 423/423/423 424/424/424 520/520/520
f 423/423/423 520/520/520 519/519/519
f 424/424/424 425/425/425 521/521/521
f 424/424/424 521/521/521 520/520/520
f 425/425/425 426/426/426 522/522/522
f 425/425/425 522/522/522 521/521/521
f 426/426/426 427/427/427 523/523/523
f 426/426/426 523/523/523 522/522/522
f 427/427/427 428/428/428 524/524/524
f 427/427/427 524/524/524 523/523/523
f 428/428/428 429/429/429 525/525/525
f 428/428/428 525/525/525 524/524/524
f 429/429/429 430/430/430 526/526/526
f 429/429/429 526/526/526 525/525/525
f 430/430/430 431/431/431 527/527/527
f 430/430/430 527/527/527 526/526/526
f 431/431/431 432/432/432 528/528/528
f 431/431/431 528/528/528 527/527/527
f 432/432/432 433/433/433 529/529/529
f 432/432/432 529/529/529 528/528/528
f 433/433/433 434/434/434 530/530/530
f 433/433/433 530/530/530 529/529/529
f 434/434/434 435/435/435 531/531/531
f 434/434/434 531/531/531 530/530/530
f 435/435/435 436/436/436 532/532/532
f 435/435/435 532/532/532 531/531/531
f 436/436/436 437/437/437 533/533/533
f 436/436/436 533/533/533 532/532/532
f 437/437/437 438/438/438 534/534/534
f 437/437/437 534/534/534 533/533/533
f 438/438/438 439/439/439 535/535/535
f 438/438/438 535/535/535 534/534/534
f 439/439/439 440/440/440 536/536/536
f 439/439/439 536/536/536 535/535/535
f 440/440/440 441/441/441 537/537/537
f 440/440/440 537/537/537 536/536/536
f 441/441/441 442/442/442 538/538/538
f 441/441/441 538/538/538 537/537/537
f 442/442/442 443/443/443 539/539/539
f 442/442/442 539/539/539 538/538/538
f 443/443/443 444/444/444 540/540/540
f 443/443/443 540/540/540 539/539/539
f 444/444/444 445/445/445 541/541/541
f 444/444/444 541/541/541 540/540/540
f 445/445/445 446/446/446 542/542/542
f 445/445/445 542/542/542 541/541/541
f 446/446/446 447/447/447 543/543/543
f 446/446/446 543/543/543 542/542/542
f 447/447/447 448/448/448 544/544/544
f 447/447/447 544/544/544 543/543/543
f 448/448/448 449/449/449 545/545/545
f 448/448/448 545/545/545 544/544/544
f 449/449/449 450/450/450 546/546/546
f 449/449/449 546/546/546 545/545/545
f 450/450/450 451/451/451 547/547/547
f 450/450/450 547/547/547 546/546/546
f 451/451/451 452/452/452 548/548/548
f 451/451/451 548/548/548 547/547/547
f 452/452/452 453/453/453 549/549/549
f 452/452/452 549/549/549 548/548/548
f 453/453/453 454/454/454 550/550/550
f 453/453/453 550/550/550 549/549/549
f 454/454/454 455/455/455 551/551/551
f 454/454/454 551/551/551 550/550/550
f 455/455/455 456/456/456 552/552/552
f 455/455/455 552/552/552 551/551/551
f 456/456/456 457/457/457 553/553/553
f 456/456/456 553/553/553 552/552/552
f 457/457/457 458/458/458 554/554/554
f 457/457/457 554/554/554 553/553/553
f 458/458/458 459/459/459 555/555/555
f 458/458/458 555/555/555 554/554/554
f 459/459/459 460/460/460 556/556/556
f 459/459/459 556/556/556 555/555/555
f 460/460/460 461/461/461 557/557/557
f 460/460/460 557/557/557 556/556/556
f 461/461/461 462/462/462 558/558/558
f 461/461/461 558/558/558 557/557/557
f 462/462/462 463/463/463 559/559/559
f 462/462/462 559/559/559 558/558/558
f 463/463/463 464/464/464 560/560/560
f 463/463/463 560/560/560 559/559/559
f 464/464/464 465/465/465 561/561/561
f 464/464/464 561/561/561 560/560/560
f 465/465/465 466/466/466 562/562/562
f 465/465/465 562/562/562 561/561/561
f 466/466/466 467/467/467 563/563/563
f 466/466/466 563/563/563 562/562/562
f 467/467/467 468/468/468 564/564/564
f 467/467/467 564/564/564 563/563/563
f 468/468/468 469/469/469 565/565/565
f 468/468/468 565/565/565 564/564/564
f 469/469/469 470/470/470 566/566/566
f 469/469/469 566/566/566 565/565/565
f 470/470/470 471/471/471 567/567/567
f 470/470/470 567/567/567 566/566/566
f 471/471/471 472/472/472 568/568/568
f 471/471/471 568/568/568 567/567/567
f 472/472/472 473/473/473 569/569/569
f 472/472/472 569/569/569 568/568/568
f 473/473/473 474/474/474 570/570/570
f 473/473/473 570/570/570 569/569/569
f 474/474/474 475/475/475 571/571/571
f 474/474/474 571/571/571 570/570/570
f 475/475/475 476/476/476 572/572/572
f 475/475/475 572/572/572 571/571/571
f 476/476/476 477/477/477 573/573/573
f 476/476/476 573/573/573 572/572/572
f 477/477/477 478/478/478 574/574/574
f 477/477/477 574/574/574 573/573/573
f 478/478/478 479/479/479 575/575/575
f 478/478/478 575/575/575 574/574/574
f 479/479/479 480/480/480 576/576/576
f 479/479/479 576/576/576 575/575/575
f 480/480/480 385/385/385 481/481/481
f 480/480/480 481/481/481 576/576/576
f 481/481/481 482/482/482 578/578/578
f 481/481/481 578/578/578 577/577/577
f 482/482/482 483/483/483 579/579/579
f 482/482/482 579/579/579 578/578/578
f 483/483/483 484/484/484 580/580/580
f 483/483/483 580/580/580 579/579/579
f 484/484/484 485/485/485 581/581/581
f 484/484/484 581/581/581 580/580/580
f 485/485/485 486/486/486 582/582/582
f 485/485/485 582/582/582 581/581/581
f 486/486/486 487/487/487 583/583/583
f 486/486/486 583/583/583 582/582/582
f 487/487/487 488/488/488 584/584/584
f 487/487/487 584/584/584 583/583/583
f 488/488/488 489/489/489 585/585/585
f 488/488/488 585/585/585 584/584/584
f 489/489/489 490/490/490 586/586/586
f 489/489/489 586/586/586 585/585/585
f 490/490/490 491/491/491 587/587/587
f 490/490/490 587/587/587 586/586/586
f 491/491/491 492/492/492 588/588/588
f 491/491/491 588/588/588 587/587/587
f 492/492/492 493/493/493 589/589/589
f 492/492/492 589/589/589 588/588/588
f 493/493/493 494/494/494 590/590/590
f 493/493/493 590/590/590 589/589/589
f 494/494/494 495/495/495 591/591/591
f 494/494/494 591/591/591 590/590/590
f 495/495/495 496/496/496 592/592/592
f 495/495/495 592/592/592 591/591/591
f 496/496/496 497/497/497 593/593/593
f 496/496/496 593/593/593 592/592/592
f 497/497/497 498/498/498 594/594/594
f 497/497/497 594/594/594 593/593/593
f 498/498/498 499/499/499 595/595/595
f 498/498/498 595/595/595 594/594/594
f 499/499/499 500/500/500 596/596/596
f 499/499/499 596/596/596 595/595/595
f 500/500/500 501/501/501 597/597/597
f 500/500/500 597/597/597 596/596/596
f 501/501/501 502/502/502 598/598/598
f 501/501/501 598/598/598 597/597/597
f 502/502/502 503/503/503 599/599/599
f 502/502/502 599/599/599 598/598/598
f 503/503/503 504/504/504 600/600/600
f 503/503/503 600/600/600 599/599/599
f 504/504/504 505/505/505 601/601/601
f 504/504/504 601/601/601 600/600/600
f 505/505/505 506/506/506 602/602/602
f 505/505/505 602/602/602 601/601/601
f 506/506/506 507/507/507 603/603/603
f 506/506/506 603/603/603 602/602/602
f 507/507/507 508/508/508 604/604/604
f 507/507/507 604/604/604 603/603/603
f 508/508/508 509/509/509 605/605/605
f 508/508/508 605/605/605 604/604/604
f 509/509/509 510/510/510 606/606/606
f 509/509/509 606/606/606 605/605/605
f 510/510/510 511/511/511 607/607/607
f 510/510/510 607/607/607 606/606/606
f 511/511/511 512/512/512 608/608/608
f 511/511/511 608/608/608 607/607/607
f 512/512/512 513/513/513 609/609/609
f 512/512/512 609/609/609 608/608/608
f 513/513/513 514/514/514 610/610/610
f 513/513/513 610/610/610 609/609/609
f 514/514/514 515/515/515 611/611/611
f 514/514/514 611/611/611 610/610/610
f 515/515/515 516/516/516 612/612/612
f 515/515/515 612/612/612 611/611/611
f 516/516/516 517/517/517 613/613/613
f 516/516/516 613/613/613 612/612/612
f 517/517/517 518/518/518 614/614/614
f 517/517/517 614/614/614 613/613/613
f 518/518/518 519/519/519 615/615/615
f 518/518/518 615/615/615 614/614/614
f 519/519/519 520/520/520 616/616/616
f 519/519/519 616/616/616 615/615/615
f 520/520/520 521/521/521 617/617/617
f 520/520/520 617/617/617 616/616/616
f 521/521/521 522/522/522 618/618/618
f 521/521/521 618/618/618 617/617/617
f 522/522/522 523/523/523 619/619/619
f 522/522/522 619/619/619 618/618/618
f 523/523/523 524/524/524 620/620/620
f 523/523/523 620/620/620 619/619/619
f 524/524/524 525/525/525 621/621/621
f 524/524/524 621/621/621 620/620/620
f 525/525/525 526/526/526 622/622/622
f 525/525/525 622/622/622 621/621/621
f 526/526/526 527/527/527 623/623/623
f 526/526/526 623/623/623 622/622/622
f 527/527/527 528/528/528 624/624/624
f 527/527/527 624/624/624 623/623/623
f 528/528/528 529/529/529 625/625/625
f 528/528/528 625/625/625 624/624/624
f 529/529/529 530/530/530 626/626/626
f 529/529/529 626/626/626 625/625/625
f 530/530/530 531/531/531 627/627/627
f 530/530/530 627/627/627 626/626/626
f 531/531/531 532/532/532 628/628/628
f 531/531/531 628/628/628 627/627/627
f 532/532/532 533/533/533 629/629/629
f 532/532/532 629/629/629 628/628/628
f 533/533/533 534/534/534 630/630/630
f 533/533/533 630/630/630 629/629/629
f 534/534/534 535/535/535 631/631/631
f 534/534/534 631/631/631 630/630/630
f 535/535/535 536/536/536 632/632/632
f 535/535/535 632/632/632 631/631/631
f 536/536/536 537/537/537 633/633/633
f 536/536/536 633/633/633 632/632/632
f 537/537/537 538/538/538 634/634/634
f 537/537/537 634/634/634 633/633/633
f 538/538/538 539/539/539 635/635/635
f 538/538/538 635/635/635 634/634/634
f 539/539/539 540/540/540 636/636/636
f 539/539/539 636/636/636 635/635/635
f 540/540/540 541/541/541 637/637/637
f 540/540/540 637/637/637 636/636/636
f 541/541/541 542/542/542 638/638/638
f 541/541/541 638/638/638 637/637/637
f 542/542/542 543/543/543 639/639/639
f 542/542/542 639/639/639 638/638/638
f 543/543/543 544/544/544 640/640/640
f 543/543/543 640/640/640 639/639/639
f 544/544/544 545/545/545 641/641/641
f 544/544/544 641/641/641 640/640/640
f 545/545/545 546/546/546 642/642/642
f 545/545/545 642/642/642 641/641/641
f 546/546/546 547/547/547 643/643/643
f 546/546/546 643/643/643 642/642/642
f 547/547/547 548/548/548 644/644/644
f 547/547/547 644/644/644 643/643/643
f 548/548/548 549/549/549 645/645/645
f 548/548/548 645/645/645 644/644/644
f 549/549/549 550/550/550 646/646/646
f 549/549/549 646/646/646 645/645/645
f 550/550/550 551/551/551 647/647/647
f 550/550/550 647/647/647 646/646/646
f 551/551/551 552/552/552 648/648/648
f 551/551/551 648/648/648 647/647/647
f 552/552/552 553/553/553 649/649/649
f 552/552/552 649/649/649 648/648/648
f 553/553/553 554/554/554 650/650/650
f 553/553/553 650/650/650 649/649/649
f 554/554/554 555/555/555 651/651/651
f 554/554/554 651/651/651 650/650/650
f 555/555/555 556/556/556 652/652/652
f 555/555/555 652/652/652 651/651/651
f 556/556/556 557/557/557 653/653/653
f 556/556/556 653/653/653 652/652/652
f 557/557/557 558/558/558 654/654/654
f 557/557/557 654/654/654 653/653/653
f 558/558/558 559/559/559 655/655/655
f 558/558/558 655/655/655 654/654/654
f 559/559/559 560/560/560 656/656/656
f 559/559/559 656/656/656 655/655/655
f 560/560/560 561/561/561 657/657/657
f 560/560/560 657/657/657 656/656/656
f 561/561/561 562/562/562 658/658/658
f 561/561/561 658/658/658 657/657/657
f 562/562/562 563/563/563 659/659/659
f 562/562/562 659/659/659 658/658/658
f 563/563/563 564/564/564 660/660/660
f 563/563/563 660/660/660 659/659/659
f 564/564/564 565/565/565 661/661/661
f 564/564/564 661/661/661 660/660/660
f 565/565/565 566/566/566 662/662/662
f 565/565/565 662/662/662 661/661/661
f 566/566/566 567/567/567 663/663/663
f 566/566/566 663/663/663 662/662/662
f 567/567/567 568/568/568 664/664/664
f 567/567/567 664/664/664 663/663/663
f 568/568/568 569/569/569 665/665/665
f 568/568/568 665/665/665 664/664/664
f 569/569/569 570/570/570 666/666/666
f 569/569/569 666/666/666 665/665/665
f 570/570/570 571/571/571 667/667/667
f 570/570/570 667/667/667 666/666/666
f 571/571/571 572/572/572 668/668/668
f 571/571/571 668/668/668 667/667/667
f 572/572/572 573/573/573 669/669/669
f 572/572/572 669/669/669 668/668/668
f 573/573/573 574/574/574 670/670/670
f 573/573/573 670/670/670 669/669/669
f 574/574/574 575/575/575 671/671/671
f 574/574/574 671/671/671 670/670/670
f 575/575/575 576/576/576 672/672/672
f 575/575/575 672/672/672 671/671/671
f 576/576/576 481/481/481 577/577/577
f 576/576/576 577/577/577 672/672/672
f 577/577/577 578/578/578 674/674/674
f 577/577/577 674/674/674 673/673/673
f 578/578/578 579/579/579 675/675/675
f 578/578/578 675/675/675 674/674/674
f 579/579/579 580/580/580 676/676/676
f 579/579/579 676/676/676 675/675/675
f 580/580/580 581/581/581 677/677/677
f 580/580/580 677/677/677 676/676/676
f 581/581/581 582/582/582 678/678/678
f 581/581/581 678/678/678 677/677/677
f 582/582/582 583/583/583 679/679/679
f 582/582/582 679/679/679 678/678/678
f 583/583/583 584/584/584 680/680/680
f 583/583/583 680/680/680 679/679/679
f 584/584/584 585/585/585 681/681/681
f 584/584/584 681/681/681 680/680/680
f 585/585/585 586/586/586 682/682/682
f 585/585/585 682/682/682 681/681/681
f 586/586/586 587/587/587 683/683/683
f 586/586/586 683/683/683 682/682/682
f 587/587/587 588/588/588 684/684/684
f 587/587/587 684/684/684 683/683/683
f 588/588/588 589/589/589 685/685/685
f 588/588/588 685/685/685 684/684/684
f 589/589/589 590/590/590 686/686/686
f 589/589/589 686/686/686 685/685/685
f 590/590/590 591/591/591 687/687/687
f 590/590/590 687/687/687 686/686/686
f 591/591/591 592/592/592 688/688/688
f 591/591/591 688/688/688 687/687/687
f 592/592/592 593/593/593 689/689/689
f 592/592/592 689/689/689 688/688/688
f 593/593/593 594/594/594 690/690/690
f 593/593/593 690/690/690 689/689/689
f 594/594/594 595/595/595 691/691/691
f 594/594/594 691/691/691 690/690/690
f 595/595/595 596/596/596 692/692/692
f 595/595/595 692/692/692 691/691/691
f 596/596/596 597/597/597 693/693/693
f 596/596/596 693/693/693 692/692/692
f 597/597/597 598/598/598 694/694/694
f 597/597/597 694/694/694 693/693/693
f 598/598/598 599/599/599 695/695/695
f 598/598/598 695/695/695 694/694/694
f 599/599/599 600/600/600 696/696/696
f 599/599/599 696/696/696 695/695/695
f 600/600/600 601/601/601 697/697/697
f 600/600/600 697/697/697 696/696/696
f 601/601/601 602/602/602 698/698/698
f 601/601/601 698/698/698 697/697/697
f 602/602/602 603/603/603 699/699/699
f 602/602/602 699/699/699 698/698/698
f 603/603/603 604/604/604 700/700/700
f 603/603/603 700/700/700 699/699/699
f 604/604/604 605/605/605 701/701/701
f 604/604/604 701/701/701 700/700/700
f 605/605/605 606/606/606 702/702/702
f 605/605/605 702/702/702 701/701/701
f 606/606/606 607/607/607 703/703/703
f 606/606/606 703/703/703 702/702/702
f 607/607/607 608/608/608 704/704/704
f 607/607/607 704/704/704 703/703/703
f 608/608/608 609/609/609 705/705/705
f 608/608/608 705/705/705 704/704/704
f 609/609/609 610/610/610 706/706/706
f 609/609/609 706/706/706 705/705/705
f 610/610/610 611/611/611 707/707/707
f 610/610/610 707/707/707 706/706/706
f 611/611/611 612/612/612 708/708/708
f 611/611/611 708/708/708 707/707/707
f 612/612/612 613/613/613 709/709/709
f 612/612/612 709/709/709 708/708/708
f 613/613/613 614/614/614 710/710/710
f 613/613/613 710/710/710 709/709/709
f 614/614/614 615/615/615 711/711/711
f 614/614/614 711/711/711 710/710/710
f 615/615/615 616/616/616 712/712/712
f 615/615/615 712/712/712 711/711/711
f 616/616/616 617/617/617 713/713/713
f 616/616/616 713/713/713 712/712/712
f 617/617/617 618/618/618 714/714/714
f 617/617/617 714/714/714 713/713/713
f 618/618/618 619/619/619 715/715/715
f 618/618/618 715/715/715 714/714/714
f 619/619/619 620/620/620 716/716/716
f 619/619/619 716/716/716 715/715/715
f 620/620/620 621/621/621 717/717/717
f 620/620/620 717/717/717 716/716/716
f 621/621/621 622/622/622 718/718/718
f 621/621/621 718/718/718 717/717/717
f 622/622/622 623/623/623 719/719/719
f 622/622/622 719/719/719 718/718/718
f 623/623/623 624/624/624 720/720/720
f 623/623/623 720/720/720 719/719/719
f 624/624/624 625/625/625 721/721/721
f 624/624/624 721/721/721 720/720/720
f 625/625/625 626/626/626 722/722/722
f 625/625/625 722/722/722 721/721/721
f 626/626/626 627/627/627 723/723/723
f 626/626/626 723/723/723 722/722/722
f 627/627/627 628/628/628 724/724/724
f 627/627/627 724/724/724 723/723/723
f 628/628/628 629/629/629 725/725/725
f 628/628/628 725/725/725 724/724/724
f 629/629/629 630/630/630 726/726/726
f 629/629/629 726/726/726 725/725/725
f 630/630/630 631/631/631 727/727/727
f 630/630/630 727/727/727 726/726/726
f 631/631/631 632/632/632 728/728/728
f 631/631/631 728/728/728 727/727/727
f 632/632/632 633/633/633 729/729/729
f 632/632/632 729/729/729 728/728/728
f 633/633/633 634/634/634 730/730/730
f 633/633/633 730/730/730 729/729/729
f 634/634/634 635/635/635 731/731/731
f 634/634/634 731/731/731 730/730/730
f 635/635/635 636/636/636 732/732/732
f 635/635/635 732/732/732 731/731/731
f 636/636/636 637/637/637 733/733/733
f 636/636/636 733/733/733 732/732/732
f 637/637/637 638/638/638 734/734/734
f 637/637/637 734/734/734 733/733/733
f 638/638/638 639/639/639 735/735/735
f 638/638/638 735/735/735 734/734/734
f 639/639/639 640/640/640 736/736/736
f 639/639/639 736/736/736 735/735/735
f 640/640/640 641/641/641 737/737/737
f 640/640/640 737/737/737 736/736/736
f 641/641/641 642/642/642 738/738/738
f 641/641/641 738/738/738 737/737/737
f 642/642/642 643/643/643 739/739/739
f 642/642/642 739/739/739 738/738/738
f 643/643/643 644/644/644 740/740/740
f 643/643/643 740/740/740 739/739/739
f 644/644/644 645/645/645 741/741/741
f 644/644/644 741/741/741 740/740/740
f 645/645/645 646/646/646 742/742/742
f 645/645/645 742/742/742 741/741/741
f 646/646/646 647/647/647 743/743/743
f 646/646/646 743/743/743 742/742/742
f 647/647/647 648/648/648 744/744/744
f 647/647/647 744/744/744 743/743/743
f 648/648/648 649/649/649 745/745/745
f 648/648/648 745/745/745 744/744/744
f 649/649/649 650/650/650 746/746/746
f 649/649/649 746/746/746 745/745/745
f 650/650/650 651/651/651 747/747/747
f 650/650/650 747/747/747 746/746/746
f 651/651/651 652/652/652 748/748/748
f 651/651/651 748/748/748 747/747/747
f 652/652/652 653/653/653 749/749/749
f 652/652/652 749/749/749 748/748/748
f 653/653/653 654/654/654 750/750/750
f 653/653/653 750/750/750 749/749/749
f 654/654/654 655/655/655 751/751/751
f 654/654/654 751/751/751 750/750/750
f 655/655/655 656/656/656 752/752/752
f 655/655/655 752/752/752 751/751/751
f 656/656/656 657/657/657 753/753/753
f 656/656/656 753/753/753 752/752/752
f 657/657/657 658/658/658 754/754/754
f 657/657/657 754/754/754 753/753/753
f 658/658/658 659/659/659 755/755/755
f 658/658/658 755/755/755 754/754/754
f 659/659/659 660/660/660 756/756/756
f 659/659/659 756/756/756 755/755/755
f 660/660/660 661/661/661 757/757/757
f 660/660/660 757/757/757 756/756/756
f 661/661/661 662/662/662 758/758/758
f 661/661/661 758/758/758 757/757/757
f 662/662/662 663/663/663 759/759/759
f 662/662/662 759/759/759 758/758/758
f 663/663/663 664/664/664 760/760/760
f 663/663/663 760/760/760 759/759/759
f 664/664/664 665/665/665 761/761/761
f 664/664/664 761/761/761 760/760/760
f 665/665/665 666/666/666 762/762/762
f 665/665/665 762/762/762 761/761/761
f 666/666/666 667/667/667 763/763/763
f 666/666/666 763/763/763 762/762/762
f 667/667/667 668/668/668 764/764/764
f 667/667/667 764/764/764 763/763/763
f 668/668/668 669/669/669 765/765/765
f 668/668/668 765/765/765 764/764/764
f 669/669/669 670/670/670 766/766/766
f 669/669/669 766/766/766 765/765/765
f 670/670/670 671/671/671 767/767/767
f 670/670/670 767/767/767 766/766/766
f 671/671/671 672/672/672 768/768/768
f 671/671/671 768/768/768 767/767/767
f 672/672/672 577/577/577 673/673/673
f 672/672/672 673/673/673 768/768/768
f 673/673/673 674/674/674 770/770/770
f 673/673/673 770/770/770 769/769/769
f 674/674/674 675/675/675 771/771/771
f 674/674/674 771/771/771 770/770/770
f 675/675/675 676/676/676 772/772/772
f 675/675/675 772/772/772 771/771/771
f 676/676/676 677/677/677 773/773/773
f 676/676/676 773/773/773 772/772/772
f 677/677/677 678/678/678 774/774/774
f 677/677/677 774/774/774 773/773/773
f 678/678/678 679/679/679 775/775/775
f 678/678/678 775/775/775 774/774/774
f 679/679/679 680/680/680 776/776/776
f 679/679/679 776/776/776 775/775/775
f 680/680/680 681/681/681 777/777/777
f 680/680/680 777/777/777 776/776/776
f 681/681/681 682/682/682 778/778/778
f 681/681/681 778/778/778 777/777/777
f 682/682/682 683/683/683 779/779/779
f 682/682/682 779/779/779 778/778/778
f 683/683/683 684/684/684 780/780/780
f 683/683/683 780/780/780 779/779/779
f 684/684/684 685/685/685 781/781/781
f 684/684/684 781/781/781 780/780/780
f 685/685/685 686/686/686 782/782/782
f 685/685/685 782/782/782 781/781/781
f 686/686/686 687/687/687 783/783/783
f 686/686/686 783/783/783 782/782/782
f 687/687/687 688/688/688 784/784/784
f 687/687/687 784/784/784 783/783/783
f 688/688/688 689/689/689 785/785/785
f 688/688/688 785/785/785 784/784/784
f 689/689/689 690/690/690 786/786/786
f 689/689/689 786/786/786 785/785/785
f 690/690/690 691/691/691 787/787/787
f 690/690/690 787/787/787 786/786/786
f 691/691/691 692/692/692 788/788/788
f 691/691/691 788/788/788 787/787/787
f 692/692/692 693/693/693 789/789/789
f 692/692/692 789/789/789 788/788/788
f 693/693/693 694/694/694 790/790/790
f 693/693/693 790/790/790 789/789/789
f 694/694/694 695/695/695 791/791/791
f 694/694/694 791/791/791 790/790/790
f 695/695/695 696/696/696 792/792/792
f 695/695/695 792/792/792 791/791/791
f 696/696/696 697/697/697 793/793/793
f 696/696/696 793/793/793 792/792/792
f 697/697/697 698/698/698 794/794/794
f 697/697/697 794/794/794 793/793/793
f 698/698/698 699/699/699 795/795/795
f 698/698/698 795/795/795 794/794/794
f 699/699/699 700/700/700 796/796/796
f 699/699/699 796/796/796 795/795/795
f 700/700/700 701/701/701 797/797/797
f 700/700/700 797/797/797 796/796/796
f 701/701/701 702/702/702 798/798/798
f 701/701/701 798/798/798 797/797/797
f 702/702/702 703/703/703 799/799/799
f 702/702/702 799/799/799 798/798/798
f 703/703/703 704/704/704 800/800/800
f 703/703/703 800/800/800 799/799/799
f 704/704/704 705/705/705 801/801/801
f 704/704/704 801/801/801 800/800/800
f 705/705/705 706/706/706 802/802/802
f 705/705/705 802/802/802 801/801/801
f 706/706/706 707/707/707 803/803/803
f 706/706/706 803/803/803 802/802/802
f 707/707/707 708/708/708 804/804/804
f 707/707/707 804/804/804 803/803/803
f 708/708/708 709/709/709 805/805/805
f 708/708/708 805/805/805 804/804/804
f 709/709/709 710/710/710 806/806/806
f 709/709/709 806/806/806 805/805/805
f 710/710/710 711/711/711 807/807/807
f 710/710/710 807/807/807 806/806/806
f 711/711/711 712/712/712 808/808/808
f 711/711/711 808/808/808 807/807/807
f 712/712/712 713/713/713 809/809/809
f 712/712/712 809/809/809 808/808/808
f 713/713/713 714/714/714 810/810/810
f 713/713/713 810/810/810 809/809/809
f 714/714/714 715/715/715 811/811/811
f 714/714/714 811/811/811 810/810/810
f 715/715/715 716/716/716 812/812/812
f 715/715/715 812/812/812 811/811/811
f 716/716/716 717/717/717 813/813/813
f 716/716/716 813/813/813 812/812/812
f 717/717/717 718/718/718 814/814/814
f 717/717/717 814/814/814 813/813/813
f 718/718/718 719/719/719 815/815/815
f 718/718/718 815/815/815 814/814/814
f 719/719/719 720/720/720 816/816/816
f 719/719/719 816/816/816 815/815/815
f 720/720/720 721/721/721 817/817/817
f 720/720/720 817/817/817 816/816/816
f 721/721/721 722/722/722 818/818/818
f 721/721/721 818/818/818 817/817/817
f 722/722/722 723/723/723 819/819/819
f 722/722/722 819/819/819 818/818/818
f 723/723/723 724/724/724 820/820/820
f 723/723/723 820/820/820 819/819/819
f 724/724/724 725/725/725 821/821/821
f 724/724/724 821/821/821 820/820/820
f 725/725/725 726/726/726 822/822/822
f 725/725/725 822/822/822 821/821/821
f 726/726/726 727/727/727 823/823/823
f 726/726/726 823/823/823 822/822/822
f 727/727/727 728/728/728 824/824/824
f 727/727/727 824/824/824 823/823/823
f 728/728/728 729/729/729 825/825/825
f 728/728/728 825/825/825 824/824/824
f 729/729/729 730/730/730 826/826/826
f 729/729/729 826/826/826 825/825/825
f 730/730/730 731/731/731 827/827/827
f 730/730/730 827/827/827 826/826/826
f 731/731/731 732/732/732 828/828/828
f 731/731/731 828/828/828 827/827/827
f 732/732/732 733/733/733 829/829/829
f 732/732/732 829/829/829 828/828/828
f 733/733/733 734/734/734 830/830/830
f 733/733/733 830/830/830 829/829/829
f 734/734/734 735/735/735 831/831/831
f 734/734/734 831/831/831 830/830/830
f 735/735/735 736/736/736 832/832/832
f 735/735/735 832/832/832 831/831/831
f 736/736/736 737/737/737 833/833/833
f 736/736/736 833/833/833 832/832/832
f 737/737/737 738/738/738 834/834/834
f 737/737/737 834/834/834 833/833/833
f 738/738/738 739/739/739 835/835/835
f 738/738/738 835/835/835 834/834/834
f 739/739/739 740/740/740 836/836/836
f 739/739/739 836/836/836 835/835/835
f 740/740/740 741/741/741 837/837/837
f 740/740/740 837/837/837 836/836/836
f 741/741/741 742/742/742 838/838/838
f 741/741/741 838/838/838 837/837/837
f 742/742/742 743/743/743 839/839/839
f 742/742/742 839/839/839 838/838/838
f 743/743/743 744/744/744 840/840/840
f 743/743/743 840/840/840 839/839/839
f 744/744/744 745/745/745 841/841/841
f 744/744/744 841/841/841 840/840/840
f 745/745/745 746/746/746 842/842/842
f 745/745/745 842/842/842 841/841/841
f 746/746/746 747/747/747 843/843/843
f 746/746/746 843/843/843 842/842/842
f 747/747/747 748/748/748 844/844/844
f 747/747/747 844/844/844 843/843/843
f 748/748/748 749/749/749 845/845/845
f 748/748/748 845/845/845 844/844/844
f 749/749/749 750/750/750 846/846/846
f 749/749/749 846/846/846 845/845/845
f 750/750/750 751/751/751 847/847/847
f 750/750/750 847/847/847 846/846/846
f 751/751/751 752/752/752 848/848/848
f 751/751/751 848/848/848 847/847/847
f 752/752/752 753/753/753 849/849/849
f 752/752/752 849/849/849 848/848/848
f 753/753/753 754/754/754 850/850/850
f 753/753/753 850/850/850 849/849/849
f 754/754/754 755/755/755 851/851/851
f 754/754/754 851/851/851 850/850/850
f 755/755/755 756/756/756 852/852/852
f 755/755/755 852/852/852 851/851/851
f 756/756/756 757/757/757 853/853/853
f 756/756/756 853/853/853 852/852/852
f 757/757/757 758/758/758 854/854/854
f 757/757/757 854/854/854 853/853/853
f 758/758/758 759/759/759 855/855/855
f 758/758/758 855/855/855 854/854/854
f 759/759/759 760/760/760 856/856/856
f 759/759/759 856/856/856 855/855/855
f 760/760/760 761/761/761 857/857/857
f 760/760/760 857/857/857 856/856/856
f 761/761/761 762/762/762 858/858/858
f 761/761/761 858/858/858 857/857/857
f 762/762/762 763/763/763 859/859/859
f 762/762/762 859/859/859 858/858/858
f 763/763/763 764/764/764 860/860/860
f 763/763/763 860/860/860 859/859/859
f 764/764/764 765/765/765 861/861/861
f 764/764/764 861/861/861 860/860/860
f 765/765/765 766/766/766 862/862/862
f 765/765/765 862/862/862 861/861/861
f 766/766/766 767/767/767 863/863/863
f 766/766/766 863/863/863 862/862/862
f 767/767/767 768/768/768 864/864/864
f 767/767/767 864/864/864 863/863/863
f 768/768/768 673/673/673 769/769/769
f 768/768/768 769/769/769 864/864/864
f 769/769/769 770/770/770 866/866/866
f 769/769/769 866/866/866 865/865/865
f 770/770/770 771/771/771 867/867/867
f 770/770/770 867/867/867 866/866/866
f 771/771/771 772/772/772 868/868/868
f 771/771/771 868/868/868 867/867/867
f 772/772/772 773/773/773 869/869/869
f 772/772/772 869/869/869 868/868/868
f 773/773/773 774/774/774 870/870/870
f 773/773/773 870/870/870 869/869/869
f 774/774/774 775/775/775 871/871/871
f 774/774/774 871/871/871 870/870/870
f 775/775/775 776/776/776 872/872/872
f 775/775/775 872/872/872 871/871/871
f 776/776/776 777/777/777 873/873/873
f 776/776/776 873/873/873 872/872/872
f 777/777/777 778/778/778 874/874/874
f 777/777/777 874/874/874 873/873/873
f 778/778/778 779/779/779 875/875/875
f 778/778/778 875/875/875 874/874/874
f 779/779/779 780/780/780 876/876/876
f 779/779/779 876/876/876 875/875/875
f 780/780/780 781/781/781 877/877/877
f 780/780/780 877/877/877 876/876/876
f 781/781/781 782/782/782 878/878/878
f 781/781/781 878/878/878 877/877/877
f 782/782/782 783/783/783 879/879/879
f 782/782/782 879/879/879 878/878/878
f 783/783/783 784/784/784 880/880/880
f 783/783/783 880/880/880 879/879/879
f 784/784/784 785/785/785 881/881/881
f 784/784/784 881/881/881 880/880/880
f 785/785/785 786/786/786 882/882/882
f 785/785/785 882/882/882 881/881/881
f 786/786/786 787/787/787 883/883/883
f 786/786/786 883/883/883 882/882/882
f 787/787/787 788/788/788 884/884/884
f 787/787/787 884/884/884 883/883/883
f 788/788/788 789/789/789 885/885/885
f 788/788/788 885/885/885 884/884/884
f 789/789/789 790/790/790 886/886/886
f 789/789/789 886/886/886 885/885/885
f 790/790/790 791/791/791 887/887/887
f 790/790/790 887/887/887 886/886/886
f 791/791/791 792/792/792 888/888/888
f 791/791/791 888/888/888 887/887/887
f 792/792/792 793/793/793 889/889/889
f 792/792/792 889/889/889 888/888/888
f 793/793/793 794/794/794 890/890/890
f 793/793/793 890/890/890 889/889/889
f 794/794/794 795/795/795 891/891/891
f 794/794/794 891/891/891 890/890/890
f 795/795/795 796/796/796 892/892/892
f 795/795/795 892/892/892 891/891/891
f 796/796/796 797/797/797 893/893/893
f 796/796/796 893/893/893 892/892/892
f 797/797/797 798/798/798 894/894/894
f 797/797/797 894/894/894 893/893/893
f 798/798/798 799/799/799 895/895/895
f 798/798/798 895/895/895 894/894/894
f 799/799/799 800/800/800 896/896/896
f 799/799/799 896/896/896 895/895/895
f 800/800/800 801/801/801 897/897/897
f 800/800/800 897/897/897 896/896/896
f 801/801/801 802/802/802 898/898/898
f 801/801/801 898/898/898 897/897/897
f 802/802/802 803/803/803 899/899/899
f 802/802/802 899/899/899 898/898/898
f 803/803/803 804/804/804 900/900/900
f 803/803/803 900/900/900 899/899/899
f 804/804/804 805/805/805 901/901/901
f 804/804/804 901/901/901 900/900/900
f 805/805/805 806/806/806 902/902/902
f 805/805/805 902/902/902 901/901/901
f 806/806/806 807/807/807 903/903/903
f 806/806/806 903/903/903 902/902/902
f 807/807/807 808/808/808 904/904/904
f 807/807/807 904/904/904 903/903/903
f 808/808/808 809/809/809 905/905/905
f 808/808/808 905/905/905 904/904/904
f 809/809/809 810/810/810 906/906/906
f 809/809/809 906/906/906 905/905/905
f 810/810/810 811/811/811 907/907/907
f 810/810/810 907/907/907 906/906/906
f 811/811/811 812/812/812 908/908/908
f 811/811/811 908/908/908 907/907/907
f 812/812/812 813/813/813 909/909/909
f 812/812/812 909/909/909 908/908/908
f 813/813/813 814/814/814 910/910/910
f 813/813/813 910/910/910 909/909/909
f 814/814/814 815/815/815 911/911/911
f 814/814/814 911/911/911 910/910/910
f 815/815/815 816/816/816 912/912/912
f 815/815/815 912/912/912 911/911/911
f 816/816/816 817/817/817 913/913/913
f 816/816/816 913/913/913 912/912/912
f 817/817/817 818/818/818 914/914/914
f 817/817/817 914/914/914 913/913/913
f 818/818/818 819/819/819 915/915/915
f 818/818/818 915/915/915 914/914/914
f 819/819/819 820/820/820 916/916/916
f 819/819/819 916/916/916 915/915/915
f 820/820/820 821/821/821 917/917/917
f 820/820/820 917/917/917 916/916/916
f 821/821/821 822/822/822 918/918/918
f 821/821/821 918/918/918 917/917/917
f 822/822/822 823/823/823 919/919/919
f 822/822/822 919/919/919 918/918/918
f 823/823/823 824/824/824 920/920/920
f 823/823/823 920/920/920 919/919/919
f 824/824/824 825/825/825 921/921/921
f 824/824/824 921/921/921 920/920/920
f 825/825/825 826/826/826 922/922/922
f 825/825/825 922/922/922 921/921/921
f 826/826/826 827/827/827 923/923/923
f 826/826/826 923/923/923 922/922/922
f 827/827/827 828/828/828 924/924/924
f 827/827/827 924/924/924 923/923/923
f 828/828/828 829/829/829 925/925/925
f 828/828/828 925/925/925 924/924/924
f 829/829/829 830/830/830 926/926/926
f 829/829/829 926/926/926 925/925/925
f 830/830/830 831/831/831 927/927/927
f 830/830/830 927/927/927 926/926/926
f 831/831/831 832/832/832 928/928/928
f 831/831/831 928/928/928 927/927/927
f 832/832/832 833/833/833 929/929/929
f 832/832/832 929/929/929 928/928/928
f 833/833/833 834/834/834 930/930/930
f 833/833/833 930/930/930 929/929/929
f 834/834/834 835/835/835 931/931/931
f 834/834/834 931/931/931 930/930/930
f 835/835/835 836/836/836 932/932/932
f 835/835/835 932/932/932 931/931/931
f 836/836/836 837/837/837 933/933/933
f 836/836/836 933/933/933 932/932/932
f 837/837/837 838/838/838 934/934/934
f 837/837/837 934/934/934 933/933/933
f 838/838/838 839/839/839 935/935/935
f 838/838/838 935/935/935 934/934/934
f 839/839/839 840/840/840 936/936/936
f 839/839/839 936/936/936 935/935/935
f 840/840/840 841/841/841 937/937/937
f 840/840/840 937/937/937 936/936/936
f 841/841/841 842/842/842 938/938/938
f 841/841/841 938/938/938 937/937/937
f 842/842/842 843/843/843 939/939/939
f 842/842/842 939/939/939 938/938/938
f 843/843/843 844/844/844 940/940/940
f 843/843/843 940/940/940 939/939/939
f 844/844/844 845/845/845 941/941/941
f 844/844/844 941/941/941 940/940/940
f 845/845/845 846/846/846 942/942/942
f 845/845/845 942/942/942 941/941/941
f 846/846/846 847/847/847 943/943/943
f 846/846/846 943/943/943 942/942/942
f 847/847/847 848/848/848 944/944/944
f 847/847/847 944/944/944 943/943/943
f 848/848/848 849/849/849 945/945/945
f 848/848/848 945/945/945 944/944/944
f 849/849/849 850/850/850 946/946/946
f 849/849/849 946/946/946 945/945/945
f 850/850/850 851/851/851 947/947/947
f 850/850/850 947/947/947 946/946/946
f 851/851/851 852/852/852 948/948/948
f 851/851/851 948/948/948 947/947/947
f 852/852/852 853/853/853 949/949/949
f 852/852/852 949/949/949 948/948/948
f 853/853/853 854/854/854 950/950/950
f 853/853/853 950/950/950 949/949/949
f 854/854/854 855/855/855 951/951/951
f 854/854/854 951/951/951 950/950/950
f 855/855/855 856/856/856 952/952/952
f 855/855/855 952/952/952 951/951/951
f 856/856/856 857/857/857 953/953/953
f 856/856/856 953/953/953 952/952/952
f 857/857/857 858/858/858 954/954/954
f 857/857/857 954/954/954 953/953/953
f 858/858/858 859/859/859 955/955/955
f 858/858/858 955/955/955 954/954/954
f 859/859/859 860/860/860 956/956/956
f 859/859/859 956/956/956 955/955/955
f 860/860/860 861/861/861 957/957/957
f 860/860/860 957/957/957 956/956/956
f 861/861/861 862/862/862 958/958/958
f 861/861/861 958/958/958 957/957/957
f 862/862/862 863/863/863 959/959/959
f 862/862/862 959/959/959 958/958/958
f 863/863/863 864/864/864 960/960/960
f 863/863/863 960/960/960 959/959/959
f 864/864/864 769/769/769 865/865/865
f 864/864/864 865/865/865 960/960/960
f 865/865/865 866/866/866 962/962/962
f 865/865/865 962/962/962 961/961/961
f 866/866/866 867/867/867 963/963/963
f 866/866/866 963/963/963 962/962/962
f 867/867/867 868/868/868 964/964/964
f 867/867/867 964/964/964 963/963/963
f 868/868/868 869/869/869 965/965/965
f 868/868/868 965/965/965 964/964/964
f 869/869/869 870/870/870 966/966/966
f 869/869/869 966/966/966 965/965/965
f 870/870/870 871/871/871 967/967/967
f 870/870/870 967/967/967 966/966/966
f 871/871/871 872/872/872 968/968/968
f 871/871/871 968/968/968 967/967/967
f 872/872/872 873/873/873 969/969/969
f 872/872/872 969/969/969 968/968/968
f 873/873/873 874/874/874 970/970/970
f 873/873/873 970/970/970 969/969/969
f 874/874/874 875/875/875 971/971/971
f 874/874/874 971/971/971 970/970/970
f 875/875/875 876/876/876 972/972/972
f 875/875/875 972/972/972 971/971/971
f 876/876/876 877/877/877 973/973/973
f 876/876/876 973/973/973 972/972/972
f 877/877/877 878/878/878 974/974/974
f 877/877/877 974/974/974 973/973/973
f 878/878/878 879/879/879 975/975/975
f 878/878/878 975/975/975 974/974/974
f 879/879/879 880/880/880 976/976/976
f 879/879/879 976/976/976 975/975/975
f 880/880/880 881/881/881 977/977/977
f 880/880/880 977/977/977 976/976/976
f 881/881/881 882/882/882 978/978/978
f 881/881/881 978/978/978 977/977/977
f 882/882/882 883/883/883 979/979/979
f 882/882/882 979/979/979 978/978/978
f 883/883/883 884/884/884 980/980/980
f 883/883/883 980/980/980 979/979/979
f 884/884/884 885/885/885 981/981/981
f 884/884/884 981/981/981 980/980/980
f 885/885/885 886/886/886 982/982/982
f 885/885/885 982/982/982 981/981/981
f 886/886/886 887/887/887 983/983/983
f 886/886/886 983/983/983 982/982/982
f 887/887/887 888/888/888 984/984/984
f 887/887/887 984/984/984 983/983/983
f 888/888/888 889/889/889 985/985/985
f 888/888/888 985/985/985 984/984/984
f 889/889/889 890/890/890 986/986/986
f 889/889/889 986/986/986 985/985/985
f 890/890/890 891/891/891 987/987/987
f 890/890/890 987/987/987 986/986/986
f 891/891/891 892/892/892 988/988/988
f 891/891/891 988/988/988 987/987/987
f 892/892/892 893/893/893 989/989/989
f 892/892/892 989/989/989 988/988/988
f 893/893/893 894/894/894 990/990/990
f 893/893/893 990/990/990 989/989/989
f 894/894/894 895/895/895 991/991/991
f 894/894/894 991/991/991 990/990/990
f 895/895/895 896/896/896 992/992/992
f 895/895/895 992/992/992 991/991/991
f 896/896/896 897/897/897 993/993/993
f 896/896/896 993/993/993 992/992/992
f 897/897/897 898/898/898 994/994/994
f 897/897/897 994/994/994 993/993/993
f 898/898/898 899/899/899 995/995/995
f 898/898/898 995/995/995 994/994/994
f 899/899/899 900/900/900 996/996/996
f 899/899/899 996/996/996 995/995/995
f 900/900/900 901/901/901 997/997/997
f 900/900/900 997/997/997 996/996/996
f 901/901/901 902/902/902 998/998/998
f 901/901/901 998/998/998 997/997/997
f 902/902/902 903/903/903 999/999/999
f 902/902/902 999/999/999 998/998/998
f 903/903/903 904/904/904 1000/1000/1000
f 903/903/903 1000/1000/1000 999/999/999
f 904/904/904 905/905/905 1001/1001/1001
f 904/904/904 1001/1001/1001 1000/1000/1000
f 905/905/905 906/906/906 1002/1002/1002
f 905/905/905 1002/1002/1002 1001/1001/1001
f 906/906/906 907/907/907 1003/1003/1003
f 906/906/906 1003/1003/1003 1002/1002/1002
f 907/907/907 908/908/908 1004/1004/1004
f 907/907/907 1004/1004/1004 1003/1003/1003
f 908/908/908 909/909/909 1005/1005/1005
f 908/908/908 1005/1005/1005 1004/1004/1004
f 909/909/909 910/910/910 1006/1006/1006
f 909/909/909 1006/1006/1006 1005/1005/1005
f 910/910/910 911/911/911 1007/1007/1007
f 910/910/910 1007/1007/1007 1006/1006/1006
f 911/911/911 912/912/912 1008/1008/1008
f 911/911/911 1008/1008/1008 1007/1007/1007
f 912/912/912 913/913/913 1009/1009/1009
f 912/912/912 1009/1009/1009 1008/1008/1008
f 913/913/913 914/914/914 1010/1010/1010
f 913/913/913 1010/1010/1010 1009/1009/1009
f 914/914/914 915/915/915 1011/1011/1011
f 914/914/914 1011/1011/1011 1010/1010/1010
f 915/915/915 916/916/916 1012/1012/1012
f 915/915/915 1012/1012/1012 1011/1011/1011
f 916/916/916 917/917/917 1013/1013/1013
f 916/916/916 1013/1013/1013 1012/1012/1012
f 917/917/917 918/918/918 1014/1014/1014
f 917/917/917 1014/1014/1014 1013/1013/1013
f 918/918/918 919/919/919 1015/1015/1015
f 918/918/918 1015/1015/1015 1014/1014/1014
f 919/919/919 920/920/920 1016/1016/1016
f 919/919/919 1016/1016/1016 1015/1015/1015
f 920/920/920 921/921/921 1017/1017/1017
f 920/920/920 1017/1017/1017 1016/1016/1016
f 921/921/921 922/922/922 1018/1018/1018
f 921/921/921 1018/1018/1018 1017/1017/1017
f 922/922/922 923/923/923 1019/1019/1019
f 922/922/922 1019/1019/1019 1018/1018/1018
f 923/923/923 924/924/924 1020/1020/1020
f 923/923/923 1020/1020/1020 1019/1019/1019
f 924/924/924 925/925/925 1021/1021/1021
f 924/924/924 1021/1021/1021 1020/1020/1020
f 925/925/925 926/926/926 1022/1022/1022
f 925/925/925 1022/1022/1022 1021/1021/1021
f 926/926/926 927/927/927 1023/1023/1023
f 926/926/926 1023/1023/1023 1022/1022/1022
f 927/927/927 928/928/928 1024/1024/1024
f 927/927/927 1024/1024/1024 1023/1023/1023
f 928/928/928 929/929/929 1025/1025/1025
f 928/928/928 1025/1025/1025 1024/1024/1024
f 929/929/929 930/930/930 1026/1026/1026
f 929/929/929 1026/1026/1026 1025/1025/1025
f 930/930/930 931/931/931 1027/1027/1027
f 930/930/930 1027/1027/1027 1026/1026/1026
f 931/931/931 932/932/932 1028/1028/1028
f 931/931/931 1028/1028/1028 1027/1027/1027
f 932/932/932 933/933/933 1029/1029/1029
f 932/932/932 1029/1029/1029 1028/1028/1028
f 933/933/933 934/934/934 1030/1030/1030
f 933/933/933 1030/1030/1030 1029/1029/1029
f 934/934/934 935/935/935 1031/1031/1031
f 934/934/934 1031/1031/1031 1030/1030/1030
f 935/935/935 936/936/936 1032/1032/1032
f 935/935/935 1032/1032/1032 1031/1031/1031
f 936/936/936 937/937/937 1033/1033/1033
f 936/936/936 1033/1033/1033 1032/1032/1032
f 937/937/937 938/938/938 1034/1034/1034
f 937/937/937 1034/1034/1034 1033/1033/1033
f 938/938/938 939/939/939 1035/1035/1035
f 938/938/938 1035/1035/1035 1034/1034/1034
f 939/939/939 940/940/940 1036/1036/1036
f 939/939/939 1036/1036/1036 1035/1035/1035
f 940/940/940 941/941/941 1037/1037/1037
f 940/940/940 1037/1037/1037 1036/1036/1036
f 941/941/941 942/942/942 1038/1038/1038
f 941/941/941 1038/1038/1038 1037/1037/1037
f 942/942/942 943/943/943 1039/1039/1039
f 942/942/942 1039/1039/1039 1038/1038/1038
f 943/943/943 944/944/944 1040/1040/1040
f 943/943/943 1040/1040/1040 1039/1039/1039
f 944/944/944 945/945/945 1041/1041/1041
f 944/944/944 1041/1041/1041 1040/1040/1040
f 945/945/945 946/946/946 1042/1042/1042
f 945/945/945 1042/1042/1042 1041/1041/1041
f 946/946/946 947/947/947 1043/1043/1043
f 946/946/946 1043/1043/1043 1042/1042/1042
f 947/947/947 948/948/948 1044/1044/1044
f 947/947/947 1044/1044/1044 1043/1043/1043
f 948/948/948 949/949/949 1045/1045/1045
f 948/948/948 1045/1045/1045 1044/1044/1044
f 949/949/949 950/950/950 1046/1046/1046
f 949/949/949 1046/1046/1046 1045/1045/1045
f 950/950/950 951/951/951 1047/1047/1047
f 950/950/950 1047/1047/1047 1046/1046/1046
f 951/951/951 952/952/952 1048/1048/1048
f 951/951/951 1048/1048/1048 1047/1047/1047
f 952/952/952 953/953/953 1049/1049/1049
f 952/952/952 1049/1049/1049 1048/1048/1048
f 953/953/953 954/954/954 1050/1050/1050
f 953/953/953 1050/1050/1050 1049/1049/1049
f 954/954/954 955/955/955 1051/1051/1051
f 954/954/954 1051/1051/1051 1050/1050/1050
f 955/955/955 956/956/956 1052/1052/1052
f 955/955/955 1052/1052/1052 1051/1051/1051
f 956/956/956 957/957/957 1053/1053/1053
f 956/956/956 1053/1053/1053 1052/1052/1052
f 957/957/957 958/958/958 1054/1054/1054
f 957/957/957 1054/1054/1054 1053/1053/1053
f 958/958/958 959/959/959 1055/1055/1055
f 958/958/958 1055/1055/1055 1054/1054/1054
f 959/959/959 960/960/960 1056/1056/1056
f 959/959/959 1056/1056/1056 1055/1055/1055
f 960/960/960 865/865/865 961/961/961
f 960/960/960 961/961/961 1056/1056/1056
f 961/961/961 962/962/962 1058/1058/1058
f 961/961/961 1058/1058/1058 1057/1057/1057
f 962/962/962 963/963/963 1059/1059/1059
f 962/962/962 1059/1059/1059 1058/1058/1058
f 963/963/963 964/964/964 1060/1060/1060
f 963/963/963 1060/1060/1060 1059/1059/1059
f 964/964/964 965/965/965 1061/1061/1061
f 964/964/964 1061/1061/1061 1060/1060/1060
f 965/965/965 966/966/966 1062/1062/1062
f 965/965/965 1062/1062/1062 1061/1061/1061
f 966/966/966 967/967/967 1063/1063/1063
f 966/966/966 1063/1063/1063 1062/1062/1062
f 967/967/967 968/968/968 1064/1064/1064
f 967/967/967 1064/1064/1064 1063/1063/1063
f 968/968/968 969/969/969 1065/1065/1065
f 968/968/968 1065/1065/1065 1064/1064/1064
f 969/969/969 970/970/970 1066/1066/1066
f 969/969/969 1066/1066/1066 1065/1065/1065
f 970/970/970 971/971/971 1067/1067/1067
f 970/970/970 1067/1067/1067 1066/1066/1066
f 971/971/971 972/972/972 1068/1068/1068
f 971/971/971 1068/1068/1068 1067/1067/1067
f 972/972/972 973/973/973 1069/1069/1069
f 972/972/972 1069/1069/1069 1068/1068/1068
f 973/973/973 974/974/974 1070/1070/1070
f 973/973/973 1070/1070/1070 1069/1069/1069
f 974/974/974 975/975/975 1071/1071/1071
f 974/974/974 1071/1071/1071 1070/1070/1070
f 975/975/975 976/976/976 1072/1072/1072
f 975/975/975 1072/1072/1072 1071/1071/1071
f 976/976/976 977/977/977 1073/1073/1073
f 976/976/976 1073/1073/1073 1072/1072/1072
f 977/977/977 978/978/978 1074/1074/1074
f 977/977/977 1074/1074/1074 1073/1073/1073
f 978/978/978 979/979/979 1075/1075/1075
f 978/978/978 1075/1075/1075 1074/1074/1074
f 979/979/979 980/980/980 1076/1076/1076
f 979/979/979 1076/1076/1076 1075/1075/1075
f 980/980/980 981/981/981 1077/1077/1077
f 980/980/980 1077/1077/1077 1076/1076/1076
f 981/981/981 982/982/982 1078/1078/1078
f 981/981/981 1078/1078/1078 1077/1077/1077
f 982/982/982 983/983/983 1079/1079/1079
f 982/982/982 1079/1079/1079 1078/1078/1078
f 983/983/983 984/984/984 1080/1080/1080
f 983/983/983 1080/1080/1080 1079/1079/1079
f 984/984/984 985/985/985 1081/1081/1081
f 984/984/984 1081/1081/1081 1080/1080/1080
f 985/985/985 986/986/986 1082/1082/1082
f 985/985/985 1082/1082/1082 1081/1081/1081
f 986/986/986 987/987/987 1083/1083/1083
f 986/986/986 1083/1083/1083 1082/1082/1082
f 987/987/987 988/988/988 1084/1084/1084
f 987/987/987 1084/1084/1084 1083/1083/1083
f 988/988/988 989/989/989 1085/1085/1085
f 988/988/988 1085/1085/1085 1084/1084/1084
f 989/989/989 990/990/990 1086/1086/1086
f 989/989/989 1086/1086/1086 1085/1085/1085
f 990/990/990 991/991/991 1087/1087/1087
f 990/990/990 1087/1087/1087 1086/1086/1086
f 991/991/991 992/992/992 1088/1088/1088
f 991/991/991 1088/1088/1088 1087/1087/1087
f 992/992/992 993/993/993 1089/1089/1089
f 992/992/992 1089/1089/1089 1088/1088/1088
f 993/993/993 994/994/994 1090/1090/1090
f 993/993/993 1090/1090/1090 1089/1089/1089
f 994/994/994 995/995/995 1091/1091/1091
f 994/994/994 1091/1091/1091 1090/1090/1090
f 995/995/995 996/996/996 1092/1092/1092
f 995/995/995 1092/1092/1092 1091/1091/1091
f 996/996/996 997/997/997 1093/1093/1093
f 996/996/996 1093/1093/1093 1092/1092/1092
f 997/997/997 998/998/998 1094/1094/1094
f 997/997/997 1094/1094/1094 1093/1093/1093
f 998/998/998 999/999/999 1095/1095/1095
f 998/998/998 1095/1095/1095 1094/1094/1094
f 999/999/999 1000/1000/1000 1096/1096/1096
f 999/999/999 1096/1096/1096 1095/1095/1095
f 1000/1000/1000 1001/1001/1001 1097/1097/1097
f 1000/1000/1000 1097/1097/1097 1096/1096/1096
f 1001/1001/1001 1002/1002/1002 1098/1098/1098
f 1001/1001/1001 1098/1098/1098 1097/1097/1097
f 1002/1002/1002 1003/1003/1003 1099/1099/1099
f 1002/1002/1002 1099/1099/1099 1098/1098/1098
f 1003/1003/1003 1004/1004/1004 1100/1100/1100
f 1003/1003/1003 1100/1100/1100 1099/1099/1099
f 1004/1004/1004 1005/1005/1005 1101/1101/1101
f 1004/1004/1004 1101/1101/1101 1100/1100/1100
f 1005/1005/1005 1006/1006/1006 1102/1102/1102
f 1005/1005/1005 1102/1102/1102 1101/1101/1101
f 1006/1006/1006 1007/1007/1007 1103/1103/1103
f 1006/1006/1006 1103/1103/1103 1102/1102/1102
f 1007/1007/1007 1008/1008/1008 1104/1104/1104
f 1007/1007/1007 1104/1104/1104 1103/1103/1103
f 1008/1008/1008 1009/1009/1009 1105/1105/1105
f 1008/1008/1008 1105/1105/1105 1104/1104/1104
f 1009/1009/1009 1010/1010/1010 1106/1106/1106
f 1009/1009/1009 1106/1106/1106 1105/1105/1105
f 1010/1010/1010 1011/1011/1011 1107/1107/1107
f 1010/1010/1010 1107/1107/1107 1106/1106/1106
f 1011/1011/1011 1012/1012/1012 1108/1108/1108
f 1011/1011/1011 1108/1108/1108 1107/1107/1107
f 1012/1012/1012 1013/1013/1013 1109/1109/1109
f 1012/1012/1012 1109/1109/1109 1108/1108/1108
f 1013/1013/1013 1014/1014/1014 1110/1110/1110
f 1013/1013/1013 1110/1110/1110 1109/1109/1109
f 1014/1014/1014 1015/1015/1015 1111/1111/1111
f 1014/1014/1014 1111/1111/1111 1110/1110/1110
f 1015/1015/1015 1016/1016/1016 1112/1112/1112
f 1015/1015/1015 1112/1112/1112 1111/1111/1111
f 1016/1016/1016 1017/1017/1017 1113/1113/1113
f 1016/1016/1016 1113/1113/1113 1112/1112/1112
f 1017/1017/1017 1018/1018/1018 1114/1114/1114
f 1017/1017/1017 1114/1114/1114 1113/1113/1113
f 1018/1018/1018 1019/1019/1019 1115/1115/1115
f 1018/1018/1018 1115/1115/1115 1114/1114/1114
f 1019/1019/1019 1020/1020/1020 1116/1116/1116
f 1019/1019/1019 1116/1116/1116 1115/1115/1115
f 1020/1020/1020 1021/1021/1021 1117/1117/1117
f 1020/1020/1020 1117/1117/1117 1116/1116/1116
f 1021/1021/1021 1022/1022/1022 1118/1118/1118
f 1021/1021/1021 1118/1118/1118 1117/1117/1117
f 1022/1022/1022 1023/1023/1023 1119/1119/1119
f 1022/1022/1022 1119/1119/1119 1118/1118/1118
f 1023/1023/1023 1024/1024/1024 1120/1120/1120
f 1023/1023/1023 1120/1120/1120 1119/1119/1119
f 1024/1024/1024 1025/1025/1025 1121/1121/1121
f 1024/1024/1024 1121/1121/1121 1120/1120/1120
f 1025/1025/1025 1026/1026/1026 1122/1122/1122
f 1025/1025/1025 1122/1122/1122 1121/1121/1121
f 1026/1026/1026 1027/1027/1027 1123/1123/1123
f 1026/1026/1026 1123/1123/1123 1122/1122/1122
f 1027/1027/1027 1028/1028/1028 1124/1124/1124
f 1027/1027/1027 1124/1124/1124 1123/1123/1123
f 1028/1028/1028 1029/1029/1029 1125/1125/1125
f 1028/1028/1028 1125/1125/1125 1124/1124/1124
f 1029/1029/1029 1030/1030/1030 1126/1126/1126
f 1029/1029/1029 1126/1126/1126 1125/1125/1125
f 1030/1030/1030 1031/1031/1031 1127/1127/1127
f 1030/1030/1030 1127/1127/1127 1126/1126/1126
f 1031/1031/1031 1032/1032/1032 1128/1128/1128
f 1031/1031/1031 1128/1128/1128 1127/1127/1127
f 1032/1032/1032 1033/1033/1033 1129/1129/1129
f 1032/1032/1032 1129/1129/1129 1128/1128/1128
f 1033/1033/1033 1034/1034/1034 1130/1130/1130
f 1033/1033/1033 1130/1130/1130 1129/1129/1129
f 1034/1034/1034 1035/1035/1035 1131/1131/1131
f 1034/1034/1034 1131/1131/1131 1130/1130/1130
f 1035/1035/1035 1036/1036/1036 1132/1132/1132
f 1035/1035/1035 1132/1132/1132 1131/1131/1131
f 1036/1036/1036 1037/1037/1037 1133/1133/1133
f 1036/1036/1036 1133/1133/1133 1132/1132/1132
f 1037/1037/1037 1038/1038/1038 1134/1134/1134
f 1037/1037/1037 1134/1134/1134 1133/1133/1133
f 1038/1038/1038 1039/1039/1039 1135/1135/1135
f 1038/1038/1038 1135/1135/1135 1134/1134/1134
f 1039/1039/1039 1040/1040/1040 1136/1136/1136
f 1039/1039/1039 1136/1136/1136 1135/1135/1135
f 1040/1040/1040 1041/1041/1041 1137/1137/1137
f 1040/1040/1040 1137/1137/1137 1136/1136/1136
f 1041/1041/1041 1042/1042/1042 1138/1138/1138
f 1041/1041/1041 1138/1138/1138 1137/1137/1137
f 1042/1042/1042 1043/1043/1043 1139/1139/1139
f 1042/1042/1042 1139/1139/1139 1138/1138/1138
f 1043/1043/1043 1044/1044/1044 1140/1140/1140
f 1043/1043/1043 1140/1140/1140 1139/1139/1139
f 1044/1044/1044 1045/1045/1045 1141/1141/1141
f 1044/1044/1044 1141/1141/1141 1140/1140/1140
f 1045/1045/1045 1046/1046/1046 1142/1142/1142
f 1045/1045/1045 1142/1142/1142 1141/1141/1141
f 1046/1046/1046 1047/1047/1047 1143/1143/1143
f 1046/1046/1046 1143/1143/1143 1142/1142/1142
f 1047/1047/1047 1048/1048/1048 1144/1144/1144
f 1047/1047/1047 1144/1144/1144 1143/1143/1143
f 1048/1048/1048 1049/1049/1049 1145/1145/1145
f 1048/1048/1048 1145/1145/1145 1144/1144/1144
f 1049/1049/1049 1050/1050/1050 1146/1146/1146
f 1049/1049/1049 1146/1146/1146 1145/1145/1145
f 1050/1050/1050 1051/1051/1051 1147/1147/1147
f 1050/1050/1050 1147/1147/1147 1146/1146/1146
f 1051/1051/1051 1052/1052/1052 1148/1148/1148
f 1051/1051/1051 1148/1148/1148 1147/1147/1147
f 1052/1052/1052 1053/1053/1053 1149/1149/1149
f 1052/1052/1052 1149/1149/1149 1148/1148/1148
f 1053/1053/1053 1054/1054/1054 1150/1150/1150
f 1053/1053/1053 1150/1150/1150 1149/1149/1149
f 1054/1054/1054 1055/1055/1055 1151/1151/1151
f 1054/1054/1054 1151/1151/1151 1150/1150/1150
f 1055/1055/1055 1056/1056/1056 1152/1152/1152
f 1055/1055/1055 1152/1152/1152 1151/1151/1151
f 1056/1056/1056 961/961/961 1057/1057/1057
f 1056/1056/1056 1057/1057/1057 1152/1152/1152
f 1057/1057/1057 1058/1058/1058 1154/1154/1154
f 1057/1057/1057 1154/1154/1154 1153/1153/1153
f 1058/1058/1058 1059/1059/1059 1155/1155/1155
f 1058/1058/1058 1155/1155/1155 1154/1154/1154
f 1059/1059/1059 1060/1060/1060 1156/1156/1156
f 1059/1059/1059 1156/1156/1156 1155/1155/1155
f 1060/1060/1060 1061/1061/1061 1157/1157/1157
f 1060/1060/1060 1157/1157/1157 1156/1156/1156
f 1061/1061/1061 1062/1062/1062 1158/1158/1158
f 1061/1061/1061 1158/1158/1158 1157/1157/1157
f 1062/1062/1062 1063/1063/1063 1159/1159/1159
f 1062/1062/1062 1159/1159/1159 1158/1158/1158
f 1063/1063/1063 1064/1064/1064 1160/1160/1160
f 1063/1063/1063 1160/1160/1160 1159/1159/1159
f 1064/1064/1064 1065/1065/1065 1161/1161/1161
f 1064/1064/1064 1161/1161/1161 1160/1160/1160
f 1065/1065/1065 1066/1066/1066 1162/1162/1162
f 1065/1065/1065 1162/1162/1162 1161/1161/1161
f 1066/1066/1066 1067/1067/1067 1163/1163/1163
f 1066/1066/1066 1163/1163/1163 1162/1162/1162
f 1067/1067/1067 1068/1068/1068 1164/1164/1164
f 1067/1067/1067 1164/1164/1164 1163/1163/1163
f 1068/1068/1068 1069/1069/1069 1165/1165/1165
f 1068/1068/1068 1165/1165/1165 1164/1164/1164
f 1069/1069/1069 1070/1070/1070 1166/1166/1166
f 1069/1069/1069 1166/1166/1166 1165/1165/1165
f 1070/1070/1070 1071/1071/1071 1167/1167/1167
f 1070/1070/1070 1167/1167/1167 1166/1166/1166
f 1071/1071/1071 1072/1072/1072 1168/1168/1168
f 1071/1071/1071 1168/1168/1168 1167/1167/1167
f 1072/1072/1072 1073/1073/1073 1169/1169/1169
f 1072/1072/1072 1169/1169/1169 1168/1168/1168
f 1073/1073/1073 1074/1074/1074 1170/1170/1170
f 1073/1073/1073 1170/1170/1170 1169/1169/1169
f 1074/1074/1074 1075/1075/1075 1171/1171/1171
f 1074/1074/1074 1171/1171/1171 1170/1170/1170
f 1075/1075/1075 1076/1076/1076 1172/1172/1172
f 1075/1075/1075 1172/1172/1172 1171/1171/1171
f 1076/1076/1076 1077/1077/1077 1173/1173/1173
f 1076/1076/1076 1173/1173/1173 1172/1172/1172
f 1077/1077/1077 1078/1078/1078 1174/1174/1174
f 1077/1077/1077 1174/1174/1174 1173/1173/1173
f 1078/1078/1078 1079/1079/1079 1175/1175/1175
f 1078/1078/1078 1175/1175/1175 1174/1174/1174
f 1079/1079/1079 1080/1080/1080 1176/1176/1176
f 1079/1079/1079 1176/1176/1176 1175/1175/1175
f 1080/1080/1080 1081/1081/1081 1177/1177/1177
f 1080/1080/1080 1177/1177/1177 1176/1176/1176
f 1081/1081/1081 1082/1082/1082 1178/1178/1178
f 1081/1081/1081 1178/1178/1178 1177/1177/1177
f 1082/1082/1082 1083/1083/1083 1179/1179/1179
f 1082/1082/1082 1179/1179/1179 1178/1178/1178
f 1083/1083/1083 1084/1084/1084 1180/1180/1180
f 1083/1083/1083 1180/1180/1180 1179/1179/1179
f 1084/1084/1084 1085/1085/1085 1181/1181/1181
f 1084/1084/1084 1181/1181/1181 1180/1180/1180
f 1085/1085/1085 1086/1086/1086 1182/1182/1182
f 1085/1085/1085 1182/1182/1182 1181/1181/1181
f 1086/1086/1086 1087/1087/1087 1183/1183/1183
f 1086/1086/1086 1183/1183/1183 1182/1182/1182
f 1087/1087/1087 1088/1088/1088 1184/1184/1184
f 1087/1087/1087 1184/1184/1184 1183/1183/1183
f 1088/1088/1088 1089/1089/1089 1185/1185/1185
f 1088/1088/1088 1185/1185/1185 1184/1184/1184
f 1089/1089/1089 1090/1090/1090 1186/1186/1186
f 1089/1089/1089 1186/1186/1186 1185/1185/1185
f 1090/1090/1090 1091/1091/1091 1187/1187/1187
f 1090/1090/1090 1187/1187/1187 1186/1186/1186
f 1091/1091/1091 1092/1092/1092 1188/1188/1188
f 1091/1091/1091 1188/1188/1188 1187/1187/1187
f 1092/1092/1092 1093/1093/1093 1189/1189/1189
f 1092/1092/1092 1189/1189/1189 1188/1188/1188
f 1093/1093/1093 1094/1094/1094 1190/1190/1190
f 1093/1093/1093 1190/1190/1190 1189/1189/1189
f 1094/1094/1094 1095/1095/1095 1191/1191/1191
f 1094/1094/1094 1191/1191/1191 1190/1190/1190
f 1095/1095/1095 1096/1096/1096 1192/1192/1192
f 1095/1095/1095 1192/1192/1192 1191/1191/1191
f 1096/1096/1096 1097/1097/1097 1193/1193/1193
f 1096/1096/1096 1193/1193/1193 1192/1192/1192
f 1097/1097/1097 1098/1098/1098 1194/1194/1194
f 1097/1097/1097 1194/1194/1194 1193/1193/1193
f 1098/1098/1098 1099/1099/1099 1195/1195/1195
f 1098/1098/1098 1195/1195/1195 1194/1194/1194
f 1099/1099/1099 1100/1100/1100 1196/1196/1196
f 1099/1099/1099 1196/1196/1196 1195/1195/1195
f 1100/1100/1100 1101/1101/1101 1197/1197/1197
f 1100/1100/1100 1197/1197/1197 1196/1196/1196
f 1101/1101/1101 1102/1102/1102 1198/1198/1198
f 1101/1101/1101 1198/1198/1198 1197/1197/1197
f 1102/1102/1102 1103/1103/1103 1199/1199/1199
f 1102/1102/1102 1199/1199/1199 1198/1198/1198
f 1103/1103/1103 1104/1104/1104 1200/1200/1200
f 1103/1103/1103 1200/1200/1200 1199/1199/1199
f 1104/1104/1104 1105/1105/1105 1201/1201/1201
f 1104/1104/1104 1201/1201/1201 1200/1200/1200
f 1105/1105/1105 1106/1106/1106 1202/1202/1202
f 1105/1105/1105 1202/1202/1202 1201/1201/1201
f 1106/1106/1106 1107/1107/1107 1203/1203/1203
f 1106/1106/1106 1203/1203/1203 1202/1202/1202
f 1107/1107/1107 1108/1108/1108 1204/1204/1204
f 1107/1107/1107 1204/1204/1204 1203/1203/1203
f 1108/1108/1108 1109/1109/1109 1205/1205/1205
f 1108/1108/1108 1205/1205/1205 1204/1204/1204
f 1109/1109/1109 1110/1110/1110 1206/1206/1206
f 1109/1109/1109 1206/1206/1206 1205/1205/1205
f 1110/1110/1110 1111/1111/1111 1207/1207/1207
f 1110/1110/1110 1207/1207/1207 1206/1206/1206
f 1111/1111/1111 1112/1112/1112 1208/1208/1208
f 1111/1111/1111 1208/1208/1208 1207/1207/1207
f 1112/1112/1112 1113/1113/1113 1209/1209/1209
f 1112/1112/1112 1209/1209/1209 1208/1208/1208
f 1113/1113/1113 1114/1114/1114 1210/1210/1210
f 1113/1113/1113 1210/1210/1210 1209/1209/1209
f 1114/1114/1114 1115/1115/1115 1211/1211/1211
f 1114/1114/1114 1211/1211/1211 1210/1210/1210
f 1115/1115/1115 1116/1116/1116 1212/1212/1212
f 1115/1115/1115 1212/1212/1212 1211/1211/1211
f 1116/1116/1116 1117/1117/1117 1213/1213/1213
f 1116/1116/1116 1213/1213/1213 1212/1212/1212
f 1117/1117/1117 1118/1118/1118 1214/1214/1214
f 1117/1117/1117 1214/1214/1214 1213/1213/1213
f 1118/1118/1118 1119/1119/1119 1215/1215/1215
f 1118/1118/1118 1215/1215/1215 1214/1214/1214
f 1119/1119/1119 1120/1120/1120 1216/1216/1216
f 1119/1119/1119 1216/1216/1216 1215/1215/1215
f 1120/1120/1120 1121/1121/1121 1217/1217/1217
f 1120/1120/1120 1217/1217/1217 1216/1216/1216
f 1121/1121/1121 1122/1122/1122 1218/1218/1218
f 1121/1121/1121 1218/1218/1218 1217/1217/1217
f 1122/1122/1122 1123/1123/1123 1219/1219/1219
f 1122/1122/1122 1219/1219/1219 1218/1218/1218
f 1123/1123/1123 1124/1124/1124 1220/1220/1220
f 1123/1123/1123 1220/1220/1220 1219/1219/1219
f 1124/1124/1124 1125/1125/1125 1221/1221/1221
f 1124/1124/1124 1221/1221/1221 1220/1220/1220
f 1125/1125/1125 1126/1126/1126 1222/1222/1222
f 1125/1125/1125 1222/1222/1222 1221/1221/1221
f 1126/1126/1126 1127/1127/1127 1223/1223/1223
f 1126/1126/1126 1223/1223/1223 1222/1222/1222
f 1127/1127/1127 1128/1128/1128 1224/1224/1224
f 1127/1127/1127 1224/1224/1224 1223/1223/1223
f 1128/1128/1128 1129/1129/1129 1225/1225/1225
f 1128/1128/1128 1225/1225/1225 1224/1224/1224
f 1129/1129/1129 1130/1130/1130 1226/1226/1226
f 1129/1129/1129 1226/1226/1226 1225/1225/1225
f 1130/1130/1130 1131/1131/1131 1227/1227/1227
f 1130/1130/1130 1227/1227/1227 1226/1226/1226
f 1131/1131/1131 1132/1132/1132 1228/1228/1228
f 1131/1131/1131 1228/1228/1228 1227/1227/1227
f 1132/1132/1132 1133/1133/1133 1229/1229/1229
f 1132/1132/1132 1229/1229/1229 1228/1228/1228
f 1133/1133/1133 1134/1134/1134 1230/1230/1230
f 1133/1133/1133 1230/1230/1230 1229/1229/1229
f 1134/1134/1134 1135/1135/1135 1231/1231/1231
f 1134/1134/1134 1231/1231/1231 1230/1230/1230
f 1135/1135/1135 1136/1136/1136 1232/1232/1232
f 1135/1135/1135 1232/1232/1232 1231/1231/1231
f 1136/1136/1136 1137/1137/1137 1233/1233/1233
f 1136/1136/1136 1233/1233/1233 1232/1232/1232
f 1137/1137/1137 1138/1138/1138 1234/1234/1234
f 1137/1137/1137 1234/1234/1234 1233/1233/1233
f 1138/1138/1138 1139/1139/1139 1235/1235/1235
f 1138/1138/1138 1235/1235/1235 1234/1234/1234
f 1139/1139/1139 1140/1140/1140 1236/1236/1236
f 1139/1139/1139 1236/1236/1236 1235/1235/1235
f 1140/1140/1140 1141/1141/1141 1237/1237/1237
f 1140/1140/1140 1237/1237/1237 1236/1236/1236
f 1141/1141/1141 1142/1142/1142 1238/1238/1238
f 1141/1141/1141 1238/1238/1238 1237/1237/1237
f 1142/1142/1142 1143/1143/1143 1239/1239/1239
f 1142/1142/1142 1239/1239/1239 1238/1238/1238
f 1143/1143/1143 1144/1144/1144 1240/1240/1240
f 1143/1143/1143 1240/1240/1240 1239/1239/1239
f 1144/1144/1144 1145/1145/1145 1241/1241/1241
f 1144/1144/1144 1241/1241/1241 1240/1240/1240
f 1145/1145/1145 1146/1146/1146 1242/1242/1242
f 1145/1145/1145 1242/1242/1242 1241/1241/1241
f 1146/1146/1146 1147/1147/1147 1243/1243/1243
f 1146/1146/1146 1243/1243/1243 1242/1242/1242
f 1147/1147/1147 1148/1148/1148 1244/1244/1244
f 1147/1147/1147 1244/1244/1244 1243/1243/1243
f 1148/1148/1148 1149/1149/1149 1245/1245/1245
f 1148/1148/1148 1245/1245/1245 1244/1244/1244
f 1149/1149/1149 1150/1150/1150 1246/1246/1246
f 1149/1149/1149 1246/1246/1246 1245/1245/1245
f 1150/1150/1150 1151/1151/1151 1247/1247/1247
f 1150/1150/1150 1247/1247/1247 1246/1246/1246
f 1151/1151/1151 1152/1152/1152 1248/1248/1248
f 1151/1151/1151 1248/1248/1248 1247/1247/1247
f 1152/1152/1152 1057/1057/1057 1153/1153/1153
f 1152/1152/1152 1153/1153/1153 1248/1248/1248
f 1153/1153/1153 1154/1154/1154 1250/1250/1250
f 1153/1153/1153 1250/1250/1250 1249/1249/1249
f 1154/1154/1154 1155/1155/1155 1251/1251/1251
f 1154/1154/1154 1251/1251/1251 1250/1250/1250
f 1155/1155/1155 1156/1156/1156 1252/1252/1252
f 1155/1155/1155 1252/1252/1252 1251/1251/1251
f 1156/1156/1156 1157/1157/1157 1253/1253/1253
f 1156/1156/1156 1253/1253/1253 1252/1252/1252
f 1157/1157/1157 1158/1158/1158 1254/1254/1254
f 1157/1157/1157 1254/1254/1254 1253/1253/1253
f 1158/1158/1158 1159/1159/1159 1255/1255/1255
f 1158/1158/1158 1255/1255/1255 1254/1254/1254
f 1159/1159/1159 1160/1160/1160 1256/1256/1256
f 1159/1159/1159 1256/1256/1256 1255/1255/1255
f 1160/1160/1160 1161/1161/1161 1257/1257/1257
f 1160/1160/1160 1257/1257/1257 1256/1256/1256
f 1161/1161/1161 1162/1162/1162 1258/1258/1258
f 1161/1161/1161 1258/1258/1258 1257/1257/1257
f 1162/1162/1162 1163/1163/1163 1259/1259/1259
f 1162/1162/1162 1259/1259/1259 1258/1258/1258
f 1163/1163/1163 1164/1164/1164 1260/1260/1260
f 1163/1163/1163 1260/1260/1260 1259/1259/1259
f 1164/1164/1164 1165/1165/1165 1261/1261/1261
f 1164/1164/1164 1261/1261/1261 1260/1260/1260
f 1165/1165/1165 1166/1166/1166 1262/1262/1262
f 1165/1165/1165 1262/1262/1262 1261/1261/1261
f 1166/1166/1166 1167/1167/1167 1263/1263/1263
f 1166/1166/1166 1263/1263/1263 1262/1262/1262
f 1167/1167/1167 1168/1168/1168 1264/1264/1264
f 1167/1167/1167 1264/1264/1264 1263/1263/1263
f 1168/1168/1168 1169/1169/1169 1265/1265/1265
f 1168/1168/1168 1265/1265/1265 1264/1264/1264
f 1169/1169/1169 1170/1170/1170 1266/1266/1266
f 1169/1169/1169 1266/1266/1266 1265/1265/1265
f 1170/1170/1170 1171/1171/1171 1267/1267/1267
f 1170/1170/1170 1267/1267/1267 1266/1266/1266
f 1171/1171/1171 1172/1172/1172 1268/1268/1268
f 1171/1171/1171 1268/1268/1268 1267/1267/1267
f 1172/1172/1172 1173/1173/1173 1269/1269/1269
f 1172/1172/1172 1269/1269/1269 1268/1268/1268
f 1173/1173/1173 1174/1174/1174 1270/1270/1270
f 1173/1173/1173 1270/1270/1270 1269/1269/1269
f 1174/1174/1174 1175/1175/1175 1271/1271/1271
f 1174/1174/1174 1271/1271/1271 1270/1270/1270
f 1175/1175/1175 1176/1176/1176 1272/1272/1272
f 1175/1175/1175 1272/1272/1272 1271/1271/1271
f 1176/1176/1176 1177/1177/1177 1273/1273/1273
f 1176/1176/1176 1273/1273/1273 1272/1272/1272
f 1177/1177/1177 1178/1178/1178 1274/1274/1274
f 1177/1177/1177 1274/1274/1274 1273/1273/1273
f 1178/1178/1178 1179/1179/1179 1275/1275/1275
f 1178/1178/1178 1275/1275/1275 1274/1274/1274
f 1179/1179/1179 1180/1180/1180 1276/1276/1276
f 1179/1179/1179 1276/1276/1276 1275/1275/1275
f 1180/1180/1180 1181/1181/1181 1277/1277/1277
f 1180/1180/1180 1277/1277/1277 1276/1276/1276
f 1181/1181/1181 1182/1182/1182 1278/1278/1278
f 1181/1181/1181 1278/1278/1278 1277/1277/1277
f 1182/1182/1182 1183/1183/1183 1279/1279/1279
f 1182/1182/1182 1279/1279/1279 1278/1278/1278
f 1183/1183/1183 1184/1184/1184 1280/1280/1280
f 1183/1183/1183 1280/1280/1280 1279/1279/1279
f 1184/1184/1184 1185/1185/1185 1281/1281/1281
f 1184/1184/1184 1281/1281/1281 1280/1280/1280
f 1185/1185/1185 1186/1186/1186 1282/1282/1282
f 1185/1185/1185 1282/1282/1282 1281/1281/1281
f 1186/1186/1186 1187/1187/1187 1283/1283/1283
f 1186/1186/1186 1283/1283/1283 1282/1282/1282
f 1187/1187/1187 1188/1188/1188 1284/1284/1284
f 1187/1187/1187 1284/1284/1284 1283/1283/1283
f 1188/1188/1188 1189/1189/1189 1285/1285/1285
f 1188/1188/1188 1285/1285/1285 1284/1284/1284
f 1189/1189/1189 1190/1190/1190 1286/1286/1286
f 1189/1189/1189 1286/1286/1286 1285/1285/1285
f 1190/1190/1190 1191/1191/1191 1287/1287/1287
f 1190/1190/1190 1287/1287/1287 1286/1286/1286
f 1191/1191/1191 1192/1192/1192 1288/1288/1288
f 1191/1191/1191 1288/1288/1288 1287/1287/1287
f 1192/1192/1192 1193/1193/1193 1289/1289/1289
f 1192/1192/1192 1289/1289/1289 1288/1288/1288
f 1193/1193/1193 1194/1194/1194 1290/1290/1290
f 1193/1193/1193 1290/1290/1290 1289/1289/1289
f 1194/1194/1194 1195/1195/1195 1291/1291/1291
f 1194/1194/1194 1291/1291/1291 1290/1290/1290
f 1195/1195/1195 1196/1196/1196 1292/1292/1292
f 1195/1195/1195 1292/1292/1292 1291/1291/1291
f 1196/1196/1196 1197/1197/1197 1293/1293/1293
f 1196/1196/1196 1293/1293/1293 1292/1292/1292
f 1197/1197/1197 1198/1198/1198 1294/1294/1294
f 1197/1197/1197 1294/1294/1294 1293/1293/1293
f 1198/1198/1198 1199/1199/1199 1295/1295/1295
f 1198/1198/1198 1295/1295/1295 1294/1294/1294
f 1199/1199/1199 1200/1200/1200 1296/1296/1296
f 1199/1199/1199 1296/1296/1296 1295/1295/1295
f 1200/1200/1200 1201/1201/1201 1297/1297/1297
f 1200/1200/1200 1297/1297/1297 1296/1296/1296
f 1201/1201/1201 1202/1202/1202 1298/1298/1298
f 1201/1201/1201 1298/1298/1298 1297/1297/1297
f 1202/1202/1202 1203/1203/1203 1299/1299/1299
f 1202/1202/1202 1299/1299/1299 1298/1298/1298
f 1203/1203/1203 1204/1204/1204 1300/1300/1300
f 1203/1203/1203 1300/1300/1300 1299/1299/1299
f 1204/1204/1204 1205/1205/1205 1301/1301/1301
f 1204/1204/1204 1301/1301/1301 1300/1300/1300
f 1205/1205/1205 1206/1206/1206 1302/1302/1302
f 1205/1205/1205 1302/1302/1302 1301/1301/1301
f 1206/1206/1206 1207/1207/1207 1303/1303/1303
f 1206/1206/1206 1303/1303/1303 1302/1302/1302
f 1207/1207/1207 1208/1208/1208 1304/1304/1304
f 1207/1207/1207 1304/1304/1304 1303/1303/1303
f 1208/1208/1208 1209/1209/1209 1305/1305/1305
f 1208/1208/1208 1305/1305/1305 1304/1304/1304
f 1209/1209/1209 1210/1210/1210 1306/1306/1306
f 1209/1209/1209 1306/1306/1306 1305/1305/1305
f 1210/1210/1210 1211/1211/1211 1307/1307/1307
f 1210/1210/1210 1307/1307/1307 1306/1306/1306
f 1211/1211/1211 1212/1212/1212 1308/1308/1308
f 1211/1211/1211 1308/1308/1308 1307/1307/1307
f 1212/1212/1212 1213/1213/1213 1309/1309/1309
f 1212/1212/1212 1309/1309/1309 1308/1308/1308
f 1213/1213/1213 1214/1214/1214 1310/1310/1310
f 1213/1213/1213 1310/1310/1310 1309/1309/1309
f 1214/1214/1214 1215/1215/1215 1311/1311/1311
f 1214/1214/1214 1311/1311/1311 1310/1310/1310
f 1215/1215/1215 1216/1216/1216 1312/1312/1312
f 1215/1215/1215 1312/1312/1312 1311/1311/1311
f 1216/1216/1216 1217/1217/1217 1313/1313/1313
f 1216/1216/1216 1313/1313/1313 1312/1312/1312
f 1217/1217/1217 1218/1218/1218 1314/1314/1314
f 1217/1217/1217 1314/1314/1314 1313/1313/1313
f 1218/1218/1218 1219/1219/1219 1315/1315/1315
f 1218/1218/1218 1315/1315/1315 1314/1314/1314
f 1219/1219/1219 1220/1220/1220 1316/1316/1316
f 1219/1219/1219 1316/1316/1316 1315/1315/1315
f 1220/1220/1220 1221/1221/1221 1317/1317/1317
f 1220/1220/1220 1317/1317/1317 1316/1316/1316
f 1221/1221/1221 1222/1222/1222 1318/1318/1318
f 1221/1221/1221 1318/1318/1318 1317/1317/1317
f 1222/1222/1222 1223/1223/1223 1319/1319/1319
f 1222/1222/1222 1319/1319/1319 1318/1318/1318
f 1223/1223/1223 1224/1224/1224 1320/1320/1320
f 1223/1223/1223 1320/1320/1320 1319/1319/1319
f 1224/1224/1224 1225/1225/1225 1321/1321/1321
f 1224/1224/1224 1321/1321/1321 1320/1320/1320
f 1225/1225/1225 1226/1226/1226 1322/1322/1322
f 1225/1225/1225 1322/1322/1322 1321/1321/1321
f 1226/1226/1226 1227/1227/1227 1323/1323/1323
f 1226/1226/1226 1323/1323/1323 1322/1322/1322
f 1227/1227/1227 1228/1228/1228 1324/1324/1324
f 1227/1227/1227 1324/1324/1324 1323/1323/1323
f 1228/1228/1228 1229/1229/1229 1325/1325/1325
f 1228/1228/1228 1325/1325/1325 1324/1324/1324
f 1229/1229/1229 1230/1230/1230 1326/1326/1326
f 1229/1229/1229 1326/1326/1326 1325/1325/1325
f 1230/1230/1230 1231/1231/1231 1327/1327/1327
f 1230/1230/1230 1327/1327/1327 1326/1326/1326
f 1231/1231/1231 1232/1232/1232 1328/1328/1328
f 1231/1231/1231 1328/1328/1328 1327/1327/1327
f 1232/1232/1232 1233/1233/1233 1329/1329/1329
f 1232/1232/1232 1329/1329/1329 1328/1328/1328
f 1233/1233/1233 1234/1234/1234 1330/1330/1330
f 1233/1233/1233 1330/1330/1330 1329/1329/1329
f 1234/1234/1234 1235/1235/1235 1331/1331/1331
f 1234/1234/1234 1331/1331/1331 1330/1330/1330
f 1235/1235/1235 1236/1236/1236 1332/1332/1332
f 1235/1235/1235 1332/1332/1332 1331/1331/1331
f 1236/1236/1236 1237/1237/1237 1333/1333/1333
f 1236/1236/1236 1333/1333/1333 1332/1332/1332
f 1237/1237/1237 1238/1238/1238 1334/1334/1334
f 1237/1237/1237 1334/1334/1334 1333/1333/1333
f 1238/1238/1238 1239/1239/1239 1335/1335/1335
f 1238/1238/1238 1335/1335/1335 1334/1334/1334
f 1239/1239/1239 1240/1240/1240 1336/1336/1336
f 1239/1239/1239 1336/1336/1336 1335/1335/1335
f 1240/1240/1240 1241/1241/1241 1337/1337/1337
f 1240/1240/1240 1337/1337/1337 1336/1336/1336
f 1241/1241/1241 1242/1242/1242 1338/1338/1338
f 1241/1241/1241 1338/1338/1338 1337/1337/1337
f 1242/1242/1242 1243/1243/1243 1339/1339/1339
f 1242/1242/1242 1339/1339/1339 1338/1338/1338
f 1243/1243/1243 1244/1244/1244 1340/1340/1340
f 1243/1243/1243 1340/1340/1340 1339/1339/1339
f 1244/1244/1244 1245/1245/1245 1341/1341/1341
f 1244/1244/1244 1341/1341/1341 1340/1340/1340
f 1245/1245/1245 1246/1246/1246 1342/1342/1342
f 1245/1245/1245 1342/1342/1342 1341/1341/1341
f 1246/1246/1246 1247/1247/1247 1343/1343/1343
f 1246/1246/1246 1343/1343/1343 1342/1342/1342
f 1247/1247/1247 1248/1248/1248 1344/1344/1344
f 1247/1247/1247 1344/1344/1344 1343/1343/1343
f 1248/1248/1248 1153/1153/1153 1249/1249/1249
f 1248/1248/1248 1249/1249/1249 1344/1344/1344
f 1249/1249/1249 1250/1250/1250 1346/1346/1346
f 1249/1249/1249 1346/1346/1346 1345/1345/1345
f 1250/1250/1250 1251/1251/1251 1347/1347/1347
f 1250/1250/1250 1347/1347/1347 1346/1346/1346
f 1251/1251/1251 1252/1252/1252 1348/1348/1348
f 1251/1251/1251 1348/1348/1348 1347/1347/1347
f 1252/1252/1252 1253/1253/1253 1349/1349/1349
f 1252/1252/1252 1349/1349/1349 1348/1348/1348
f 1253/1253/1253 1254/1254/1254 1350/1350/1350
f 1253/1253/1253 1350/1350/1350 1349/1349/1349
f 1254/1254/1254 1255/1255/1255 1351/1351/1351
f 1254/1254/1254 1351/1351/1351 1350/1350/1350
f 1255/1255/1255 1256/1256/1256 1352/1352/1352
f 1255/1255/1255 1352/1352/1352 1351/1351/1351
f 1256/1256/1256 1257/1257/1257 1353/1353/1353
f 1256/1256/1256 1353/1353/1353 1352/1352/1352
f 1257/1257/1257 1258/1258/1258 1354/1354/1354
f 1257/1257/1257 1354/1354/1354 1353/1353/1353
f 1258/1258/1258 1259/1259/1259 1355/1355/1355
f 1258/1258/1258 1355/1355/1355 1354/1354/1354
f 1259/1259/1259 1260/1260/1260 1356/1356/1356
f 1259/1259/1259 1356/1356/1356 1355/1355/1355
f 1260/1260/1260 1261/1261/1261 1357/1357/1357
f 1260/1260/1260 1357/1357/1357 1356/1356/1356
f 1261/1261/1261 1262/1262/1262 1358/1358/1358
f 1261/1261/1261 1358/1358/1358 1357/1357/1357
f 1262/1262/1262 1263/1263/1263 1359/1359/1359
f 1262/1262/1262 1359/1359/1359 1358/1358/1358
f 1263/1263/1263 1264/1264/1264 1360/1360/1360
f 1263/1263/1263 1360/1360/1360 1359/1359/1359
f 1264/1264/1264 1265/1265/1265 1361/1361/1361
f 1264/1264/1264 1361/1361/1361 1360/1360/1360
f 1265/1265/1265 1266/1266/1266 1362/1362/1362
f 1265/1265/1265 1362/1362/1362 1361/1361/1361
f 1266/1266/1266 1267/1267/1267 1363/1363/1363
f 1266/1266/1266 1363/1363/1363 1362/1362/1362
f 1267/1267/1267 1268/1268/1268 1364/1364/1364
f 1267/1267/1267 1364/1364/1364 1363/1363/1363
f 1268/1268/1268 1269/1269/1269 1365/1365/1365
f 1268/1268/1268 1365/1365/1365 1364/1364/1364
f 1269/1269/1269 1270/1270/1270 1366/1366/1366
f 1269/1269/1269 1366/1366/1366 1365/1365/1365
f 1270/1270/1270 1271/1271/1271 1367/1367/1367
f 1270/1270/1270 1367/1367/1367 1366/1366/1366
f 1271/1271/1271 1272/1272/1272 1368/1368/1368
f 1271/1271/1271 1368/1368/1368 1367/1367/1367
f 1272/1272/1272 1273/1273/1273 1369/1369/1369
f 1272/1272/1272 1369/1369/1369 1368/1368/1368
f 1273/1273/1273 1274/1274/1274 1370/1370/1370
f 1273/1273/1273 1370/1370/1370 1369/1369/1369
f 1274/1274/1274 1275/1275/1275 1371/1371/1371
f 1274/1274/1274 1371/1371/1371 1370/1370/1370
f 1275/1275/1275 1276/1276/1276 1372/1372/1372
f 1275/1275/1275 1372/1372/1372 1371/1371/1371
f 1276/1276/1276 1277/1277/1277 1373/1373/1373
f 1276/1276/1276 1373/1373/1373 1372/1372/1372
f 1277/1277/1277 1278/1278/1278 1374/1374/1374
f 1277/1277/1277 1374/1374/1374 1373/1373/1373
f 1278/1278/1278 1279/1279/1279 1375/1375/1375
f 1278/1278/1278 1375/1375/1375 1374/1374/1374
f 1279/1279/1279 1280/1280/1280 1376/1376/1376
f 1279/1279/1279 1376/1376/1376 1375/1375/1375
f 1280/1280/1280 1281/1281/1281 1377/1377/1377
f 1280/1280/1280 1377/1377/1377 1376/1376/1376
f 1281/1281/1281 1282/1282/1282 1378/1378/1378
f 1281/1281/1281 1378/1378/1378 1377/1377/1377
f 1282/1282/1282 1283/1283/1283 1379/1379/1379
f 1282/1282/1282 1379/1379/1379 1378/1378/1378
f 1283/1283/1283 1284/1284/1284 1380/1380/1380
f 1283/1283/1283 1380/1380/1380 1379/1379/1379
f 1284/1284/1284 1285/1285/1285 1381/1381/1381
f 1284/1284/1284 1381/1381/1381 1380/1380/1380
f 1285/1285/1285 1286/1286/1286 1382/1382/1382
f 1285/1285/1285 1382/1382/1382 1381/1381/1381
f 1286/1286/1286 1287/1287/1287 1383/1383/1383
f 1286/1286/1286 1383/1383/1383 1382/1382/1382
f 1287/1287/1287 1288/1288/1288 1384/1384/1384
f 1287/1287/1287 1384/1384/1384 1383/1383/1383
f 1288/1288/1288 1289/1289/1289 1385/1385/1385
f 1288/1288/1288 1385/1385/1385 1384/1384/1384
f 1289/1289/1289 1290/1290/1290 1386/1386/1386
f 1289/1289/1289 1386/1386/1386 1385/1385/1385
f 1290/1290/1290 1291/1291/1291 1387/1387/1387
f 1290/1290/1290 1387/1387/1387 1386/1386/1386
f 1291/1291/1291 1292/1292/1292 1388/1388/1388
f 1291/1291/1291 1388/1388/1388 1387/1387/1387
f 1292/1292/1292 1293/1293/1293 1389/1389/1389
f 1292/1292/1292 1389/1389/1389 1388/1388/1388
f 1293/1293/1293 1294/1294/1294 1390/1390/1390
f 1293/1293/1293 1390/1390/1390 1389/1389/1389
f 1294/1294/1294 1295/1295/1295 1391/1391/1391
f 1294/1294/1294 1391/1391/1391 1390/1390/1390
f 1295/1295/1295 1296/1296/1296 1392/1392/1392
f 1295/1295/1295 1392/1392/1392 1391/1391/1391
f 1296/1296/1296 1297/1297/1297 1393/1393/1393
f 1296/1296/1296 1393/1393/1393 1392/1392/1392
f 1297/1297/1297 1298/1298/1298 1394/1394/1394
f 1297/1297/1297 1394/1394/1394 1393/1393/1393
f 1298/1298/1298 1299/1299/1299 1395/1395/1395
f 1298/1298/1298 1395/1395/1395 1394/1394/1394
f 1299/1299/1299 1300/1300/1300 1396/1396/1396
f 1299/1299/1299 1396/1396/1396 1395/1395/1395
f 1300/1300/1300 1301/1301/1301 1397/1397/1397
f 1300/1300/1300 1397/1397/1397 1396/1396/1396
f 1301/1301/1301 1302/1302/1302 1398/1398/1398
f 1301/1301/1301 1398/1398/1398 1397/1397/1397
f 1302/1302/1302 1303/1303/1303 1399/1399/1399
f 1302/1302/1302 1399/1399/1399 1398/1398/1398
f 1303/1303/1303 1304/1304/1304 1400/1400/1400
f 1303/1303/1303 1400/1400/1400 1399/1399/1399
f 1304/1304/1304 1305/1305/1305 1401/1401/1401
f 1304/1304/1304 1401/1401/1401 1400/1400/1400
f 1305/1305/1305 1306/1306/1306 1402/1402/1402
f 1305/1305/1305 1402/1402/1402 1401/1401/1401
f 1306/1306/1306 1307/1307/1307 1403/1403/1403
f 1306/1306/1306 1403/1403/1403 1402/1402/1402
f 1307/1307/1307 1308/1308/1308 1404/1404/1404
f 1307/1307/1307 1404/1404/1404 1403/1403/1403
f 1308/1308/1308 1309/1309/1309 1405/1405/1405
f 1308/1308/1308 1405/1405/1405 1404/1404/1404
f 1309/1309/1309 1310/1310/1310 1406/1406/1406
f 1309/1309/1309 1406/1406/1406 1405/1405/1405
f 1310/1310/1310 1311/1311/1311 1407/1407/1407
f 1310/1310/1310 1407/1407/1407 1406/1406/1406
f 1311/1311/1311 1312/1312/1312 1408/1408/1408
f 1311/1311/1311 1408/1408/1408 1407/1407/1407
f 1312/1312/1312 1313/1313/1313 1409/1409/1409
f 1312/1312/1312 1409/1409/1409 1408/1408/1408
f 1313/1313/1313 1314/1314/1314 1410/1410/1410
f 1313/1313/1313 1410/1410/1410 1409/1409/1409
f 1314/1314/1314 1315/1315/1315 1411/1411/1411
f 1314/1314/1314 1411/1411/1411 1410/1410/1410
f 1315/1315/1315 1316/1316/1316 1412/1412/1412
f 1315/1315/1315 1412/1412/1412 1411/1411/1411
f 1316/1316/1316 1317/1317/1317 1413/1413/1413
f 1316/1316/1316 1413/1413/1413 1412/1412/1412
f 1317/1317/1317 1318/1318/1318 1414/1414/1414
f 1317/1317/1317 1414/1414/1414 1413/1413/1413
f 1318/1318/1318 1319/1319/1319 1415/1415/1415
f 1318/1318/1318 1415/1415/1415 1414/1414/1414
f 1319/1319/1319 1320/1320/1320 1416/1416/1416
f 1319/1319/1319 1416/1416/1416 1415/1415/1415
f 1320/1320/1320 1321/1321/1321 1417/1417/1417
f 1320/1320/1320 1417/1417/1417 1416/1416/1416
f 1321/1321/1321 1322/1322/1322 1418/1418/1418
f 1321/1321/1321 1418/1418/1418 1417/1417/1417
f 1322/1322/1322 1323/1323/1323 1419/1419/1419
f 1322/1322/1322 1419/1419/1419 1418/1418/1418
f 1323/1323/1323 1324/1324/1324 1420/1420/1420
f 1323/1323/1323 1420/1420/1420 1419/1419/1419
f 1324/1324/1324 1325/1325/1325 1421/1421/1421
f 1324/1324/1324 1421/1421/1421 1420/1420/1420
f 1325/1325/1325 1326/1326/1326 1422/1422/1422
f 1325/1325/1325 1422/1422/1422 1421/1421/1421
f 1326/1326/1326 1327/1327/1327 1423/1423/1423
f 1326/1326/1326 1423/1423/1423 1422/1422/1422
f 1327/1327/1327 1328/1328/1328 1424/1424/1424
f 1327/1327/1327 1424/1424/1424 1423/1423/1423
f 1328/1328/1328 1329/1329/1329 1425/1425/1425
f 1328/1328/1328 1425/1425/1425 1424/1424/1424
f 1329/1329/1329 1330/1330/1330 1426/1426/1426
f 1329/1329/1329 1426/1426/1426 1425/1425/1425
f 1330/1330/1330 1331/1331/1331 1427/1427/1427
f 1330/1330/1330 1427/1427/1427 1426/1426/1426
f 1331/1331/1331 1332/1332/1332 1428/1428/1428
f 1331/1331/1331 1428/1428/1428 1427/1427/1427
f 1332/1332/1332 1333/1333/1333 1429/1429/1429
f 1332/1332/1332 1429/1429/1429 1428/1428/1428
f 1333/1333/1333 1334/1334/1334 1430/1430/1430
f 1333/1333/1333 1430/1430/1430 1429/1429/1429
f 1334/1334/1334 1335/1335/1335 1431/1431/1431
f 1334/1334/1334 1431/1431/1431 1430/1430/1430
f 1335/1335/1335 1336/1336/1336 1432/1432/1432
f 1335/1335/1335 1432/1432/1432 1431/1431/1431
f 1336/1336/1336 1337/1337/1337 1433/1433/1433
f 1336/1336/1336 1433/1433/1433 1432/1432/1432
f 1337/1337/1337 1338/1338/1338 1434/1434/1434
f 1337/1337/1337 1434/1434/1434 1433/1433/1433
f 1338/1338/1338 1339/1339/1339 1435/1435/1435
f 1338/1338/1338 1435/1435/1435 1434/1434/1434
f 1339/1339/1339 1340/1340/1340 1436/1436/1436
f 1339/1339/1339 1436/1436/1436 1435/1435/1435
f 1340/1340/1340 1341/1341/1341 1437/1437/1437
f 1340/1340/1340 1437/1437/1437 1436/1436/1436
f 1341/1341/1341 1342/1342/1342 1438/1438/1438
f 1341/1341/1341 1438/1438/1438 1437/1437/1437
f 1342/1342/1342 1343/1343/1343 1439/1439/1439
f 1342/1342/1342 1439/1439/1439 1438/1438/1438
f 1343/1343/1343 1344/1344/1344 1440/1440/1440
f 1343/1343/1343 1440/1440/1440 1439/1439/1439
f 1344/1344/1344 1249/1249/1249 1345/1345/1345
f 1344/1344/1344 1345/1345/1345 1440/1440/1440
f 1345/1345/1345 1346/1346/1346 1442/1442/1442
f 1345/1345/1345 1442/1442/1442 1441/1441/1441
f 1346/1346/1346 1347/1347/1347 1443/1443/1443
f 1346/1346/1346 1443/1443/1443 1442/1442/1442
f 1347/1347/1347 1348/1348/1348 1444/1444/1444
f 1347/1347/1347 1444/1444/1444 1443/1443/1443
f 1348/1348/1348 1349/1349/1349 1445/1445/1445
f 1348/1348/1348 1445/1445/1445 1444/1444/1444
f 1349/1349/1349 1350/1350/1350 1446/1446/1446
f 1349/1349/1349 1446/1446/1446 1445/1445/1445
f 1350/1350/1350 1351/1351/1351 1447/1447/1447
f 1350/1350/1350 1447/1447/1447 1446/1446/1446
f 1351/1351/1351 1352/1352/1352 1448/1448/1448
f 1351/1351/1351 1448/1448/1448 1447/1447/1447
f 1352/1352/1352 1353/1353/1353 1449/1449/1449
f 1352/1352/1352 1449/1449/1449 1448/1448/1448
f 1353/1353/1353 1354/1354/1354 1450/1450/1450
f 1353/1353/1353 1450/1450/1450 1449/1449/1449
f 1354/1354/1354 1355/1355/1355 1451/1451/1451
f 1354/1354/1354 1451/1451/1451 1450/1450/1450
f 1355/1355/1355 1356/1356/1356 1452/1452/1452
f 1355/1355/1355 1452/1452/1452 1451/1451/1451
f 1356/1356/1356 1357/1357/1357 1453/1453/1453
f 1356/1356/1356 1453/1453/1453 1452/1452/1452
f 1357/1357/1357 1358/1358/1358 1454/1454/1454
f 1357/1357/1357 1454/1454/1454 1453/1453/1453
f 1358/1358/1358 1359/1359/1359 1455/1455/1455
f 1358/1358/1358 1455/1455/1455 1454/1454/1454
f 1359/1359/1359 1360/1360/1360 1456/1456/1456
f 1359/1359/1359 1456/1456/1456 1455/1455/1455
f 1360/1360/1360 1361/1361/1361 1457/1457/1457
f 1360/1360/1360 1457/1457/1457 1456/1456/1456
f 1361/1361/1361 1362/1362/1362 1458/1458/1458
f 1361/1361/1361 1458/1458/1458 1457/1457/1457
f 1362/1362/1362 1363/1363/1363 1459/1459/1459
f 1362/1362/1362 1459/1459/1459 1458/1458/1458
f 1363/1363/1363 1364/1364/1364 1460/1460/1460
f 1363/1363/1363 1460/1460/1460 1459/1459/1459
f 1364/1364/1364 1365/1365/1365 1461/1461/1461
f 1364/1364/1364 1461/1461/1461 1460/1460/1460
f 1365/1365/1365 1366/1366/1366 1462/1462/1462
f 1365/1365/1365 1462/1462/1462 1461/1461/1461
f 1366/1366/1366 1367/1367/1367 1463/1463/1463
f 1366/1366/1366 1463/1463/1463 1462/1462/1462
f 1367/1367/1367 1368/1368/1368 1464/1464/1464
f 1367/1367/1367 1464/1464/1464 1463/1463/1463
f 1368/1368/1368 1369/1369/1369 1465/1465/1465
f 1368/1368/1368 1465/1465/1465 1464/1464/1464
f 1369/1369/1369 1370/1370/1370 1466/1466/1466
f 1369/1369/1369 1466/1466/1466 1465/1465/1465
f 1370/1370/1370 1371/1371/1371 1467/1467/1467
f 1370/1370/1370 1467/1467/1467 1466/1466/1466
f 1371/1371/1371 1372/1372/1372 1468/1468/1468
f 1371/1371/1371 1468/1468/1468 1467/1467/1467
f 1372/1372/1372 1373/1373/1373 1469/1469/1469
f 1372/1372/1372 1469/1469/1469 1468/1468/1468
f 1373/1373/1373 1374/1374/1374 1470/1470/1470
f 1373/1373/1373 1470/1470/1470 1469/1469/1469
f 1374/1374/1374 1375/1375/1375 1471/1471/1471
f 1374/1374/1374 1471/1471/1471 1470/1470/1470
f 1375/1375/1375 1376/1376/1376 1472/1472/1472
f 1375/1375/1375 1472/1472/1472 1471/1471/1471
f 1376/1376/1376 1377/1377/1377 1473/1473/1473
f 1376/1376/1376 1473/1473/1473 1472/1472/1472
f 1377/1377/1377 1378/1378/1378 1474/1474/1474
f 1377/1377/1377 1474/1474/1474 1473/1473/1473
f 1378/1378/1378 1379/1379/1379 1475/1475/1475
f 1378/1378/1378 1475/1475/1475 1474/1474/1474
f 1379/1379/1379 1380/1380/1380 1476/1476/1476
f 1379/1379/1379 1476/1476/1476 1475/1475/1475
f 1380/1380/1380 1381/1381/1381 1477/1477/1477
f 1380/1380/1380 1477/1477/1477 1476/1476/1476
f 1381/1381/1381 1382/1382/1382 1478/1478/1478
f 1381/1381/1381 1478/1478/1478 1477/1477/1477
f 1382/1382/1382 1383/1383/1383 1479/1479/1479
f 1382/1382/1382 1479/1479/1479 1478/1478/1478
f 1383/1383/1383 1384/1384/1384 1480/1480/1480
f 1383/1383/1383 1480/1480/1480 1479/1479/1479
f 1384/1384/1384 1385/1385/1385 1481/1481/1481
f 1384/1384/1384 1481/1481/1481 1480/1480/1480
f 1385/1385/1385 1386/1386/1386 1482/1482/1482
f 1385/1385/1385 1482/1482/1482 1481/1481/1481
f 1386/1386/1386 1387/1387/1387 1483/1483/1483
f 1386/1386/1386 1483/1483/1483 1482/1482/1482
f 1387/1387/1387 1388/1388/1388 1484/1484/1484
f 1387/1387/1387 1484/1484/1484 1483/1483/1483
f 1388/1388/1388 1389/1389/1389 1485/1485/1485
f 1388/1388/1388 1485/1485/1485 1484/1484/1484
f 1389/1389/1389 1390/1390/1390 1486/1486/1486
f 1389/1389/1389 1486/1486/1486 1485/1485/1485
f 1390/1390/1390 1391/1391/1391 1487/1487/1487
f 1390/1390/1390 1487/1487/1487 1486/1486/1486
f 1391/1391/1391 1392/1392/1392 1488/1488/1488
f 1391/1391/1391 1488/1488/1488 1487/1487/1487
f 1392/1392/1392 1393/1393/1393 1489/1489/1489
f 1392/1392/1392 1489/1489/1489 1488/1488/1488
f 1393/1393/1393 1394/1394/1394 1490/1490/1490
f 1393/1393/1393 1490/1490/1490 1489/1489/1489
f 1394/1394/1394 1395/1395/1395 1491/1491/1491
f 1394/1394/1394 1491/1491/1491 1490/1490/1490
f 1395/1395/1395 1396/1396/1396 1492/1492/1492
f 1395/1395/1395 1492/1492/1492 1491/1491/1491
f 1396/1396/1396 1397/1397/1397 1493/1493/1493
f 1396/1396/1396 1493/1493/1493 1492/1492/1492
f 1397/1397/1397 1398/1398/1398 1494/1494/1494
f 1397/1397/1397 1494/1494/1494 1493/1493/1493
f 1398/1398/1398 1399/1399/1399 1495/1495/1495
f 1398/1398/1398 1495/1495/1495 1494/1494/1494
f 1399/1399/1399 1400/1400/1400 1496/1496/1496
f 1399/1399/1399 1496/1496/1496 1495/1495/1495
f 1400/1400/1400 1401/1401/1401 1497/1497/1497
f 1400/1400/1400 1497/1497/1497 1496/1496/1496
f 1401/1401/1401 1402/1402/1402 1498/1498/1498
f 1401/1401/1401 1498/1498/1498 1497/1497/1497
f 1402/1402/1402 1403/1403/1403 1499/1499/1499
f 1402/1402/1402 1499/1499/1499 1498/1498/1498
f 1403/1403/1403 1404/1404/1404 1500/1500/1500
f 1403/1403/1403 1500/1500/1500 1499/1499/1499
f 1404/1404/1404 1405/1405/1405 1501/1501/1501
f 1404/1404/1404 1501/1501/1501 1500/1500/1500
f 1405/1405/1405 1406/1406/1406 1502/1502/1502
f 1405/1405/1405 1502/1502/1502 1501/1501/1501
f 1406/1406/1406 1407/1407/1407 1503/1503/1503
f 1406/1406/1406 1503/1503/1503 1502/1502/1502
f 1407/1407/1407 1408/1408/1408 1504/1504/1504
f 1407/1407/1407 1504/1504/1504 1503/1503/1503
f 1408/1408/1408 1409/1409/1409 1505/1505/1505
f 1408/1408/1408 1505/1505/1505 1504/1504/1504
f 1409/1409/1409 1410/1410/1410 1506/1506/1506
f 1409/1409/1409 1506/1506/1506 1505/1505/1505
f 1410/1410/1410 1411/1411/1411 1507/1507/1507
f 1410/1410/1410 1507/1507/1507 1506/1506/1506
f 1411/1411/1411 1412/1412/1412 1508/1508/1508
f 1411/1411/1411 1508/1508/1508 1507/1507/1507
f 1412/1412/1412 1413/1413/1413 1509/1509/1509
f 1412/1412/1412 1509/1509/1509 1508/1508/1508
f 1413/1413/1413 1414/1414/1414 1510/1510/1510
f 1413/1413/1413 1510/1510/1510 1509/1509/1509
f 1414/1414/1414 1415/1415/1415 1511/1511/1511
f 1414/1414/1414 1511/1511/1511 1510/1510/1510
f 1415/1415/1415 1416/1416/1416 1512/1512/1512
f 1415/1415/1415 1512/1512/1512 1511/1511/1511
f 1416/1416/1416 1417/1417/1417 1513/1513/1513
f 1416/1416/1416 1513/1513/1513 1512/1512/1512
f 1417/1417/1417 1418/1418/1418 1514/1514/1514
f 1417/1417/1417 1514/1514/1514 1513/1513/1513
f 1418/1418/1418 1419/1419/1419 1515/1515/1515
f 1418/1418/1418 1515/1515/1515 1514/1514/1514
f 1419/1419/1419 1420/1420/1420 1516/1516/1516
f 1419/1419/1419 1516/1516/1516 1515/1515/1515
f 1420/1420/1420 1421/1421/1421 1517/1517/1517
f 1420/1420/1420 1517/1517/1517 1516/1516/1516
f 1421/1421/1421 1422/1422/1422 1518/1518/1518
f 1421/1421/1421 1518/1518/1518 1517/1517/1517
f 1422/1422/1422 1423/1423/1423 1519/1519/1519
f 1422/1422/1422 1519/1519/1519 1518/1518/1518
f 1423/1423/1423 1424/1424/1424 1520/1520/1520
f 1423/1423/1423 1520/1520/1520 1519/1519/1519
f 1424/1424/1424 1425/1425/1425 1521/1521/1521
f 1424/1424/1424 1521/1521/1521 1520/1520/1520
f 1425/1425/1425 1426/1426/1426 1522/1522/1522
f 1425/1425/1425 1522/1522/1522 1521/1521/1521
f 1426/1426/1426 1427/1427/1427 1523/1523/1523
f 1426/1426/1426 1523/1523/1523 1522/1522/1522
f 1427/1427/1427 1428/1428/1428 1524/1524/1524
f 1427/1427/1427 1524/1524/1524 1523/1523/1523
f 1428/1428/1428 1429/1429/1429 1525/1525/1525
f 1428/1428/1428 1525/1525/1525 1524/1524/1524
f 1429/1429/1429 1430/1430/1430 1526/1526/1526
f 1429/1429/1429 1526/1526/1526 1525/1525/1525
f 1430/1430/1430 1431/1431/1431 1527/1527/1527
f 1430/1430/1430 1527/1527/1527 1526/1526/1526
f 1431/1431/1431 1432/1432/1432 1528/1528/1528
f 1431/1431/1431 1528/1528/1528 1527/1527/1527
f 1432/1432/1432 1433/1433/1433 1529/1529/1529
f 1432/1432/1432 1529/1529/1529 1528/1528/1528
f 1433/1433/1433 1434/1434/1434 1530/1530/1530
f 1433/1433/1433 1530/1530/1530 1529/1529/1529
f 1434/1434/1434 1435/1435/1435 1531/1531/1531
f 1434/1434/1434 1531/1531/1531 1530/1530/1530
f 1435/1435/1435 1436/1436/1436 1532/1532/1532
f 1435/1435/1435 1532/1532/1532 1531/1531/1531
f 1436/1436/1436 1437/1437/1437 1533/1533/1533
f 1436/1436/1436 1533/1533/1533 1532/1532/1532
f 1437/1437/1437 1438/1438/1438 1534/1534/1534
f 1437/1437/1437 1534/1534/1534 1533/1533/1533
f 1438/1438/1438 1439/1439/1439 1535/1535/1535
f 1438/1438/1438 1535/1535/1535 1534/1534/1534
f 1439/1439/1439 1440/1440/1440 1536/1536/1536
f 1439/1439/1439 1536/1536/1536 1535/1535/1535
f 1440/1440/1440 1345/1345/1345 1441/1441/1441
f 1440/1440/1440 1441/1441/1441 1536/1536/1536
f 1441/1441/1441 1442/1442/1442 1538/1538/1538
f 1441/1441/1441 1538/1538/1538 1537/1537/1537
f 1442/1442/1442 1443/1443/1443 1539/1539/1539
f 1442/1442/1442 1539/1539/1539 1538/1538/1538
f 1443/1443/1443 1444/1444/1444 1540/1540/1540
f 1443/1443/1443 1540/1540/1540 1539/1539/1539
f 1444/1444/1444 1445/1445/1445 1541/1541/1541
f 1444/1444/1444 1541/1541/1541 1540/1540/1540
f 1445/1445/1445 1446/1446/1446 1542/1542/1542
f 1445/1445/1445 1542/1542/1542 1541/1541/1541
f 1446/1446/1446 1447/1447/1447 1543/1543/1543
f 1446/1446/1446 1543/1543/1543 1542/1542/1542
f 1447/1447/1447 1448/1448/1448 1544/1544/1544
f 1447/1447/1447 1544/1544/1544 1543/1543/1543
f 1448/1448/1448 1449/1449/1449 1545/1545/1545
f 1448/1448/1448 1545/1545/1545 1544/1544/1544
f 1449/1449/1449 1450/1450/1450 1546/1546/1546
f 1449/1449/1449 1546/1546/1546 1545/1545/1545
f 1450/1450/1450 1451/1451/1451 1547/1547/1547
f 1450/1450/1450 1547/1547/1547 1546/1546/1546
f 1451/1451/1451 1452/1452/1452 1548/1548/1548
f 1451/1451/1451 1548/1548/1548 1547/1547/1547
f 1452/1452/1452 1453/1453/1453 1549/1549/1549
f 1452/1452/1452 1549/1549/1549 1548/1548/1548
f 1453/1453/1453 1454/1454/1454 1550/1550/1550
f 1453/1453/1453 1550/1550/1550 1549/1549/1549
f 1454/1454/1454 1455/1455/1455 1551/1551/1551
f 1454/1454/1454 1551/1551/1551 1550/1550/1550
f 1455/1455/1455 1456/1456/1456 1552/1552/1552
f 1455/1455/1455 1552/1552/1552 1551/1551/1551
f 1456/1456/1456 1457/1457/1457 1553/1553/1553
f 1456/1456/1456 1553/1553/1553 1552/1552/1552
f 1457/1457/1457 1458/1458/1458 1554/1554/1554
f 1457/1457/1457 1554/1554/1554 1553/1553/1553
f 1458/1458/1458 1459/1459/1459 1555/1555/1555
f 1458/1458/1458 1555/1555/1555 1554/1554/1554
f 1459/1459/1459 1460/1460/1460 1556/1556/1556
f 1459/1459/1459 1556/1556/1556 1555/1555/1555
f 1460/1460/1460 1461/1461/1461 1557/1557/1557
f 1460/1460/1460 1557/1557/1557 1556/1556/1556
f 1461/1461/1461 1462/1462/1462 1558/1558/1558
f 1461/1461/1461 1558/1558/1558 1557/1557/1557
f 1462/1462/1462 1463/1463/1463 1559/1559/1559
f 1462/1462/1462 1559/1559/1559 1558/1558/1558
f 1463/1463/1463 1464/1464/1464 1560/1560/1560
f 1463/1463/1463 1560/1560/1560 1559/1559/1559
f 1464/1464/1464 1465/1465/1465 1561/1561/1561
f 1464/1464/1464 1561/1561/1561 1560/1560/1560
f 1465/1465/1465 1466/1466/1466 1562/1562/1562
f 1465/1465/1465 1562/1562/1562 1561/1561/1561
f 1466/1466/1466 1467/1467/1467 1563/1563/1563
f 1466/1466/1466 1563/1563/1563 1562/1562/1562
f 1467/1467/1467 1468/1468/1468 1564/1564/1564
f 1467/1467/1467 1564/1564/1564 1563/1563/1563
f 1468/1468/1468 1469/1469/1469 1565/1565/1565
f 1468/1468/1468 1565/1565/1565 1564/1564/1564
f 1469/1469/1469 1470/1470/1470 1566/1566/1566
f 1469/1469/1469 1566/1566/1566 1565/1565/1565
f 1470/1470/1470 1471/1471/1471 1567/1567/1567
f 1470/1470/1470 1567/1567/1567 1566/1566/1566
f 1471/1471/1471 1472/1472/1472 1568/1568/1568
f 1471/1471/1471 1568/1568/1568 1567/1567/1567
f 1472/1472/1472 1473/1473/1473 1569/1569/1569
f 1472/1472/1472 1569/1569/1569 1568/1568/1568
f 1473/1473/1473 1474/1474/1474 1570/1570/1570
f 1473/1473/1473 1570/1570/1570 1569/1569/1569
f 1474/1474/1474 1475/1475/1475 1571/1571/1571
f 1474/1474/1474 1571/1571/1571 1570/1570/1570
f 1475/1475/1475 1476/1476/1476 1572/1572/1572
f 1475/1475/1475 1572/1572/1572 1571/1571/1571
f 1476/1476/1476 1477/1477/1477 1573/1573/1573
f 1476/1476/1476 1573/1573/1573 1572/1572/1572
f 1477/1477/1477 1478/1478/1478 1574/1574/1574
f 1477/1477/1477 1574/1574/1574 1573/1573/1573
f 1478/1478/1478 1479/1479/1479 1575/1575/1575
f 1478/1478/1478 1575/1575/1575 1574/1574/1574
f 1479/1479/1479 1480/1480/1480 1576/1576/1576
f 1479/1479/1479 1576/1576/1576 1575/1575/1575
f 1480/1480/1480 1481/1481/1481 1577/1577/1577
f 1480/1480/1480 1577/1577/1577 1576/1576/1576
f 1481/1481/1481 1482/1482/1482 1578/1578/1578
f 1481/1481/1481 1578/1578/1578 1577/1577/1577
f 1482/1482/1482 1483/1483/1483 1579/1579/1579
f 1482/1482/1482 1579/1579/1579 1578/1578/1578
f 1483/1483/1483 1484/1484/1484 1580/1580/1580
f 1483/1483/1483 1580/1580/1580 1579/1579/1579
f 1484/1484/1484 1485/1485/1485 1581/1581/1581
f 1484/1484/1484 1581/1581/1581 1580/1580/1580
f 1485/1485/1485 1486/1486/1486 1582/1582/1582
f 1485/1485/1485 1582/1582/1582 1581/1581/1581
f 1486/1486/1486 1487/1487/1487 1583/1583/1583
f 1486/1486/1486 1583/1583/1583 1582/1582/1582
f 1487/1487/1487 1488/1488/1488 1584/1584/1584
f 1487/1487/1487 1584/1584/1584 1583/1583/1583
f 1488/1488/1488 1489/1489/1489 1585/1585/1585
f 1488/1488/1488 1585/1585/1585 1584/1584/1584
f 1489/1489/1489 1490/1490/1490 1586/1586/1586
f 1489/1489/1489 1586/1586/1586 1585/1585/1585
f 1490/1490/1490 1491/1491/1491 1587/1587/1587
f 1490/1490/1490 1587/1587/1587 1586/1586/1586
f 1491/1491/1491 1492/1492/1492 1588/1588/1588
f 1491/1491/1491 1588/1588/1588 1587/1587/1587
f 1492/1492/1492 1493/1493/1493 1589/1589/1589
f 1492/1492/1492 1589/1589/1589 1588/1588/1588
f 1493/1493/1493 1494/1494/1494 1590/1590/1590
f 1493/1493/1493 1590/1590/1590 1589/1589/1589
f 1494/1494/1494 1495/1495/1495 1591/1591/1591
f 1494/1494/1494 1591/1591/1591 1590/1590/1590
f 1495/1495/1495 1496/1496/1496 1592/1592/1592
f 1495/1495/1495 1592/1592/1592 1591/1591/1591
f 1496/1496/1496 1497/1497/1497 1593/1593/1593
f 1496/1496/1496 1593/1593/1593 1592/1592/1592
f 1497/1497/1497 1498/1498/1498 1594/1594/1594
f 1497/1497/1497 1594/1594/1594 1593/1593/1593
f 1498/1498/1498 1499/1499/1499 1595/1595/1595
f 1498/1498/1498 1595/1595/1595 1594/1594/1594
f 1499/1499/1499 1500/1500/1500 1596/1596/1596
f 1499/1499/1499 1596/1596/1596 1595/1595/1595
f 1500/1500/1500 1501/1501/1501 1597/1597/1597
f 1500/1500/1500 1597/1597/1597 1596/1596/1596
f 1501/1501/1501 1502/1502/1502 1598/1598/1598
f 1501/1501/1501 1598/1598/1598 1597/1597/1597
f 1502/1502/1502 1503/1503/1503 1599/1599/1599
f 1502/1502/1502 1599/1599/1599 1598/1598/1598
f 1503/1503/1503 1504/1504/1504 1600/1600/1600
f 1503/1503/1503 1600/1600/1600 1599/1599/1599
f 1504/1504/1504 1505/1505/1505 1601/1601/1601
f 1504/1504/1504 1601/1601/1601 1600/1600/1600
f 1505/1505/1505 1506/1506/1506 1602/1602/1602
f 1505/1505/1505 1602/1602/1602 1601/1601/1601
f 1506/1506/1506 1507/1507/1507 1603/1603/1603
f 1506/1506/1506 1603/1603/1603 1602/1602/1602
f 1507/1507/1507 1508/1508/1508 1604/1604/1604
f 1507/1507/1507 1604/1604/1604 1603/1603/1603
f 1508/1508/1508 1509/1509/1509 1605/1605/1605
f 1508/1508/1508 1605/1605/1605 1604/1604/1604
f 1509/1509/1509 1510/1510/1510 1606/1606/1606
f 1509/1509/1509 1606/1606/1606 1605/1605/1605
f 1510/1510/1510 1511/1511/1511 1607/1607/1607
f 1510/1510/1510 1607/1607/1607 1606/1606/1606
f 1511/1511/1511 1512/1512/1512 1608/1608/1608
f 1511/1511/1511 1608/1608/1608 1607/1607/1607
f 1512/1512/1512 1513/1513/1513 1609/1609/1609
f 1512/1512/1512 1609/1609/1609 1608/1608/1608
f 1513/1513/1513 1514/1514/1514 1610/1610/1610
f 1513/1513/1513 1610/1610/1610 1609/1609/1609
f 1514/1514/1514 1515/1515/1515 1611/1611/1611
f 1514/1514/1514 1611/1611/1611 1610/1610/1610
f 1515/1515/1515 1516/1516/1516 1612/1612/1612
f 1515/1515/1515 1612/1612/1612 1611/1611/1611
f 1516/1516/1516 1517/1517/1517 1613/1613/1613
f 1516/1516/1516 1613/1613/1613 1612/1612/1612
f 1517/1517/1517 1518/1518/1518 1614/1614/1614
f 1517/1517/1517 1614/1614/1614 1613/1613/1613
f 1518/1518/1518 1519/1519/1519 1615/1615/1615
f 1518/1518/1518 1615/1615/1615 1614/1614/1614
f 1519/1519/1519 1520/1520/1520 1616/1616/1616
f 1519/1519/1519 1616/1616/1616 1615/1615/1615
f 1520/1520/1520 1521/1521/1521 1617/1617/1617
f 1520/1520/1520 1617/1617/1617 1616/1616/1616
f 1521/1521/1521 1522/1522/1522 1618/1618/1618
f 1521/1521/1521 1618/1618/1618 1617/1617/1617
f 1522/1522/1522 1523/1523/1523 1619/1619/1619
f 1522/1522/1522 1619/1619/1619 1618/1618/1618
f 1523/1523/1523 1524/1524/1524 1620/1620/1620
f 1523/1523/1523 1620/1620/1620 1619/1619/1619
f 1524/1524/1524 1525/1525/1525 1621/1621/1621
f 1524/1524/1524 1621/1621/1621 1620/1620/1620
f 1525/1525/1525 1526/1526/1526 1622/1622/1622
f 1525/1525/1525 1622/1622/1622 1621/1621/1621
f 1526/1526/1526 1527/1527/1527 1623/1623/1623
f 1526/1526/1526 1623/1623/1623 1622/1622/1622
f 1527/1527/1527 1528/1528/1528 1624/1624/1624
f 1527/1527/1527 1624/1624/1624 1623/1623/1623
f 1528/1528/1528 1529/1529/1529 1625/1625/1625
f 1528/1528/1528 1625/1625/1625 1624/1624/1624
f 1529/1529/1529 1530/1530/1530 1626/1626/1626
f 1529/1529/1529 1626/1626/1626 1625/1625/1625
f 1530/1530/1530 1531/1531/1531 1627/1627/1627
f 1530/1530/1530 1627/1627/1627 1626/1626/1626
f 1531/1531/1531 1532/1532/1532 1628/1628/1628
f 1531/1531/1531 1628/1628/1628 1627/1627/1627
f 1532/1532/1532 1533/1533/1533 1629/1629/1629
f 1532/1532/1532 1629/1629/1629 1628/1628/1628
f 1533/1533/1533 1534/1534/1534 1630/1630/1630
f 1533/1533/1533 1630/1630/1630 1629/1629/1629
f 1534/1534/1534 1535/1535/1535 1631/1631/1631
f 1534/1534/1534 1631/1631/1631 1630/1630/1630
f 1535/1535/1535 1536/1536/1536 1632/1632/1632
f 1535/1535/1535 1632/1632/1632 1631/1631/1631
f 1536/1536/1536 1441/1441/1441 1537/1537/1537
f 1536/1536/1536 1537/1537/1537 1632/1632/1632
f 1537/1537/1537 1538/1538/1538 1634/1634/1634
f 1537/1537/1537 1634/1634/1634 1633/1633/1633
f 1538/1538/1538 1539/1539/1539 1635/1635/1635
f 1538/1538/1538 1635/1635/1635 1634/1634/1634
f 1539/1539/1539 1540/1540/1540 1636/1636/1636
f 1539/1539/1539 1636/1636/1636 1635/1635/1635
f 1540/1540/1540 1541/1541/1541 1637/1637/1637
f 1540/1540/1540 1637/1637/1637 1636/1636/1636
f 1541/1541/1541 1542/1542/1542 1638/1638/1638
f 1541/1541/1541 1638/1638/1638 1637/1637/1637
f 1542/1542/1542 1543/1543/1543 1639/1639/1639
f 1542/1542/1542 1639/1639/1639 1638/1638/1638
f 1543/1543/1543 1544/1544/1544 1640/1640/1640
f 1543/1543/1543 1640/1640/1640 1639/1639/1639
f 1544/1544/1544 1545/1545/1545 1641/1641/1641
f 1544/1544/1544 1641/1641/1641 1640/1640/1640
f 1545/1545/1545 1546/1546/1546 1642/1642/1642
f 1545/1545/1545 1642/1642/1642 1641/1641/1641
f 1546/1546/1546 1547/1547/1547 1643/1643/1643
f 1546/1546/1546 1643/1643/1643 1642/1642/1642
f 1547/1547/1547 1548/1548/1548 1644/1644/1644
f 1547/1547/1547 1644/1644/1644 1643/1643/1643
f 1548/1548/1548 1549/1549/1549 1645/1645/1645
f 1548/1548/1548 1645/1645/1645 1644/1644/1644
f 1549/1549/1549 1550/1550/1550 1646/1646/1646
f 1549/1549/1549 1646/1646/1646 1645/1645/1645
f 1550/1550/1550 1551/1551/1551 1647/1647/1647
f 1550/1550/1550 1647/1647/1647 1646/1646/1646
f 1551/1551/1551 1552/1552/1552 1648/1648/1648
f 1551/1551/1551 1648/1648/1648 1647/1647/1647
f 1552/1552/1552 1553/1553/1553 1649/1649/1649
f 1552/1552/1552 1649/1649/1649 1648/1648/1648
f 1553/1553/1553 1554/1554/1554 1650/1650/1650
f 1553/1553/1553 1650/1650/1650 1649/1649/1649
f 1554/1554/1554 1555/1555/1555 1651/1651/1651
f 1554/1554/1554 1651/1651/1651 1650/1650/1650
f 1555/1555/1555 1556/1556/1556 1652/1652/1652
f 1555/1555/1555 1652/1652/1652 1651/1651/1651
f 1556/1556/1556 1557/1557/1557 1653/1653/1653
f 1556/1556/1556 1653/1653/1653 1652/1652/1652
f 1557/1557/1557 1558/1558/1558 1654/1654/1654
f 1557/1557/1557 1654/1654/1654 1653/1653/1653
f 1558/1558/1558 1559/1559/1559 1655/1655/1655
f 1558/1558/1558 1655/1655/1655 1654/1654/1654
f 1559/1559/1559 1560/1560/1560 1656/1656/1656
f 1559/1559/1559 1656/1656/1656 1655/1655/1655
f 1560/1560/1560 1561/1561/1561 1657/1657/1657
f 1560/1560/1560 1657/1657/1657 1656/1656/1656
f 1561/1561/1561 1562/1562/1562 1658/1658/1658
f 1561/1561/1561 1658/1658/1658 1657/1657/1657
f 1562/1562/1562 1563/1563/1563 1659/1659/1659
f 1562/1562/1562 1659/1659/1659 1658/1658/1658
f 1563/1563/1563 1564/1564/1564 1660/1660/1660
f 1563/1563/1563 1660/1660/1660 1659/1659/1659
f 1564/1564/1564 1565/1565/1565 1661/1661/1661
f 1564/1564/1564 1661/1661/1661 1660/1660/1660
f 1565/1565/1565 1566/1566/1566 1662/1662/1662
f 1565/1565/1565 1662/1662/1662 1661/1661/1661
f 1566/1566/1566 1567/1567/1567 1663/1663/1663
f 1566/1566/1566 1663/1663/1663 1662/1662/1662
f 1567/1567/1567 1568/1568/1568 1664/1664/1664
f 1567/1567/1567 1664/1664/1664 1663/1663/1663
f 1568/1568/1568 1569/1569/1569 1665/1665/1665
f 1568/1568/1568 1665/1665/1665 1664/1664/1664
f 1569/1569/1569 1570/1570/1570 1666/1666/1666
f 1569/1569/1569 1666/1666/1666 1665/1665/1665
f 1570/1570/1570 1571/1571/1571 1667/1667/1667
f 1570/1570/1570 1667/1667/1667 1666/1666/1666
f 1571/1571/1571 1572/1572/1572 1668/1668/1668
f 1571/1571/1571 1668/1668/1668 1667/1667/1667
f 1572/1572/1572 1573/1573/1573 1669/1669/1669
f 1572/1572/1572 1669/1669/1669 1668/1668/1668
f 1573/1573/1573 1574/1574/1574 1670/1670/1670
f 1573/1573/1573 1670/1670/1670 1669/1669/1669
f 1574/1574/1574 1575/1575/1575 1671/1671/1671
f 1574/1574/1574 1671/1671/1671 1670/1670/1670
f 1575/1575/1575 1576/1576/1576 1672/1672/1672
f 1575/1575/1575 1672/1672/1672 1671/1671/1671
f 1576/1576/1576 1577/1577/1577 1673/1673/1673
f 1576/1576/1576 1673/1673/1673 1672/1672/1672
f 1577/1577/1577 1578/1578/1578 1674/1674/1674
f 1577/1577/1577 1674/1674/1674 1673/1673/1673
f 1578/1578/1578 1579/1579/1579 1675/1675/1675
f 1578/1578/1578 1675/1675/1675 1674/1674/1674
f 1579/1579/1579 1580/1580/1580 1676/1676/1676
f 1579/1579/1579 1676/1676/1676 1675/1675/1675
f 1580/1580/1580 1581/1581/1581 1677/1677/1677
f 1580/1580/1580 1677/1677/1677 1676/1676/1676
f 1581/1581/1581 1582/1582/1582 1678/1678/1678
f 1581/1581/1581 1678/1678/1678 1677/1677/1677
f 1582/1582/1582 1583/1583/1583 1679/1679/1679
f 1582/1582/1582 1679/1679/1679 1678/1678/1678
f 1583/1583/1583 1584/1584/1584 1680/1680/1680
f 1583/1583/1583 1680/1680/1680 1679/1679/1679
f 1584/1584/1584 1585/1585/1585 1681/1681/1681
f 1584/1584/1584 1681/1681/1681 1680/1680/1680
f 1585/1585/1585 1586/1586/1586 1682/1682/1682
f 1585/1585/1585 1682/1682/1682 1681/1681/1681
f 1586/1586/1586 1587/1587/1587 1683/1683/1683
f 1586/1586/1586 1683/1683/1683 1682/1682/1682
f 1587/1587/1587 1588/1588/1588 1684/1684/1684
f 1587/1587/1587 1684/1684/1684 1683/1683/1683
f 1588/1588/1588 1589/1589/1589 1685/1685/1685
f 1588/1588/1588 1685/1685/1685 1684/1684/1684
f 1589/1589/1589 1590/1590/1590 1686/1686/1686
f 1589/1589/1589 1686/1686/1686 1685/1685/1685
f 1590/1590/1590 1591/1591/1591 1687/1687/1687
f 1590/1590/1590 1687/1687/1687 1686/1686/1686
f 1591/1591/1591 1592/1592/1592 1688/1688/1688
f 1591/1591/1591 1688/1688/1688 1687/1687/1687
f 1592/1592/1592 1593/1593/1593 1689/1689/1689
f 1592/1592/1592 1689/1689/1689 1688/1688/1688
f 1593/1593/1593 1594/1594/1594 1690/1690/1690
f 1593/1593/1593 1690/1690/1690 1689/1689/1689
f 1594/1594/1594 1595/1595/1595 1691/1691/1691
f 1594/1594/1594 1691/1691/1691 1690/1690/1690
f 1595/1595/1595 1596/1596/1596 1692/1692/1692
f 1595/1595/1595 1692/1692/1692 1691/1691/1691
f 1596/1596/1596 1597/1597/1597 1693/1693/1693
f 1596/1596/1596 1693/1693/1693 1692/1692/1692
f 1597/1597/1597 1598/1598/1598 1694/1694/1694
f 1597/1597/1597 1694/1694/1694 1693/1693/1693
f 1598/1598/1598 1599/1599/1599 1695/1695/1695
f 1598/1598/1598 1695/1695/1695 1694/1694/1694
f 1599/1599/1599 1600/1600/1600 1696/1696/1696
f 1599/1599/1599 1696/1696/1696 1695/1695/1695
f 1600/1600/1600 1601/1601/1601 1697/1697/1697
f 1600/1600/1600 1697/1697/1697 1696/1696/1696
f 1601/1601/1601 1602/1602/1602 1698/1698/1698
f 1601/1601/1601 1698/1698/1698 1697/1697/1697
f 1602/1602/1602 1603/1603/1603 1699/1699/1699
f 1602/1602/1602 1699/1699/1699 1698/1698/1698
f 1603/1603/1603 1604/1604/1604 1700/1700/1700
f 1603/1603/1603 1700/1700/1700 1699/1699/1699
f 1604/1604/1604 1605/1605/1605 1701/1701/1701
f 1604/1604/1604 1701/1701/1701 1700/1700/1700
f 1605/1605/1605 1606/1606/1606 1702/1702/1702
f 1605/1605/1605 1702/1702/1702 1701/1701/1701
f 1606/1606/1606 1607/1607/1607 1703/1703/1703
f 1606/1606/1606 1703/1703/1703 1702/1702/1702
f 1607/1607/1607 1608/1608/1608 1704/1704/1704
f 1607/1607/1607 1704/1704/1704 1703/1703/1703
f 1608/1608/1608 1609/1609/1609 1705/1705/1705
f 1608/1608/1608 1705/1705/1705 1704/1704/1704
f 1609/1609/1609 1610/1610/1610 1706/1706/1706
f 1609/1609/1609 1706/1706/1706 1705/1705/1705
f 1610/1610/1610 1611/1611/1611 1707/1707/1707
f 1610/1610/1610 1707/1707/1707 1706/1706/1706
f 1611/1611/1611 1612/1612/1612 1708/1708/1708
f 1611/1611/1611 1708/1708/1708 1707/1707/1707
f 1612/1612/1612 1613/1613/1613 1709/1709/1709
f 1612/1612/1612 1709/1709/1709 1708/1708/1708
f 1613/1613/1613 1614/1614/1614 1710/1710/1710
f 1613/1613/1613 1710/1710/1710 1709/1709/1709
f 1614/1614/1614 1615/1615/1615 1711/1711/1711
f 1614/1614/1614 1711/1711/1711 1710/1710/1710
f 1615/1615/1615 1616/1616/1616 1712/1712/1712
f 1615/1615/1615 1712/1712/1712 1711/1711/1711
f 1616/1616/1616 1617/1617/1617 1713/1713/1713
f 1616/1616/1616 1713/1713/1713 1712/1712/1712
f 1617/1617/1617 1618/1618/1618 1714/1714/1714
f 1617/1617/1617 1714/1714/1714 1713/1713/1713
f 1618/1618/1618 1619/1619/1619 1715/1715/1715
f 1618/1618/1618 1715/1715/1715 1714/1714/1714
f 1619/1619/1619 1620/1620/1620 1716/1716/1716
f 1619/1619/1619 1716/1716/1716 1715/1715/1715
f 1620/1620/1620 1621/1621/1621 1717/1717/1717
f 1620/1620/1620 1717/1717/1717 1716/1716/1716
f 1621/1621/1621 1622/1622/1622 1718/1718/1718
f 1621/1621/1621 1718/1718/1718 1717/1717/1717
f 1622/1622/1622 1623/1623/1623 1719/1719/1719
f 1622/1622/1622 1719/1719/1719 1718/1718/1718
f 1623/1623/1623 1624/1624/1624 1720/1720/1720
f 1623/1623/1623 1720/1720/1720 1719/1719/1719
f 1624/1624/1624 1625/1625/1625 1721/1721/1721
f 1624/1624/1624 1721/1721/1721 1720/1720/1720
f 1625/1625/1625 1626/1626/1626 1722/1722/1722
f 1625/1625/1625 1722/1722/1722 1721/1721/1721
f 1626/1626/1626 1627/1627/1627 1723/1723/1723
f 1626/1626/1626 1723/1723/1723 1722/1722/1722
f 1627/1627/1627 1628/1628/1628 1724/1724/1724
f 1627/1627/1627 1724/1724/1724 1723/1723/1723
f 1628/1628/1628 1629/1629/1629 1725/1725/1725
f 1628/1628/1628 1725/1725/1725 1724/1724/1724
f 1629/1629/1629 1630/1630/1630 1726/1726/1726
f 1629/1629/1629 1726/1726/1726 1725/1725/1725
f 1630/1630/1630 1631/1631/1631 1727/1727/1727
f 1630/1630/1630 1727/1727/1727 1726/1726/1726
f 1631/1631/1631 1632/1632/1632 1728/1728/1728
f 1631/1631/1631 1728/1728/1728 1727/1727/1727
f 1632/1632/1632 1537/1537/1537 1633/1633/1633
f 1632/1632/1632 1633/1633/1633 1728/1728/1728
f 1633/1633/1633 1634/1634/1634 1730/1730/1730
f 1633/1633/1633 1730/1730/1730 1729/1729/1729
f 1634/1634/1634 1635/1635/1635 1731/1731/1731
f 1634/1634/1634 1731/1731/1731 1730/1730/1730
f 1635/1635/1635 1636/1636/1636 1732/1732/1732
f 1635/1635/1635 1732/1732/1732 1731/1731/1731
f 1636/1636/1636 1637/1637/1637 1733/1733/1733
f 1636/1636/1636 1733/1733/1733 1732/1732/1732
f 1637/1637/1637 1638/1638/1638 1734/1734/1734
f 1637/1637/1637 1734/1734/1734 1733/1733/1733
f 1638/1638/1638 1639/1639/1639 1735/1735/1735
f 1638/1638/1638 1735/1735/1735 1734/1734/1734
f 1639/1639/1639 1640/1640/1640 1736/1736/1736
f 1639/1639/1639 1736/1736/1736 1735/1735/1735
f 1640/1640/1640 1641/1641/1641 1737/1737/1737
f 1640/1640/1640 1737/1737/1737 1736/1736/1736
f 1641/1641/1641 1642/1642/1642 1738/1738/1738
f 1641/1641/1641 1738/1738/1738 1737/1737/1737
f 1642/1642/1642 1643/1643/1643 1739/1739/1739
f 1642/1642/1642 1739/1739/1739 1738/1738/1738
f 1643/1643/1643 1644/1644/1644 1740/1740/1740
f 1643/1643/1643 1740/1740/1740 1739/1739/1739
f 1644/1644/1644 1645/1645/1645 1741/1741/1741
f 1644/1644/1644 1741/1741/1741 1740/1740/1740
f 1645/1645/1645 1646/1646/1646 1742/1742/1742
f 1645/1645/1645 1742/1742/1742 1741/1741/1741
f 1646/1646/1646 1647/1647/1647 1743/1743/1743
f 1646/1646/1646 1743/1743/1743 1742/1742/1742
f 1647/1647/1647 1648/1648/1648 1744/1744/1744
f 1647/1647/1647 1744/1744/1744 1743/1743/1743
f 1648/1648/1648 1649/1649/1649 1745/1745/1745
f 1648/1648/1648 1745/1745/1745 1744/1744/1744
f 1649/1649/1649 1650/1650/1650 1746/1746/1746
f 1649/1649/1649 1746/1746/1746 1745/1745/1745
f 1650/1650/1650 1651/1651/1651 1747/1747/1747
f 1650/1650/1650 1747/1747/1747 1746/1746/1746
f 1651/1651/1651 1652/1652/1652 1748/1748/1748
f 1651/1651/1651 1748/1748/1748 1747/1747/1747
f 1652/1652/1652 1653/1653/1653 1749/1749/1749
f 1652/1652/1652 1749/1749/1749 1748/1748/1748
f 1653/1653/1653 1654/1654/1654 1750/1750/1750
f 1653/1653/1653 1750/1750/1750 1749/1749/1749
f 1654/1654/1654 1655/1655/1655 1751/1751/1751
f 1654/1654/1654 1751/1751/1751 1750/1750/1750
f 1655/1655/1655 1656/1656/1656 1752/1752/1752
f 1655/1655/1655 1752/1752/1752 1751/1751/1751
f 1656/1656/1656 1657/1657/1657 1753/1753/1753
f 1656/1656/1656 1753/1753/1753 1752/1752/1752
f 1657/1657/1657 1658/1658/1658 1754/1754/1754
f 1657/1657/1657 1754/1754/1754 1753/1753/1753
f 1658/1658/1658 1659/1659/1659 1755/1755/1755
f 1658/1658/1658 1755/1755/1755 1754/1754/1754
f 1659/1659/1659 1660/1660/1660 1756/1756/1756
f 1659/1659/1659 1756/1756/1756 1755/1755/1755
f 1660/1660/1660 1661/1661/1661 1757/1757/1757
f 1660/1660/1660 1757/1757/1757 1756/1756/1756
f 1661/1661/1661 1662/1662/1662 1758/1758/1758
f 1661/1661/1661 1758/1758/1758 1757/1757/1757
f 1662/1662/1662 1663/1663/1663 1759/1759/1759
f 1662/1662/1662 1759/1759/1759 1758/1758/1758
f 1663/1663/1663 1664/1664/1664 1760/1760/1760
f 1663/1663/1663 1760/1760/1760 1759/1759/1759
f 1664/1664/1664 1665/1665/1665 1761/1761/1761
f 1664/1664/1664 1761/1761/1761 1760/1760/1760
f 1665/1665/1665 1666/1666/1666 1762/1762/1762
f 1665/1665/1665 1762/1762/1762 1761/1761/1761
f 1666/1666/1666 1667/1667/1667 1763/1763/1763
f 1666/1666/1666 1763/1763/1763 1762/1762/1762
f 1667/1667/1667 1668/1668/1668 1764/1764/1764
f 1667/1667/1667 1764/1764/1764 1763/1763/1763
f 1668/1668/1668 1669/1669/1669 1765/1765/1765
f 1668/1668/1668 1765/1765/1765 1764/1764/1764
f 1669/1669/1669 1670/1670/1670 1766/1766/1766
f 1669/1669/1669 1766/1766/1766 1765/1765/1765
f 1670/1670/1670 1671/1671/1671 1767/1767/1767
f 1670/1670/1670 1767/1767/1767 1766/1766/1766
f 1671/1671/1671 1672/1672/1672 1768/1768/1768
f 1671/1671/1671 1768/1768/1768 1767/1767/1767
f 1672/1672/1672 1673/1673/1673 1769/1769/1769
f 1672/1672/1672 1769/1769/1769 1768/1768/1768
f 1673/1673/1673 1674/1674/1674 1770/1770/1770
f 1673/1673/1673 1770/1770/1770 1769/1769/1769
f 1674/1674/1674 1675/1675/1675 1771/1771/1771
f 1674/1674/1674 1771/1771/1771 1770/1770/1770
f 1675/1675/1675 1676/1676/1676 1772/1772/1772
f 1675/1675/1675 1772/1772/1772 1771/1771/1771
f 1676/1676/1676 1677/1677/1677 1773/1773/1773
f 1676/1676/1676 1773/1773/1773 1772/1772/1772
f 1677/1677/1677 1678/1678/1678 1774/1774/1774
f 1677/1677/1677 1774/1774/1774 1773/1773/1773
f 1678/1678/1678 1679/1679/1679 1775/1775/1775
f 1678/1678/1678 1775/1775/1775 1774/1774/1774
f 1679/1679/1679 1680/1680/1680 1776/1776/1776
f 1679/1679/1679 1776/1776/1776 1775/1775/1775
f 1680/1680/1680 1681/1681/1681 1777/1777/1777
f 1680/1680/1680 1777/1777/1777 1776/1776/1776
f 1681/1681/1681 1682/1682/1682 1778/1778/1778
f 1681/1681/1681 1778/1778/1778 1777/1777/1777
f 1682/1682/1682 1683/1683/1683 1779/1779/1779
f 1682/1682/1682 1779/1779/1779 1778/1778/1778
f 1683/1683/1683 1684/1684/1684 1780/1780/1780
f 1683/1683/1683 1780/1780/1780 1779/1779/1779
f 1684/1684/1684 1685/1685/1685 1781/1781/1781
f 1684/1684/1684 1781/1781/1781 1780/1780/1780
f 1685/1685/1685 1686/1686/1686 1782/1782/1782
f 1685/1685/1685 1782/1782/1782 1781/1781/1781
f 1686/1686/1686 1687/1687/1687 1783/1783/1783
f 1686/1686/1686 1783/1783/1783 1782/1782/1782
f 1687/1687/1687 1688/1688/1688 1784/1784/1784
f 1687/1687/1687 1784/1784/1784 1783/1783/1783
f 1688/1688/1688 1689/1689/1689 1785/1785/1785
f 1688/1688/1688 1785/1785/1785 1784/1784/1784
f 1689/1689/1689 1690/1690/1690 1786/1786/1786
f 1689/1689/1689 1786/1786/1786 1785/1785/1785
f 1690/1690/1690 1691/1691/1691 1787/1787/1787
f 1690/1690/1690 1787/1787/1787 1786/1786/1786
f 1691/1691/1691 1692/1692/1692 1788/1788/1788
f 1691/1691/1691 1788/1788/1788 1787/1787/1787
f 1692/1692/1692 1693/1693/1693 1789/1789/1789
f 1692/1692/1692 1789/1789/1789 1788/1788/1788
f 1693/1693/1693 1694/1694/1694 1790/1790/1790
f 1693/1693/1693 1790/1790/1790 1789/1789/1789
f 1694/1694/1694 1695/1695/1695 1791/1791/1791
f 1694/1694/1694 1791/1791/1791 1790/1790/1790
f 1695/1695/1695 1696/1696/1696 1792/1792/1792
f 1695/1695/1695 1792/1792/1792 1791/1791/1791
f 1696/1696/1696 1697/1697/1697 1793/1793/1793
f 1696/1696/1696 1793/1793/1793 1792/1792/1792
f 1697/1697/1697 1698/1698/1698 1794/1794/1794
f 1697/1697/1697 1794/1794/1794 1793/1793/1793
f 1698/1698/1698 1699/1699/1699 1795/1795/1795
f 1698/1698/1698 1795/1795/1795 1794/1794/1794
f 1699/1699/1699 1700/1700/1700 1796/1796/1796
f 1699/1699/1699 1796/1796/1796 1795/1795/1795
f 1700/1700/1700 1701/1701/1701 1797/1797/1797
f 1700/1700/1700 1797/1797/1797 1796/1796/1796
f 1701/1701/1701 1702/1702/1702 1798/1798/1798
f 1701/1701/1701 1798/1798/1798 1797/1797/1797
f 1702/1702/1702 1703/1703/1703 1799/1799/1799
f 1702/1702/1702 1799/1799/1799 1798/1798/1798
f 1703/1703/1703 1704/1704/1704 1800/1800/1800
f 1703/1703/1703 1800/1800/1800 1799/1799/1799
f 1704/1704/1704 1705/1705/1705 1801/1801/1801
f 1704/1704/1704 1801/1801/1801 1800/1800/1800
f 1705/1705/1705 1706/1706/1706 1802/1802/1802
f 1705/1705/1705 1802/1802/1802 1801/1801/1801
f 1706/1706/1706 1707/1707/1707 1803/1803/1803
f 1706/1706/1706 1803/1803/1803 1802/1802/1802
f 1707/1707/1707 1708/1708/1708 1804/1804/1804
f 1707/1707/1707 1804/1804/1804 1803/1803/1803
f 1708/1708/1708 1709/1709/1709 1805/1805/1805
f 1708/1708/1708 1805/1805/1805 1804/1804/1804
f 1709/1709/1709 1710/1710/1710 1806/1806/1806
f 1709/1709/1709 1806/1806/1806 1805/1805/1805
f 1710/1710/1710 1711/1711/1711 1807/1807/1807
f 1710/1710/1710 1807/1807/1807 1806/1806/1806
f 1711/1711/1711 1712/1712/1712 1808/1808/1808
f 1711/1711/1711 1808/1808/1808 1807/1807/1807
f 1712/1712/1712 1713/1713/1713 1809/1809/1809
f 1712/1712/1712 1809/1809/1809 1808/1808/1808
f 1713/1713/1713 1714/1714/1714 1810/1810/1810
f 1713/1713/1713 1810/1810/1810 1809/1809/1809
f 1714/1714/1714 1715/1715/1715 1811/1811/1811
f 1714/1714/1714 1811/1811/1811 1810/1810/1810
f 1715/1715/1715 1716/1716/1716 1812/1812/1812
f 1715/1715/1715 1812/1812/1812 1811/1811/1811
f 1716/1716/1716 1717/1717/1717 1813/1813/1813
f 1716/1716/1716 1813/1813/1813 1812/1812/1812
f 1717/1717/1717 1718/1718/1718 1814/1814/1814
f 1717/1717/1717 1814/1814/1814 1813/1813/1813
f 1718/1718/1718 1719/1719/1719 1815/1815/1815
f 1718/1718/1718 1815/1815/1815 1814/1814/1814
f 1719/1719/1719 1720/1720/1720 1816/1816/1816
f 1719/1719/1719 1816/1816/1816 1815/1815/1815
f 1720/1720/1720 1721/1721/1721 1817/1817/1817
f 1720/1720/1720 1817/1817/1817 1816/1816/1816
f 1721/1721/1721 1722/1722/1722 1818/1818/1818
f 1721/1721/1721 1818/1818/1818 1817/1817/1817
f 1722/1722/1722 1723/1723/1723 1819/1819/1819
f 1722/1722/1722 1819/1819/1819 1818/1818/1818
f 1723/1723/1723 1724/1724/1724 1820/1820/1820
f 1723/1723/1723 1820/1820/1820 1819/1819/1819
f 1724/1724/1724 1725/1725/1725 1821/1821/1821
f 1724/1724/1724 1821/1821/1821 1820/1820/1820
f 1725/1725/1725 1726/1726/1726 1822/1822/1822
f 1725/1725/1725 1822/1822/1822 1821/1821/1821
f 1726/1726/1726 1727/1727/1727 1823/1823/1823
f 1726/1726/1726 1823/1823/1823 1822/1822/1822
f 1727/1727/1727 1728/1728/1728 1824/1824/1824
f 1727/1727/1727 1824/1824/1824 1823/1823/1823
f 1728/1728/1728 1633/1633/1633 1729/1729/1729
f 1728/1728/1728 1729/1729/1729 1824/1824/1824
f 1729/1729/1729 1730/1730/1730 1826/1826/1826
f 1729/1729/1729 1826/1826/1826 1825/1825/1825
f 1730/1730/1730 1731/1731/1731 1827/1827/1827
f 1730/1730/1730 1827/1827/1827 1826/1826/1826
f 1731/1731/1731 1732/1732/1732 1828/1828/1828
f 1731/1731/1731 1828/1828/1828 1827/1827/1827
f 1732/1732/1732 1733/1733/1733 1829/1829/1829
f 1732/1732/1732 1829/1829/1829 1828/1828/1828
f 1733/1733/1733 1734/1734/1734 1830/1830/1830
f 1733/1733/1733 1830/1830/1830 1829/1829/1829
f 1734/1734/1734 1735/1735/1735 1831/1831/1831
f 1734/1734/1734 1831/1831/1831 1830/1830/1830
f 1735/1735/1735 1736/1736/1736 1832/1832/1832
f 1735/1735/1735 1832/1832/1832 1831/1831/1831
f 1736/1736/1736 1737/1737/1737 1833/1833/1833
f 1736/1736/1736 1833/1833/1833 1832/1832/1832
f 1737/1737/1737 1738/1738/1738 1834/1834/1834
f 1737/1737/1737 1834/1834/1834 1833/1833/1833
f 1738/1738/1738 1739/1739/1739 1835/1835/1835
f 1738/1738/1738 1835/1835/1835 1834/1834/1834
f 1739/1739/1739 1740/1740/1740 1836/1836/1836
f 1739/1739/1739 1836/1836/1836 1835/1835/1835
f 1740/1740/1740 1741/1741/1741 1837/1837/1837
f 1740/1740/1740 1837/1837/1837 1836/1836/1836
f 1741/1741/1741 1742/1742/1742 1838/1838/1838
f 1741/1741/1741 1838/1838/1838 1837/1837/1837
f 1742/1742/1742 1743/1743/1743 1839/1839/1839
f 1742/1742/1742 1839/1839/1839 1838/1838/1838
f 1743/1743/1743 1744/1744/1744 1840/1840/1840
f 1743/1743/1743 1840/1840/1840 1839/1839/1839
f 1744/1744/1744 1745/1745/1745 1841/1841/1841
f 1744/1744/1744 1841/1841/1841 1840/1840/1840
f 1745/1745/1745 1746/1746/1746 1842/1842/1842
f 1745/1745/1745 1842/1842/1842 1841/1841/1841
f 1746/1746/1746 1747/1747/1747 1843/1843/1843
f 1746/1746/1746 1843/1843/1843 1842/1842/1842
f 1747/1747/1747 1748/1748/1748 1844/1844/1844
f 1747/1747/1747 1844/1844/1844 1843/1843/1843
f 1748/1748/1748 1749/1749/1749 1845/1845/1845
f 1748/1748/1748 1845/1845/1845 1844/1844/1844
f 1749/1749/1749 1750/1750/1750 1846/1846/1846
f 1749/1749/1749 1846/1846/1846 1845/1845/1845
f 1750/1750/1750 1751/1751/1751 1847/1847/1847
f 1750/1750/1750 1847/1847/1847 1846/1846/1846
f 1751/1751/1751 1752/1752/1752 1848/1848/1848
f 1751/1751/1751 1848/1848/1848 1847/1847/1847
f 1752/1752/1752 1753/1753/1753 1849/1849/1849
f 1752/1752/1752 1849/1849/1849 1848/1848/1848
f 1753/1753/1753 1754/1754/1754 1850/1850/1850
f 1753/1753/1753 1850/1850/1850 1849/1849/1849
f 1754/1754/1754 1755/1755/1755 1851/1851/1851
f 1754/1754/1754 1851/1851/1851 1850/1850/1850
f 1755/1755/1755 1756/1756/1756 1852/1852/1852
f 1755/1755/1755 1852/1852/1852 1851/1851/1851
f 1756/1756/1756 1757/1757/1757 1853/1853/1853
f 1756/1756/1756 1853/1853/1853 1852/1852/1852
f 1757/1757/1757 1758/1758/1758 1854/1854/1854
f 1757/1757/1757 1854/1854/1854 1853/1853/1853
f 1758/1758/1758 1759/1759/1759 1855/1855/1855
f 1758/1758/1758 1855/1855/1855 1854/1854/1854
f 1759/1759/1759 1760/1760/1760 1856/1856/1856
f 1759/1759/1759 1856/1856/1856 1855/1855/1855
f 1760/1760/1760 1761/1761/1761 1857/1857/1857
f 1760/1760/1760 1857/1857/1857 1856/1856/1856
f 1761/1761/1761 1762/1762/1762 1858/1858/1858
f 1761/1761/1761 1858/1858/1858 1857/1857/1857
f 1762/1762/1762 1763/1763/1763 1859/1859/1859
f 1762/1762/1762 1859/1859/1859 1858/1858/1858
f 1763/1763/1763 1764/1764/1764 1860/1860/1860
f 1763/1763/1763 1860/1860/1860 1859/1859/1859
f 1764/1764/1764 1765/1765/1765 1861/1861/1861
f 1764/1764/1764 1861/1861/1861 1860/1860/1860
f 1765/1765/1765 1766/1766/1766 1862/1862/1862
f 1765/1765/1765 1862/1862/1862 1861/1861/1861
f 1766/1766/1766 1767/1767/1767 1863/1863/1863
f 1766/1766/1766 1863/1863/1863 1862/1862/1862
f 1767/1767/1767 1768/1768/1768 1864/1864/1864
f 1767/1767/1767 1864/1864/1864 1863/1863/1863
f 1768/1768/1768 1769/1769/1769 1865/1865/1865
f 1768/1768/1768 1865/1865/1865 1864/1864/1864
f 1769/1769/1769 1770/1770/1770 1866/1866/1866
f 1769/1769/1769 1866/1866/1866 1865/1865/1865
f 1770/1770/1770 1771/1771/1771 1867/1867/1867
f 1770/1770/1770 1867/1867/1867 1866/1866/1866
f 1771/1771/1771 1772/1772/1772 1868/1868/1868
f 1771/1771/1771 1868/1868/1868 1867/1867/1867
f 1772/1772/1772 1773/1773/1773 1869/1869/1869
f 1772/1772/1772 1869/1869/1869 1868/1868/1868
f 1773/1773/1773 1774/1774/1774 1870/1870/1870
f 1773/1773/1773 1870/1870/1870 1869/1869/1869
f 1774/1774/1774 1775/1775/1775 1871/1871/1871
f 1774/1774/1774 1871/1871/1871 1870/1870/1870
f 1775/1775/1775 1776/1776/1776 1872/1872/1872
f 1775/1775/1775 1872/1872/1872 1871/1871/1871
f 1776/1776/1776 1777/1777/1777 1873/1873/1873
f 1776/1776/1776 1873/1873/1873 1872/1872/1872
f 1777/1777/1777 1778/1778/1778 1874/1874/1874
f 1777/1777/1777 1874/1874/1874 1873/1873/1873
f 1778/1778/1778 1779/1779/1779 1875/1875/1875
f 1778/1778/1778 1875/1875/1875 1874/1874/1874
f 1779/1779/1779 1780/1780/1780 1876/1876/1876
f 1779/1779/1779 1876/1876/1876 1875/1875/1875
f 1780/1780/1780 1781/1781/1781 1877/1877/1877
f 1780/1780/1780 1877/1877/1877 1876/1876/1876
f 1781/1781/1781 1782/1782/1782 1878/1878/1878
f 1781/1781/1781 1878/1878/1878 1877/1877/1877
f 1782/1782/1782 1783/1783/1783 1879/1879/1879
f 1782/1782/1782 1879/1879/1879 1878/1878/1878
f 1783/1783/1783 1784/1784/1784 1880/1880/1880
f 1783/1783/1783 1880/1880/1880 1879/1879/1879
f 1784/1784/1784 1785/1785/1785 1881/1881/1881
f 1784/1784/1784 1881/1881/1881 1880/1880/1880
f 1785/1785/1785 1786/1786/1786 1882/1882/1882
f 1785/1785/1785 1882/1882/1882 1881/1881/1881
f 1786/1786/1786 1787/1787/1787 1883/1883/1883
f 1786/1786/1786 1883/1883/1883 1882/1882/1882
f 1787/1787/1787 1788/1788/1788 1884/1884/1884
f 1787/1787/1787 1884/1884/1884 1883/1883/1883
f 1788/1788/1788 1789/1789/1789 1885/1885/1885
f 1788/1788/1788 1885/1885/1885 1884/1884/1884
f 1789/1789/1789 1790/1790/1790 1886/1886/1886
f 1789/1789/1789 1886/1886/1886 1885/1885/1885
f 1790/1790/1790 1791/1791/1791 1887/1887/1887
f 1790/1790/1790 1887/1887/1887 1886/1886/1886
f 1791/1791/1791 1792/1792/1792 1888/1888/1888
f 1791/1791/1791 1888/1888/1888 1887/1887/1887
f 1792/1792/1792 1793/1793/1793 1889/1889/1889
f 1792/1792/1792 1889/1889/1889 1888/1888/1888
f 1793/1793/1793 1794/1794/1794 1890/1890/1890
f 1793/1793/1793 1890/1890/1890 1889/1889/1889
f 1794/1794/1794 1795/1795/1795 1891/1891/1891
f 1794/1794/1794 1891/1891/1891 1890/1890/1890
f 1795/1795/1795 1796/1796/1796 1892/1892/1892
f 1795/1795/1795 1892/1892/1892 1891/1891/1891
f 1796/1796/1796 1797/1797/1797 1893/1893/1893
f 1796/1796/1796 1893/1893/1893 1892/1892/1892
f 1797/1797/1797 1798/1798/1798 1894/1894/1894
f 1797/1797/1797 1894/1894/1894 1893/1893/1893
f 1798/1798/1798 1799/1799/1799 1895/1895/1895
f 1798/1798/1798 1895/1895/1895 1894/1894/1894
f 1799/1799/1799 1800/1800/1800 1896/1896/1896
f 1799/1799/1799 1896/1896/1896 1895/1895/1895
f 1800/1800/1800 1801/1801/1801 1897/1897/1897
f 1800/1800/1800 1897/1897/1897 1896/1896/1896
f 1801/1801/1801 1802/1802/1802 1898/1898/1898
f 1801/1801/1801 1898/1898/1898 1897/1897/1897
f 1802/1802/1802 1803/1803/1803 1899/1899/1899
f 1802/1802/1802 1899/1899/1899 1898/1898/1898
f 1803/1803/1803 1804/1804/1804 1900/1900/1900
f 1803/1803/1803 1900/1900/1900 1899/1899/1899
f 1804/1804/1804 1805/1805/1805 1901/1901/1901
f 1804/1804/1804 1901/1901/1901 1900/1900/1900
f 1805/1805/1805 1806/1806/1806 1902/1902/1902
f 1805/1805/1805 1902/1902/1902 1901/1901/1901
f 1806/1806/1806 1807/1807/1807 1903/1903/1903
f 1806/1806/1806 1903/1903/1903 1902/1902/1902
f 1807/1807/1807 1808/1808/1808 1904/1904/1904
f 1807/1807/1807 1904/1904/1904 1903/1903/1903
f 1808/1808/1808 1809/1809/1809 1905/1905/1905
f 1808/1808/1808 1905/1905/1905 1904/1904/1904
f 1809/1809/1809 1810/1810/1810 1906/1906/1906
f 1809/1809/1809 1906/1906/1906 1905/1905/1905
f 1810/1810/1810 1811/1811/1811 1907/1907/1907
f 1810/1810/1810 1907/1907/1907 1906/1906/1906
f 1811/1811/1811 1812/1812/1812 1908/1908/1908
f 1811/1811/1811 1908/1908/1908 1907/1907/1907
f 1812/1812/1812 1813/1813/1813 1909/1909/1909
f 1812/1812/1812 1909/1909/1909 1908/1908/1908
f 1813/1813/1813 1814/1814/1814 1910/1910/1910
f 1813/1813/1813 1910/1910/1910 1909/1909/1909
f 1814/1814/1814 1815/1815/1815 1911/1911/1911
f 1814/1814/1814 1911/1911/1911 1910/1910/1910
f 1815/1815/1815 1816/1816/1816 1912/1912/1912
f 1815/1815/1815 1912/1912/1912 1911/1911/1911
f 1816/1816/1816 1817/1817/1817 1913/1913/1913
f 1816/1816/1816 1913/1913/1913 1912/1912/1912
f 1817/1817/1817 1818/1818/1818 1914/1914/1914
f 1817/1817/1817 1914/1914/1914 1913/1913/1913
f 1818/1818/1818 1819/1819/1819 1915/1915/1915
f 1818/1818/1818 1915/1915/1915 1914/1914/1914
f 1819/1819/1819 1820/1820/1820 1916/1916/1916
f 1819/1819/1819 1916/1916/1916 1915/1915/1915
f 1820/1820/1820 1821/1821/1821 1917/1917/1917
f 1820/1820/1820 1917/1917/1917 1916/1916/1916
f 1821/1821/1821 1822/1822/1822 1918/1918/1918
f 1821/1821/1821 1918/1918/1918 1917/1917/1917
f 1822/1822/1822 1823/1823/1823 1919/1919/1919
f 1822/1822/1822 1919/1919/1919 1918/1918/1918
f 1823/1823/1823 1824/1824/1824 1920/1920/1920
f 1823/1823/1823 1920/1920/1920 1919/1919/1919
f 1824/1824/1824 1729/1729/1729 1825/1825/1825
f 1824/1824/1824 1825/1825/1825 1920/1920/1920
f 1825/1825/1825 1826/1826/1826 1922/1922/1922
f 1825/1825/1825 1922/1922/1922 1921/1921/1921
f 1826/1826/1826 1827/1827/1827 1923/1923/1923
f 1826/1826/1826 1923/1923/1923 1922/1922/1922
f 1827/1827/1827 1828/1828/1828 1924/1924/1924
f 1827/1827/1827 1924/1924/1924 1923/1923/1923
f 1828/1828/1828 1829/1829/1829 1925/1925/1925
f 1828/1828/1828 1925/1925/1925 1924/1924/1924
f 1829/1829/1829 1830/1830/1830 1926/1926/1926
f 1829/1829/1829 1926/1926/1926 1925/1925/1925
f 1830/1830/1830 1831/1831/1831 1927/1927/1927
f 1830/1830/1830 1927/1927/1927 1926/1926/1926
f 1831/1831/1831 1832/1832/1832 1928/1928/1928
f 1831/1831/1831 1928/1928/1928 1927/1927/1927
f 1832/1832/1832 1833/1833/1833 1929/1929/1929
f 1832/1832/1832 1929/1929/1929 1928/1928/1928
f 1833/1833/1833 1834/1834/1834 1930/1930/1930
f 1833/1833/1833 1930/1930/1930 1929/1929/1929
f 1834/1834/1834 1835/1835/1835 1931/1931/1931
f 1834/1834/1834 1931/1931/1931 1930/1930/1930
f 1835/1835/1835 1836/1836/1836 1932/1932/1932
f 1835/1835/1835 1932/1932/1932 1931/1931/1931
f 1836/1836/1836 1837/1837/1837 1933/1933/1933
f 1836/1836/1836 1933/1933/1933 1932/1932/1932
f 1837/1837/1837 1838/1838/1838 1934/1934/1934
f 1837/1837/1837 1934/1934/1934 1933/1933/1933
f 1838/1838/1838 1839/1839/1839 1935/1935/1935
f 1838/1838/1838 1935/1935/1935 1934/1934/1934
f 1839/1839/1839 1840/1840/1840 1936/1936/1936
f 1839/1839/1839 1936/1936/1936 1935/1935/1935
f 1840/1840/1840 1841/1841/1841 1937/1937/1937
f 1840/1840/1840 1937/1937/1937 1936/1936/1936
f 1841/1841/1841 1842/1842/1842 1938/1938/1938
f 1841/1841/1841 1938/1938/1938 1937/1937/1937
f 1842/1842/1842 1843/1843/1843 1939/1939/1939
f 1842/1842/1842 1939/1939/1939 1938/1938/1938
f 1843/1843/1843 1844/1844/1844 1940/1940/1940
f 1843/1843/1843 1940/1940/1940 1939/1939/1939
f 1844/1844/1844 1845/1845/1845 1941/1941/1941
f 1844/1844/1844 1941/1941/1941 1940/1940/1940
f 1845/1845/1845 1846/1846/1846 1942/1942/1942
f 1845/1845/1845 1942/1942/1942 1941/1941/1941
f 1846/1846/1846 1847/1847/1847 1943/1943/1943
f 1846/1846/1846 1943/1943/1943 1942/1942/1942
f 1847/1847/1847 1848/1848/1848 1944/1944/1944
f 1847/1847/1847 1944/1944/1944 1943/1943/1943
f 1848/1848/1848 1849/1849/1849 1945/1945/1945
f 1848/1848/1848 1945/1945/1945 1944/1944/1944
f 1849/1849/1849 1850/1850/1850 1946/1946/1946
f 1849/1849/1849 1946/1946/1946 1945/1945/1945
f 1850/1850/1850 1851/1851/1851 1947/1947/1947
f 1850/1850/1850 1947/1947/1947 1946/1946/1946
f 1851/1851/1851 1852/1852/1852 1948/1948/1948
f 1851/1851/1851 1948/1948/1948 1947/1947/1947
f 1852/1852/1852 1853/1853/1853 1949/1949/1949
f 1852/1852/1852 1949/1949/1949 1948/1948/1948
f 1853/1853/1853 1854/1854/1854 1950/1950/1950
f 1853/1853/1853 1950/1950/1950 1949/1949/1949
f 1854/1854/1854 1855/1855/1855 1951/1951/1951
f 1854/1854/1854 1951/1951/1951 1950/1950/1950
f 1855/1855/1855 1856/1856/1856 1952/1952/1952
f 1855/1855/1855 1952/1952/1952 1951/1951/1951
f 1856/1856/1856 1857/1857/1857 1953/1953/1953
f 1856/1856/1856 1953/1953/1953 1952/1952/1952
f 1857/1857/1857 1858/1858/1858 1954/1954/1954
f 1857/1857/1857 1954/1954/1954 1953/1953/1953
f 1858/1858/1858 1859/1859/1859 1955/1955/1955
f 1858/1858/1858 1955/1955/1955 1954/1954/1954
f 1859/1859/1859 1860/1860/1860 1956/1956/1956
f 1859/1859/1859 1956/1956/1956 1955/1955/1955
f 1860/1860/1860 1861/1861/1861 1957/1957/1957
f 1860/1860/1860 1957/1957/1957 1956/1956/1956
f 1861/1861/1861 1862/1862/1862 1958/1958/1958
f 1861/1861/1861 1958/1958/1958 1957/1957/1957
f 1862/1862/1862 1863/1863/1863 1959/1959/1959
f 1862/1862/1862 1959/1959/1959 1958/1958/1958
f 1863/1863/1863 1864/1864/1864 1960/1960/1960
f 1863/1863/1863 1960/1960/1960 1959/1959/1959
f 1864/1864/1864 1865/1865/1865 1961/1961/1961
f 1864/1864/1864 1961/1961/1961 1960/1960/1960
f 1865/1865/1865 1866/1866/1866 1962/1962/1962
f 1865/1865/1865 1962/1962/1962 1961/1961/1961
f 1866/1866/1866 1867/1867/1867 1963/1963/1963
f 1866/1866/1866 1963/1963/1963 1962/1962/1962
f 1867/1867/1867 1868/1868/1868 1964/1964/1964
f 1867/1867/1867 1964/1964/1964 1963/1963/1963
f 1868/1868/1868 1869/1869/1869 1965/1965/1965
f 1868/1868/1868 1965/1965/1965 1964/1964/1964
f 1869/1869/1869 1870/1870/1870 1966/1966/1966
f 1869/1869/1869 1966/1966/1966 1965/1965/1965
f 1870/1870/1870 1871/1871/1871 1967/1967/1967
f 1870/1870/1870 1967/1967/1967 1966/1966/1966
f 1871/1871/1871 1872/1872/1872 1968/1968/1968
f 1871/1871/1871 1968/1968/1968 1967/1967/1967
f 1872/1872/1872 1873/1873/1873 1969/1969/1969
f 1872/1872/1872 1969/1969/1969 1968/1968/1968
f 1873/1873/1873 1874/1874/1874 1970/1970/1970
f 1873/1873/1873 1970/1970/1970 1969/1969/1969
f 1874/1874/1874 1875/1875/1875 1971/1971/1971
f 1874/1874/1874 1971/1971/1971 1970/1970/1970
f 1875/1875/1875 1876/1876/1876 1972/1972/1972
f 1875/1875/1875 1972/1972/1972 1971/1971/1971
f 1876/1876/1876 1877/1877/1877 1973/1973/1973
f 1876/1876/1876 1973/1973/1973 1972/1972/1972
f 1877/1877/1877 1878/1878/1878 1974/1974/1974
f 1877/1877/1877 1974/1974/1974 1973/1973/1973
f 1878/1878/1878 1879/1879/1879 1975/1975/1975
f 1878/1878/1878 1975/1975/1975 1974/1974/1974
f 1879/1879/1879 1880/1880/1880 1976/1976/1976
f 1879/1879/1879 1976/1976/1976 1975/1975/1975
f 1880/1880/1880 1881/1881/1881 1977/1977/1977
f 1880/1880/1880 1977/1977/1977 1976/1976/1976
f 1881/1881/1881 1882/1882/1882 1978/1978/1978
f 1881/1881/1881 1978/1978/1978 1977/1977/1977
f 1882/1882/1882 1883/1883/1883 1979/1979/1979
f 1882/1882/1882 1979/1979/1979 1978/1978/1978
f 1883/1883/1883 1884/1884/1884 1980/1980/1980
f 1883/1883/1883 1980/1980/1980 1979/1979/1979
f 1884/1884/1884 1885/1885/1885 1981/1981/1981
f 1884/1884/1884 1981/1981/1981 1980/1980/1980
f 1885/1885/1885 1886/1886/1886 1982/1982/1982
f 1885/1885/1885 1982/1982/1982 1981/1981/1981
f 1886/1886/1886 1887/1887/1887 1983/1983/1983
f 1886/1886/1886 1983/1983/1983 1982/1982/1982
f 1887/1887/1887 1888/1888/1888 1984/1984/1984
f 1887/1887/1887 1984/1984/1984 1983/1983/1983
f 1888/1888/1888 1889/1889/1889 1985/1985/1985
f 1888/1888/1888 1985/1985/1985 1984/1984/1984
f 1889/1889/1889 1890/1890/1890 1986/1986/1986
f 1889/1889/1889 1986/1986/1986 1985/1985/1985
f 1890/1890/1890 1891/1891/1891 1987/1987/1987
f 1890/1890/1890 1987/1987/1987 1986/1986/1986
f 1891/1891/1891 1892/1892/1892 1988/1988/1988
f 1891/1891/1891 1988/1988/1988 1987/1987/1987
f 1892/1892/1892 1893/1893/1893 1989/1989/1989
f 1892/1892/1892 1989/1989/1989 1988/1988/1988
f 1893/1893/1893 1894/1894/1894 1990/1990/1990
f 1893/1893/1893 1990/1990/1990 1989/1989/1989
f 1894/1894/1894 1895/1895/1895 1991/1991/1991
f 1894/1894/1894 1991/1991/1991 1990/1990/1990
f 1895/1895/1895 1896/1896/1896 1992/1992/1992
f 1895/1895/1895 1992/1992/1992 1991/1991/1991
f 1896/1896/1896 1897/1897/1897 1993/1993/1993
f 1896/1896/1896 1993/1993/1993 1992/1992/1992
f 1897/1897/1897 1898/1898/1898 1994/1994/1994
f 1897/1897/1897 1994/1994/1994 1993/1993/1993
f 1898/1898/1898 1899/1899/1899 1995/1995/1995
f 1898/1898/1898 1995/1995/1995 1994/1994/1994
f 1899/1899/1899 1900/1900/1900 1996/1996/1996
f 1899/1899/1899 1996/1996/1996 1995/1995/1995
f 1900/1900/1900 1901/1901/1901 1997/1997/1997
f 1900/1900/1900 1997/1997/1997 1996/1996/1996
f 1901/1901/1901 1902/1902/1902 1998/1998/1998
f 1901/1901/1901 1998/1998/1998 1997/1997/1997
f 1902/1902/1902 1903/1903/1903 1999/1999/1999
f 1902/1902/1902 1999/1999/1999 1998/1998/1998
f 1903/1903/1903 1904/1904/1904 2000/2000/2000
f 1903/1903/1903 2000/2000/2000 1999/1999/1999
f 1904/1904/1904 1905/1905/1905 2001/2001/2001
f 1904/1904/1904 2001/2001/2001 2000/2000/2000
f 1905/1905/1905 1906/1906/1906 2002/2002/2002
f 1905/1905/1905 2002/2002/2002 2001/2001/2001
f 1906/1906/1906 1907/1907/1907 2003/2003/2003
f 1906/1906/1906 2003/2003/2003 2002/2002/2002
f 1907/1907/1907 1908/1908/1908 2004/2004/2004
f 1907/1907/1907 2004/2004/2004 2003/2003/2003
f 1908/1908/1908 1909/1909/1909 2005/2005/2005
f 1908/1908/1908 2005/2005/2005 2004/2004/2004
f 1909/1909/1909 1910/1910/1910 2006/2006/2006
f 1909/1909/1909 2006/2006/2006 2005/2005/2005
f 1910/1910/1910 1911/1911/1911 2007/2007/2007
f 1910/1910/1910 2007/2007/2007 2006/2006/2006
f 1911/1911/1911 1912/1912/1912 2008/2008/2008
f 1911/1911/1911 2008/2008/2008 2007/2007/2007
f 1912/1912/1912 1913/1913/1913 2009/2009/2009
f 1912/1912/1912 2009/2009/2009 2008/2008/2008
f 1913/1913/1913 1914/1914/1914 2010/2010/2010
f 1913/1913/1913 2010/2010/2010 2009/2009/2009
f 1914/1914/1914 1915/1915/1915 2011/2011/2011
f 1914/1914/1914 2011/2011/2011 2010/2010/2010
f 1915/1915/1915 1916/1916/1916 2012/2012/2012
f 1915/1915/1915 2012/2012/2012 2011/2011/2011
f 1916/1916/1916 1917/1917/1917 2013/2013/2013
f 1916/1916/1916 2013/2013/2013 2012/2012/2012
f 1917/1917/1917 1918/1918/1918 2014/2014/2014
f 1917/1917/1917 2014/2014/2014 2013/2013/2013
f 1918/1918/1918 1919/1919/1919 2015/2015/2015
f 1918/1918/1918 2015/2015/2015 2014/2014/2014
f 1919/1919/1919 1920/1920/1920 2016/2016/2016
f 1919/1919/1919 2016/2016/2016 2015/2015/2015
f 1920/1920/1920 1825/1825/1825 1921/1921/1921
f 1920/1920/1920 1921/1921/1921 2016/2016/2016
f 1921/1921/1921 1922/1922/1922 2018/2018/2018
f 1921/1921/1921 2018/2018/2018 2017/2017/2017
f 1922/1922/1922 1923/1923/1923 2019/2019/2019
f 1922/1922/1922 2019/2019/2019 2018/2018/2018
f 1923/1923/1923 1924/1924/1924 2020/2020/2020
f 1923/1923/1923 2020/2020/2020 2019/2019/2019
f 1924/1924/1924 1925/1925/1925 2021/2021/2021
f 1924/1924/1924 2021/2021/2021 2020/2020/2020
f 1925/1925/1925 1926/1926/1926 2022/2022/2022
f 1925/1925/1925 2022/2022/2022 2021/2021/2021
f 1926/1926/1926 1927/1927/1927 2023/2023/2023
f 1926/1926/1926 2023/2023/2023 2022/2022/2022
f 1927/1927/1927 1928/1928/1928 2024/2024/2024
f 1927/1927/1927 2024/2024/2024 2023/2023/2023
f 1928/1928/1928 1929/1929/1929 2025/2025/2025
f 1928/1928/1928 2025/2025/2025 2024/2024/2024
f 1929/1929/1929 1930/1930/1930 2026/2026/2026
f 1929/1929/1929 2026/2026/2026 2025/2025/2025
f 1930/1930/1930 1931/1931/1931 2027/2027/2027
f 1930/1930/1930 2027/2027/2027 2026/2026/2026
f 1931/1931/1931 1932/1932/1932 2028/2028/2028
f 1931/1931/1931 2028/2028/2028 2027/2027/2027
f 1932/1932/1932 1933/1933/1933 2029/2029/2029
f 1932/1932/1932 2029/2029/2029 2028/2028/2028
f 1933/1933/1933 1934/1934/1934 2030/2030/2030
f 1933/1933/1933 2030/2030/2030 2029/2029/2029
f 1934/1934/1934 1935/1935/1935 2031/2031/2031
f 1934/1934/1934 2031/2031/2031 2030/2030/2030
f 1935/1935/1935 1936/1936/1936 2032/2032/2032
f 1935/1935/1935 2032/2032/2032 2031/2031/2031
f 1936/1936/1936 1937/1937/1937 2033/2033/2033
f 1936/1936/1936 2033/2033/2033 2032/2032/2032
f 1937/1937/1937 1938/1938/1938 2034/2034/2034
f 1937/1937/1937 2034/2034/2034 2033/2033/2033
f 1938/1938/1938 1939/1939/1939 2035/2035/2035
f 1938/1938/1938 2035/2035/2035 2034/2034/2034
f 1939/1939/1939 1940/1940/1940 2036/2036/2036
f 1939/1939/1939 2036/2036/2036 2035/2035/2035
f 1940/1940/1940 1941/1941/1941 2037/2037/2037
f 1940/1940/1940 2037/2037/2037 2036/2036/2036
f 1941/1941/1941 1942/1942/1942 2038/2038/2038
f 1941/1941/1941 2038/2038/2038 2037/2037/2037
f 1942/1942/1942 1943/1943/1943 2039/2039/2039
f 1942/1942/1942 2039/2039/2039 2038/2038/2038
f 1943/1943/1943 1944/1944/1944 2040/2040/2040
f 1943/1943/1943 2040/2040/2040 2039/2039/2039
f 1944/1944/1944 1945/1945/1945 2041/2041/2041
f 1944/1944/1944 2041/2041/2041 2040/2040/2040
f 1945/1945/1945 1946/1946/1946 2042/2042/2042
f 1945/1945/1945 2042/2042/2042 2041/2041/2041
f 1946/1946/1946 1947/1947/1947 2043/2043/2043
f 1946/1946/1946 2043/2043/2043 2042/2042/2042
f 1947/1947/1947 1948/1948/1948 2044/2044/2044
f 1947/1947/1947 2044/2044/2044 2043/2043/2043
f 1948/1948/1948 1949/1949/1949 2045/2045/2045
f 1948/1948/1948 2045/2045/2045 2044/2044/2044
f 1949/1949/1949 1950/1950/1950 2046/2046/2046
f 1949/1949/1949 2046/2046/2046 2045/2045/2045
f 1950/1950/1950 1951/1951/1951 2047/2047/2047
f 1950/1950/1950 2047/2047/2047 2046/2046/2046
f 1951/1951/1951 1952/1952/1952 2048/2048/2048
f 1951/1951/1951 2048/2048/2048 2047/2047/2047
f 1952/1952/1952 1953/1953/1953 2049/2049/2049
f 1952/1952/1952 2049/2049/2049 2048/2048/2048
f 1953/1953/1953 1954/1954/1954 2050/2050/2050
f 1953/1953/1953 2050/2050/2050 2049/2049/2049
f 1954/1954/1954 1955/1955/1955 2051/2051/2051
f 1954/1954/1954 2051/2051/2051 2050/2050/2050
f 1955/1955/1955 1956/1956/1956 2052/2052/2052
f 1955/1955/1955 2052/2052/2052 2051/2051/2051
f 1956/1956/1956 1957/1957/1957 2053/2053/2053
f 1956/1956/1956 2053/2053/2053 2052/2052/2052
f 1957/1957/1957 1958/1958/1958 2054/2054/2054
f 1957/1957/1957 2054/2054/2054 2053/2053/2053
f 1958/1958/1958 1959/1959/1959 2055/2055/2055
f 1958/1958/1958 2055/2055/2055 2054/2054/2054
f 1959/1959/1959 1960/1960/1960 2056/2056/2056
f 1959/1959/1959 2056/2056/2056 2055/2055/2055
f 1960/1960/1960 1961/1961/1961 2057/2057/2057
f 1960/1960/1960 2057/2057/2057 2056/2056/2056
f 1961/1961/1961 1962/1962/1962 2058/2058/2058
f 1961/1961/1961 2058/2058/2058 2057/2057/2057
f 1962/1962/1962 1963/1963/1963 2059/2059/2059
f 1962/1962/1962 2059/2059/2059 2058/2058/2058
f 1963/1963/1963 1964/1964/1964 2060/2060/2060
f 1963/1963/1963 2060/2060/2060 2059/2059/2059
f 1964/1964/1964 1965/1965/1965 2061/2061/2061
f 1964/1964/1964 2061/2061/2061 2060/2060/2060
f 1965/1965/1965 1966/1966/1966 2062/2062/2062
f 1965/1965/1965 2062/2062/2062 2061/2061/2061
f 1966/1966/1966 1967/1967/1967 2063/2063/2063
f 1966/1966/1966 2063/2063/2063 2062/2062/2062
f 1967/1967/1967 1968/1968/1968 2064/2064/2064
f 1967/1967/1967 2064/2064/2064 2063/2063/2063
f 1968/1968/1968 1969/1969/1969 2065/2065/2065
f 1968/1968/1968 2065/2065/2065 2064/2064/2064
f 1969/1969/1969 1970/1970/1970 2066/2066/2066
f 1969/1969/1969 2066/2066/2066 2065/2065/2065
f 1970/1970/1970 1971/1971/1971 2067/2067/2067
f 1970/1970/1970 2067/2067/2067 2066/2066/2066
f 1971/1971/1971 1972/1972/1972 2068/2068/2068
f 1971/1971/1971 2068/2068/2068 2067/2067/2067
f 1972/1972/1972 1973/1973/1973 2069/2069/2069
f 1972/1972/1972 2069/2069/2069 2068/2068/2068
f 1973/1973/1973 1974/1974/1974 2070/2070/2070
f 1973/1973/1973 2070/2070/2070 2069/2069/2069
f 1974/1974/1974 1975/1975/1975 2071/2071/2071
f 1974/1974/1974 2071/2071/2071 2070/2070/2070
f 1975/1975/1975 1976/1976/1976 2072/2072/2072
f 1975/1975/1975 2072/2072/2072 2071/2071/2071
f 1976/1976/1976 1977/1977/1977 2073/2073/2073
f 1976/1976/1976 2073/2073/2073 2072/2072/2072
f 1977/1977/1977 1978/1978/1978 2074/2074/2074
f 1977/1977/1977 2074/2074/2074 2073/2073/2073
f 1978/1978/1978 1979/1979/1979 2075/2075/2075
f 1978/1978/1978 2075/2075/2075 2074/2074/2074
f 1979/1979/1979 1980/1980/1980 2076/2076/2076
f 1979/1979/1979 2076/2076/2076 2075/2075/2075
f 1980/1980/1980 1981/1981/1981 2077/2077/2077
f 1980/1980/1980 2077/2077/2077 2076/2076/2076
f 1981/1981/1981 1982/1982/1982 2078/2078/2078
f 1981/1981/1981 2078/2078/2078 2077/2077/2077
f 1982/1982/1982 1983/1983/1983 2079/2079/2079
f 1982/1982/1982 2079/2079/2079 2078/2078/2078
f 1983/1983/1983 1984/1984/1984 2080/2080/2080
f 1983/1983/1983 2080/2080/2080 2079/2079/2079
f 1984/1984/1984 1985/1985/1985 2081/2081/2081
f 1984/1984/1984 2081/2081/2081 2080/2080/2080
f 1985/1985/1985 1986/1986/1986 2082/2082/2082
f 1985/1985/1985 2082/2082/2082 2081/2081/2081
f 1986/1986/1986 1987/1987/1987 2083/2083/2083
f 1986/1986/1986 2083/2083/2083 2082/2082/2082
f 1987/1987/1987 1988/1988/1988 2084/2084/2084
f 1987/1987/1987 2084/2084/2084 2083/2083/2083
f 1988/1988/1988 1989/1989/1989 2085/2085/2085
f 1988/1988/1988 2085/2085/2085 2084/2084/2084
f 1989/1989/1989 1990/1990/1990 2086/2086/2086
f 1989/1989/1989 2086/2086/2086 2085/2085/2085
f 1990/1990/1990 1991/1991/1991 2087/2087/2087
f 1990/1990/1990 2087/2087/2087 2086/2086/2086
f 1991/1991/1991 1992/1992/1992 2088/2088/2088
f 1991/1991/1991 2088/2088/2088 2087/2087/2087
f 1992/1992/1992 1993/1993/1993 2089/2089/2089
f 1992/1992/1992 2089/2089/2089 2088/2088/2088
f 1993/1993/1993 1994/1994/1994 2090/2090/2090
f 1993/1993/1993 2090/2090/2090 2089/2089/2089
f 1994/1994/1994 1995/1995/1995 2091/2091/2091
f 1994/1994/1994 2091/2091/2091 2090/2090/2090
f 1995/1995/1995 1996/1996/1996 2092/2092/2092
f 1995/1995/1995 2092/2092/2092 2091/2091/2091
f 1996/1996/1996 1997/1997/1997 2093/2093/2093
f 1996/1996/1996 2093/2093/2093 2092/2092/2092
f 1997/1997/1997 1998/1998/1998 2094/2094/2094
f 1997/1997/1997 2094/2094/2094 2093/2093/2093
f 1998/1998/1998 1999/1999/1999 2095/2095/2095
f 1998/1998/1998 2095/2095/2095 2094/2094/2094
f 1999/1999/1999 2000/2000/2000 2096/2096/2096
f 1999/1999/1999 2096/2096/2096 2095/2095/2095
f 2000/2000/2000 2001/2001/2001 2097/2097/2097
f 2000/2000/2000 2097/2097/2097 2096/2096/2096
f 2001/2001/2001 2002/2002/2002 2098/2098/2098
f 2001/2001/2001 2098/2098/2098 2097/2097/2097
f 2002/2002/2002 2003/2003/2003 2099/2099/2099
f 2002/2002/2002 2099/2099/2099 2098/2098/2098
f 2003/2003/2003 2004/2004/2004 2100/2100/2100
f 2003/2003/2003 2100/2100/2100 2099/2099/2099
f 2004/2004/2004 2005/2005/2005 2101/2101/2101
f 2004/2004/2004 2101/2101/2101 2100/2100/2100
f 2005/2005/2005 2006/2006/2006 2102/2102/2102
f 2005/2005/2005 2102/2102/2102 2101/2101/2101
f 2006/2006/2006 2007/2007/2007 2103/2103/2103
f 2006/2006/2006 2103/2103/2103 2102/2102/2102
f 2007/2007/2007 2008/2008/2008 2104/2104/2104
f 2007/2007/2007 2104/2104/2104 2103/2103/2103
f 2008/2008/2008 2009/2009/2009 2105/2105/2105
f 2008/2008/2008 2105/2105/2105 2104/2104/2104
f 2009/2009/2009 2010/2010/2010 2106/2106/2106
f 2009/2009/2009 2106/2106/2106 2105/2105/2105
f 2010/2010/2010 2011/2011/2011 2107/2107/2107
f 2010/2010/2010 2107/2107/2107 2106/2106/2106
f 2011/2011/2011 2012/2012/2012 2108/2108/2108
f 2011/2011/2011 2108/2108/2108 2107/2107/2107
f 2012/2012/2012 2013/2013/2013 2109/2109/2109
f 2012/2012/2012 2109/2109/2109 2108/2108/2108
f 2013/2013/2013 2014/2014/2014 2110/2110/2110
f 2013/2013/2013 2110/2110/2110 2109/2109/2109
f 2014/2014/2014 2015/2015/2015 2111/2111/2111
f 2014/2014/2014 2111/2111/2111 2110/2110/2110
f 2015/2015/2015 2016/2016/2016 2112/2112/2112
f 2015/2015/2015 2112/2112/2112 2111/2111/2111
f 2016/2016/2016 1921/1921/1921 2017/2017/2017
f 2016/2016/2016 2017/2017/2017 2112/2112/2112
f 2017/2017/2017 2018/2018/2018 2114/2114/2114
f 2017/2017/2017 2114/2114/2114 2113/2113/2113
f 2018/2018/2018 2019/2019/2019 2115/2115/2115
f 2018/2018/2018 2115/2115/2115 2114/2114/2114
f 2019/2019/2019 2020/2020/2020 2116/2116/2116
f 2019/2019/2019 2116/2116/2116 2115/2115/2115
f 2020/2020/2020 2021/2021/2021 2117/2117/2117
f 2020/2020/2020 2117/2117/2117 2116/2116/2116
f 2021/2021/2021 2022/2022/2022 2118/2118/2118
f 2021/2021/2021 2118/2118/2118 2117/2117/2117
f 2022/2022/2022 2023/2023/2023 2119/2119/2119
f 2022/2022/2022 2119/2119/2119 2118/2118/2118
f 2023/2023/2023 2024/2024/2024 2120/2120/2120
f 2023/2023/2023 2120/2120/2120 2119/2119/2119
f 2024/2024/2024 2025/2025/2025 2121/2121/2121
f 2024/2024/2024 2121/2121/2121 2120/2120/2120
f 2025/2025/2025 2026/2026/2026 2122/2122/2122
f 2025/2025/2025 2122/2122/2122 2121/2121/2121
f 2026/2026/2026 2027/2027/2027 2123/2123/2123
f 2026/2026/2026 2123/2123/2123 2122/2122/2122
f 2027/2027/2027 2028/2028/2028 2124/2124/2124
f 2027/2027/2027 2124/2124/2124 2123/2123/2123
f 2028/2028/2028 2029/2029/2029 2125/2125/2125
f 2028/2028/2028 2125/2125/2125 2124/2124/2124
f 2029/2029/2029 2030/2030/2030 2126/2126/2126
f 2029/2029/2029 2126/2126/2126 2125/2125/2125
f 2030/2030/2030 2031/2031/2031 2127/2127/2127
f 2030/2030/2030 2127/2127/2127 2126/2126/2126
f 2031/2031/2031 2032/2032/2032 2128/2128/2128
f 2031/2031/2031 2128/2128/2128 2127/2127/2127
f 2032/2032/2032 2033/2033/2033 2129/2129/2129
f 2032/2032/2032 2129/2129/2129 2128/2128/2128
f 2033/2033/2033 2034/2034/2034 2130/2130/2130
f 2033/2033/2033 2130/2130/2130 2129/2129/2129
f 2034/2034/2034 2035/2035/2035 2131/2131/2131
f 2034/2034/2034 2131/2131/2131 2130/2130/2130
f 2035/2035/2035 2036/2036/2036 2132/2132/2132
f 2035/2035/2035 2132/2132/2132 2131/2131/2131
f 2036/2036/2036 2037/2037/2037 2133/2133/2133
f 2036/2036/2036 2133/2133/2133 2132/2132/2132
f 2037/2037/2037 2038/2038/2038 2134/2134/2134
f 2037/2037/2037 2134/2134/2134 2133/2133/2133
f 2038/2038/2038 2039/2039/2039 2135/2135/2135
f 2038/2038/2038 2135/2135/2135 2134/2134/2134
f 2039/2039/2039 2040/2040/2040 2136/2136/2136
f 2039/2039/2039 2136/2136/2136 2135/2135/2135
f 2040/2040/2040 2041/2041/2041 2137/2137/2137
f 2040/2040/2040 2137/2137/2137 2136/2136/2136
f 2041/2041/2041 2042/2042/2042 2138/2138/2138
f 2041/2041/2041 2138/2138/2138 2137/2137/2137
f 2042/2042/2042 2043/2043/2043 2139/2139/2139
f 2042/2042/2042 2139/2139/2139 2138/2138/2138
f 2043/2043/2043 2044/2044/2044 2140/2140/2140
f 2043/2043/2043 2140/2140/2140 2139/2139/2139
f 2044/2044/2044 2045/2045/2045 2141/2141/2141
f 2044/2044/2044 2141/2141/2141 2140/2140/2140
f 2045/2045/2045 2046/2046/2046 2142/2142/2142
f 2045/2045/2045 2142/2142/2142 2141/2141/2141
f 2046/2046/2046 2047/2047/2047 2143/2143/2143
f 2046/2046/2046 2143/2143/2143 2142/2142/2142
f 2047/2047/2047 2048/2048/2048 2144/2144/2144
f 2047/2047/2047 2144/2144/2144 2143/2143/2143
f 2048/2048/2048 2049/2049/2049 2145/2145/2145
f 2048/2048/2048 2145/2145/2145 2144/2144/2144
f 2049/2049/2049 2050/2050/2050 2146/2146/2146
f 2049/2049/2049 2146/2146/2146 2145/2145/2145
f 2050/2050/2050 2051/2051/2051 2147/2147/2147
f 2050/2050/2050 2147/2147/2147 2146/2146/2146
f 2051/2051/2051 2052/2052/2052 2148/2148/2148
f 2051/2051/2051 2148/2148/2148 2147/2147/2147
f 2052/2052/2052 2053/2053/2053 2149/2149/2149
f 2052/2052/2052 2149/2149/2149 2148/2148/2148
f 2053/2053/2053 2054/2054/2054 2150/2150/2150
f 2053/2053/2053 2150/2150/2150 2149/2149/2149
f 2054/2054/2054 2055/2055/2055 2151/2151/2151
f 2054/2054/2054 2151/2151/2151 2150/2150/2150
f 2055/2055/2055 2056/2056/2056 2152/2152/2152
f 2055/2055/2055 2152/2152/2152 2151/2151/2151
f 2056/2056/2056 2057/2057/2057 2153/2153/2153
f 2056/2056/2056 2153/2153/2153 2152/2152/2152
f 2057/2057/2057 2058/2058/2058 2154/2154/2154
f 2057/2057/2057 2154/2154/2154 2153/2153/2153
f 2058/2058/2058 2059/2059/2059 2155/2155/2155
f 2058/2058/2058 2155/2155/2155 2154/2154/2154
f 2059/2059/2059 2060/2060/2060 2156/2156/2156
f 2059/2059/2059 2156/2156/2156 2155/2155/2155
f 2060/2060/2060 2061/2061/2061 2157/2157/2157
f 2060/2060/2060 2157/2157/2157 2156/2156/2156
f 2061/2061/2061 2062/2062/2062 2158/2158/2158
f 2061/2061/2061 2158/2158/2158 2157/2157/2157
f 2062/2062/2062 2063/2063/2063 2159/2159/2159
f 2062/2062/2062 2159/2159/2159 2158/2158/2158
f 2063/2063/2063 2064/2064/2064 2160/2160/2160
f 2063/2063/2063 2160/2160/2160 2159/2159/2159
f 2064/2064/2064 2065/2065/2065 2161/2161/2161
f 2064/2064/2064 2161/2161/2161 2160/2160/2160
f 2065/2065/2065 2066/2066/2066 2162/2162/2162
f 2065/2065/2065 2162/2162/2162 2161/2161/2161
f 2066/2066/2066 2067/2067/2067 2163/2163/2163
f 2066/2066/2066 2163/2163/2163 2162/2162/2162
f 2067/2067/2067 2068/2068/2068 2164/2164/2164
f 2067/2067/2067 2164/2164/2164 2163/2163/2163
f 2068/2068/2068 2069/2069/2069 2165/2165/2165
f 2068/2068/2068 2165/2165/2165 2164/2164/2164
f 2069/2069/2069 2070/2070/2070 2166/2166/2166
f 2069/2069/2069 2166/2166/2166 2165/2165/2165
f 2070/2070/2070 2071/2071/2071 2167/2167/2167
f 2070/2070/2070 2167/2167/2167 2166/2166/2166
f 2071/2071/2071 2072/2072/2072 2168/2168/2168
f 2071/2071/2071 2168/2168/2168 2167/2167/2167
f 2072/2072/2072 2073/2073/2073 2169/2169/2169
f 2072/2072/2072 2169/2169/2169 2168/2168/2168
f 2073/2073/2073 2074/2074/2074 2170/2170/2170
f 2073/2073/2073 2170/2170/2170 2169/2169/2169
f 2074/2074/2074 2075/2075/2075 2171/2171/2171
f 2074/2074/2074 2171/2171/2171 2170/2170/2170
f 2075/2075/2075 2076/2076/2076 2172/2172/2172
f 2075/2075/2075 2172/2172/2172 2171/2171/2171
f 2076/2076/2076 2077/2077/2077 2173/2173/2173
f 2076/2076/2076 2173/2173/2173 2172/2172/2172
f 2077/2077/2077 2078/2078/2078 2174/2174/2174
f 2077/2077/2077 2174/2174/2174 2173/2173/2173
f 2078/2078/2078 2079/2079/2079 2175/2175/2175
f 2078/2078/2078 2175/2175/2175 2174/2174/2174
f 2079/2079/2079 2080/2080/2080 2176/2176/2176
f 2079/2079/2079 2176/2176/2176 2175/2175/2175
f 2080/2080/2080 2081/2081/2081 2177/2177/2177
f 2080/2080/2080 2177/2177/2177 2176/2176/2176
f 2081/2081/2081 2082/2082/2082 2178/2178/2178
f 2081/2081/2081 2178/2178/2178 2177/2177/2177
f 2082/2082/2082 2083/2083/2083 2179/2179/2179
f 2082/2082/2082 2179/2179/2179 2178/2178/2178
f 2083/2083/2083 2084/2084/2084 2180/2180/2180
f 2083/2083/2083 2180/2180/2180 2179/2179/2179
f 2084/2084/2084 2085/2085/2085 2181/2181/2181
f 2084/2084/2084 2181/2181/2181 2180/2180/2180
f 2085/2085/2085 2086/2086/2086 2182/2182/2182
f 2085/2085/2085 2182/2182/2182 2181/2181/2181
f 2086/2086/2086 2087/2087/2087 2183/2183/2183
f 2086/2086/2086 2183/2183/2183 2182/2182/2182
f 2087/2087/2087 2088/2088/2088 2184/2184/2184
f 2087/2087/2087 2184/2184/2184 2183/2183/2183
f 2088/2088/2088 2089/2089/2089 2185/2185/2185
f 2088/2088/2088 2185/2185/2185 2184/2184/2184
f 2089/2089/2089 2090/2090/2090 2186/2186/2186
f 2089/2089/2089 2186/2186/2186 2185/2185/2185
f 2090/2090/2090 2091/2091/2091 2187/2187/2187
f 2090/2090/2090 2187/2187/2187 2186/2186/2186
f 2091/2091/2091 2092/2092/2092 2188/2188/2188
f 2091/2091/2091 2188/2188/2188 2187/2187/2187
f 2092/2092/2092 2093/2093/2093 2189/2189/2189
f 2092/2092/2092 2189/2189/2189 2188/2188/2188
f 2093/2093/2093 2094/2094/2094 2190/2190/2190
f 2093/2093/2093 2190/2190/2190 2189/2189/2189
f 2094/2094/2094 2095/2095/2095 2191/2191/2191
f 2094/2094/2094 2191/2191/2191 2190/2190/2190
f 2095/2095/2095 2096/2096/2096 2192/2192/2192
f 2095/2095/2095 2192/2192/2192 2191/2191/2191
f 2096/2096/2096 2097/2097/2097 2193/2193/2193
f 2096/2096/2096 2193/2193/2193 2192/2192/2192
f 2097/2097/2097 2098/2098/2098 2194/2194/2194
f 2097/2097/2097 2194/2194/2194 2193/2193/2193
f 2098/2098/2098 2099/2099/2099 2195/2195/2195
f 2098/2098/2098 2195/2195/2195 2194/2194/2194
f 2099/2099/2099 2100/2100/2100 2196/2196/2196
f 2099/2099/2099 2196/2196/2196 2195/2195/2195
f 2100/2100/2100 2101/2101/2101 2197/2197/2197
f 2100/2100/2100 2197/2197/2197 2196/2196/2196
f 2101/2101/2101 2102/2102/2102 2198/2198/2198
f 2101/2101/2101 2198/2198/2198 2197/2197/2197
f 2102/2102/2102 2103/2103/2103 2199/2199/2199
f 2102/2102/2102 2199/2199/2199 2198/2198/2198
f 2103/2103/2103 2104/2104/2104 2200/2200/2200
f 2103/2103/2103 2200/2200/2200 2199/2199/2199
f 2104/2104/2104 2105/2105/2105 2201/2201/2201
f 2104/2104/2104 2201/2201/2201 2200/2200/2200
f 2105/2105/2105 2106/2106/2106 2202/2202/2202
f 2105/2105/2105 2202/2202/2202 2201/2201/2201
f 2106/2106/2106 2107/2107/2107 2203/2203/2203
f 2106/2106/2106 2203/2203/2203 2202/2202/2202
f 2107/2107/2107 2108/2108/2108 2204/2204/2204
f 2107/2107/2107 2204/2204/2204 2203/2203/2203
f 2108/2108/2108 2109/2109/2109 2205/2205/2205
f 2108/2108/2108 2205/2205/2205 2204/2204/2204
f 2109/2109/2109 2110/2110/2110 2206/2206/2206
f 2109/2109/2109 2206/2206/2206 2205/2205/2205
f 2110/2110/2110 2111/2111/2111 2207/2207/2207
f 2110/2110/2110 2207/2207/2207 2206/2206/2206
f 2111/2111/2111 2112/2112/2112 2208/2208/2208
f 2111/2111/2111 2208/2208/2208 2207/2207/2207
f 2112/2112/2112 2017/2017/2017 2113/2113/2113
f 2112/2112/2112 2113/2113/2113 2208/2208/2208
f 2113/2113/2113 2114/2114/2114 2210/2210/2210
f 2113/2113/2113 2210/2210/2210 2209/2209/2209
f 2114/2114/2114 2115/2115/2115 2211/2211/2211
f 2114/2114/2114 2211/2211/2211 2210/2210/2210
f 2115/2115/2115 2116/2116/2116 2212/2212/2212
f 2115/2115/2115 2212/2212/2212 2211/2211/2211
f 2116/2116/2116 2117/2117/2117 2213/2213/2213
f 2116/2116/2116 2213/2213/2213 2212/2212/2212
f 2117/2117/2117 2118/2118/2118 2214/2214/2214
f 2117/2117/2117 2214/2214/2214 2213/2213/2213
f 2118/2118/2118 2119/2119/2119 2215/2215/2215
f 2118/2118/2118 2215/2215/2215 2214/2214/2214
f 2119/2119/2119 2120/2120/2120 2216/2216/2216
f 2119/2119/2119 2216/2216/2216 2215/2215/2215
f 2120/2120/2120 2121/2121/2121 2217/2217/2217
f 2120/2120/2120 2217/2217/2217 2216/2216/2216
f 2121/2121/2121 2122/2122/2122 2218/2218/2218
f 2121/2121/2121 2218/2218/2218 2217/2217/2217
f 2122/2122/2122 2123/2123/2123 2219/2219/2219
f 2122/2122/2122 2219/2219/2219 2218/2218/2218
f 2123/2123/2123 2124/2124/2124 2220/2220/2220
f 2123/2123/2123 2220/2220/2220 2219/2219/2219
f 2124/2124/2124 2125/2125/2125 2221/2221/2221
f 2124/2124/2124 2221/2221/2221 2220/2220/2220
f 2125/2125/2125 2126/2126/2126 2222/2222/2222
f 2125/2125/2125 2222/2222/2222 2221/2221/2221
f 2126/2126/2126 2127/2127/2127 2223/2223/2223
f 2126/2126/2126 2223/2223/2223 2222/2222/2222
f 2127/2127/2127 2128/2128/2128 2224/2224/2224
f 2127/2127/2127 2224/2224/2224 2223/2223/2223
f 2128/2128/2128 2129/2129/2129 2225/2225/2225
f 2128/2128/2128 2225/2225/2225 2224/2224/2224
f 2129/2129/2129 2130/2130/2130 2226/2226/2226
f 2129/2129/2129 2226/2226/2226 2225/2225/2225
f 2130/2130/2130 2131/2131/2131 2227/2227/2227
f 2130/2130/2130 2227/2227/2227 2226/2226/2226
f 2131/2131/2131 2132/2132/2132 2228/2228/2228
f 2131/2131/2131 2228/2228/2228 2227/2227/2227
f 2132/2132/2132 2133/2133/2133 2229/2229/2229
f 2132/2132/2132 2229/2229/2229 2228/2228/2228
f 2133/2133/2133 2134/2134/2134 2230/2230/2230
f 2133/2133/2133 2230/2230/2230 2229/2229/2229
f 2134/2134/2134 2135/2135/2135 2231/2231/2231
f 2134/2134/2134 2231/2231/2231 2230/2230/2230
f 2135/2135/2135 2136/2136/2136 2232/2232/2232
f 2135/2135/2135 2232/2232/2232 2231/2231/2231
f 2136/2136/2136 2137/2137/2137 2233/2233/2233
f 2136/2136/2136 2233/2233/2233 2232/2232/2232
f 2137/2137/2137 2138/2138/2138 2234/2234/2234
f 2137/2137/2137 2234/2234/2234 2233/2233/2233
f 2138/2138/2138 2139/2139/2139 2235/2235/2235
f 2138/2138/2138 2235/2235/2235 2234/2234/2234
f 2139/2139/2139 2140/2140/2140 2236/2236/2236
f 2139/2139/2139 2236/2236/2236 2235/2235/2235
f 2140/2140/2140 2141/2141/2141 2237/2237/2237
f 2140/2140/2140 2237/2237/2237 2236/2236/2236
f 2141/2141/2141 2142/2142/2142 2238/2238/2238
f 2141/2141/2141 2238/2238/2238 2237/2237/2237
f 2142/2142/2142 2143/2143/2143 2239/2239/2239
f 2142/2142/2142 2239/2239/2239 2238/2238/2238
f 2143/2143/2143 2144/2144/2144 2240/2240/2240
f 2143/2143/2143 2240/2240/2240 2239/2239/2239
f 2144/2144/2144 2145/2145/2145 2241/2241/2241
f 2144/2144/2144 2241/2241/2241 2240/2240/2240
f 2145/2145/2145 2146/2146/2146 2242/2242/2242
f 2145/2145/2145 2242/2242/2242 2241/2241/2241
f 2146/2146/2146 2147/2147/2147 2243/2243/2243
f 2146/2146/2146 2243/2243/2243 2242/2242/2242
f 2147/2147/2147 2148/2148/2148 2244/2244/2244
f 2147/2147/2147 2244/2244/2244 2243/2243/2243
f 2148/2148/2148 2149/2149/2149 2245/2245/2245
f 2148/2148/2148 2245/2245/2245 2244/2244/2244
f 2149/2149/2149 2150/2150/2150 2246/2246/2246
f 2149/2149/2149 2246/2246/2246 2245/2245/2245
f 2150/2150/2150 2151/2151/2151 2247/2247/2247
f 2150/2150/2150 2247/2247/2247 2246/2246/2246
f 2151/2151/2151 2152/2152/2152 2248/2248/2248
f 2151/2151/2151 2248/2248/2248 2247/2247/2247
f 2152/2152/2152 2153/2153/2153 2249/2249/2249
f 2152/2152/2152 2249/2249/2249 2248/2248/2248
f 2153/2153/2153 2154/2154/2154 2250/2250/2250
f 2153/2153/2153 2250/2250/2250 2249/2249/2249
f 2154/2154/2154 2155/2155/2155 2251/2251/2251
f 2154/2154/2154 2251/2251/2251 2250/2250/2250
f 2155/2155/2155 2156/2156/2156 2252/2252/2252
f 2155/2155/2155 2252/2252/2252 2251/2251/2251
f 2156/2156/2156 2157/2157/2157 2253/2253/2253
f 2156/2156/2156 2253/2253/2253 2252/2252/2252
f 2157/2157/2157 2158/2158/2158 2254/2254/2254
f 2157/2157/2157 2254/2254/2254 2253/2253/2253
f 2158/2158/2158 2159/2159/2159 2255/2255/2255
f 2158/2158/2158 2255/2255/2255 2254/2254/2254
f 2159/2159/2159 2160/2160/2160 2256/2256/2256
f 2159/2159/2159 2256/2256/2256 2255/2255/2255
f 2160/2160/2160 2161/2161/2161 2257/2257/2257
f 2160/2160/2160 2257/2257/2257 2256/2256/2256
f 2161/2161/2161 2162/2162/2162 2258/2258/2258
f 2161/2161/2161 2258/2258/2258 2257/2257/2257
f 2162/2162/2162 2163/2163/2163 2259/2259/2259
f 2162/2162/2162 2259/2259/2259 2258/2258/2258
f 2163/2163/2163 2164/2164/2164 2260/2260/2260
f 2163/2163/2163 2260/2260/2260 2259/2259/2259
f 2164/2164/2164 2165/2165/2165 2261/2261/2261
f 2164/2164/2164 2261/2261/2261 2260/2260/2260
f 2165/2165/2165 2166/2166/2166 2262/2262/2262
f 2165/2165/2165 2262/2262/2262 2261/2261/2261
f 2166/2166/2166 2167/2167/2167 2263/2263/2263
f 2166/2166/2166 2263/2263/2263 2262/2262/2262
f 2167/2167/2167 2168/2168/2168 2264/2264/2264
f 2167/2167/2167 2264/2264/2264 2263/2263/2263
f 2168/2168/2168 2169/2169/2169 2265/2265/2265
f 2168/2168/2168 2265/2265/2265 2264/2264/2264
f 2169/2169/2169 2170/2170/2170 2266/2266/2266
f 2169/2169/2169 2266/2266/2266 2265/2265/2265
f 2170/2170/2170 2171/2171/2171 2267/2267/2267
f 2170/2170/2170 2267/2267/2267 2266/2266/2266
f 2171/2171/2171 2172/2172/2172 2268/2268/2268
f 2171/2171/2171 2268/2268/2268 2267/2267/2267
f 2172/2172/2172 2173/2173/2173 2269/2269/2269
f 2172/2172/2172 2269/2269/2269 2268/2268/2268
f 2173/2173/2173 2174/2174/2174 2270/2270/2270
f 2173/2173/2173 2270/2270/2270 2269/2269/2269
f 2174/2174/2174 2175/2175/2175 2271/2271/2271
f 2174/2174/2174 2271/2271/2271 2270/2270/2270
f 2175/2175/2175 2176/2176/2176 2272/2272/2272
f 2175/2175/2175 2272/2272/2272 2271/2271/2271
f 2176/2176/2176 2177/2177/2177 2273/2273/2273
f 2176/2176/2176 2273/2273/2273 2272/2272/2272
f 2177/2177/2177 2178/2178/2178 2274/2274/2274
f 2177/2177/2177 2274/2274/2274 2273/2273/2273
f 2178/2178/2178 2179/2179/2179 2275/2275/2275
f 2178/2178/2178 2275/2275/2275 2274/2274/2274
f 2179/2179/2179 2180/2180/2180 2276/2276/2276
f 2179/2179/2179 2276/2276/2276 2275/2275/2275
f 2180/2180/2180 2181/2181/2181 2277/2277/2277
f 2180/2180/2180 2277/2277/2277 2276/2276/2276
f 2181/2181/2181 2182/2182/2182 2278/2278/2278
f 2181/2181/2181 2278/2278/2278 2277/2277/2277
f 2182/2182/2182 2183/2183/2183 2279/2279/2279
f 2182/2182/2182 2279/2279/2279 2278/2278/2278
f 2183/2183/2183 2184/2184/2184 2280/2280/2280
f 2183/2183/2183 2280/2280/2280 2279/2279/2279
f 2184/2184/2184 2185/2185/2185 2281/2281/2281
f 2184/2184/2184 2281/2281/2281 2280/2280/2280
f 2185/2185/2185 2186/2186/2186 2282/2282/2282
f 2185/2185/2185 2282/2282/2282 2281/2281/2281
f 2186/2186/2186 2187/2187/2187 2283/2283/2283
f 2186/2186/2186 2283/2283/2283 2282/2282/2282
f 2187/2187/2187 2188/2188/2188 2284/2284/2284
f 2187/2187/2187 2284/2284/2284 2283/2283/2283
f 2188/2188/2188 2189/2189/2189 2285/2285/2285
f 2188/2188/2188 2285/2285/2285 2284/2284/2284
f 2189/2189/2189 2190/2190/2190 2286/2286/2286
f 2189/2189/2189 2286/2286/2286 2285/2285/2285
f 2190/2190/2190 2191/2191/2191 2287/2287/2287
f 2190/2190/2190 2287/2287/2287 2286/2286/2286
f 2191/2191/2191 2192/2192/2192 2288/2288/2288
f 2191/2191/2191 2288/2288/2288 2287/2287/2287
f 2192/2192/2192 2193/2193/2193 2289/2289/2289
f 2192/2192/2192 2289/2289/2289 2288/2288/2288
f 2193/2193/2193 2194/2194/2194 2290/2290/2290
f 2193/2193/2193 2290/2290/2290 2289/2289/2289
f 2194/2194/2194 2195/2195/2195 2291/2291/2291
f 2194/2194/2194 2291/2291/2291 2290/2290/2290
f 2195/2195/2195 2196/2196/2196 2292/2292/2292
f 2195/2195/2195 2292/2292/2292 2291/2291/2291
f 2196/2196/2196 2197/2197/2197 2293/2293/2293
f 2196/2196/2196 2293/2293/2293 2292/2292/2292
f 2197/2197/2197 2198/2198/2198 2294/2294/2294
f 2197/2197/2197 2294/2294/2294 2293/2293/2293
f 2198/2198/2198 2199/2199/2199 2295/2295/2295
f 2198/2198/2198 2295/2295/2295 2294/2294/2294
f 2199/2199/2199 2200/2200/2200 2296/2296/2296
f 2199/2199/2199 2296/2296/2296 2295/2295/2295
f 2200/2200/2200 2201/2201/2201 2297/2297/2297
f 2200/2200/2200 2297/2297/2297 2296/2296/2296
f 2201/2201/2201 2202/2202/2202 2298/2298/2298
f 2201/2201/2201 2298/2298/2298 2297/2297/2297
f 2202/2202/2202 2203/2203/2203 2299/2299/2299
f 2202/2202/2202 2299/2299/2299 2298/2298/2298
f 2203/2203/2203 2204/2204/2204 2300/2300/2300
f 2203/2203/2203 2300/2300/2300 2299/2299/2299
f 2204/2204/2204 2205/2205/2205 2301/2301/2301
f 2204/2204/2204 2301/2301/2301 2300/2300/2300
f 2205/2205/2205 2206/2206/2206 2302/2302/2302
f 2205/2205/2205 2302/2302/2302 2301/2301/2301
f 2206/2206/2206 2207/2207/2207 2303/2303/2303
f 2206/2206/2206 2303/2303/2303 2302/2302/2302
f 2207/2207/2207 2208/2208/2208 2304/2304/2304
f 2207/2207/2207 2304/2304/2304 2303/2303/2303
f 2208/2208/2208 2113/2113/2113 2209/2209/2209
f 2208/2208/2208 2209/2209/2209 2304/2304/2304
f 2209/2209/2209 2210/2210/2210 2306/2306/2306
f 2209/2209/2209 2306/2306/2306 2305/2305/2305
f 2210/2210/2210 2211/2211/2211 2307/2307/2307
f 2210/2210/2210 2307/2307/2307 2306/2306/2306
f 2211/2211/2211 2212/2212/2212 2308/2308/2308
f 2211/2211/2211 2308/2308/2308 2307/2307/2307
f 2212/2212/2212 2213/2213/2213 2309/2309/2309
f 2212/2212/2212 2309/2309/2309 2308/2308/2308
f 2213/2213/2213 2214/2214/2214 2310/2310/2310
f 2213/2213/2213 2310/2310/2310 2309/2309/2309
f 2214/2214/2214 2215/2215/2215 2311/2311/2311
f 2214/2214/2214 2311/2311/2311 2310/2310/2310
f 2215/2215/2215 2216/2216/2216 2312/2312/2312
f 2215/2215/2215 2312/2312/2312 2311/2311/2311
f 2216/2216/2216 2217/2217/2217 2313/2313/2313
f 2216/2216/2216 2313/2313/2313 2312/2312/2312
f 2217/2217/2217 2218/2218/2218 2314/2314/2314
f 2217/2217/2217 2314/2314/2314 2313/2313/2313
f 2218/2218/2218 2219/2219/2219 2315/2315/2315
f 2218/2218/2218 2315/2315/2315 2314/2314/2314
f 2219/2219/2219 2220/2220/2220 2316/2316/2316
f 2219/2219/2219 2316/2316/2316 2315/2315/2315
f 2220/2220/2220 2221/2221/2221 2317/2317/2317
f 2220/2220/2220 2317/2317/2317 2316/2316/2316
f 2221/2221/2221 2222/2222/2222 2318/2318/2318
f 2221/2221/2221 2318/2318/2318 2317/2317/2317
f 2222/2222/2222 2223/2223/2223 2319/2319/2319
f 2222/2222/2222 2319/2319/2319 2318/2318/2318
f 2223/2223/2223 2224/2224/2224 2320/2320/2320
f 2223/2223/2223 2320/2320/2320 2319/2319/2319
f 2224/2224/2224 2225/2225/2225 2321/2321/2321
f 2224/2224/2224 2321/2321/2321 2320/2320/2320
f 2225/2225/2225 2226/2226/2226 2322/2322/2322
f 2225/2225/2225 2322/2322/2322 2321/2321/2321
f 2226/2226/2226 2227/2227/2227 2323/2323/2323
f 2226/2226/2226 2323/2323/2323 2322/2322/2322
f 2227/2227/2227 2228/2228/2228 2324/2324/2324
f 2227/2227/2227 2324/2324/2324 2323/2323/2323
f 2228/2228/2228 2229/2229/2229 2325/2325/2325
f 2228/2228/2228 2325/2325/2325 2324/2324/2324
f 2229/2229/2229 2230/2230/2230 2326/2326/2326
f 2229/2229/2229 2326/2326/2326 2325/2325/2325
f 2230/2230/2230 2231/2231/2231 2327/2327/2327
f 2230/2230/2230 2327/2327/2327 2326/2326/2326
f 2231/2231/2231 2232/2232/2232 2328/2328/2328
f 2231/2231/2231 2328/2328/2328 2327/2327/2327
f 2232/2232/2232 2233/2233/2233 2329/2329/2329
f 2232/2232/2232 2329/2329/2329 2328/2328/2328
f 2233/2233/2233 2234/2234/2234 2330/2330/2330
f 2233/2233/2233 2330/2330/2330 2329/2329/2329
f 2234/2234/2234 2235/2235/2235 2331/2331/2331
f 2234/2234/2234 2331/2331/2331 2330/2330/2330
f 2235/2235/2235 2236/2236/2236 2332/2332/2332
f 2235/2235/2235 2332/2332/2332 2331/2331/2331
f 2236/2236/2236 2237/2237/2237 2333/2333/2333
f 2236/2236/2236 2333/2333/2333 2332/2332/2332
f 2237/2237/2237 2238/2238/2238 2334/2334/2334
f 2237/2237/2237 2334/2334/2334 2333/2333/2333
f 2238/2238/2238 2239/2239/2239 2335/2335/2335
f 2238/2238/2238 2335/2335/2335 2334/2334/2334
f 2239/2239/2239 2240/2240/2240 2336/2336/2336
f 2239/2239/2239 2336/2336/2336 2335/2335/2335
f 2240/2240/2240 2241/2241/2241 2337/2337/2337
f 2240/2240/2240 2337/2337/2337 2336/2336/2336
f 2241/2241/2241 2242/2242/2242 2338/2338/2338
f 2241/2241/2241 2338/2338/2338 2337/2337/2337
f 2242/2242/2242 2243/2243/2243 2339/2339/2339
f 2242/2242/2242 2339/2339/2339 2338/2338/2338
f 2243/2243/2243 2244/2244/2244 2340/2340/2340
f 2243/2243/2243 2340/2340/2340 2339/2339/2339
f 2244/2244/2244 2245/2245/2245 2341/2341/2341
f 2244/2244/2244 2341/2341/2341 2340/2340/2340
f 2245/2245/2245 2246/2246/2246 2342/2342/2342
f 2245/2245/2245 2342/2342/2342 2341/2341/2341
f 2246/2246/2246 2247/2247/2247 2343/2343/2343
f 2246/2246/2246 2343/2343/2343 2342/2342/2342
f 2247/2247/2247 2248/2248/2248 2344/2344/2344
f 2247/2247/2247 2344/2344/2344 2343/2343/2343
f 2248/2248/2248 2249/2249/2249 2345/2345/2345
f 2248/2248/2248 2345/2345/2345 2344/2344/2344
f 2249/2249/2249 2250/2250/2250 2346/2346/2346
f 2249/2249/2249 2346/2346/2346 2345/2345/2345
f 2250/2250/2250 2251/2251/2251 2347/2347/2347
f 2250/2250/2250 2347/2347/2347 2346/2346/2346
f 2251/2251/2251 2252/2252/2252 2348/2348/2348
f 2251/2251/2251 2348/2348/2348 2347/2347/2347
f 2252/2252/2252 2253/2253/2253 2349/2349/2349
f 2252/2252/2252 2349/2349/2349 2348/2348/2348
f 2253/2253/2253 2254/2254/2254 2350/2350/2350
f 2253/2253/2253 2350/2350/2350 2349/2349/2349
f 2254/2254/2254 2255/2255/2255 2351/2351/2351
f 2254/2254/2254 2351/2351/2351 2350/2350/2350
f 2255/2255/2255 2256/2256/2256 2352/2352/2352
f 2255/2255/2255 2352/2352/2352 2351/2351/2351
f 2256/2256/2256 2257/2257/2257 2353/2353/2353
f 2256/2256/2256 2353/2353/2353 2352/2352/2352
f 2257/2257/2257 2258/2258/2258 2354/2354/2354
f 2257/2257/2257 2354/2354/2354 2353/2353/2353
f 2258/2258/2258 2259/2259/2259 2355/2355/2355
f 2258/2258/2258 2355/2355/2355 2354/2354/2354
f 2259/2259/2259 2260/2260/2260 2356/2356/2356
f 2259/2259/2259 2356/2356/2356 2355/2355/2355
f 2260/2260/2260 2261/2261/2261 2357/2357/2357
f 2260/2260/2260 2357/2357/2357 2356/2356/2356
f 2261/2261/2261 2262/2262/2262 2358/2358/2358
f 2261/2261/2261 2358/2358/2358 2357/2357/2357
f 2262/2262/2262 2263/2263/2263 2359/2359/2359
f 2262/2262/2262 2359/2359/2359 2358/2358/2358
f 2263/2263/2263 2264/2264/2264 2360/2360/2360
f 2263/2263/2263 2360/2360/2360 2359/2359/2359
f 2264/2264/2264 2265/2265/2265 2361/2361/2361
f 2264/2264/2264 2361/2361/2361 2360/2360/2360
f 2265/2265/2265 2266/2266/2266 2362/2362/2362
f 2265/2265/2265 2362/2362/2362 2361/2361/2361
f 2266/2266/2266 2267/2267/2267 2363/2363/2363
f 2266/2266/2266 2363/2363/2363 2362/2362/2362
f 2267/2267/2267 2268/2268/2268 2364/2364/2364
f 2267/2267/2267 2364/2364/2364 2363/2363/2363
f 2268/2268/2268 2269/2269/2269 2365/2365/2365
f 2268/2268/2268 2365/2365/2365 2364/2364/2364
f 2269/2269/2269 2270/2270/2270 2366/2366/2366
f 2269/2269/2269 2366/2366/2366 2365/2365/2365
f 2270/2270/2270 2271/2271/2271 2367/2367/2367
f 2270/2270/2270 2367/2367/2367 2366/2366/2366
f 2271/2271/2271 2272/2272/2272 2368/2368/2368
f 2271/2271/2271 2368/2368/2368 2367/2367/2367
f 2272/2272/2272 2273/2273/2273 2369/2369/2369
f 2272/2272/2272 2369/2369/2369 2368/2368/2368
f 2273/2273/2273 2274/2274/2274 2370/2370/2370
f 2273/2273/2273 2370/2370/2370 2369/2369/2369
f 2274/2274/2274 2275/2275/2275 2371/2371/2371
f 2274/2274/2274 2371/2371/2371 2370/2370/2370
f 2275/2275/2275 2276/2276/2276 2372/2372/2372
f 2275/2275/2275 2372/2372/2372 2371/2371/2371
f 2276/2276/2276 2277/2277/2277 2373/2373/2373
f 2276/2276/2276 2373/2373/2373 2372/2372/2372
f 2277/2277/2277 2278/2278/2278 2374/2374/2374
f 2277/2277/2277 2374/2374/2374 2373/2373/2373
f 2278/2278/2278 2279/2279/2279 2375/2375/2375
f 2278/2278/2278 2375/2375/2375 2374/2374/2374
f 2279/2279/2279 2280/2280/2280 2376/2376/2376
f 2279/2279/2279 2376/2376/2376 2375/2375/2375
f 2280/2280/2280 2281/2281/2281 2377/2377/2377
f 2280/2280/2280 2377/2377/2377 2376/2376/2376
f 2281/2281/2281 2282/2282/2282 2378/2378/2378
f 2281/2281/2281 2378/2378/2378 2377/2377/2377
f 2282/2282/2282 2283/2283/2283 2379/2379/2379
f 2282/2282/2282 2379/2379/2379 2378/2378/2378
f 2283/2283/2283 2284/2284/2284 2380/2380/2380
f 2283/2283/2283 2380/2380/2380 2379/2379/2379
f 2284/2284/2284 2285/2285/2285 2381/2381/2381
f 2284/2284/2284 2381/2381/2381 2380/2380/2380
f 2285/2285/2285 2286/2286/2286 2382/2382/2382
f 2285/2285/2285 2382/2382/2382 2381/2381/2381
f 2286/2286/2286 2287/2287/2287 2383/2383/2383
f 2286/2286/2286 2383/2383/2383 2382/2382/2382
f 2287/2287/2287 2288/2288/2288 2384/2384/2384
f 2287/2287/2287 2384/2384/2384 2383/2383/2383
f 2288/2288/2288 2289/2289/2289 2385/2385/2385
f 2288/2288/2288 2385/2385/2385 2384/2384/2384
f 2289/2289/2289 2290/2290/2290 2386/2386/2386
f 2289/2289/2289 2386/2386/2386 2385/2385/2385
f 2290/2290/2290 2291/2291/2291 2387/2387/2387
f 2290/2290/2290 2387/2387/2387 2386/2386/2386
f 2291/2291/2291 2292/2292/2292 2388/2388/2388
f 2291/2291/2291 2388/2388/2388 2387/2387/2387
f 2292/2292/2292 2293/2293/2293 2389/2389/2389
f 2292/2292/2292 2389/2389/2389 2388/2388/2388
f 2293/2293/2293 2294/2294/2294 2390/2390/2390
f 2293/2293/2293 2390/2390/2390 2389/2389/2389
f 2294/2294/2294 2295/2295/2295 2391/2391/2391
f 2294/2294/2294 2391/2391/2391 2390/2390/2390
f 2295/2295/2295 2296/2296/2296 2392/2392/2392
f 2295/2295/2295 2392/2392/2392 2391/2391/2391
f 2296/2296/2296 2297/2297/2297 2393/2393/2393
f 2296/2296/2296 2393/2393/2393 2392/2392/2392
f 2297/2297/2297 2298/2298/2298 2394/2394/2394
f 2297/2297/2297 2394/2394/2394 2393/2393/2393
f 2298/2298/2298 2299/2299/2299 2395/2395/2395
f 2298/2298/2298 2395/2395/2395 2394/2394/2394
f 2299/2299/2299 2300/2300/2300 2396/2396/2396
f 2299/2299/2299 2396/2396/2396 2395/2395/2395
f 2300/2300/2300 2301/2301/2301 2397/2397/2397
f 2300/2300/2300 2397/2397/2397 2396/2396/2396
f 2301/2301/2301 2302/2302/2302 2398/2398/2398
f 2301/2301/2301 2398/2398/2398 2397/2397/2397
f 2302/2302/2302 2303/2303/2303 2399/2399/2399
f 2302/2302/2302 2399/2399/2399 2398/2398/2398
f 2303/2303/2303 2304/2304/2304 2400/2400/2400
f 2303/2303/2303 2400/2400/2400 2399/2399/2399
f 2304/2304/2304 2209/2209/2209 2305/2305/2305
f 2304/2304/2304 2305/2305/2305 2400/2400/2400
f 2305/2305/2305 2306/2306/2306 2402/2402/2402
f 2305/2305/2305 2402/2402/2402 2401/2401/2401
f 2306/2306/2306 2307/2307/2307 2403/2403/2403
f 2306/2306/2306 2403/2403/2403 2402/2402/2402
f 2307/2307/2307 2308/2308/2308 2404/2404/2404
f 2307/2307/2307 2404/2404/2404 2403/2403/2403
f 2308/2308/2308 2309/2309/2309 2405/2405/2405
f 2308/2308/2308 2405/2405/2405 2404/2404/2404
f 2309/2309/2309 2310/2310/2310 2406/2406/2406
f 2309/2309/2309 2406/2406/2406 2405/2405/2405
f 2310/2310/2310 2311/2311/2311 2407/2407/2407
f 2310/2310/2310 2407/2407/2407 2406/2406/2406
f 2311/2311/2311 2312/2312/2312 2408/2408/2408
f 2311/2311/2311 2408/2408/2408 2407/2407/2407
f 2312/2312/2312 2313/2313/2313 2409/2409/2409
f 2312/2312/2312 2409/2409/2409 2408/2408/2408
f 2313/2313/2313 2314/2314/2314 2410/2410/2410
f 2313/2313/2313 2410/2410/2410 2409/2409/2409
f 2314/2314/2314 2315/2315/2315 2411/2411/2411
f 2314/2314/2314 2411/2411/2411 2410/2410/2410
f 2315/2315/2315 2316/2316/2316 2412/2412/2412
f 2315/2315/2315 2412/2412/2412 2411/2411/2411
f 2316/2316/2316 2317/2317/2317 2413/2413/2413
f 2316/2316/2316 2413/2413/2413 2412/2412/2412
f 2317/2317/2317 2318/2318/2318 2414/2414/2414
f 2317/2317/2317 2414/2414/2414 2413/2413/2413
f 2318/2318/2318 2319/2319/2319 2415/2415/2415
f 2318/2318/2318 2415/2415/2415 2414/2414/2414
f 2319/2319/2319 2320/2320/2320 2416/2416/2416
f 2319/2319/2319 2416/2416/2416 2415/2415/2415
f 2320/2320/2320 2321/2321/2321 2417/2417/2417
f 2320/2320/2320 2417/2417/2417 2416/2416/2416
f 2321/2321/2321 2322/2322/2322 2418/2418/2418
f 2321/2321/2321 2418/2418/2418 2417/2417/2417
f 2322/2322/2322 2323/2323/2323 2419/2419/2419
f 2322/2322/2322 2419/2419/2419 2418/2418/2418
f 2323/2323/2323 2324/2324/2324 2420/2420/2420
f 2323/2323/2323 2420/2420/2420 2419/2419/2419
f 2324/2324/2324 2325/2325/2325 2421/2421/2421
f 2324/2324/2324 2421/2421/2421 2420/2420/2420
f 2325/2325/2325 2326/2326/2326 2422/2422/2422
f 2325/2325/2325 2422/2422/2422 2421/2421/2421
f 2326/2326/2326 2327/2327/2327 2423/2423/2423
f 2326/2326/2326 2423/2423/2423 2422/2422/2422
f 2327/2327/2327 2328/2328/2328 2424/2424/2424
f 2327/2327/2327 2424/2424/2424 2423/2423/2423
f 2328/2328/2328 2329/2329/2329 2425/2425/2425
f 2328/2328/2328 2425/2425/2425 2424/2424/2424
f 2329/2329/2329 2330/2330/2330 2426/2426/2426
f 2329/2329/2329 2426/2426/2426 2425/2425/2425
f 2330/2330/2330 2331/2331/2331 2427/2427/2427
f 2330/2330/2330 2427/2427/2427 2426/2426/2426
f 2331/2331/2331 2332/2332/2332 2428/2428/2428
f 2331/2331/2331 2428/2428/2428 2427/2427/2427
f 2332/2332/2332 2333/2333/2333 2429/2429/2429
f 2332/2332/2332 2429/2429/2429 2428/2428/2428
f 2333/2333/2333 2334/2334/2334 2430/2430/2430
f 2333/2333/2333 2430/2430/2430 2429/2429/2429
f 2334/2334/2334 2335/2335/2335 2431/2431/2431
f 2334/2334/2334 2431/2431/2431 2430/2430/2430
f 2335/2335/2335 2336/2336/2336 2432/2432/2432
f 2335/2335/2335 2432/2432/2432 2431/2431/2431
f 2336/2336/2336 2337/2337/2337 2433/2433/2433
f 2336/2336/2336 2433/2433/2433 2432/2432/2432
f 2337/2337/2337 2338/2338/2338 2434/2434/2434
f 2337/2337/2337 2434/2434/2434 2433/2433/2433
f 2338/2338/2338 2339/2339/2339 2435/2435/2435
f 2338/2338/2338 2435/2435/2435 2434/2434/2434
f 2339/2339/2339 2340/2340/2340 2436/2436/2436
f 2339/2339/2339 2436/2436/2436 2435/2435/2435
f 2340/2340/2340 2341/2341/2341 2437/2437/2437
f 2340/2340/2340 2437/2437/2437 2436/2436/2436
f 2341/2341/2341 2342/2342/2342 2438/2438/2438
f 2341/2341/2341 2438/2438/2438 2437/2437/2437
f 2342/2342/2342 2343/2343/2343 2439/2439/2439
f 2342/2342/2342 2439/2439/2439 2438/2438/2438
f 2343/2343/2343 2344/2344/2344 2440/2440/2440
f 2343/2343/2343 2440/2440/2440 2439/2439/2439
f 2344/2344/2344 2345/2345/2345 2441/2441/2441
f 2344/2344/2344 2441/2441/2441 2440/2440/2440
f 2345/2345/2345 2346/2346/2346 2442/2442/2442
f 2345/2345/2345 2442/2442/2442 2441/2441/2441
f 2346/2346/2346 2347/2347/2347 2443/2443/2443
f 2346/2346/2346 2443/2443/2443 2442/2442/2442
f 2347/2347/2347 2348/2348/2348 2444/2444/2444
f 2347/2347/2347 2444/2444/2444 2443/2443/2443
f 2348/2348/2348 2349/2349/2349 2445/2445/2445
f 2348/2348/2348 2445/2445/2445 2444/2444/2444
f 2349/2349/2349 2350/2350/2350 2446/2446/2446
f 2349/2349/2349 2446/2446/2446 2445/2445/2445
f 2350/2350/2350 2351/2351/2351 2447/2447/2447
f 2350/2350/2350 2447/2447/2447 2446/2446/2446
f 2351/2351/2351 2352/2352/2352 2448/2448/2448
f 2351/2351/2351 2448/2448/2448 2447/2447/2447
f 2352/2352/2352 2353/2353/2353 2449/2449/2449
f 2352/2352/2352 2449/2449/2449 2448/2448/2448
f 2353/2353/2353 2354/2354/2354 2450/2450/2450
f 2353/2353/2353 2450/2450/2450 2449/2449/2449
f 2354/2354/2354 2355/2355/2355 2451/2451/2451
f 2354/2354/2354 2451/2451/2451 2450/2450/2450
f 2355/2355/2355 2356/2356/2356 2452/2452/2452
f 2355/2355/2355 2452/2452/2452 2451/2451/2451
f 2356/2356/2356 2357/2357/2357 2453/2453/2453
f 2356/2356/2356 2453/2453/2453 2452/2452/2452
f 2357/2357/2357 2358/2358/2358 2454/2454/2454
f 2357/2357/2357 2454/2454/2454 2453/2453/2453
f 2358/2358/2358 2359/2359/2359 2455/2455/2455
f 2358/2358/2358 2455/2455/2455 2454/2454/2454
f 2359/2359/2359 2360/2360/2360 2456/2456/2456
f 2359/2359/2359 2456/2456/2456 2455/2455/2455
f 2360/2360/2360 2361/2361/2361 2457/2457/2457
f 2360/2360/2360 2457/2457/2457 2456/2456/2456
f 2361/2361/2361 2362/2362/2362 2458/2458/2458
f 2361/2361/2361 2458/2458/2458 2457/2457/2457
f 2362/2362/2362 2363/2363/2363 2459/2459/2459
f 2362/2362/2362 2459/2459/2459 2458/2458/2458
f 2363/2363/2363 2364/2364/2364 2460/2460/2460
f 2363/2363/2363 2460/2460/2460 2459/2459/2459
f 2364/2364/2364 2365/2365/2365 2461/2461/2461
f 2364/2364/2364 2461/2461/2461 2460/2460/2460
f 2365/2365/2365 2366/2366/2366 2462/2462/2462
f 2365/2365/2365 2462/2462/2462 2461/2461/2461
f 2366/2366/2366 2367/2367/2367 2463/2463/2463
f 2366/2366/2366 2463/2463/2463 2462/2462/2462
f 2367/2367/2367 2368/2368/2368 2464/2464/2464
f 2367/2367/2367 2464/2464/2464 2463/2463/2463
f 2368/2368/2368 2369/2369/2369 2465/2465/2465
f 2368/2368/2368 2465/2465/2465 2464/2464/2464
f 2369/2369/2369 2370/2370/2370 2466/2466/2466
f 2369/2369/2369 2466/2466/2466 2465/2465/2465
f 2370/2370/2370 2371/2371/2371 2467/2467/2467
f 2370/2370/2370 2467/2467/2467 2466/2466/2466
f 2371/2371/2371 2372/2372/2372 2468/2468/2468
f 2371/2371/2371 2468/2468/2468 2467/2467/2467
f 2372/2372/2372 2373/2373/2373 2469/2469/2469
f 2372/2372/2372 2469/2469/2469 2468/2468/2468
f 2373/2373/2373 2374/2374/2374 2470/2470/2470
f 2373/2373/2373 2470/2470/2470 2469/2469/2469
f 2374/2374/2374 2375/2375/2375 2471/2471/2471
f 2374/2374/2374 2471/2471/2471 2470/2470/2470
f 2375/2375/2375 2376/2376/2376 2472/2472/2472
f 2375/2375/2375 2472/2472/2472 2471/2471/2471
f 2376/2376/2376 2377/2377/2377 2473/2473/2473
f 2376/2376/2376 2473/2473/2473 2472/2472/2472
f 2377/2377/2377 2378/2378/2378 2474/2474/2474
f 2377/2377/2377 2474/2474/2474 2473/2473/2473
f 2378/2378/2378 2379/2379/2379 2475/2475/2475
f 2378/2378/2378 2475/2475/2475 2474/2474/2474
f 2379/2379/2379 2380/2380/2380 2476/2476/2476
f 2379/2379/2379 2476/2476/2476 2475/2475/2475
f 2380/2380/2380 2381/2381/2381 2477/2477/2477
f 2380/2380/2380 2477/2477/2477 2476/2476/2476
f 2381/2381/2381 2382/2382/2382 2478/2478/2478
f 2381/2381/2381 2478/2478/2478 2477/2477/2477
f 2382/2382/2382 2383/2383/2383 2479/2479/2479
f 2382/2382/2382 2479/2479/2479 2478/2478/2478
f 2383/2383/2383 2384/2384/2384 2480/2480/2480
f 2383/2383/2383 2480/2480/2480 2479/2479/2479
f 2384/2384/2384 2385/2385/2385 2481/2481/2481
f 2384/2384/2384 2481/2481/2481 2480/2480/2480
f 2385/2385/2385 2386/2386/2386 2482/2482/2482
f 2385/2385/2385 2482/2482/2482 2481/2481/2481
f 2386/2386/2386 2387/2387/2387 2483/2483/2483
f 2386/2386/2386 2483/2483/2483 2482/2482/2482
f 2387/2387/2387 2388/2388/2388 2484/2484/2484
f 2387/2387/2387 2484/2484/2484 2483/2483/2483
f 2388/2388/2388 2389/2389/2389 2485/2485/2485
f 2388/2388/2388 2485/2485/2485 2484/2484/2484
f 2389/2389/2389 2390/2390/2390 2486/2486/2486
f 2389/2389/2389 2486/2486/2486 2485/2485/2485
f 2390/2390/2390 2391/2391/2391 2487/2487/2487
f 2390/2390/2390 2487/2487/2487 2486/2486/2486
f 2391/2391/2391 2392/2392/2392 2488/2488/2488
f 2391/2391/2391 2488/2488/2488 2487/2487/2487
f 2392/2392/2392 2393/2393/2393 2489/2489/2489
f 2392/2392/2392 2489/2489/2489 2488/2488/2488
f 2393/2393/2393 2394/2394/2394 2490/2490/2490
f 2393/2393/2393 2490/2490/2490 2489/2489/2489
f 2394/2394/2394 2395/2395/2395 2491/2491/2491
f 2394/2394/2394 2491/2491/2491 2490/2490/2490
f 2395/2395/2395 2396/2396/2396 2492/2492/2492
f 2395/2395/2395 2492/2492/2492 2491/2491/2491
f 2396/2396/2396 2397/2397/2397 2493/2493/2493
f 2396/2396/2396 2493/2493/2493 2492/2492/2492
f 2397/2397/2397 2398/2398/2398 2494/2494/2494
f 2397/2397/2397 2494/2494/2494 2493/2493/2493
f 2398/2398/2398 2399/2399/2399 2495/2495/2495
f 2398/2398/2398 2495/2495/2495 2494/2494/2494
f 2399/2399/2399 2400/2400/2400 2496/2496/2496
f 2399/2399/2399 2496/2496/2496 2495/2495/2495
f 2400/2400/2400 2305/2305/2305 2401/2401/2401
f 2400/2400/2400 2401/2401/2401 2496/2496/2496
f 2401/2401/2401 2402/2402/2402 2498/2498/2498
f 2401/2401/2401 2498/2498/2498 2497/2497/2497
f 2402/2402/2402 2403/2403/2403 2499/2499/2499
f 2402/2402/2402 2499/2499/2499 2498/2498/2498
f 2403/2403/2403 2404/2404/2404 2500/2500/2500
f 2403/2403/2403 2500/2500/2500 2499/2499/2499
f 2404/2404/2404 2405/2405/2405 2501/2501/2501
f 2404/2404/2404 2501/2501/2501 2500/2500/2500
f 2405/2405/2405 2406/2406/2406 2502/2502/2502
f 2405/2405/2405 2502/2502/2502 2501/2501/2501
f 2406/2406/2406 2407/2407/2407 2503/2503/2503
f 2406/2406/2406 2503/2503/2503 2502/2502/2502
f 2407/2407/2407 2408/2408/2408 2504/2504/2504
f 2407/2407/2407 2504/2504/2504 2503/2503/2503
f 2408/2408/2408 2409/2409/2409 2505/2505/2505
f 2408/2408/2408 2505/2505/2505 2504/2504/2504
f 2409/2409/2409 2410/2410/2410 2506/2506/2506
f 2409/2409/2409 2506/2506/2506 2505/2505/2505
f 2410/2410/2410 2411/2411/2411 2507/2507/2507
f 2410/2410/2410 2507/2507/2507 2506/2506/2506
f 2411/2411/2411 2412/2412/2412 2508/2508/2508
f 2411/2411/2411 2508/2508/2508 2507/2507/2507
f 2412/2412/2412 2413/2413/2413 2509/2509/2509
f 2412/2412/2412 2509/2509/2509 2508/2508/2508
f 2413/2413/2413 2414/2414/2414 2510/2510/2510
f 2413/2413/2413 2510/2510/2510 2509/2509/2509
f 2414/2414/2414 2415/2415/2415 2511/2511/2511
f 2414/2414/2414 2511/2511/2511 2510/2510/2510
f 2415/2415/2415 2416/2416/2416 2512/2512/2512
f 2415/2415/2415 2512/2512/2512 2511/2511/2511
f 2416/2416/2416 2417/2417/2417 2513/2513/2513
f 2416/2416/2416 2513/2513/2513 2512/2512/2512
f 2417/2417/2417 2418/2418/2418 2514/2514/2514
f 2417/2417/2417 2514/2514/2514 2513/2513/2513
f 2418/2418/2418 2419/2419/2419 2515/2515/2515
f 2418/2418/2418 2515/2515/2515 2514/2514/2514
f 2419/2419/2419 2420/2420/2420 2516/2516/2516
f 2419/2419/2419 2516/2516/2516 2515/2515/2515
f 2420/2420/2420 2421/2421/2421 2517/2517/2517
f 2420/2420/2420 2517/2517/2517 2516/2516/2516
f 2421/2421/2421 2422/2422/2422 2518/2518/2518
f 2421/2421/2421 2518/2518/2518 2517/2517/2517
f 2422/2422/2422 2423/2423/2423 2519/2519/2519
f 2422/2422/2422 2519/2519/2519 2518/2518/2518
f 2423/2423/2423 2424/2424/2424 2520/2520/2520
f 2423/2423/2423 2520/2520/2520 2519/2519/2519
f 2424/2424/2424 2425/2425/2425 2521/2521/2521
f 2424/2424/2424 2521/2521/2521 2520/2520/2520
f 2425/2425/2425 2426/2426/2426 2522/2522/2522
f 2425/2425/2425 2522/2522/2522 2521/2521/2521
f 2426/2426/2426 2427/2427/2427 2523/2523/2523
f 2426/2426/2426 2523/2523/2523 2522/2522/2522
f 2427/2427/2427 2428/2428/2428 2524/2524/2524
f 2427/2427/2427 2524/2524/2524 2523/2523/2523
f 2428/2428/2428 2429/2429/2429 2525/2525/2525
f 2428/2428/2428 2525/2525/2525 2524/2524/2524
f 2429/2429/2429 2430/2430/2430 2526/2526/2526
f 2429/2429/2429 2526/2526/2526 2525/2525/2525
f 2430/2430/2430 2431/2431/2431 2527/2527/2527
f 2430/2430/2430 2527/2527/2527 2526/2526/2526
f 2431/2431/2431 2432/2432/2432 2528/2528/2528
f 2431/2431/2431 2528/2528/2528 2527/2527/2527
f 2432/2432/2432 2433/2433/2433 2529/2529/2529
f 2432/2432/2432 2529/2529/2529 2528/2528/2528
f 2433/2433/2433 2434/2434/2434 2530/2530/2530
f 2433/2433/2433 2530/2530/2530 2529/2529/2529
f 2434/2434/2434 2435/2435/2435 2531/2531/2531
f 2434/2434/2434 2531/2531/2531 2530/2530/2530
f 2435/2435/2435 2436/2436/2436 2532/2532/2532
f 2435/2435/2435 2532/2532/2532 2531/2531/2531
f 2436/2436/2436 2437/2437/2437 2533/2533/2533
f 2436/2436/2436 2533/2533/2533 2532/2532/2532
f 2437/2437/2437 2438/2438/2438 2534/2534/2534
f 2437/2437/2437 2534/2534/2534 2533/2533/2533
f 2438/2438/2438 2439/2439/2439 2535/2535/2535
f 2438/2438/2438 2535/2535/2535 2534/2534/2534
f 2439/2439/2439 2440/2440/2440 2536/2536/2536
f 2439/2439/2439 2536/2536/2536 2535/2535/2535
f 2440/2440/2440 2441/2441/2441 2537/2537/2537
f 2440/2440/2440 2537/2537/2537 2536/2536/2536
f 2441/2441/2441 2442/2442/2442 2538/2538/2538
f 2441/2441/2441 2538/2538/2538 2537/2537/2537
f 2442/2442/2442 2443/2443/2443 2539/2539/2539
f 2442/2442/2442 2539/2539/2539 2538/2538/2538
f 2443/2443/2443 2444/2444/2444 2540/2540/2540
f 2443/2443/2443 2540/2540/2540 2539/2539/2539
f 2444/2444/2444 2445/2445/2445 2541/2541/2541
f 2444/2444/2444 2541/2541/2541 2540/2540/2540
f 2445/2445/2445 2446/2446/2446 2542/2542/2542
f 2445/2445/2445 2542/2542/2542 2541/2541/2541
f 2446/2446/2446 2447/2447/2447 2543/2543/2543
f 2446/2446/2446 2543/2543/2543 2542/2542/2542
f 2447/2447/2447 2448/2448/2448 2544/2544/2544
f 2447/2447/2447 2544/2544/2544 2543/2543/2543
f 2448/2448/2448 2449/2449/2449 2545/2545/2545
f 2448/2448/2448 2545/2545/2545 2544/2544/2544
f 2449/2449/2449 2450/2450/2450 2546/2546/2546
f 2449/2449/2449 2546/2546/2546 2545/2545/2545
f 2450/2450/2450 2451/2451/2451 2547/2547/2547
f 2450/2450/2450 2547/2547/2547 2546/2546/2546
f 2451/2451/2451 2452/2452/2452 2548/2548/2548
f 2451/2451/2451 2548/2548/2548 2547/2547/2547
f 2452/2452/2452 2453/2453/2453 2549/2549/2549
f 2452/2452/2452 2549/2549/2549 2548/2548/2548
f 2453/2453/2453 2454/2454/2454 2550/2550/2550
f 2453/2453/2453 2550/2550/2550 2549/2549/2549
f 2454/2454/2454 2455/2455/2455 2551/2551/2551
f 2454/2454/2454 2551/2551/2551 2550/2550/2550
f 2455/2455/2455 2456/2456/2456 2552/2552/2552
f 2455/2455/2455 2552/2552/2552 2551/2551/2551
f 2456/2456/2456 2457/2457/2457 2553/2553/2553
f 2456/2456/2456 2553/2553/2553 2552/2552/2552
f 2457/2457/2457 2458/2458/2458 2554/2554/2554
f 2457/2457/2457 2554/2554/2554 2553/2553/2553
f 2458/2458/2458 2459/2459/2459 2555/2555/2555
f 2458/2458/2458 2555/2555/2555 2554/2554/2554
f 2459/2459/2459 2460/2460/2460 2556/2556/2556
f 2459/2459/2459 2556/2556/2556 2555/2555/2555
f 2460/2460/2460 2461/2461/2461 2557/2557/2557
f 2460/2460/2460 2557/2557/2557 2556/2556/2556
f 2461/2461/2461 2462/2462/2462 2558/2558/2558
f 2461/2461/2461 2558/2558/2558 2557/2557/2557
f 2462/2462/2462 2463/2463/2463 2559/2559/2559
f 2462/2462/2462 2559/2559/2559 2558/2558/2558
f 2463/2463/2463 2464/2464/2464 2560/2560/2560
f 2463/2463/2463 2560/2560/2560 2559/2559/2559
f 2464/2464/2464 2465/2465/2465 2561/2561/2561
f 2464/2464/2464 2561/2561/2561 2560/2560/2560
f 2465/2465/2465 2466/2466/2466 2562/2562/2562
f 2465/2465/2465 2562/2562/2562 2561/2561/2561
f 2466/2466/2466 2467/2467/2467 2563/2563/2563
f 2466/2466/2466 2563/2563/2563 2562/2562/2562
f 2467/2467/2467 2468/2468/2468 2564/2564/2564
f 2467/2467/2467 2564/2564/2564 2563/2563/2563
f 2468/2468/2468 2469/2469/2469 2565/2565/2565
f 2468/2468/2468 2565/2565/2565 2564/2564/2564
f 2469/2469/2469 2470/2470/2470 2566/2566/2566
f 2469/2469/2469 2566/2566/2566 2565/2565/2565
f 2470/2470/2470 2471/2471/2471 2567/2567/2567
f 2470/2470/2470 2567/2567/2567 2566/2566/2566
f 2471/2471/2471 2472/2472/2472 2568/2568/2568
f 2471/2471/2471 2568/2568/2568 2567/2567/2567
f 2472/2472/2472 2473/2473/2473 2569/2569/2569
f 2472/2472/2472 2569/2569/2569 2568/2568/2568
f 2473/2473/2473 2474/2474/2474 2570/2570/2570
f 2473/2473/2473 2570/2570/2570 2569/2569/2569
f 2474/2474/2474 2475/2475/2475 2571/2571/2571
f 2474/2474/2474 2571/2571/2571 2570/2570/2570
f 2475/2475/2475 2476/2476/2476 2572/2572/2572
f 2475/2475/2475 2572/2572/2572 2571/2571/2571
f 2476/2476/2476 2477/2477/2477 2573/2573/2573
f 2476/2476/2476 2573/2573/2573 2572/2572/2572
f 2477/2477/2477 2478/2478/2478 2574/2574/2574
f 2477/2477/2477 2574/2574/2574 2573/2573/2573
f 2478/2478/2478 2479/2479/2479 2575/2575/2575
f 2478/2478/2478 2575/2575/2575 2574/2574/2574
f 2479/2479/2479 2480/2480/2480 2576/2576/2576
f 2479/2479/2479 2576/2576/2576 2575/2575/2575
f 2480/2480/2480 2481/2481/2481 2577/2577/2577
f 2480/2480/2480 2577/2577/2577 2576/2576/2576
f 2481/2481/2481 2482/2482/2482 2578/2578/2578
f 2481/2481/2481 2578/2578/2578 2577/2577/2577
f 2482/2482/2482 2483/2483/2483 2579/2579/2579
f 2482/2482/2482 2579/2579/2579 2578/2578/2578
f 2483/2483/2483 2484/2484/2484 2580/2580/2580
f 2483/2483/2483 2580/2580/2580 2579/2579/2579
f 2484/2484/2484 2485/2485/2485 2581/2581/2581
f 2484/2484/2484 2581/2581/2581 2580/2580/2580
f 2485/2485/2485 2486/2486/2486 2582/2582/2582
f 2485/2485/2485 2582/2582/2582 2581/2581/2581
f 2486/2486/2486 2487/2487/2487 2583/2583/2583
f 2486/2486/2486 2583/2583/2583 2582/2582/2582
f 2487/2487/2487 2488/2488/2488 2584/2584/2584
f 2487/2487/2487 2584/2584/2584 2583/2583/2583
f 2488/2488/2488 2489/2489/2489 2585/2585/2585
f 2488/2488/2488 2585/2585/2585 2584/2584/2584
f 2489/2489/2489 2490/2490/2490 2586/2586/2586
f 2489/2489/2489 2586/2586/2586 2585/2585/2585
f 2490/2490/2490 2491/2491/2491 2587/2587/2587
f 2490/2490/2490 2587/2587/2587 2586/2586/2586
f 2491/2491/2491 2492/2492/2492 2588/2588/2588
f 2491/2491/2491 2588/2588/2588 2587/2587/2587
f 2492/2492/2492 2493/2493/2493 2589/2589/2589
f 2492/2492/2492 2589/2589/2589 2588/2588/2588
f 2493/2493/2493 2494/2494/2494 2590/2590/2590
f 2493/2493/2493 2590/2590/2590 2589/2589/2589
f 2494/2494/2494 2495/2495/2495 2591/2591/2591
f 2494/2494/2494 2591/2591/2591 2590/2590/2590
f 2495/2495/2495 2496/2496/2496 2592/2592/2592
f 2495/2495/2495 2592/2592/2592 2591/2591/2591
f 2496/2496/2496 2401/2401/2401 2497/2497/2497
f 2496/2496/2496 2497/2497/2497 2592/2592/2592
f 2497/2497/2497 2498/2498/2498 2594/2594/2594
f 2497/2497/2497 2594/2594/2594 2593/2593/2593
f 2498/2498/2498 2499/2499/2499 2595/2595/2595
f 2498/2498/2498 2595/2595/2595 2594/2594/2594
f 2499/2499/2499 2500/2500/2500 2596/2596/2596
f 2499/2499/2499 2596/2596/2596 2595/2595/2595
f 2500/2500/2500 2501/2501/2501 2597/2597/2597
f 2500/2500/2500 2597/2597/2597 2596/2596/2596
f 2501/2501/2501 2502/2502/2502 2598/2598/2598
f 2501/2501/2501 2598/2598/2598 2597/2597/2597
f 2502/2502/2502 2503/2503/2503 2599/2599/2599
f 2502/2502/2502 2599/2599/2599 2598/2598/2598
f 2503/2503/2503 2504/2504/2504 2600/2600/2600
f 2503/2503/2503 2600/2600/2600 2599/2599/2599
f 2504/2504/2504 2505/2505/2505 2601/2601/2601
f 2504/2504/2504 2601/2601/2601 2600/2600/2600
f 2505/2505/2505 2506/2506/2506 2602/2602/2602
f 2505/2505/2505 2602/2602/2602 2601/2601/2601
f 2506/2506/2506 2507/2507/2507 2603/2603/2603
f 2506/2506/2506 2603/2603/2603 2602/2602/2602
f 2507/2507/2507 2508/2508/2508 2604/2604/2604
f 2507/2507/2507 2604/2604/2604 2603/2603/2603
f 2508/2508/2508 2509/2509/2509 2605/2605/2605
f 2508/2508/2508 2605/2605/2605 2604/2604/2604
f 2509/2509/2509 2510/2510/2510 2606/2606/2606
f 2509/2509/2509 2606/2606/2606 2605/2605/2605
f 2510/2510/2510 2511/2511/2511 2607/2607/2607
f 2510/2510/2510 2607/2607/2607 2606/2606/2606
f 2511/2511/2511 2512/2512/2512 2608/2608/2608
f 2511/2511/2511 2608/2608/2608 2607/2607/2607
f 2512/2512/2512 2513/2513/2513 2609/2609/2609
f 2512/2512/2512 2609/2609/2609 2608/2608/2608
f 2513/2513/2513 2514/2514/2514 2610/2610/2610
f 2513/2513/2513 2610/2610/2610 2609/2609/2609
f 2514/2514/2514 2515/2515/2515 2611/2611/2611
f 2514/2514/2514 2611/2611/2611 2610/2610/2610
f 2515/2515/2515 2516/2516/2516 2612/2612/2612
f 2515/2515/2515 2612/2612/2612 2611/2611/2611
f 2516/2516/2516 2517/2517/2517 2613/2613/2613
f 2516/2516/2516 2613/2613/2613 2612/2612/2612
f 2517/2517/2517 2518/2518/2518 2614/2614/2614
f 2517/2517/2517 2614/2614/2614 2613/2613/2613
f 2518/2518/2518 2519/2519/2519 2615/2615/2615
f 2518/2518/2518 2615/2615/2615 2614/2614/2614
f 2519/2519/2519 2520/2520/2520 2616/2616/2616
f 2519/2519/2519 2616/2616/2616 2615/2615/2615
f 2520/2520/2520 2521/2521/2521 2617/2617/2617
f 2520/2520/2520 2617/2617/2617 2616/2616/2616
f 2521/2521/2521 2522/2522/2522 2618/2618/2618
f 2521/2521/2521 2618/2618/2618 2617/2617/2617
f 2522/2522/2522 2523/2523/2523 2619/2619/2619
f 2522/2522/2522 2619/2619/2619 2618/2618/2618
f 2523/2523/2523 2524/2524/2524 2620/2620/2620
f 2523/2523/2523 2620/2620/2620 2619/2619/2619
f 2524/2524/2524 2525/2525/2525 2621/2621/2621
f 2524/2524/2524 2621/2621/2621 2620/2620/2620
f 2525/2525/2525 2526/2526/2526 2622/2622/2622
f 2525/2525/2525 2622/2622/2622 2621/2621/2621
f 2526/2526/2526 2527/2527/2527 2623/2623/2623
f 2526/2526/2526 2623/2623/2623 2622/2622/2622
f 2527/2527/2527 2528/2528/2528 2624/2624/2624
f 2527/2527/2527 2624/2624/2624 2623/2623/2623
f 2528/2528/2528 2529/2529/2529 2625/2625/2625
f 2528/2528/2528 2625/2625/2625 2624/2624/2624
f 2529/2529/2529 2530/2530/2530 2626/2626/2626
f 2529/2529/2529 2626/2626/2626 2625/2625/2625
f 2530/2530/2530 2531/2531/2531 2627/2627/2627
f 2530/2530/2530 2627/2627/2627 2626/2626/2626
f 2531/2531/2531 2532/2532/2532 2628/2628/2628
f 2531/2531/2531 2628/2628/2628 2627/2627/2627
f 2532/2532/2532 2533/2533/2533 2629/2629/2629
f 2532/2532/2532 2629/2629/2629 2628/2628/2628
f 2533/2533/2533 2534/2534/2534 2630/2630/2630
f 2533/2533/2533 2630/2630/2630 2629/2629/2629
f 2534/2534/2534 2535/2535/2535 2631/2631/2631
f 2534/2534/2534 2631/2631/2631 2630/2630/2630
f 2535/2535/2535 2536/2536/2536 2632/2632/2632
f 2535/2535/2535 2632/2632/2632 2631/2631/2631
f 2536/2536/2536 2537/2537/2537 2633/2633/2633
f 2536/2536/2536 2633/2633/2633 2632/2632/2632
f 2537/2537/2537 2538/2538/2538 2634/2634/2634
f 2537/2537/2537 2634/2634/2634 2633/2633/2633
f 2538/2538/2538 2539/2539/2539 2635/2635/2635
f 2538/2538/2538 2635/2635/2635 2634/2634/2634
f 2539/2539/2539 2540/2540/2540 2636/2636/2636
f 2539/2539/2539 2636/2636/2636 2635/2635/2635
f 2540/2540/2540 2541/2541/2541 2637/2637/2637
f 2540/2540/2540 2637/2637/2637 2636/2636/2636
f 2541/2541/2541 2542/2542/2542 2638/2638/2638
f 2541/2541/2541 2638/2638/2638 2637/2637/2637
f 2542/2542/2542 2543/2543/2543 2639/2639/2639
f 2542/2542/2542 2639/2639/2639 2638/2638/2638
f 2543/2543/2543 2544/2544/2544 2640/2640/2640
f 2543/2543/2543 2640/2640/2640 2639/2639/2639
f 2544/2544/2544 2545/2545/2545 2641/2641/2641
f 2544/2544/2544 2641/2641/2641 2640/2640/2640
f 2545/2545/2545 2546/2546/2546 2642/2642/2642
f 2545/2545/2545 2642/2642/2642 2641/2641/2641
f 2546/2546/2546 2547/2547/2547 2643/2643/2643
f 2546/2546/2546 2643/2643/2643 2642/2642/2642
f 2547/2547/2547 2548/2548/2548 2644/2644/2644
f 2547/2547/2547 2644/2644/2644 2643/2643/2643
f 2548/2548/2548 2549/2549/2549 2645/2645/2645
f 2548/2548/2548 2645/2645/2645 2644/2644/2644
f 2549/2549/2549 2550/2550/2550 2646/2646/2646
f 2549/2549/2549 2646/2646/2646 2645/2645/2645
f 2550/2550/2550 2551/2551/2551 2647/2647/2647
f 2550/2550/2550 2647/2647/2647 2646/2646/2646
f 2551/2551/2551 2552/2552/2552 2648/2648/2648
f 2551/2551/2551 2648/2648/2648 2647/2647/2647
f 2552/2552/2552 2553/2553/2553 2649/2649/2649
f 2552/2552/2552 2649/2649/2649 2648/2648/2648
f 2553/2553/2553 2554/2554/2554 2650/2650/2650
f 2553/2553/2553 2650/2650/2650 2649/2649/2649
f 2554/2554/2554 2555/2555/2555 2651/2651/2651
f 2554/2554/2554 2651/2651/2651 2650/2650/2650
f 2555/2555/2555 2556/2556/2556 2652/2652/2652
f 2555/2555/2555 2652/2652/2652 2651/2651/2651
f 2556/2556/2556 2557/2557/2557 2653/2653/2653
f 2556/2556/2556 2653/2653/2653 2652/2652/2652
f 2557/2557/2557 2558/2558/2558 2654/2654/2654
f 2557/2557/2557 2654/2654/2654 2653/2653/2653
f 2558/2558/2558 2559/2559/2559 2655/2655/2655
f 2558/2558/2558 2655/2655/2655 2654/2654/2654
f 2559/2559/2559 2560/2560/2560 2656/2656/2656
f 2559/2559/2559 2656/2656/2656 2655/2655/2655
f 2560/2560/2560 2561/2561/2561 2657/2657/2657
f 2560/2560/2560 2657/2657/2657 2656/2656/2656
f 2561/2561/2561 2562/2562/2562 2658/2658/2658
f 2561/2561/2561 2658/2658/2658 2657/2657/2657
f 2562/2562/2562 2563/2563/2563 2659/2659/2659
f 2562/2562/2562 2659/2659/2659 2658/2658/2658
f 2563/2563/2563 2564/2564/2564 2660/2660/2660
f 2563/2563/2563 2660/2660/2660 2659/2659/2659
f 2564/2564/2564 2565/2565/2565 2661/2661/2661
f 2564/2564/2564 2661/2661/2661 2660/2660/2660
f 2565/2565/2565 2566/2566/2566 2662/2662/2662
f 2565/2565/2565 2662/2662/2662 2661/2661/2661
f 2566/2566/2566 2567/2567/2567 2663/2663/2663
f 2566/2566/2566 2663/2663/2663 2662/2662/2662
f 2567/2567/2567 2568/2568/2568 2664/2664/2664
f 2567/2567/2567 2664/2664/2664 2663/2663/2663
f 2568/2568/2568 2569/2569/2569 2665/2665/2665
f 2568/2568/2568 2665/2665/2665 2664/2664/2664
f 2569/2569/2569 2570/2570/2570 2666/2666/2666
f 2569/2569/2569 2666/2666/2666 2665/2665/2665
f 2570/2570/2570 2571/2571/2571 2667/2667/2667
f 2570/2570/2570 2667/2667/2667 2666/2666/2666
f 2571/2571/2571 2572/2572/2572 2668/2668/2668
f 2571/2571/2571 2668/2668/2668 2667/2667/2667
f 2572/2572/2572 2573/2573/2573 2669/2669/2669
f 2572/2572/2572 2669/2669/2669 2668/2668/2668
f 2573/2573/2573 2574/2574/2574 2670/2670/2670
f 2573/2573/2573 2670/2670/2670 2669/2669/2669
f 2574/2574/2574 2575/2575/2575 2671/2671/2671
f 2574/2574/2574 2671/2671/2671 2670/2670/2670
f 2575/2575/2575 2576/2576/2576 2672/2672/2672
f 2575/2575/2575 2672/2672/2672 2671/2671/2671
f 2576/2576/2576 2577/2577/2577 2673/2673/2673
f 2576/2576/2576 2673/2673/2673 2672/2672/2672
f 2577/2577/2577 2578/2578/2578 2674/2674/2674
f 2577/2577/2577 2674/2674/2674 2673/2673/2673
f 2578/2578/2578 2579/2579/2579 2675/2675/2675
f 2578/2578/2578 2675/2675/2675 2674/2674/2674
f 2579/2579/2579 2580/2580/2580 2676/2676/2676
f 2579/2579/2579 2676/2676/2676 2675/2675/2675
f 2580/2580/2580 2581/2581/2581 2677/2677/2677
f 2580/2580/2580 2677/2677/2677 2676/2676/2676
f 2581/2581/2581 2582/2582/2582 2678/2678/2678
f 2581/2581/2581 2678/2678/2678 2677/2677/2677
f 2582/2582/2582 2583/2583/2583 2679/2679/2679
f 2582/2582/2582 2679/2679/2679 2678/2678/2678
f 2583/2583/2583 2584/2584/2584 2680/2680/2680
f 2583/2583/2583 2680/2680/2680 2679/2679/2679
f 2584/2584/2584 2585/2585/2585 2681/2681/2681
f 2584/2584/2584 2681/2681/2681 2680/2680/2680
f 2585/2585/2585 2586/2586/2586 2682/2682/2682
f 2585/2585/2585 2682/2682/2682 2681/2681/2681
f 2586/2586/2586 2587/2587/2587 2683/2683/2683
f 2586/2586/2586 2683/2683/2683 2682/2682/2682
f 2587/2587/2587 2588/2588/2588 2684/2684/2684
f 2587/2587/2587 2684/2684/2684 2683/2683/2683
f 2588/2588/2588 2589/2589/2589 2685/2685/2685
f 2588/2588/2588 2685/2685/2685 2684/2684/2684
f 2589/2589/2589 2590/2590/2590 2686/2686/2686
f 2589/2589/2589 2686/2686/2686 2685/2685/2685
f 2590/2590/2590 2591/2591/2591 2687/2687/2687
f 2590/2590/2590 2687/2687/2687 2686/2686/2686
f 2591/2591/2591 2592/2592/2592 2688/2688/2688
f 2591/2591/2591 2688/2688/2688 2687/2687/2687
f 2592/2592/2592 2497/2497/2497 2593/2593/2593
f 2592/2592/2592 2593/2593/2593 2688/2688/2688
f 2593/2593/2593 2594/2594/2594 2690/2690/2690
f 2593/2593/2593 2690/2690/2690 2689/2689/2689
f 2594/2594/2594 2595/2595/2595 2691/2691/2691
f 2594/2594/2594 2691/2691/2691 2690/2690/2690
f 2595/2595/2595 2596/2596/2596 2692/2692/2692
f 2595/2595/2595 2692/2692/2692 2691/2691/2691
f 2596/2596/2596 2597/2597/2597 2693/2693/2693
f 2596/2596/2596 2693/2693/2693 2692/2692/2692
f 2597/2597/2597 2598/2598/2598 2694/2694/2694
f 2597/2597/2597 2694/2694/2694 2693/2693/2693
f 2598/2598/2598 2599/2599/2599 2695/2695/2695
f 2598/2598/2598 2695/2695/2695 2694/2694/2694
f 2599/2599/2599 2600/2600/2600 2696/2696/2696
f 2599/2599/2599 2696/2696/2696 2695/2695/2695
f 2600/2600/2600 2601/2601/2601 2697/2697/2697
f 2600/2600/2600 2697/2697/2697 2696/2696/2696
f 2601/2601/2601 2602/2602/2602 2698/2698/2698
f 2601/2601/2601 2698/2698/2698 2697/2697/2697
f 2602/2602/2602 2603/2603/2603 2699/2699/2699
f 2602/2602/2602 2699/2699/2699 2698/2698/2698
f 2603/2603/2603 2604/2604/2604 2700/2700/2700
f 2603/2603/2603 2700/2700/2700 2699/2699/2699
f 2604/2604/2604 2605/2605/2605 2701/2701/2701
f 2604/2604/2604 2701/2701/2701 2700/2700/2700
f 2605/2605/2605 2606/2606/2606 2702/2702/2702
f 2605/2605/2605 2702/2702/2702 2701/2701/2701
f 2606/2606/2606 2607/2607/2607 2703/2703/2703
f 2606/2606/2606 2703/2703/2703 2702/2702/2702
f 2607/2607/2607 2608/2608/2608 2704/2704/2704
f 2607/2607/2607 2704/2704/2704 2703/2703/2703
f 2608/2608/2608 2609/2609/2609 2705/2705/2705
f 2608/2608/2608 2705/2705/2705 2704/2704/2704
f 2609/2609/2609 2610/2610/2610 2706/2706/2706
f 2609/2609/2609 2706/2706/2706 2705/2705/2705
f 2610/2610/2610 2611/2611/2611 2707/2707/2707
f 2610/2610/2610 2707/2707/2707 2706/2706/2706
f 2611/2611/2611 2612/2612/2612 2708/2708/2708
f 2611/2611/2611 2708/2708/2708 2707/2707/2707
f 2612/2612/2612 2613/2613/2613 2709/2709/2709
f 2612/2612/2612 2709/2709/2709 2708/2708/2708
f 2613/2613/2613 2614/2614/2614 2710/2710/2710
f 2613/2613/2613 2710/2710/2710 2709/2709/2709
f 2614/2614/2614 2615/2615/2615 2711/2711/2711
f 2614/2614/2614 2711/2711/2711 2710/2710/2710
f 2615/2615/2615 2616/2616/2616 2712/2712/2712
f 2615/2615/2615 2712/2712/2712 2711/2711/2711
f 2616/2616/2616 2617/2617/2617 2713/2713/2713
f 2616/2616/2616 2713/2713/2713 2712/2712/2712
f 2617/2617/2617 2618/2618/2618 2714/2714/2714
f 2617/2617/2617 2714/2714/2714 2713/2713/2713
f 2618/2618/2618 2619/2619/2619 2715/2715/2715
f 2618/2618/2618 2715/2715/2715 2714/2714/2714
f 2619/2619/2619 2620/2620/2620 2716/2716/2716
f 2619/2619/2619 2716/2716/2716 2715/2715/2715
f 2620/2620/2620 2621/2621/2621 2717/2717/2717
f 2620/2620/2620 2717/2717/2717 2716/2716/2716
f 2621/2621/2621 2622/2622/2622 2718/2718/2718
f 2621/2621/2621 2718/2718/2718 2717/2717/2717
f 2622/2622/2622 2623/2623/2623 2719/2719/2719
f 2622/2622/2622 2719/2719/2719 2718/2718/2718
f 2623/2623/2623 2624/2624/2624 2720/2720/2720
f 2623/2623/2623 2720/2720/2720 2719/2719/2719
f 2624/2624/2624 2625/2625/2625 2721/2721/2721
f 2624/2624/2624 2721/2721/2721 2720/2720/2720
f 2625/2625/2625 2626/2626/2626 2722/2722/2722
f 2625/2625/2625 2722/2722/2722 2721/2721/2721
f 2626/2626/2626 2627/2627/2627 2723/2723/2723
f 2626/2626/2626 2723/2723/2723 2722/2722/2722
f 2627/2627/2627 2628/2628/2628 2724/2724/2724
f 2627/2627/2627 2724/2724/2724 2723/2723/2723
f 2628/2628/2628 2629/2629/2629 2725/2725/2725
f 2628/2628/2628 2725/2725/2725 2724/2724/2724
f 2629/2629/2629 2630/2630/2630 2726/2726/2726
f 2629/2629/2629 2726/2726/2726 2725/2725/2725
f 2630/2630/2630 2631/2631/2631 2727/2727/2727
f 2630/2630/2630 2727/2727/2727 2726/2726/2726
f 2631/2631/2631 2632/2632/2632 2728/2728/2728
f 2631/2631/2631 2728/2728/2728 2727/2727/2727
f 2632/2632/2632 2633/2633/2633 2729/2729/2729
f 2632/2632/2632 2729/2729/2729 2728/2728/2728
f 2633/2633/2633 2634/2634/2634 2730/2730/2730
f 2633/2633/2633 2730/2730/2730 2729/2729/2729
f 2634/2634/2634 2635/2635/2635 2731/2731/2731
f 2634/2634/2634 2731/2731/2731 2730/2730/2730
f 2635/2635/2635 2636/2636/2636 2732/2732/2732
f 2635/2635/2635 2732/2732/2732 2731/2731/2731
f 2636/2636/2636 2637/2637/2637 2733/2733/2733
f 2636/2636/2636 2733/2733/2733 2732/2732/2732
f 2637/2637/2637 2638/2638/2638 2734/2734/2734
f 2637/2637/2637 2734/2734/2734 2733/2733/2733
f 2638/2638/2638 2639/2639/2639 2735/2735/2735
f 2638/2638/2638 2735/2735/2735 2734/2734/2734
f 2639/2639/2639 2640/2640/2640 2736/2736/2736
f 2639/2639/2639 2736/2736/2736 2735/2735/2735
f 2640/2640/2640 2641/2641/2641 2737/2737/2737
f 2640/2640/2640 2737/2737/2737 2736/2736/2736
f 2641/2641/2641 2642/2642/2642 2738/2738/2738
f 2641/2641/2641 2738/2738/2738 2737/2737/2737
f 2642/2642/2642 2643/2643/2643 2739/2739/2739
f 2642/2642/2642 2739/2739/2739 2738/2738/2738
f 2643/2643/2643 2644/2644/2644 2740/2740/2740
f 2643/2643/2643 2740/2740/2740 2739/2739/2739
f 2644/2644/2644 2645/2645/2645 2741/2741/2741
f 2644/2644/2644 2741/2741/2741 2740/2740/2740
f 2645/2645/2645 2646/2646/2646 2742/2742/2742
f 2645/2645/2645 2742/2742/2742 2741/2741/2741
f 2646/2646/2646 2647/2647/2647 2743/2743/2743
f 2646/2646/2646 2743/2743/2743 2742/2742/2742
f 2647/2647/2647 2648/2648/2648 2744/2744/2744
f 2647/2647/2647 2744/2744/2744 2743/2743/2743
f 2648/2648/2648 2649/2649/2649 2745/2745/2745
f 2648/2648/2648 2745/2745/2745 2744/2744/2744
f 2649/2649/2649 2650/2650/2650 2746/2746/2746
f 2649/2649/2649 2746/2746/2746 2745/2745/2745
f 2650/2650/2650 2651/2651/2651 2747/2747/2747
f 2650/2650/2650 2747/2747/2747 2746/2746/2746
f 2651/2651/2651 2652/2652/2652 2748/2748/2748
f 2651/2651/2651 2748/2748/2748 2747/2747/2747
f 2652/2652/2652 2653/2653/2653 2749/2749/2749
f 2652/2652/2652 2749/2749/2749 2748/2748/2748
f 2653/2653/2653 2654/2654/2654 2750/2750/2750
f 2653/2653/2653 2750/2750/2750 2749/2749/2749
f 2654/2654/2654 2655/2655/2655 2751/2751/2751
f 2654/2654/2654 2751/2751/2751 2750/2750/2750
f 2655/2655/2655 2656/2656/2656 2752/2752/2752
f 2655/2655/2655 2752/2752/2752 2751/2751/2751
f 2656/2656/2656 2657/2657/2657 2753/2753/2753
f 2656/2656/2656 2753/2753/2753 2752/2752/2752
f 2657/2657/2657 2658/2658/2658 2754/2754/2754
f 2657/2657/2657 2754/2754/2754 2753/2753/2753
f 2658/2658/2658 2659/2659/2659 2755/2755/2755
f 2658/2658/2658 2755/2755/2755 2754/2754/2754
f 2659/2659/2659 2660/2660/2660 2756/2756/2756
f 2659/2659/2659 2756/2756/2756 2755/2755/2755
f 2660/2660/2660 2661/2661/2661 2757/2757/2757
f 2660/2660/2660 2757/2757/2757 2756/2756/2756
f 2661/2661/2661 2662/2662/2662 2758/2758/2758
f 2661/2661/2661 2758/2758/2758 2757/2757/2757
f 2662/2662/2662 2663/2663/2663 2759/2759/2759
f 2662/2662/2662 2759/2759/2759 2758/2758/2758
f 2663/2663/2663 2664/2664/2664 2760/2760/2760
f 2663/2663/2663 2760/2760/2760 2759/2759/2759
f 2664/2664/2664 2665/2665/2665 2761/2761/2761
f 2664/2664/2664 2761/2761/2761 2760/2760/2760
f 2665/2665/2665 2666/2666/2666 2762/2762/2762
f 2665/2665/2665 2762/2762/2762 2761/2761/2761
f 2666/2666/2666 2667/2667/2667 2763/2763/2763
f 2666/2666/2666 2763/2763/2763 2762/2762/2762
f 2667/2667/2667 2668/2668/2668 2764/2764/2764
f 2667/2667/2667 2764/2764/2764 2763/2763/2763
f 2668/2668/2668 2669/2669/2669 2765/2765/2765
f 2668/2668/2668 2765/2765/2765 2764/2764/2764
f 2669/2669/2669 2670/2670/2670 2766/2766/2766
f 2669/2669/2669 2766/2766/2766 2765/2765/2765
f 2670/2670/2670 2671/2671/2671 2767/2767/2767
f 2670/2670/2670 2767/2767/2767 2766/2766/2766
f 2671/2671/2671 2672/2672/2672 2768/2768/2768
f 2671/2671/2671 2768/2768/2768 2767/2767/2767
f 2672/2672/2672 2673/2673/2673 2769/2769/2769
f 2672/2672/2672 2769/2769/2769 2768/2768/2768
f 2673/2673/2673 2674/2674/2674 2770/2770/2770
f 2673/2673/2673 2770/2770/2770 2769/2769/2769
f 2674/2674/2674 2675/2675/2675 2771/2771/2771
f 2674/2674/2674 2771/2771/2771 2770/2770/2770
f 2675/2675/2675 2676/2676/2676 2772/2772/2772
f 2675/2675/2675 2772/2772/2772 2771/2771/2771
f 2676/2676/2676 2677/2677/2677 2773/2773/2773
f 2676/2676/2676 2773/2773/2773 2772/2772/2772
f 2677/2677/2677 2678/2678/2678 2774/2774/2774
f 2677/2677/2677 2774/2774/2774 2773/2773/2773
f 2678/2678/2678 2679/2679/2679 2775/2775/2775
f 2678/2678/2678 2775/2775/2775 2774/2774/2774
f 2679/2679/2679 2680/2680/2680 2776/2776/2776
f 2679/2679/2679 2776/2776/2776 2775/2775/2775
f 2680/2680/2680 2681/2681/2681 2777/2777/2777
f 2680/2680/2680 2777/2777/2777 2776/2776/2776
f 2681/2681/2681 2682/2682/2682 2778/2778/2778
f 2681/2681/2681 2778/2778/2778 2777/2777/2777
f 2682/2682/2682 2683/2683/2683 2779/2779/2779
f 2682/2682/2682 2779/2779/2779 2778/2778/2778
f 2683/2683/2683 2684/2684/2684 2780/2780/2780
f 2683/2683/2683 2780/2780/2780 2779/2779/2779
f 2684/2684/2684 2685/2685/2685 2781/2781/2781
f 2684/2684/2684 2781/2781/2781 2780/2780/2780
f 2685/2685/2685 2686/2686/2686 2782/2782/2782
f 2685/2685/2685 2782/2782/2782 2781/2781/2781
f 2686/2686/2686 2687/2687/2687 2783/2783/2783
f 2686/2686/2686 2783/2783/2783 2782/2782/2782
f 2687/2687/2687 2688/2688/2688 2784/2784/2784
f 2687/2687/2687 2784/2784/2784 2783/2783/2783
f 2688/2688/2688 2593/2593/2593 2689/2689/2689
f 2688/2688/2688 2689/2689/2689 2784/2784/2784
f 2689/2689/2689 2690/2690/2690 2786/2786/2786
f 2689/2689/2689 2786/2786/2786 2785/2785/2785
f 2690/2690/2690 2691/2691/2691 2787/2787/2787
f 2690/2690/2690 2787/2787/2787 2786/2786/2786
f 2691/2691/2691 2692/2692/2692 2788/2788/2788
f 2691/2691/2691 2788/2788/2788 2787/2787/2787
f 2692/2692/2692 2693/2693/2693 2789/2789/2789
f 2692/2692/2692 2789/2789/2789 2788/2788/2788
f 2693/2693/2693 2694/2694/2694 2790/2790/2790
f 2693/2693/2693 2790/2790/2790 2789/2789/2789
f 2694/2694/2694 2695/2695/2695 2791/2791/2791
f 2694/2694/2694 2791/2791/2791 2790/2790/2790
f 2695/2695/2695 2696/2696/2696 2792/2792/2792
f 2695/2695/2695 2792/2792/2792 2791/2791/2791
f 2696/2696/2696 2697/2697/2697 2793/2793/2793
f 2696/2696/2696 2793/2793/2793 2792/2792/2792
f 2697/2697/2697 2698/2698/2698 2794/2794/2794
f 2697/2697/2697 2794/2794/2794 2793/2793/2793
f 2698/2698/2698 2699/2699/2699 2795/2795/2795
f 2698/2698/2698 2795/2795/2795 2794/2794/2794
f 2699/2699/2699 2700/2700/2700 2796/2796/2796
f 2699/2699/2699 2796/2796/2796 2795/2795/2795
f 2700/2700/2700 2701/2701/2701 2797/2797/2797
f 2700/2700/2700 2797/2797/2797 2796/2796/2796
f 2701/2701/2701 2702/2702/2702 2798/2798/2798
f 2701/2701/2701 2798/2798/2798 2797/2797/2797
f 2702/2702/2702 2703/2703/2703 2799/2799/2799
f 2702/2702/2702 2799/2799/2799 2798/2798/2798
f 2703/2703/2703 2704/2704/2704 2800/2800/2800
f 2703/2703/2703 2800/2800/2800 2799/2799/2799
f 2704/2704/2704 2705/2705/2705 2801/2801/2801
f 2704/2704/2704 2801/2801/2801 2800/2800/2800
f 2705/2705/2705 2706/2706/2706 2802/2802/2802
f 2705/2705/2705 2802/2802/2802 2801/2801/2801
f 2706/2706/2706 2707/2707/2707 2803/2803/2803
f 2706/2706/2706 2803/2803/2803 2802/2802/2802
f 2707/2707/2707 2708/2708/2708 2804/2804/2804
f 2707/2707/2707 2804/2804/2804 2803/2803/2803
f 2708/2708/2708 2709/2709/2709 2805/2805/2805
f 2708/2708/2708 2805/2805/2805 2804/2804/2804
f 2709/2709/2709 2710/2710/2710 2806/2806/2806
f 2709/2709/2709 2806/2806/2806 2805/2805/2805
f 2710/2710/2710 2711/2711/2711 2807/2807/2807
f 2710/2710/2710 2807/2807/2807 2806/2806/2806
f 2711/2711/2711 2712/2712/2712 2808/2808/2808
f 2711/2711/2711 2808/2808/2808 2807/2807/2807
f 2712/2712/2712 2713/2713/2713 2809/2809/2809
f 2712/2712/2712 2809/2809/2809 2808/2808/2808
f 2713/2713/2713 2714/2714/2714 2810/2810/2810
f 2713/2713/2713 2810/2810/2810 2809/2809/2809
f 2714/2714/2714 2715/2715/2715 2811/2811/2811
f 2714/2714/2714 2811/2811/2811 2810/2810/2810
f 2715/2715/2715 2716/2716/2716 2812/2812/2812
f 2715/2715/2715 2812/2812/2812 2811/2811/2811
f 2716/2716/2716 2717/2717/2717 2813/2813/2813
f 2716/2716/2716 2813/2813/2813 2812/2812/2812
f 2717/2717/2717 2718/2718/2718 2814/2814/2814
f 2717/2717/2717 2814/2814/2814 2813/2813/2813
f 2718/2718/2718 2719/2719/2719 2815/2815/2815
f 2718/2718/2718 2815/2815/2815 2814/2814/2814
f 2719/2719/2719 2720/2720/2720 2816/2816/2816
f 2719/2719/2719 2816/2816/2816 2815/2815/2815
f 2720/2720/2720 2721/2721/2721 2817/2817/2817
f 2720/2720/2720 2817/2817/2817 2816/2816/2816
f 2721/2721/2721 2722/2722/2722 2818/2818/2818
f 2721/2721/2721 2818/2818/2818 2817/2817/2817
f 2722/2722/2722 2723/2723/2723 2819/2819/2819
f 2722/2722/2722 2819/2819/2819 2818/2818/2818
f 2723/2723/2723 2724/2724/2724 2820/2820/2820
f 2723/2723/2723 2820/2820/2820 2819/2819/2819
f 2724/2724/2724 2725/2725/2725 2821/2821/2821
f 2724/2724/2724 2821/2821/2821 2820/2820/2820
f 2725/2725/2725 2726/2726/2726 2822/2822/2822
f 2725/2725/2725 2822/2822/2822 2821/2821/2821
f 2726/2726/2726 2727/2727/2727 2823/2823/2823
f 2726/2726/2726 2823/2823/2823 2822/2822/2822
f 2727/2727/2727 2728/2728/2728 2824/2824/2824
f 2727/2727/2727 2824/2824/2824 2823/2823/2823
f 2728/2728/2728 2729/2729/2729 2825/2825/2825
f 2728/2728/2728 2825/2825/2825 2824/2824/2824
f 2729/2729/2729 2730/2730/2730 2826/2826/2826
f 2729/2729/2729 2826/2826/2826 2825/2825/2825
f 2730/2730/2730 2731/2731/2731 2827/2827/2827
f 2730/2730/2730 2827/2827/2827 2826/2826/2826
f 2731/2731/2731 2732/2732/2732 2828/2828/2828
f 2731/2731/2731 2828/2828/2828 2827/2827/2827
f 2732/2732/2732 2733/2733/2733 2829/2829/2829
f 2732/2732/2732 2829/2829/2829 2828/2828/2828
f 2733/2733/2733 2734/2734/2734 2830/2830/2830
f 2733/2733/2733 2830/2830/2830 2829/2829/2829
f 2734/2734/2734 2735/2735/2735 2831/2831/2831
f 2734/2734/2734 2831/2831/2831 2830/2830/2830
f 2735/2735/2735 2736/2736/2736 2832/2832/2832
f 2735/2735/2735 2832/2832/2832 2831/2831/2831
f 2736/2736/2736 2737/2737/2737 2833/2833/2833
f 2736/2736/2736 2833/2833/2833 2832/2832/2832
f 2737/2737/2737 2738/2738/2738 2834/2834/2834
f 2737/2737/2737 2834/2834/2834 2833/2833/2833
f 2738/2738/2738 2739/2739/2739 2835/2835/2835
f 2738/2738/2738 2835/2835/2835 2834/2834/2834
f 2739/2739/2739 2740/2740/2740 2836/2836/2836
f 2739/2739/2739 2836/2836/2836 2835/2835/2835
f 2740/2740/2740 2741/2741/2741 2837/2837/2837
f 2740/2740/2740 2837/2837/2837 2836/2836/2836
f 2741/2741/2741 2742/2742/2742 2838/2838/2838
f 2741/2741/2741 2838/2838/2838 2837/2837/2837
f 2742/2742/2742 2743/2743/2743 2839/2839/2839
f 2742/2742/2742 2839/2839/2839 2838/2838/2838
f 2743/2743/2743 2744/2744/2744 2840/2840/2840
f 2743/2743/2743 2840/2840/2840 2839/2839/2839
f 2744/2744/2744 2745/2745/2745 2841/2841/2841
f 2744/2744/2744 2841/2841/2841 2840/2840/2840
f 2745/2745/2745 2746/2746/2746 2842/2842/2842
f 2745/2745/2745 2842/2842/2842 2841/2841/2841
f 2746/2746/2746 2747/2747/2747 2843/2843/2843
f 2746/2746/2746 2843/2843/2843 2842/2842/2842
f 2747/2747/2747 2748/2748/2748 2844/2844/2844
f 2747/2747/2747 2844/2844/2844 2843/2843/2843
f 2748/2748/2748 2749/2749/2749 2845/2845/2845
f 2748/2748/2748 2845/2845/2845 2844/2844/2844
f 2749/2749/2749 2750/2750/2750 2846/2846/2846
f 2749/2749/2749 2846/2846/2846 2845/2845/2845
f 2750/2750/2750 2751/2751/2751 2847/2847/2847
f 2750/2750/2750 2847/2847/2847 2846/2846/2846
f 2751/2751/2751 2752/2752/2752 2848/2848/2848
f 2751/2751/2751 2848/2848/2848 2847/2847/2847
f 2752/2752/2752 2753/2753/2753 2849/2849/2849
f 2752/2752/2752 2849/2849/2849 2848/2848/2848
f 2753/2753/2753 2754/2754/2754 2850/2850/2850
f 2753/2753/2753 2850/2850/2850 2849/2849/2849
f 2754/2754/2754 2755/2755/2755 2851/2851/2851
f 2754/2754/2754 2851/2851/2851 2850/2850/2850
f 2755/2755/2755 2756/2756/2756 2852/2852/2852
f 2755/2755/2755 2852/2852/2852 2851/2851/2851
f 2756/2756/2756 2757/2757/2757 2853/2853/2853
f 2756/2756/2756 2853/2853/2853 2852/2852/2852
f 2757/2757/2757 2758/2758/2758 2854/2854/2854
f 2757/2757/2757 2854/2854/2854 2853/2853/2853
f 2758/2758/2758 2759/2759/2759 2855/2855/2855
f 2758/2758/2758 2855/2855/2855 2854/2854/2854
f 2759/2759/2759 2760/2760/2760 2856/2856/2856
f 2759/2759/2759 2856/2856/2856 2855/2855/2855
f 2760/2760/2760 2761/2761/2761 2857/2857/2857
f 2760/2760/2760 2857/2857/2857 2856/2856/2856
f 2761/2761/2761 2762/2762/2762 2858/2858/2858
f 2761/2761/2761 2858/2858/2858 2857/2857/2857
f 2762/2762/2762 2763/2763/2763 2859/2859/2859
f 2762/2762/2762 2859/2859/2859 2858/2858/2858
f 2763/2763/2763 2764/2764/2764 2860/2860/2860
f 2763/2763/2763 2860/2860/2860 2859/2859/2859
f 2764/2764/2764 2765/2765/2765 2861/2861/2861
f 2764/2764/2764 2861/2861/2861 2860/2860/2860
f 2765/2765/2765 2766/2766/2766 2862/2862/2862
f 2765/2765/2765 2862/2862/2862 2861/2861/2861
f 2766/2766/2766 2767/2767/2767 2863/2863/2863
f 2766/2766/2766 2863/2863/2863 2862/2862/2862
f 2767/2767/2767 2768/2768/2768 2864/2864/2864
f 2767/2767/2767 2864/2864/2864 2863/2863/2863
f 2768/2768/2768 2769/2769/2769 2865/2865/2865
f 2768/2768/2768 2865/2865/2865 2864/2864/2864
f 2769/2769/2769 2770/2770/2770 2866/2866/2866
f 2769/2769/2769 2866/2866/2866 2865/2865/2865
f 2770/2770/2770 2771/2771/2771 2867/2867/2867
f 2770/2770/2770 2867/2867/2867 2866/2866/2866
f 2771/2771/2771 2772/2772/2772 2868/2868/2868
f 2771/2771/2771 2868/2868/2868 2867/2867/2867
f 2772/2772/2772 2773/2773/2773 2869/2869/2869
f 2772/2772/2772 2869/2869/2869 2868/2868/2868
f 2773/2773/2773 2774/2774/2774 2870/2870/2870
f 2773/2773/2773 2870/2870/2870 2869/2869/2869
f 2774/2774/2774 2775/2775/2775 2871/2871/2871
f 2774/2774/2774 2871/2871/2871 2870/2870/2870
f 2775/2775/2775 2776/2776/2776 2872/2872/2872
f 2775/2775/2775 2872/2872/2872 2871/2871/2871
f 2776/2776/2776 2777/2777/2777 2873/2873/2873
f 2776/2776/2776 2873/2873/2873 2872/2872/2872
f 2777/2777/2777 2778/2778/2778 2874/2874/2874
f 2777/2777/2777 2874/2874/2874 2873/2873/2873
f 2778/2778/2778 2779/2779/2779 2875/2875/2875
f 2778/2778/2778 2875/2875/2875 2874/2874/2874
f 2779/2779/2779 2780/2780/2780 2876/2876/2876
f 2779/2779/2779 2876/2876/2876 2875/2875/2875
f 2780/2780/2780 2781/2781/2781 2877/2877/2877
f 2780/2780/2780 2877/2877/2877 2876/2876/2876
f 2781/2781/2781 2782/2782/2782 2878/2878/2878
f 2781/2781/2781 2878/2878/2878 2877/2877/2877
f 2782/2782/2782 2783/2783/2783 2879/2879/2879
f 2782/2782/2782 2879/2879/2879 2878/2878/2878
f 2783/2783/2783 2784/2784/2784 2880/2880/2880
f 2783/2783/2783 2880/2880/2880 2879/2879/2879
f 2784/2784/2784 2689/2689/2689 2785/2785/2785
f 2784/2784/2784 2785/2785/2785 2880/2880/2880
f 2785/2785/2785 2786/2786/2786 2882/2882/2882
f 2785/2785/2785 2882/2882/2882 2881/2881/2881
f 2786/2786/2786 2787/2787/2787 2883/2883/2883
f 2786/2786/2786 2883/2883/2883 2882/2882/2882
f 2787/2787/2787 2788/2788/2788 2884/2884/2884
f 2787/2787/2787 2884/2884/2884 2883/2883/2883
f 2788/2788/2788 2789/2789/2789 2885/2885/2885
f 2788/2788/2788 2885/2885/2885 2884/2884/2884
f 2789/2789/2789 2790/2790/2790 2886/2886/2886
f 2789/2789/2789 2886/2886/2886 2885/2885/2885
f 2790/2790/2790 2791/2791/2791 2887/2887/2887
f 2790/2790/2790 2887/2887/2887 2886/2886/2886
f 2791/2791/2791 2792/2792/2792 2888/2888/2888
f 2791/2791/2791 2888/2888/2888 2887/2887/2887
f 2792/2792/2792 2793/2793/2793 2889/2889/2889
f 2792/2792/2792 2889/2889/2889 2888/2888/2888
f 2793/2793/2793 2794/2794/2794 2890/2890/2890
f 2793/2793/2793 2890/2890/2890 2889/2889/2889
f 2794/2794/2794 2795/2795/2795 2891/2891/2891
f 2794/2794/2794 2891/2891/2891 2890/2890/2890
f 2795/2795/2795 2796/2796/2796 2892/2892/2892
f 2795/2795/2795 2892/2892/2892 2891/2891/2891
f 2796/2796/2796 2797/2797/2797 2893/2893/2893
f 2796/2796/2796 2893/2893/2893 2892/2892/2892
f 2797/2797/2797 2798/2798/2798 2894/2894/2894
f 2797/2797/2797 2894/2894/2894 2893/2893/2893
f 2798/2798/2798 2799/2799/2799 2895/2895/2895
f 2798/2798/2798 2895/2895/2895 2894/2894/2894
f 2799/2799/2799 2800/2800/2800 2896/2896/2896
f 2799/2799/2799 2896/2896/2896 2895/2895/2895
f 2800/2800/2800 2801/2801/2801 2897/2897/2897
f 2800/2800/2800 2897/2897/2897 2896/2896/2896
f 2801/2801/2801 2802/2802/2802 2898/2898/2898
f 2801/2801/2801 2898/2898/2898 2897/2897/2897
f 2802/2802/2802 2803/2803/2803 2899/2899/2899
f 2802/2802/2802 2899/2899/2899 2898/2898/2898
f 2803/2803/2803 2804/2804/2804 2900/2900/2900
f 2803/2803/2803 2900/2900/2900 2899/2899/2899
f 2804/2804/2804 2805/2805/2805 2901/2901/2901
f 2804/2804/2804 2901/2901/2901 2900/2900/2900
f 2805/2805/2805 2806/2806/2806 2902/2902/2902
f 2805/2805/2805 2902/2902/2902 2901/2901/2901
f 2806/2806/2806 2807/2807/2807 2903/2903/2903
f 2806/2806/2806 2903/2903/2903 2902/2902/2902
f 2807/2807/2807 2808/2808/2808 2904/2904/2904
f 2807/2807/2807 2904/2904/2904 2903/2903/2903
f 2808/2808/2808 2809/2809/2809 2905/2905/2905
f 2808/2808/2808 2905/2905/2905 2904/2904/2904
f 2809/2809/2809 2810/2810/2810 2906/2906/2906
f 2809/2809/2809 2906/2906/2906 2905/2905/2905
f 2810/2810/2810 2811/2811/2811 2907/2907/2907
f 2810/2810/2810 2907/2907/2907 2906/2906/2906
f 2811/2811/2811 2812/2812/2812 2908/2908/2908
f 2811/2811/2811 2908/2908/2908 2907/2907/2907
f 2812/2812/2812 2813/2813/2813 2909/2909/2909
f 2812/2812/2812 2909/2909/2909 2908/2908/2908
f 2813/2813/2813 2814/2814/2814 2910/2910/2910
f 2813/2813/2813 2910/2910/2910 2909/2909/2909
f 2814/2814/2814 2815/2815/2815 2911/2911/2911
f 2814/2814/2814 2911/2911/2911 2910/2910/2910
f 2815/2815/2815 2816/2816/2816 2912/2912/2912
f 2815/2815/2815 2912/2912/2912 2911/2911/2911
f 2816/2816/2816 2817/2817/2817 2913/2913/2913
f 2816/2816/2816 2913/2913/2913 2912/2912/2912
f 2817/2817/2817 2818/2818/2818 2914/2914/2914
f 2817/2817/2817 2914/2914/2914 2913/2913/2913
f 2818/2818/2818 2819/2819/2819 2915/2915/2915
f 2818/2818/2818 2915/2915/2915 2914/2914/2914
f 2819/2819/2819 2820/2820/2820 2916/2916/2916
f 2819/2819/2819 2916/2916/2916 2915/2915/2915
f 2820/2820/2820 2821/2821/2821 2917/2917/2917
f 2820/2820/2820 2917/2917/2917 2916/2916/2916
f 2821/2821/2821 2822/2822/2822 2918/2918/2918
f 2821/2821/2821 2918/2918/2918 2917/2917/2917
f 2822/2822/2822 2823/2823/2823 2919/2919/2919
f 2822/2822/2822 2919/2919/2919 2918/2918/2918
f 2823/2823/2823 2824/2824/2824 2920/2920/2920
f 2823/2823/2823 2920/2920/2920 2919/2919/2919
f 2824/2824/2824 2825/2825/2825 2921/2921/2921
f 2824/2824/2824 2921/2921/2921 2920/2920/2920
f 2825/2825/2825 2826/2826/2826 2922/2922/2922
f 2825/2825/2825 2922/2922/2922 2921/2921/2921
f 2826/2826/2826 2827/2827/2827 2923/2923/2923
f 2826/2826/2826 2923/2923/2923 2922/2922/2922
f 2827/2827/2827 2828/2828/2828 2924/2924/2924
f 2827/2827/2827 2924/2924/2924 2923/2923/2923
f 2828/2828/2828 2829/2829/2829 2925/2925/2925
f 2828/2828/2828 2925/2925/2925 2924/2924/2924
f 2829/2829/2829 2830/2830/2830 2926/2926/2926
f 2829/2829/2829 2926/2926/2926 2925/2925/2925
f 2830/2830/2830 2831/2831/2831 2927/2927/2927
f 2830/2830/2830 2927/2927/2927 2926/2926/2926
f 2831/2831/2831 2832/2832/2832 2928/2928/2928
f 2831/2831/2831 2928/2928/2928 2927/2927/2927
f 2832/2832/2832 2833/2833/2833 2929/2929/2929
f 2832/2832/2832 2929/2929/2929 2928/2928/2928
f 2833/2833/2833 2834/2834/2834 2930/2930/2930
f 2833/2833/2833 2930/2930/2930 2929/2929/2929
f 2834/2834/2834 2835/2835/2835 2931/2931/2931
f 2834/2834/2834 2931/2931/2931 2930/2930/2930
f 2835/2835/2835 2836/2836/2836 2932/2932/2932
f 2835/2835/2835 2932/2932/2932 2931/2931/2931
f 2836/2836/2836 2837/2837/2837 2933/2933/2933
f 2836/2836/2836 2933/2933/2933 2932/2932/2932
f 2837/2837/2837 2838/2838/2838 2934/2934/2934
f 2837/2837/2837 2934/2934/2934 2933/2933/2933
f 2838/2838/2838 2839/2839/2839 2935/2935/2935
f 2838/2838/2838 2935/2935/2935 2934/2934/2934
f 2839/2839/2839 2840/2840/2840 2936/2936/2936
f 2839/2839/2839 2936/2936/2936 2935/2935/2935
f 2840/2840/2840 2841/2841/2841 2937/2937/2937
f 2840/2840/2840 2937/2937/2937 2936/2936/2936
f 2841/2841/2841 2842/2842/2842 2938/2938/2938
f 2841/2841/2841 2938/2938/2938 2937/2937/2937
f 2842/2842/2842 2843/2843/2843 2939/2939/2939
f 2842/2842/2842 2939/2939/2939 2938/2938/2938
f 2843/2843/2843 2844/2844/2844 2940/2940/2940
f 2843/2843/2843 2940/2940/2940 2939/2939/2939
f 2844/2844/2844 2845/2845/2845 2941/2941/2941
f 2844/2844/2844 2941/2941/2941 2940/2940/2940
f 2845/2845/2845 2846/2846/2846 2942/2942/2942
f 2845/2845/2845 2942/2942/2942 2941/2941/2941
f 2846/2846/2846 2847/2847/2847 2943/2943/2943
f 2846/2846/2846 2943/2943/2943 2942/2942/2942
f 2847/2847/2847 2848/2848/2848 2944/2944/2944
f 2847/2847/2847 2944/2944/2944 2943/2943/2943
f 2848/2848/2848 2849/2849/2849 2945/2945/2945
f 2848/2848/2848 2945/2945/2945 2944/2944/2944
f 2849/2849/2849 2850/2850/2850 2946/2946/2946
f 2849/2849/2849 2946/2946/2946 2945/2945/2945
f 2850/2850/2850 2851/2851/2851 2947/2947/2947
f 2850/2850/2850 2947/2947/2947 2946/2946/2946
f 2851/2851/2851 2852/2852/2852 2948/2948/2948
f 2851/2851/2851 2948/2948/2948 2947/2947/2947
f 2852/2852/2852 2853/2853/2853 2949/2949/2949
f 2852/2852/2852 2949/2949/2949 2948/2948/2948
f 2853/2853/2853 2854/2854/2854 2950/2950/2950
f 2853/2853/2853 2950/2950/2950 2949/2949/2949
f 2854/2854/2854 2855/2855/2855 2951/2951/2951
f 2854/2854/2854 2951/2951/2951 2950/2950/2950
f 2855/2855/2855 2856/2856/2856 2952/2952/2952
f 2855/2855/2855 2952/2952/2952 2951/2951/2951
f 2856/2856/2856 2857/2857/2857 2953/2953/2953
f 2856/2856/2856 2953/2953/2953 2952/2952/2952
f 2857/2857/2857 2858/2858/2858 2954/2954/2954
f 2857/2857/2857 2954/2954/2954 2953/2953/2953
f 2858/2858/2858 2859/2859/2859 2955/2955/2955
f 2858/2858/2858 2955/2955/2955 2954/2954/2954
f 2859/2859/2859 2860/2860/2860 2956/2956/2956
f 2859/2859/2859 2956/2956/2956 2955/2955/2955
f 2860/2860/2860 2861/2861/2861 2957/2957/2957
f 2860/2860/2860 2957/2957/2957 2956/2956/2956
f 2861/2861/2861 2862/2862/2862 2958/2958/2958
f 2861/2861/2861 2958/2958/2958 2957/2957/2957
f 2862/2862/2862 2863/2863/2863 2959/2959/2959
f 2862/2862/2862 2959/2959/2959 2958/2958/2958
f 2863/2863/2863 2864/2864/2864 2960/2960/2960
f 2863/2863/2863 2960/2960/2960 2959/2959/2959
f 2864/2864/2864 2865/2865/2865 2961/2961/2961
f 2864/2864/2864 2961/2961/2961 2960/2960/2960
f 2865/2865/2865 2866/2866/2866 2962/2962/2962
f 2865/2865/2865 2962/2962/2962 2961/2961/2961
f 2866/2866/2866 2867/2867/2867 2963/2963/2963
f 2866/2866/2866 2963/2963/2963 2962/2962/2962
f 2867/2867/2867 2868/2868/2868 2964/2964/2964
f 2867/2867/2867 2964/2964/2964 2963/2963/2963
f 2868/2868/2868 2869/2869/2869 2965/2965/2965
f 2868/2868/2868 2965/2965/2965 2964/2964/2964
f 2869/2869/2869 2870/2870/2870 2966/2966/2966
f 2869/2869/2869 2966/2966/2966 2965/2965/2965
f 2870/2870/2870 2871/2871/2871 2967/2967/2967
f 2870/2870/2870 2967/2967/2967 2966/2966/2966
f 2871/2871/2871 2872/2872/2872 2968/2968/2968
f 2871/2871/2871 2968/2968/2968 2967/2967/2967
f 2872/2872/2872 2873/2873/2873 2969/2969/2969
f 2872/2872/2872 2969/2969/2969 2968/2968/2968
f 2873/2873/2873 2874/2874/2874 2970/2970/2970
f 2873/2873/2873 2970/2970/2970 2969/2969/2969
f 2874/2874/2874 2875/2875/2875 2971/2971/2971
f 2874/2874/2874 2971/2971/2971 2970/2970/2970
f 2875/2875/2875 2876/2876/2876 2972/2972/2972
f 2875/2875/2875 2972/2972/2972 2971/2971/2971
f 2876/2876/2876 2877/2877/2877 2973/2973/2973
f 2876/2876/2876 2973/2973/2973 2972/2972/2972
f 2877/2877/2877 2878/2878/2878 2974/2974/2974
f 2877/2877/2877 2974/2974/2974 2973/2973/2973
f 2878/2878/2878 2879/2879/2879 2975/2975/2975
f 2878/2878/2878 2975/2975/2975 2974/2974/2974
f 2879/2879/2879 2880/2880/2880 2976/2976/2976
f 2879/2879/2879 2976/2976/2976 2975/2975/2975
f 2880/2880/2880 2785/2785/2785 2881/2881/2881
f 2880/2880/2880 2881/2881/2881 2976/2976/2976
f 2881/2881/2881 2882/2882/2882 2978/2978/2978
f 2881/2881/2881 2978/2978/2978 2977/2977/2977
f 2882/2882/2882 2883/2883/2883 2979/2979/2979
f 2882/2882/2882 2979/2979/2979 2978/2978/2978
f 2883/2883/2883 2884/2884/2884 2980/2980/2980
f 2883/2883/2883 2980/2980/2980 2979/2979/2979
f 2884/2884/2884 2885/2885/2885 2981/2981/2981
f 2884/2884/2884 2981/2981/2981 2980/2980/2980
f 2885/2885/2885 2886/2886/2886 2982/2982/2982
f 2885/2885/2885 2982/2982/2982 2981/2981/2981
f 2886/2886/2886 2887/2887/2887 2983/2983/2983
f 2886/2886/2886 2983/2983/2983 2982/2982/2982
f 2887/2887/2887 2888/2888/2888 2984/2984/2984
f 2887/2887/2887 2984/2984/2984 2983/2983/2983
f 2888/2888/2888 2889/2889/2889 2985/2985/2985
f 2888/2888/2888 2985/2985/2985 2984/2984/2984
f 2889/2889/2889 2890/2890/2890 2986/2986/2986
f 2889/2889/2889 2986/2986/2986 2985/2985/2985
f 2890/2890/2890 2891/2891/2891 2987/2987/2987
f 2890/2890/2890 2987/2987/2987 2986/2986/2986
f 2891/2891/2891 2892/2892/2892 2988/2988/2988
f 2891/2891/2891 2988/2988/2988 2987/2987/2987
f 2892/2892/2892 2893/2893/2893 2989/2989/2989
f 2892/2892/2892 2989/2989/2989 2988/2988/2988
f 2893/2893/2893 2894/2894/2894 2990/2990/2990
f 2893/2893/2893 2990/2990/2990 2989/2989/2989
f 2894/2894/2894 2895/2895/2895 2991/2991/2991
f 2894/2894/2894 2991/2991/2991 2990/2990/2990
f 2895/2895/2895 2896/2896/2896 2992/2992/2992
f 2895/2895/2895 2992/2992/2992 2991/2991/2991
f 2896/2896/2896 2897/2897/2897 2993/2993/2993
f 2896/2896/2896 2993/2993/2993 2992/2992/2992
f 2897/2897/2897 2898/2898/2898 2994/2994/2994
f 2897/2897/2897 2994/2994/2994 2993/2993/2993
f 2898/2898/2898 2899/2899/2899 2995/2995/2995
f 2898/2898/2898 2995/2995/2995 2994/2994/2994
f 2899/2899/2899 2900/2900/2900 2996/2996/2996
f 2899/2899/2899 2996/2996/2996 2995/2995/2995
f 2900/2900/2900 2901/2901/2901 2997/2997/2997
f 2900/2900/2900 2997/2997/2997 2996/2996/2996
f 2901/2901/2901 2902/2902/2902 2998/2998/2998
f 2901/2901/2901 2998/2998/2998 2997/2997/2997
f 2902/2902/2902 2903/2903/2903 2999/2999/2999
f 2902/2902/2902 2999/2999/2999 2998/2998/2998
f 2903/2903/2903 2904/2904/2904 3000/3000/3000
f 2903/2903/2903 3000/3000/3000 2999/2999/2999
f 2904/2904/2904 2905/2905/2905 3001/3001/3001
f 2904/2904/2904 3001/3001/3001 3000/3000/3000
f 2905/2905/2905 2906/2906/2906 3002/3002/3002
f 2905/2905/2905 3002/3002/3002 3001/3001/3001
f 2906/2906/2906 2907/2907/2907 3003/3003/3003
f 2906/2906/2906 3003/3003/3003 3002/3002/3002
f 2907/2907/2907 2908/2908/2908 3004/3004/3004
f 2907/2907/2907 3004/3004/3004 3003/3003/3003
f 2908/2908/2908 2909/2909/2909 3005/3005/3005
f 2908/2908/2908 3005/3005/3005 3004/3004/3004
f 2909/2909/2909 2910/2910/2910 3006/3006/3006
f 2909/2909/2909 3006/3006/3006 3005/3005/3005
f 2910/2910/2910 2911/2911/2911 3007/3007/3007
f 2910/2910/2910 3007/3007/3007 3006/3006/3006
f 2911/2911/2911 2912/2912/2912 3008/3008/3008
f 2911/2911/2911 3008/3008/3008 3007/3007/3007
f 2912/2912/2912 2913/2913/2913 3009/3009/3009
f 2912/2912/2912 3009/3009/3009 3008/3008/3008
f 2913/2913/2913 2914/2914/2914 3010/3010/3010
f 2913/2913/2913 3010/3010/3010 3009/3009/3009
f 2914/2914/2914 2915/2915/2915 3011/3011/3011
f 2914/2914/2914 3011/3011/3011 3010/3010/3010
f 2915/2915/2915 2916/2916/2916 3012/3012/3012
f 2915/2915/2915 3012/3012/3012 3011/3011/3011
f 2916/2916/2916 2917/2917/2917 3013/3013/3013
f 2916/2916/2916 3013/3013/3013 3012/3012/3012
f 2917/2917/2917 2918/2918/2918 3014/3014/3014
f 2917/2917/2917 3014/3014/3014 3013/3013/3013
f 2918/2918/2918 2919/2919/2919 3015/3015/3015
f 2918/2918/2918 3015/3015/3015 3014/3014/3014
f 2919/2919/2919 2920/2920/2920 3016/3016/3016
f 2919/2919/2919 3016/3016/3016 3015/3015/3015
f 2920/2920/2920 2921/2921/2921 3017/3017/3017
f 2920/2920/2920 3017/3017/3017 3016/3016/3016
f 2921/2921/2921 2922/2922/2922 3018/3018/3018
f 2921/2921/2921 3018/3018/3018 3017/3017/3017
f 2922/2922/2922 2923/2923/2923 3019/3019/3019
f 2922/2922/2922 3019/3019/3019 3018/3018/3018
f 2923/2923/2923 2924/2924/2924 3020/3020/3020
f 2923/2923/2923 3020/3020/3020 3019/3019/3019
f 2924/2924/2924 2925/2925/2925 3021/3021/3021
f 2924/2924/2924 3021/3021/3021 3020/3020/3020
f 2925/2925/2925 2926/2926/2926 3022/3022/3022
f 2925/2925/2925 3022/3022/3022 3021/3021/3021
f 2926/2926/2926 2927/2927/2927 3023/3023/3023
f 2926/2926/2926 3023/3023/3023 3022/3022/3022
f 2927/2927/2927 2928/2928/2928 3024/3024/3024
f 2927/2927/2927 3024/3024/3024 3023/3023/3023
f 2928/2928/2928 2929/2929/2929 3025/3025/3025
f 2928/2928/2928 3025/3025/3025 3024/3024/3024
f 2929/2929/2929 2930/2930/2930 3026/3026/3026
f 2929/2929/2929 3026/3026/3026 3025/3025/3025
f 2930/2930/2930 2931/2931/2931 3027/3027/3027
f 2930/2930/2930 3027/3027/3027 3026/3026/3026
f 2931/2931/2931 2932/2932/2932 3028/3028/3028
f 2931/2931/2931 3028/3028/3028 3027/3027/3027
f 2932/2932/2932 2933/2933/2933 3029/3029/3029
f 2932/2932/2932 3029/3029/3029 3028/3028/3028
f 2933/2933/2933 2934/2934/2934 3030/3030/3030
f 2933/2933/2933 3030/3030/3030 3029/3029/3029
f 2934/2934/2934 2935/2935/2935 3031/3031/3031
f 2934/2934/2934 3031/3031/3031 3030/3030/3030
f 2935/2935/2935 2936/2936/2936 3032/3032/3032
f 2935/2935/2935 3032/3032/3032 3031/3031/3031
f 2936/2936/2936 2937/2937/2937 3033/3033/3033
f 2936/2936/2936 3033/3033/3033 3032/3032/3032
f 2937/2937/2937 2938/2938/2938 3034/3034/3034
f 2937/2937/2937 3034/3034/3034 3033/3033/3033
f 2938/2938/2938 2939/2939/2939 3035/3035/3035
f 2938/2938/2938 3035/3035/3035 3034/3034/3034
f 2939/2939/2939 2940/2940/2940 3036/3036/3036
f 2939/2939/2939 3036/3036/3036 3035/3035/3035
f 2940/2940/2940 2941/2941/2941 3037/3037/3037
f 2940/2940/2940 3037/3037/3037 3036/3036/3036
f 2941/2941/2941 2942/2942/2942 3038/3038/3038
f 2941/2941/2941 3038/3038/3038 3037/3037/3037
f 2942/2942/2942 2943/2943/2943 3039/3039/3039
f 2942/2942/2942 3039/3039/3039 3038/3038/3038
f 2943/2943/2943 2944/2944/2944 3040/3040/3040
f 2943/2943/2943 3040/3040/3040 3039/3039/3039
f 2944/2944/2944 2945/2945/2945 3041/3041/3041
f 2944/2944/2944 3041/3041/3041 3040/3040/3040
f 2945/2945/2945 2946/2946/2946 3042/3042/3042
f 2945/2945/2945 3042/3042/3042 3041/3041/3041
f 2946/2946/2946 2947/2947/2947 3043/3043/3043
f 2946/2946/2946 3043/3043/3043 3042/3042/3042
f 2947/2947/2947 2948/2948/2948 3044/3044/3044
f 2947/2947/2947 3044/3044/3044 3043/3043/3043
f 2948/2948/2948 2949/2949/2949 3045/3045/3045
f 2948/2948/2948 3045/3045/3045 3044/3044/3044
f 2949/2949/2949 2950/2950/2950 3046/3046/3046
f 2949/2949/2949 3046/3046/3046 3045/3045/3045
f 2950/2950/2950 2951/2951/2951 3047/3047/3047
f 2950/2950/2950 3047/3047/3047 3046/3046/3046
f 2951/2951/2951 2952/2952/2952 3048/3048/3048
f 2951/2951/2951 3048/3048/3048 3047/3047/3047
f 2952/2952/2952 2953/2953/2953 3049/3049/3049
f 2952/2952/2952 3049/3049/3049 3048/3048/3048
f 2953/2953/2953 2954/2954/2954 3050/3050/3050
f 2953/2953/2953 3050/3050/3050 3049/3049/3049
f 2954/2954/2954 2955/2955/2955 3051/3051/3051
f 2954/2954/2954 3051/3051/3051 3050/3050/3050
f 2955/2955/2955 2956/2956/2956 3052/3052/3052
f 2955/2955/2955 3052/3052/3052 3051/3051/3051
f 2956/2956/2956 2957/2957/2957 3053/3053/3053
f 2956/2956/2956 3053/3053/3053 3052/3052/3052
f 2957/2957/2957 2958/2958/2958 3054/3054/3054
f 2957/2957/2957 3054/3054/3054 3053/3053/3053
f 2958/2958/2958 2959/2959/2959 3055/3055/3055
f 2958/2958/2958 3055/3055/3055 3054/3054/3054
f 2959/2959/2959 2960/2960/2960 3056/3056/3056
f 2959/2959/2959 3056/3056/3056 3055/3055/3055
f 2960/2960/2960 2961/2961/2961 3057/3057/3057
f 2960/2960/2960 3057/3057/3057 3056/3056/3056
f 2961/2961/2961 2962/2962/2962 3058/3058/3058
f 2961/2961/2961 3058/3058/3058 3057/3057/3057
f 2962/2962/2962 2963/2963/2963 3059/3059/3059
f 2962/2962/2962 3059/3059/3059 3058/3058/3058
f 2963/2963/2963 2964/2964/2964 3060/3060/3060
f 2963/2963/2963 3060/3060/3060 3059/3059/3059
f 2964/2964/2964 2965/2965/2965 3061/3061/3061
f 2964/2964/2964 3061/3061/3061 3060/3060/3060
f 2965/2965/2965 2966/2966/2966 3062/3062/3062
f 2965/2965/2965 3062/3062/3062 3061/3061/3061
f 2966/2966/2966 2967/2967/2967 3063/3063/3063
f 2966/2966/2966 3063/3063/3063 3062/3062/3062
f 2967/2967/2967 2968/2968/2968 3064/3064/3064
f 2967/2967/2967 3064/3064/3064 3063/3063/3063
f 2968/2968/2968 2969/2969/2969 3065/3065/3065
f 2968/2968/2968 3065/3065/3065 3064/3064/3064
f 2969/2969/2969 2970/2970/2970 3066/3066/3066
f 2969/2969/2969 3066/3066/3066 3065/3065/3065
f 2970/2970/2970 2971/2971/2971 3067/3067/3067
f 2970/2970/2970 3067/3067/3067 3066/3066/3066
f 2971/2971/2971 2972/2972/2972 3068/3068/3068
f 2971/2971/2971 3068/3068/3068 3067/3067/3067
f 2972/2972/2972 2973/2973/2973 3069/3069/3069
f 2972/2972/2972 3069/3069/3069 3068/3068/3068
f 2973/2973/2973 2974/2974/2974 3070/3070/3070
f 2973/2973/2973 3070/3070/3070 3069/3069/3069
f 2974/2974/2974 2975/2975/2975 3071/3071/3071
f 2974/2974/2974 3071/3071/3071 3070/3070/3070
f 2975/2975/2975 2976/2976/2976 3072/3072/3072
f 2975/2975/2975 3072/3072/3072 3071/3071/3071
f 2976/2976/2976 2881/2881/2881 2977/2977/2977
f 2976/2976/2976 2977/2977/2977 3072/3072/3072
f 2977/2977/2977 2978/2978/2978 3073/3073/3073
f 2978/2978/2978 2979/2979/2979 3073/3073/3073
f 2979/2979/2979 2980/2980/2980 3073/3073/3073
f 2980/2980/2980 2981/2981/2981 3073/3073/3073
f 2981/2981/2981 2982/2982/2982 3073/3073/3073
f 2982/2982/2982 2983/2983/2983 3073/3073/3073
f 2983/2983/2983 2984/2984/2984 3073/3073/3073
f 2984/2984/2984 2985/2985/2985 3073/3073/3073
f 2985/2985/2985 2986/2986/2986 3073/3073/3073
f 2986/2986/2986 2987/2987/2987 3073/3073/3073
f 2987/2987/2987 2988/2988/2988 3073/3073/3073
f 2988/2988/2988 2989/2989/2989 3073/3073/3073
f 2989/2989/2989 2990/2990/2990 3073/3073/3073
f 2990/2990/2990 2991/2991/2991 3073/3073/3073
f 2991/2991/2991 2992/2992/2992 3073/3073/3073
f 2992/2992/2992 2993/2993/2993 3073/3073/3073
f 2993/2993/2993 2994/2994/2994 3073/3073/3073
f 2994/2994/2994 2995/2995/2995 3073/3073/3073
f 2995/2995/2995 2996/2996/2996 3073/3073/3073
f 2996/2996/2996 2997/2997/2997 3073/3073/3073
f 2997/2997/2997 2998/2998/2998 3073/3073/3073
f 2998/2998/2998 2999/2999/2999 3073/3073/3073
f 2999/2999/2999 3000/3000/3000 3073/3073/3073
f 3000/3000/3000 3001/3001/3001 3073/3073/3073
f 3001/3001/3001 3002/3002/3002 3073/3073/3073
f 3002/3002/3002 3003/3003/3003 3073/3073/3073
f 3003/3003/3003 3004/3004/3004 3073/3073/3073
f 3004/3004/3004 3005/3005/3005 3073/3073/3073
f 3005/3005/3005 3006/3006/3006 3073/3073/3073
f 3006/3006/3006 3007/3007/3007 3073/3073/3073
f 3007/3007/3007 3008/3008/3008 3073/3073/3073
f 3008/3008/3008 3009/3009/3009 3073/3073/3073
f 3009/3009/3009 3010/3010/3010 3073/3073/3073
f 3010/3010/3010 3011/3011/3011 3073/3073/3073
f 3011/3011/3011 3012/3012/3012 3073/3073/3073
f 3012/3012/3012 3013/3013/3013 3073/3073/3073
f 3013/3013/3013 3014/3014/3014 3073/3073/3073
f 3014/3014/3014 3015/3015/3015 3073/3073/3073
f 3015/3015/3015 3016/3016/3016 3073/3073/3073
f 3016/3016/3016 3017/3017/3017 3073/3073/3073
f 3017/3017/3017 3018/3018/3018 3073/3073/3073
f 3018/3018/3018 3019/3019/3019 3073/3073/3073
f 3019/3019/3019 3020/3020/3020 3073/3073/3073
f 3020/3020/3020 3021/3021/3021 3073/3073/3073
f 3021/3021/3021 3022/3022/3022 3073/3073/3073
f 3022/3022/3022 3023/3023/3023 3073/3073/3073
f 3023/3023/3023 3024/3024/3024 3073/3073/3073
f 3024/3024/3024 3025/3025/3025 3073/3073/3073
f 3025/3025/3025 3026/3026/3026 3073/3073/3073
f 3026/3026/3026 3027/3027/3027 3073/3073/3073
f 3027/3027/3027 3028/3028/3028 3073/3073/3073
f 3028/3028/3028 3029/3029/3029 3073/3073/3073
f 3029/3029/3029 3030/3030/3030 3073/3073/3073
f 3030/3030/3030 3031/3031/3031 3073/3073/3073
f 3031/3031/3031 3032/3032/3032 3073/3073/3073
f 3032/3032/3032 3033/3033/3033 3073/3073/3073
f 3033/3033/3033 3034/3034/3034 3073/3073/3073
f 3034/3034/3034 3035/3035/3035 3073/3073/3073
f 3035/3035/3035 3036/3036/3036 3073/3073/3073
f 3036/3036/3036 3037/3037/3037 3073/3073/3073
f 3037/3037/3037 3038/3038/3038 3073/3073/3073
f 3038/3038/3038 3039/3039/3039 3073/3073/3073
f 3039/3039/3039 3040/3040/3040 3073/3073/3073
f 3040/3040/3040 3041/3041/3041 3073/3073/3073
f 3041/3041/3041 3042/3042/3042 3073/3073/3073
f 3042/3042/3042 3043/3043/3043 3073/3073/3073
f 3043/3043/3043 3044/3044/3044 3073/3073/3073
f 3044/3044/3044 3045/3045/3045 3073/3073/3073
f 3045/3045/3045 3046/3046/3046 3073/3073/3073
f 3046/3046/3046 3047/3047/3047 3073/3073/3073
f 3047/3047/3047 3048/3048/3048 3073/3073/3073
f 3048/3048/3048 3049/3049/3049 3073/3073/3073
f 3049/3049/3049 3050/3050/3050 3073/3073/3073
f 3050/3050/3050 3051/3051/3051 3073/3073/3073
f 3051/3051/3051 3052/3052/3052 3073/3073/3073
f 3052/3052/3052 3053/3053/3053 3073/3073/3073
f 3053/3053/3053 3054/3054/3054 3073/3073/3073
f 3054/3054/3054 3055/3055/3055 3073/3073/3073
f 3055/3055/3055 3056/3056/3056 3073/3073/3073
f 3056/3056/3056 3057/3057/3057 3073/3073/3073
f 3057/3057/3057 3058/3058/3058 3073/3073/3073
f 3058/3058/3058 3059/3059/3059 3073/3073/3073
f 3059/3059/3059 3060/3060/3060 3073/3073/3073
f 3060/3060/3060 3061/3061/3061 3073/3073/3073
f 3061/3061/3061 3062/3062/3062 3073/3073/3073
f 3062/3062/3062 3063/3063/3063 3073/3073/3073
f 3063/3063/3063 3064/3064/3064 3073/3073/3073
f 3064/3064/3064 3065/3065/3065 3073/3073/3073
f 3065/3065/3065 3066/3066/3066 3073/3073/3073
f 3066/3066/3066 3067/3067/3067 3073/3073/3073
f 3067/3067/3067 3068/3068/3068 3073/3073/3073
f 3068/3068/3068 3069/3069/3069 3073/3073/3073
f 3069/3069/3069 3070/3070/3070 3073/3073/3073
f 3070/3070/3070 3071/3071/3071 3073/3073/3073
f 3071/3071/3071 3072/3072/3072 3073/3073/3073
f 3072/3072/3072 2977/2977/2977 3073/3073/3073
f 2/2/2 1/1/1 3074/3074/3074
f 3/3/3 2/2/2 3074/3074/3074
f 4/4/4 3/3/3 3074/3074/3074
f 5/5/5 4/4/4 3074/3074/3074
f 6/6/6 5/5/5 3074/3074/3074
f 7/7/7 6/6/6 3074/3074/3074
f 8/8/8 7/7/7 3074/3074/3074
f 9/9/9 8/8/8 3074/3074/3074
f 10/10/10 9/9/9 3074/3074/3074
f 11/11/11 10/10/10 3074/3074/3074
f 12/12/12 11/11/11 3074/3074/3074
f 13/13/13 12/12/12 3074/3074/3074
f 14/14/14 13/13/13 3074/3074/3074
f 15/15/15 14/14/14 3074/3074/3074
f 16/16/16 15/15/15 3074/3074/3074
f 17/17/17 16/16/16 3074/3074/3074
f 18/18/18 17/17/17 3074/3074/3074
f 19/19/19 18/18/18 3074/3074/3074
f 20/20/20 19/19/19 3074/3074/3074
f 21/21/21 20/20/20 3074/3074/3074
f 22/22/22 21/21/21 3074/3074/3074
f 23/23/23 22/22/22 3074/3074/3074
f 24/24/24 23/23/23 3074/3074/3074
f 25/25/25 24/24/24 3074/3074/3074
f 26/26/26 25/25/25 3074/3074/3074
f 27/27/27 26/26/26 3074/3074/3074
f 28/28/28 27/27/27 3074/3074/3074
f 29/29/29 28/28/28 3074/3074/3074
f 30/30/30 29/29/29 3074/3074/3074
f 31/31/31 30/30/30 3074/3074/3074
f 32/32/32 31/31/31 3074/3074/3074
f 33/33/33 32/32/32 3074/3074/3074
f 34/34/34 33/33/33 3074/3074/3074
f 35/35/35 34/34/34 3074/3074/3074
f 36/36/36 35/35/35 3074/3074/3074
f 37/37/37 36/36/36 3074/3074/3074
f 38/38/38 37/37/37 3074/3074/3074
f 39/39/39 38/38/38 3074/3074/3074
f 40/40/40 39/39/39 3074/3074/3074
f 41/41/41 40/40/40 3074/3074/3074
f 42/42/42 41/41/41 3074/3074/3074
f 43/43/43 42/42/42 3074/3074/3074
f 44/44/44 43/43/43 3074/3074/3074
f 45/45/45 44/44/44 3074/3074/3074
f 46/46/46 45/45/45 3074/3074/3074
f 47/47/47 46/46/46 3074/3074/3074
f 48/48/48 47/47/47 3074/3074/3074
f 49/49/49 48/48/48 3074/3074/3074
f 50/50/50 49/49/49 3074/3074/3074
f 51/51/51 50/50/50 3074/3074/3074
f 52/52/52 51/51/51 3074/3074/3074
f 53/53/53 52/52/52 3074/3074/3074
f 54/54/54 53/53/53 3074/3074/3074
f 55/55/55 54/54/54 3074/3074/3074
f 56/56/56 55/55/55 3074/3074/3074
f 57/57/57 56/56/56 3074/3074/3074
f 58/58/58 57/57/57 3074/3074/3074
f 59/59/59 58/58/58 3074/3074/3074
f 60/60/60 59/59/59 3074/3074/3074
f 61/61/61 60/60/60 3074/3074/3074
f 62/62/62 61/61/61 3074/3074/3074
f 63/63/63 62/62/62 3074/3074/3074
f 64/64/64 63/63/63 3074/3074/3074
f 65/65/65 64/64/64 3074/3074/3074
f 66/66/66 65/65/65 3074/3074/3074
f 67/67/67 66/66/66 3074/3074/3074
f 68/68/68 67/67/67 3074/3074/3074
f 69/69/69 68/68/68 3074/3074/3074
f 70/70/70 69/69/69 3074/3074/3074
f 71/71/71 70/70/70 3074/3074/3074
f 72/72/72 71/71/71 3074/3074/3074
f 73/73/73 72/72/72 3074/3074/3074
f 74/74/74 73/73/73 3074/3074/3074
f 75/75/75 74/74/74 3074/3074/3074
f 76/76/76 75/75/75 3074/3074/3074
f 77/77/77 76/76/76 3074/3074/3074
f 78/78/78 77/77/77 3074/3074/3074
f 79/79/79 78/78/78 3074/3074/3074
f 80/80/80 79/79/79 3074/3074/3074
f 81/81/81 80/80/80 3074/3074/3074
f 82/82/82 81/81/81 3074/3074/3074
f 83/83/83 82/82/82 3074/3074/3074
f 84/84/84 83/83/83 3074/3074/3074
f 85/85/85 84/84/84 3074/3074/3074
f 86/86/86 85/85/85 3074/3074/3074
f 87/87/87 86/86/86 3074/3074/3074
f 88/88/88 87/87/87 3074/3074/3074
f 89/89/89 88/88/88 3074/3074/3074
f 90/90/90 89/89/89 3074/3074/3074
f 91/91/91 90/90/90 3074/3074/3074
f 92/92/92 91/91/91 3074/3074/3074
f 93/93/93 92/92/92 3074/3074/3074
f 94/94/94 93/93/93 3074/3074/3074
f 95/95/95 94/94/94 3074/3074/3074
f 96/96/96 95/95/95 3074/3074/3074
f 1/1/1 96/96/96 3074/3074/3074