# 3D Model  V:2050 F:4096

v 0.275132 -0.500000 -0.283560
v 0.243480 -0.500000 -0.300448
v 0.210260 -0.500000 -0.315078
v 0.175703 -0.500000 -0.327435
v 0.140041 -0.500000 -0.337505
v 0.103508 -0.500000 -0.345274
v 0.066337 -0.500000 -0.350727
v 0.028759 -0.500000 -0.353850
v -0.008993 -0.500000 -0.354629
v -0.046685 -0.500000 -0.353049
v -0.084086 -0.500000 -0.349097
v -0.120962 -0.500000 -0.342758
v -0.157082 -0.500000 -0.334017
v -0.192212 -0.500000 -0.322861
v -0.226120 -0.500000 -0.309274
v -0.258573 -0.500000 -0.293244
v -0.289338 -0.500000 -0.274755
v -0.303415 -0.500000 -0.242153
v -0.316476 -0.500000 -0.208345
v -0.328348 -0.500000 -0.173522
v -0.338858 -0.500000 -0.137876
v -0.347832 -0.500000 -0.101599
v -0.355097 -0.500000 -0.064882
v -0.360479 -0.500000 -0.027916
v -0.363805 -0.500000 0.009105
v -0.364902 -0.500000 0.045992
v -0.363596 -0.500000 0.082553
v -0.359713 -0.500000 0.118595
v -0.353081 -0.500000 0.153927
v -0.343525 -0.500000 0.188358
v -0.330873 -0.500000 0.221696
v -0.314951 -0.500000 0.253750
v -0.295585 -0.500000 0.284327
v -0.263102 -0.500000 0.303104
v -0.229023 -0.500000 0.318782
v -0.193566 -0.500000 0.331473
v -0.156946 -0.500000 0.341290
v -0.119379 -0.500000 0.348347
v -0.081083 -0.500000 0.352755
v -0.042273 -0.500000 0.354629
v -0.003166 -0.500000 0.354081
v 0.036022 -0.500000 0.351224
v 0.075075 -0.500000 0.346171
v 0.113777 -0.500000 0.339036
v 0.151911 -0.500000 0.329931
v 0.189260 -0.500000 0.318969
v 0.225609 -0.500000 0.306263
v 0.260741 -0.500000 0.291927
v 0.294439 -0.500000 0.276073
v 0.314937 -0.500000 0.246081
v 0.331633 -0.500000 0.214340
v 0.344723 -0.500000 0.181083
v 0.354400 -0.500000 0.146542
v 0.360859 -0.500000 0.110948
v 0.364295 -0.500000 0.074535
v 0.364902 -0.500000 0.037535
v 0.362874 -0.500000 0.000180
v 0.358406 -0.500000 -0.037298
v 0.351692 -0.500000 -0.074666
v 0.342927 -0.500000 -0.111692
v 0.332304 -0.500000 -0.148144
v 0.320019 -0.500000 -0.183788
v 0.306266 -0.500000 -0.218394
v 0.291238 -0.500000 -0.251729
v 0.304648 -0.467742 -0.313980
v 0.269601 -0.467742 -0.332680
v 0.232817 -0.467742 -0.348880
v 0.194552 -0.467742 -0.362563
v 0.155065 -0.467742 -0.373713
v 0.114613 -0.467742 -0.382315
v 0.073453 -0.467742 -0.388353
v 0.031844 -0.467742 -0.391812
v -0.009957 -0.467742 -0.392674
v -0.051694 -0.467742 -0.390925
v -0.093107 -0.467742 -0.386549
v -0.133939 -0.467742 -0.379529
v -0.173934 -0.467742 -0.369851
v -0.212833 -0.467742 -0.357498
v -0.250378 -0.467742 -0.342454
v -0.286313 -0.467742 -0.324704
v -0.320379 -0.467742 -0.304231
v -0.335965 -0.467742 -0.268132
v -0.350428 -0.467742 -0.230696
v -0.363574 -0.467742 -0.192138
v -0.375211 -0.467742 -0.152668
v -0.385148 -0.467742 -0.112499
v -0.393192 -0.467742 -0.071842
v -0.399152 -0.467742 -0.030911
v -0.402835 -0.467742 0.010082
v -0.404049 -0.467742 0.050926
v -0.402603 -0.467742 0.091409
v -0.398304 -0.467742 0.131318
v -0.390960 -0.467742 0.170441
v -0.380379 -0.467742 0.208566
v -0.366370 -0.467742 0.245480
v -0.348739 -0.467742 0.280972
v -0.327296 -0.467742 0.314830
v -0.291327 -0.467742 0.335622
v -0.253593 -0.467742 0.352982
v -0.214332 -0.467742 0.367034
v -0.173783 -0.467742 0.377904
v -0.132187 -0.467742 0.385718
v -0.089782 -0.467742 0.390599
v -0.046808 -0.467742 0.392674
v -0.003506 -0.467742 0.392067
v 0.039887 -0.467742 0.388904
v 0.083130 -0.467742 0.383309
v 0.125983 -0.467742 0.375408
v 0.168208 -0.467742 0.365326
v 0.209564 -0.467742 0.353189
v 0.249812 -0.467742 0.339120
v 0.288713 -0.467742 0.323245
v 0.326027 -0.467742 0.305690
v 0.348724 -0.467742 0.272481
v 0.367211 -0.467742 0.237335
v 0.381705 -0.467742 0.200510
v 0.392420 -0.467742 0.162263
v 0.399573 -0.467742 0.122851
v 0.403377 -0.467742 0.082532
v 0.404049 -0.467742 0.041562
v 0.401804 -0.467742 0.000199
v 0.396857 -0.467742 -0.041299
v 0.389422 -0.467742 -0.082676
v 0.379717 -0.467742 -0.123674
v 0.367955 -0.467742 -0.164037
v 0.354351 -0.467742 -0.203506
v 0.339122 -0.467742 -0.241824
v 0.322483 -0.467742 -0.278735
v 0.319716 -0.435484 -0.329510
v 0.282936 -0.435484 -0.349135
v 0.244332 -0.435484 -0.366135
v 0.204175 -0.435484 -0.380495
v 0.162735 -0.435484 -0.392197
v 0.120282 -0.435484 -0.401224
v 0.077086 -0.435484 -0.407561
v 0.033419 -0.435484 -0.411191
v -0.010450 -0.435484 -0.412096
v -0.054250 -0.435484 -0.410260
v -0.097712 -0.435484 -0.405667
v -0.140564 -0.435484 -0.398301
v -0.182537 -0.435484 -0.388144
v -0.223359 -0.435484 -0.375179
v -0.262762 -0.435484 -0.359392
v -0.300474 -0.435484 -0.340763
v -0.336225 -0.435484 -0.319278
v -0.352582 -0.435484 -0.281393
v -0.367760 -0.435484 -0.242107
v -0.381556 -0.435484 -0.201641
v -0.393769 -0.435484 -0.160219
v -0.404197 -0.435484 -0.118063
v -0.412639 -0.435484 -0.075396
v -0.418894 -0.435484 -0.032440
v -0.422759 -0.435484 0.010581
v -0.424034 -0.435484 0.053445
v -0.422516 -0.435484 0.095930
v -0.418004 -0.435484 0.137813
v -0.410297 -0.435484 0.178871
v -0.399193 -0.435484 0.218881
v -0.384490 -0.435484 0.257622
v -0.365988 -0.435484 0.294869
v -0.343484 -0.435484 0.330401
v -0.305737 -0.435484 0.352222
v -0.266136 -0.435484 0.370440
v -0.224933 -0.435484 0.385188
v -0.182378 -0.435484 0.396596
v -0.138725 -0.435484 0.404795
v -0.094222 -0.435484 0.409918
v -0.049123 -0.435484 0.412096
v -0.003679 -0.435484 0.411459
v 0.041860 -0.435484 0.408139
v 0.087241 -0.435484 0.402268
v 0.132214 -0.435484 0.393976
v 0.176527 -0.435484 0.383395
v 0.219929 -0.435484 0.370657
v 0.262168 -0.435484 0.355893
v 0.302993 -0.435484 0.339233
v 0.342153 -0.435484 0.320810
v 0.365971 -0.435484 0.285958
v 0.385373 -0.435484 0.249074
v 0.400584 -0.435484 0.210427
v 0.411829 -0.435484 0.170288
v 0.419336 -0.435484 0.128927
v 0.423328 -0.435484 0.086614
v 0.424034 -0.435484 0.043618
v 0.421677 -0.435484 0.000209
v 0.416485 -0.435484 -0.043342
v 0.408683 -0.435484 -0.086765
v 0.398497 -0.435484 -0.129791
v 0.386154 -0.435484 -0.172150
v 0.371878 -0.435484 -0.213571
v 0.355895 -0.435484 -0.253785
v 0.338433 -0.435484 -0.292521
v 0.322496 -0.403226 -0.332374
v 0.285396 -0.403226 -0.352170
v 0.246456 -0.403226 -0.369319
v 0.205950 -0.403226 -0.383803
v 0.164149 -0.403226 -0.395607
v 0.121327 -0.403226 -0.404713
v 0.077757 -0.403226 -0.411105
v 0.033710 -0.403226 -0.414766
v -0.010541 -0.403226 -0.415679
v -0.054722 -0.403226 -0.413827
v -0.098561 -0.403226 -0.409194
v -0.141786 -0.403226 -0.401764
v -0.184124 -0.403226 -0.391518
v -0.225301 -0.403226 -0.378441
v -0.265046 -0.403226 -0.362516
v -0.303086 -0.403226 -0.343726
v -0.339148 -0.403226 -0.322054
v -0.355648 -0.403226 -0.283840
v -0.370957 -0.403226 -0.244212
v -0.384873 -0.403226 -0.203394
v -0.397192 -0.403226 -0.161612
v -0.407711 -0.403226 -0.119089
v -0.416227 -0.403226 -0.076051
v -0.422536 -0.403226 -0.032722
v -0.426435 -0.403226 0.010673
v -0.427720 -0.403226 0.053910
v -0.426189 -0.403226 0.096764
v -0.421638 -0.403226 0.139011
v -0.413864 -0.403226 0.180426
v -0.402663 -0.403226 0.220784
v -0.387833 -0.403226 0.259861
v -0.369170 -0.403226 0.297433
v -0.346470 -0.403226 0.333274
v -0.308395 -0.403226 0.355284
v -0.268450 -0.403226 0.373661
v -0.226888 -0.403226 0.388537
v -0.183964 -0.403226 0.400044
v -0.139931 -0.403226 0.408315
v -0.095042 -0.403226 0.413482
v -0.049551 -0.403226 0.415679
v -0.003711 -0.403226 0.415036
v 0.042224 -0.403226 0.411688
v 0.088000 -0.403226 0.405765
v 0.133364 -0.403226 0.397401
v 0.178062 -0.403226 0.386729
v 0.221841 -0.403226 0.373880
v 0.264447 -0.403226 0.358987
v 0.305627 -0.403226 0.342182
v 0.345127 -0.403226 0.323599
v 0.369153 -0.403226 0.288444
v 0.388724 -0.403226 0.251239
v 0.404067 -0.403226 0.212257
v 0.415410 -0.403226 0.171769
v 0.422981 -0.403226 0.130048
v 0.427009 -0.403226 0.087367
v 0.427720 -0.403226 0.043997
v 0.425343 -0.403226 0.000211
v 0.420106 -0.403226 -0.043719
v 0.412236 -0.403226 -0.087520
v 0.401962 -0.403226 -0.130920
v 0.389511 -0.403226 -0.173647
v 0.375111 -0.403226 -0.215428
v 0.358990 -0.403226 -0.255991
v 0.341375 -0.403226 -0.295064
v 0.322694 -0.370968 -0.332579
v 0.285571 -0.370968 -0.352387
v 0.246608 -0.370968 -0.369546
v 0.206076 -0.370968 -0.384039
v 0.164250 -0.370968 -0.395850
v 0.121402 -0.370968 -0.404961
v 0.077804 -0.370968 -0.411357
v 0.033730 -0.370968 -0.415020
v -0.010547 -0.370968 -0.415934
v -0.054756 -0.370968 -0.414081
v -0.098622 -0.370968 -0.409446
v -0.141873 -0.370968 -0.402011
v -0.184237 -0.370968 -0.391759
v -0.225440 -0.370968 -0.378674
v -0.265209 -0.370968 -0.362739
v -0.303272 -0.370968 -0.343937
v -0.339356 -0.370968 -0.322252
v -0.355866 -0.370968 -0.284014
v -0.371185 -0.370968 -0.244362
v -0.385110 -0.370968 -0.203519
v -0.397436 -0.370968 -0.161711
v -0.407962 -0.370968 -0.119162
v -0.416483 -0.370968 -0.076098
v -0.422795 -0.370968 -0.032742
v -0.426697 -0.370968 0.010680
v -0.427983 -0.370968 0.053943
v -0.426451 -0.370968 0.096824
v -0.421897 -0.370968 0.139096
v -0.414118 -0.370968 0.180537
v -0.402911 -0.370968 0.220920
v -0.388071 -0.370968 0.260021
v -0.369396 -0.370968 0.297616
v -0.346683 -0.370968 0.333479
v -0.308584 -0.370968 0.355502
v -0.268614 -0.370968 0.373890
v -0.227028 -0.370968 0.388775
v -0.184077 -0.370968 0.400289
v -0.140017 -0.370968 0.408566
v -0.095100 -0.370968 0.413736
v -0.049581 -0.370968 0.415934
v -0.003713 -0.370968 0.415291
v 0.042250 -0.370968 0.411940
v 0.088054 -0.370968 0.406014
v 0.133446 -0.370968 0.397645
v 0.178171 -0.370968 0.386966
v 0.221977 -0.370968 0.374109
v 0.264610 -0.370968 0.359207
v 0.305815 -0.370968 0.342393
v 0.345339 -0.370968 0.323798
v 0.369380 -0.370968 0.288621
v 0.388963 -0.370968 0.251394
v 0.404315 -0.370968 0.212387
v 0.415665 -0.370968 0.171874
v 0.423241 -0.370968 0.130128
v 0.427271 -0.370968 0.087420
v 0.427983 -0.370968 0.044024
v 0.425605 -0.370968 0.000211
v 0.420364 -0.370968 -0.043746
v 0.412490 -0.370968 -0.087573
v 0.402209 -0.370968 -0.131000
v 0.389750 -0.370968 -0.173753
v 0.375341 -0.370968 -0.215560
v 0.359210 -0.370968 -0.256148
v 0.341585 -0.370968 -0.295245
v 0.322892 -0.338710 -0.332783
v 0.285746 -0.338710 -0.352603
v 0.246759 -0.338710 -0.369772
v 0.206203 -0.338710 -0.384275
v 0.164351 -0.338710 -0.396093
v 0.121477 -0.338710 -0.405210
v 0.077852 -0.338710 -0.411610
v 0.033751 -0.338710 -0.415275
v -0.010554 -0.338710 -0.416189
v -0.054789 -0.338710 -0.414335
v -0.098682 -0.338710 -0.409697
v -0.141960 -0.338710 -0.402257
v -0.184350 -0.338710 -0.391999
v -0.225578 -0.338710 -0.378906
v -0.265372 -0.338710 -0.362962
v -0.303458 -0.338710 -0.344148
v -0.339565 -0.338710 -0.322450
v -0.356085 -0.338710 -0.284189
v -0.371413 -0.338710 -0.244512
v -0.385346 -0.338710 -0.203644
v -0.397680 -0.338710 -0.161810
v -0.408212 -0.338710 -0.119235
v -0.416738 -0.338710 -0.076145
v -0.423055 -0.338710 -0.032763
v -0.426959 -0.338710 0.010686
v -0.428246 -0.338710 0.053976
v -0.426713 -0.338710 0.096883
v -0.422156 -0.338710 0.139182
v -0.414373 -0.338710 0.180648
v -0.403158 -0.338710 0.221055
v -0.388310 -0.338710 0.260181
v -0.369623 -0.338710 0.297798
v -0.346896 -0.338710 0.333683
v -0.308774 -0.338710 0.355721
v -0.268779 -0.338710 0.374120
v -0.227167 -0.338710 0.389014
v -0.184190 -0.338710 0.400535
v -0.140103 -0.338710 0.408816
v -0.095158 -0.338710 0.413990
v -0.049611 -0.338710 0.416189
v -0.003715 -0.338710 0.415546
v 0.042276 -0.338710 0.412193
v 0.088108 -0.338710 0.406264
v 0.133528 -0.338710 0.397890
v 0.178281 -0.338710 0.387204
v 0.222114 -0.338710 0.374339
v 0.264772 -0.338710 0.359428
v 0.306003 -0.338710 0.342603
v 0.345551 -0.338710 0.323996
v 0.369607 -0.338710 0.288798
v 0.389201 -0.338710 0.251548
v 0.404563 -0.338710 0.212517
v 0.415920 -0.338710 0.171980
v 0.423501 -0.338710 0.130208
v 0.427533 -0.338710 0.087474
v 0.428246 -0.338710 0.044051
v 0.425866 -0.338710 0.000211
v 0.420622 -0.338710 -0.043772
v 0.412743 -0.338710 -0.087627
v 0.402456 -0.338710 -0.131081
v 0.389989 -0.338710 -0.173860
v 0.375572 -0.338710 -0.215692
v 0.359431 -0.338710 -0.256305
v 0.341795 -0.338710 -0.295426
v 0.322892 -0.306452 -0.332783
v 0.285746 -0.306452 -0.352603
v 0.246759 -0.306452 -0.369772
v 0.206203 -0.306452 -0.384275
v 0.164351 -0.306452 -0.396093
v 0.121477 -0.306452 -0.405210
v 0.077852 -0.306452 -0.411610
v 0.033751 -0.306452 -0.415275
v -0.010554 -0.306452 -0.416189
v -0.054789 -0.306452 -0.414335
v -0.098682 -0.306452 -0.409697
v -0.141960 -0.306452 -0.402257
v -0.184350 -0.306452 -0.391999
v -0.225578 -0.306452 -0.378906
v -0.265372 -0.306452 -0.362962
v -0.303458 -0.306452 -0.344148
v -0.339565 -0.306452 -0.322450
v -0.356085 -0.306452 -0.284189
v -0.371413 -0.306452 -0.244512
v -0.385346 -0.306452 -0.203644
v -0.397680 -0.306452 -0.161810
v -0.408212 -0.306452 -0.119235
v -0.416738 -0.306452 -0.076145
v -0.423055 -0.306452 -0.032763
v -0.426959 -0.306452 0.010686
v -0.428246 -0.306452 0.053976
v -0.426713 -0.306452 0.096883
v -0.422156 -0.306452 0.139182
v -0.414373 -0.306452 0.180648
v -0.403158 -0.306452 0.221055
v -0.388310 -0.306452 0.260181
v -0.369623 -0.306452 0.297798
v -0.346896 -0.306452 0.333683
v -0.308774 -0.306452 0.355721
v -0.268779 -0.306452 0.374120
v -0.227167 -0.306452 0.389014
v -0.184190 -0.306452 0.400535
v -0.140103 -0.306452 0.408816
v -0.095158 -0.306452 0.413990
v -0.049611 -0.306452 0.416189
v -0.003715 -0.306452 0.415546
v 0.042276 -0.306452 0.412193
v 0.088108 -0.306452 0.406264
v 0.133528 -0.306452 0.397890
v 0.178281 -0.306452 0.387204
v 0.222114 -0.306452 0.374339
v 0.264772 -0.306452 0.359428
v 0.306003 -0.306452 0.342603
v 0.345551 -0.306452 0.323996
v 0.369607 -0.306452 0.288798
v 0.389201 -0.306452 0.251548
v 0.404563 -0.306452 0.212517
v 0.415920 -0.306452 0.171980
v 0.423501 -0.306452 0.130208
v 0.427533 -0.306452 0.087474
v 0.428246 -0.306452 0.044051
v 0.425866 -0.306452 0.000211
v 0.420622 -0.306452 -0.043772
v 0.412743 -0.306452 -0.087627
v 0.402456 -0.306452 -0.131081
v 0.389989 -0.306452 -0.173860
v 0.375572 -0.306452 -0.215692
v 0.359431 -0.306452 -0.256305
v 0.341795 -0.306452 -0.295426
v 0.323090 -0.274194 -0.332987
v 0.285922 -0.274194 -0.352819
v 0.246910 -0.274194 -0.369999
v 0.206329 -0.274194 -0.384510
v 0.164452 -0.274194 -0.396336
v 0.121551 -0.274194 -0.405459
v 0.077900 -0.274194 -0.411862
v 0.033772 -0.274194 -0.415530
v -0.010560 -0.274194 -0.416445
v -0.054823 -0.274194 -0.414590
v -0.098743 -0.274194 -0.409948
v -0.142047 -0.274194 -0.402504
v -0.184463 -0.274194 -0.392240
v -0.225716 -0.274194 -0.379139
v -0.265535 -0.274194 -0.363184
v -0.303645 -0.274194 -0.344360
v -0.339773 -0.274194 -0.322648
v -0.356303 -0.274194 -0.284363
v -0.371641 -0.274194 -0.244662
v -0.385582 -0.274194 -0.203769
v -0.397924 -0.274194 -0.161909
v -0.408463 -0.274194 -0.119309
v -0.416994 -0.274194 -0.076191
v -0.423314 -0.274194 -0.032783
v -0.427220 -0.274194 0.010693
v -0.428508 -0.274194 0.054009
v -0.426975 -0.274194 0.096943
v -0.422415 -0.274194 0.139267
v -0.414627 -0.274194 0.180758
v -0.403405 -0.274194 0.221191
v -0.388548 -0.274194 0.260340
v -0.369850 -0.274194 0.297981
v -0.347108 -0.274194 0.333888
v -0.308963 -0.274194 0.355939
v -0.268944 -0.274194 0.374349
v -0.227306 -0.274194 0.389252
v -0.184303 -0.274194 0.400781
v -0.140189 -0.274194 0.409067
v -0.095217 -0.274194 0.414244
v -0.049642 -0.274194 0.416445
v -0.003718 -0.274194 0.415801
v 0.042302 -0.274194 0.412446
v 0.088162 -0.274194 0.406513
v 0.133609 -0.274194 0.398134
v 0.178390 -0.274194 0.387441
v 0.222250 -0.274194 0.374569
v 0.264935 -0.274194 0.359648
v 0.306190 -0.274194 0.342813
v 0.345763 -0.274194 0.324195
v 0.369834 -0.274194 0.288976
v 0.389440 -0.274194 0.251702
v 0.404811 -0.274194 0.212648
v 0.416175 -0.274194 0.172085
v 0.423761 -0.274194 0.130288
v 0.427796 -0.274194 0.087528
v 0.428508 -0.274194 0.044078
v 0.426127 -0.274194 0.000211
v 0.420880 -0.274194 -0.043799
v 0.412996 -0.274194 -0.087681
v 0.402703 -0.274194 -0.131161
v 0.390229 -0.274194 -0.173967
v 0.375802 -0.274194 -0.215825
v 0.359651 -0.274194 -0.256463
v 0.342004 -0.274194 -0.295608
v 0.323288 -0.241935 -0.333191
v 0.286097 -0.241935 -0.353036
v 0.247062 -0.241935 -0.370226
v 0.206456 -0.241935 -0.384746
v 0.164553 -0.241935 -0.396579
v 0.121626 -0.241935 -0.405707
v 0.077948 -0.241935 -0.412115
v 0.033792 -0.241935 -0.415785
v -0.010567 -0.241935 -0.416700
v -0.054856 -0.241935 -0.414844
v -0.098804 -0.241935 -0.410200
v -0.142135 -0.241935 -0.402751
v -0.184576 -0.241935 -0.392480
v -0.225855 -0.241935 -0.379371
v -0.265698 -0.241935 -0.363407
v -0.303831 -0.241935 -0.344571
v -0.339981 -0.241935 -0.322846
v -0.356522 -0.241935 -0.284537
v -0.371869 -0.241935 -0.244812
v -0.385819 -0.241935 -0.203894
v -0.398168 -0.241935 -0.162009
v -0.408713 -0.241935 -0.119382
v -0.417250 -0.241935 -0.076238
v -0.423574 -0.241935 -0.032803
v -0.427482 -0.241935 0.010699
v -0.428771 -0.241935 0.054042
v -0.427236 -0.241935 0.097002
v -0.422674 -0.241935 0.139353
v -0.414881 -0.241935 0.180869
v -0.403653 -0.241935 0.221327
v -0.388786 -0.241935 0.260500
v -0.370077 -0.241935 0.298164
v -0.347321 -0.241935 0.334093
v -0.309152 -0.241935 0.356157
v -0.269109 -0.241935 0.374579
v -0.227446 -0.241935 0.389491
v -0.184416 -0.241935 0.401027
v -0.140274 -0.241935 0.409318
v -0.095275 -0.241935 0.414498
v -0.049672 -0.241935 0.416700
v -0.003720 -0.241935 0.416056
v 0.042327 -0.241935 0.412699
v 0.088216 -0.241935 0.406762
v 0.133691 -0.241935 0.398378
v 0.178500 -0.241935 0.387679
v 0.222386 -0.241935 0.374798
v 0.265097 -0.241935 0.359869
v 0.306378 -0.241935 0.343023
v 0.345975 -0.241935 0.324394
v 0.370060 -0.241935 0.289153
v 0.389679 -0.241935 0.251856
v 0.405059 -0.241935 0.212778
v 0.416431 -0.241935 0.172191
v 0.424021 -0.241935 0.130368
v 0.428058 -0.241935 0.087581
v 0.428771 -0.241935 0.044105
v 0.426388 -0.241935 0.000211
v 0.421138 -0.241935 -0.043826
v 0.413249 -0.241935 -0.087735
v 0.402950 -0.241935 -0.131241
v 0.390468 -0.241935 -0.174073
v 0.376032 -0.241935 -0.215957
v 0.359872 -0.241935 -0.256620
v 0.342214 -0.241935 -0.295789
v 0.323288 -0.209677 -0.333191
v 0.286097 -0.209677 -0.353036
v 0.247062 -0.209677 -0.370226
v 0.206456 -0.209677 -0.384746
v 0.164553 -0.209677 -0.396579
v 0.121626 -0.209677 -0.405707
v 0.077948 -0.209677 -0.412115
v 0.033792 -0.209677 -0.415785
v -0.010567 -0.209677 -0.416700
v -0.054856 -0.209677 -0.414844
v -0.098804 -0.209677 -0.410200
v -0.142135 -0.209677 -0.402751
v -0.184576 -0.209677 -0.392480
v -0.225855 -0.209677 -0.379371
v -0.265698 -0.209677 -0.363407
v -0.303831 -0.209677 -0.344571
v -0.339981 -0.209677 -0.322846
v -0.356522 -0.209677 -0.284537
v -0.371869 -0.209677 -0.244812
v -0.385819 -0.209677 -0.203894
v -0.398168 -0.209677 -0.162009
v -0.408713 -0.209677 -0.119382
v -0.417250 -0.209677 -0.076238
v -0.423574 -0.209677 -0.032803
v -0.427482 -0.209677 0.010699
v -0.428771 -0.209677 0.054042
v -0.427236 -0.209677 0.097002
v -0.422674 -0.209677 0.139353
v -0.414881 -0.209677 0.180869
v -0.403653 -0.209677 0.221327
v -0.388786 -0.209677 0.260500
v -0.370077 -0.209677 0.298164
v -0.347321 -0.209677 0.334093
v -0.309152 -0.209677 0.356157
v -0.269109 -0.209677 0.374579
v -0.227446 -0.209677 0.389491
v -0.184416 -0.209677 0.401027
v -0.140274 -0.209677 0.409318
v -0.095275 -0.209677 0.414498
v -0.049672 -0.209677 0.416700
v -0.003720 -0.209677 0.416056
v 0.042327 -0.209677 0.412699
v 0.088216 -0.209677 0.406762
v 0.133691 -0.209677 0.398378
v 0.178500 -0.209677 0.387679
v 0.222386 -0.209677 0.374798
v 0.265097 -0.209677 0.359869
v 0.306378 -0.209677 0.343023
v 0.345975 -0.209677 0.324394
v 0.370060 -0.209677 0.289153
v 0.389679 -0.209677 0.251856
v 0.405059 -0.209677 0.212778
v 0.416431 -0.209677 0.172191
v 0.424021 -0.209677 0.130368
v 0.428058 -0.209677 0.087581
v 0.428771 -0.209677 0.044105
v 0.426388 -0.209677 0.000211
v 0.421138 -0.209677 -0.043826
v 0.413249 -0.209677 -0.087735
v 0.402950 -0.209677 -0.131241
v 0.390468 -0.209677 -0.174073
v 0.376032 -0.209677 -0.215957
v 0.359872 -0.209677 -0.256620
v 0.342214 -0.209677 -0.295789
v 0.323454 -0.177419 -0.333362
v 0.286244 -0.177419 -0.353217
v 0.247189 -0.177419 -0.370416
v 0.206562 -0.177419 -0.384944
v 0.164637 -0.177419 -0.396783
v 0.121688 -0.177419 -0.405916
v 0.077988 -0.177419 -0.412327
v 0.033810 -0.177419 -0.415998
v -0.010572 -0.177419 -0.416914
v -0.054885 -0.177419 -0.415057
v -0.098854 -0.177419 -0.410411
v -0.142208 -0.177419 -0.402958
v -0.184671 -0.177419 -0.392682
v -0.225971 -0.177419 -0.379566
v -0.265834 -0.177419 -0.363594
v -0.303987 -0.177419 -0.344748
v -0.340156 -0.177419 -0.323012
v -0.356705 -0.177419 -0.284683
v -0.372060 -0.177419 -0.244937
v -0.386017 -0.177419 -0.203998
v -0.398373 -0.177419 -0.162092
v -0.408923 -0.177419 -0.119443
v -0.417464 -0.177419 -0.076277
v -0.423792 -0.177419 -0.032820
v -0.427702 -0.177419 0.010705
v -0.428991 -0.177419 0.054070
v -0.427456 -0.177419 0.097052
v -0.422891 -0.177419 0.139424
v -0.415094 -0.177419 0.180962
v -0.403860 -0.177419 0.221440
v -0.388986 -0.177419 0.260634
v -0.370267 -0.177419 0.298317
v -0.347500 -0.177419 0.334264
v -0.309311 -0.177419 0.356340
v -0.269247 -0.177419 0.374771
v -0.227563 -0.177419 0.389691
v -0.184511 -0.177419 0.401233
v -0.140347 -0.177419 0.409528
v -0.095324 -0.177419 0.414711
v -0.049698 -0.177419 0.416914
v -0.003722 -0.177419 0.416270
v 0.042349 -0.177419 0.412911
v 0.088261 -0.177419 0.406971
v 0.133760 -0.177419 0.398583
v 0.178591 -0.177419 0.387878
v 0.222500 -0.177419 0.374991
v 0.265233 -0.177419 0.360054
v 0.306536 -0.177419 0.343199
v 0.346153 -0.177419 0.324561
v 0.370250 -0.177419 0.289301
v 0.389879 -0.177419 0.251986
v 0.405268 -0.177419 0.212888
v 0.416645 -0.177419 0.172279
v 0.424239 -0.177419 0.130435
v 0.428278 -0.177419 0.087626
v 0.428991 -0.177419 0.044128
v 0.426608 -0.177419 0.000211
v 0.421355 -0.177419 -0.043849
v 0.413462 -0.177419 -0.087780
v 0.403157 -0.177419 -0.131309
v 0.390669 -0.177419 -0.174163
v 0.376226 -0.177419 -0.216068
v 0.360057 -0.177419 -0.256752
v 0.342390 -0.177419 -0.295941
v 0.323486 -0.145161 -0.333395
v 0.286272 -0.145161 -0.353252
v 0.247213 -0.145161 -0.370453
v 0.206582 -0.145161 -0.384982
v 0.164654 -0.145161 -0.396822
v 0.121700 -0.145161 -0.405956
v 0.077995 -0.145161 -0.412367
v 0.033813 -0.145161 -0.416039
v -0.010573 -0.145161 -0.416955
v -0.054890 -0.145161 -0.415098
v -0.098864 -0.145161 -0.410451
v -0.142222 -0.145161 -0.402998
v -0.184689 -0.145161 -0.392721
v -0.225993 -0.145161 -0.379604
v -0.265860 -0.145161 -0.363630
v -0.304017 -0.145161 -0.344782
v -0.340189 -0.145161 -0.323043
v -0.356740 -0.145161 -0.284712
v -0.372097 -0.145161 -0.244962
v -0.386055 -0.145161 -0.204019
v -0.398412 -0.145161 -0.162108
v -0.408964 -0.145161 -0.119455
v -0.417505 -0.145161 -0.076285
v -0.423834 -0.145161 -0.032823
v -0.427744 -0.145161 0.010706
v -0.429034 -0.145161 0.054076
v -0.427498 -0.145161 0.097061
v -0.422933 -0.145161 0.139438
v -0.415135 -0.145161 0.180980
v -0.403900 -0.145161 0.221462
v -0.389024 -0.145161 0.260659
v -0.370303 -0.145161 0.298346
v -0.347534 -0.145161 0.334298
v -0.309342 -0.145161 0.356375
v -0.269274 -0.145161 0.374808
v -0.227585 -0.145161 0.389730
v -0.184529 -0.145161 0.401272
v -0.140360 -0.145161 0.409569
v -0.095334 -0.145161 0.414752
v -0.049703 -0.145161 0.416955
v -0.003722 -0.145161 0.416311
v 0.042353 -0.145161 0.412952
v 0.088270 -0.145161 0.407011
v 0.133773 -0.145161 0.398622
v 0.178609 -0.145161 0.387917
v 0.222522 -0.145161 0.375028
v 0.265260 -0.145161 0.360089
v 0.306566 -0.145161 0.343233
v 0.346187 -0.145161 0.324593
v 0.370287 -0.145161 0.289330
v 0.389918 -0.145161 0.252011
v 0.405308 -0.145161 0.212909
v 0.416686 -0.145161 0.172296
v 0.424280 -0.145161 0.130448
v 0.428320 -0.145161 0.087635
v 0.429034 -0.145161 0.044132
v 0.426650 -0.145161 0.000211
v 0.421396 -0.145161 -0.043853
v 0.413502 -0.145161 -0.087789
v 0.403197 -0.145161 -0.131322
v 0.390707 -0.145161 -0.174180
v 0.376263 -0.145161 -0.216089
v 0.360092 -0.145161 -0.256777
v 0.342424 -0.145161 -0.295970
v 0.323486 -0.112903 -0.333395
v 0.286272 -0.112903 -0.353252
v 0.247213 -0.112903 -0.370453
v 0.206582 -0.112903 -0.384982
v 0.164654 -0.112903 -0.396822
v 0.121700 -0.112903 -0.405956
v 0.077995 -0.112903 -0.412367
v 0.033813 -0.112903 -0.416039
v -0.010573 -0.112903 -0.416955
v -0.054890 -0.112903 -0.415098
v -0.098864 -0.112903 -0.410451
v -0.142222 -0.112903 -0.402998
v -0.184689 -0.112903 -0.392721
v -0.225993 -0.112903 -0.379604
v -0.265860 -0.112903 -0.363630
v -0.304017 -0.112903 -0.344782
v -0.340189 -0.112903 -0.323043
v -0.356740 -0.112903 -0.284712
v -0.372097 -0.112903 -0.244962
v -0.386055 -0.112903 -0.204019
v -0.398412 -0.112903 -0.162108
v -0.408964 -0.112903 -0.119455
v -0.417505 -0.112903 -0.076285
v -0.423834 -0.112903 -0.032823
v -0.427744 -0.112903 0.010706
v -0.429034 -0.112903 0.054076
v -0.427498 -0.112903 0.097061
v -0.422933 -0.112903 0.139438
v -0.415135 -0.112903 0.180980
v -0.403900 -0.112903 0.221462
v -0.389024 -0.112903 0.260659
v -0.370303 -0.112903 0.298346
v -0.347534 -0.112903 0.334298
v -0.309342 -0.112903 0.356375
v -0.269274 -0.112903 0.374808
v -0.227585 -0.112903 0.389730
v -0.184529 -0.112903 0.401272
v -0.140360 -0.112903 0.409569
v -0.095334 -0.112903 0.414752
v -0.049703 -0.112903 0.416955
v -0.003722 -0.112903 0.416311
v 0.042353 -0.112903 0.412952
v 0.088270 -0.112903 0.407011
v 0.133773 -0.112903 0.398622
v 0.178609 -0.112903 0.387917
v 0.222522 -0.112903 0.375028
v 0.265260 -0.112903 0.360089
v 0.306566 -0.112903 0.343233
v 0.346187 -0.112903 0.324593
v 0.370287 -0.112903 0.289330
v 0.389918 -0.112903 0.252011
v 0.405308 -0.112903 0.212909
v 0.416686 -0.112903 0.172296
v 0.424280 -0.112903 0.130448
v 0.428320 -0.112903 0.087635
v 0.429034 -0.112903 0.044132
v 0.426650 -0.112903 0.000211
v 0.421396 -0.112903 -0.043853
v 0.413502 -0.112903 -0.087789
v 0.403197 -0.112903 -0.131322
v 0.390707 -0.112903 -0.174180
v 0.376263 -0.112903 -0.216089
v 0.360092 -0.112903 -0.256777
v 0.342424 -0.112903 -0.295970
v 0.323684 -0.080645 -0.333599
v 0.286448 -0.080645 -0.353468
v 0.247365 -0.080645 -0.370680
v 0.206709 -0.080645 -0.385218
v 0.164754 -0.080645 -0.397065
v 0.121775 -0.080645 -0.406204
v 0.078043 -0.080645 -0.412620
v 0.033834 -0.080645 -0.416294
v -0.010580 -0.080645 -0.417211
v -0.054924 -0.080645 -0.415352
v -0.098925 -0.080645 -0.410702
v -0.142309 -0.080645 -0.403244
v -0.184802 -0.080645 -0.392961
v -0.226132 -0.080645 -0.379836
v -0.266023 -0.080645 -0.363852
v -0.304203 -0.080645 -0.344993
v -0.340398 -0.080645 -0.323241
v -0.356958 -0.080645 -0.284886
v -0.372324 -0.080645 -0.245112
v -0.386292 -0.080645 -0.204144
v -0.398656 -0.080645 -0.162207
v -0.409214 -0.080645 -0.119528
v -0.417761 -0.080645 -0.076331
v -0.424093 -0.080645 -0.032843
v -0.428006 -0.080645 0.010712
v -0.429297 -0.080645 0.054109
v -0.427760 -0.080645 0.097121
v -0.423192 -0.080645 0.139523
v -0.415389 -0.080645 0.181091
v -0.404147 -0.080645 0.221598
v -0.389262 -0.080645 0.260819
v -0.370530 -0.080645 0.298529
v -0.347747 -0.080645 0.334502
v -0.309531 -0.080645 0.356593
v -0.269439 -0.080645 0.375038
v -0.227724 -0.080645 0.389968
v -0.184642 -0.080645 0.401518
v -0.140446 -0.080645 0.409820
v -0.095392 -0.080645 0.415006
v -0.049733 -0.080645 0.417211
v -0.003725 -0.080645 0.416566
v 0.042379 -0.080645 0.413205
v 0.088324 -0.080645 0.407261
v 0.133855 -0.080645 0.398866
v 0.178718 -0.080645 0.388154
v 0.222659 -0.080645 0.375258
v 0.265422 -0.080645 0.360310
v 0.306754 -0.080645 0.343443
v 0.346399 -0.080645 0.324791
v 0.370514 -0.080645 0.289507
v 0.390156 -0.080645 0.252165
v 0.405556 -0.080645 0.213039
v 0.416941 -0.080645 0.172402
v 0.424540 -0.080645 0.130527
v 0.428583 -0.080645 0.087689
v 0.429297 -0.080645 0.044159
v 0.426911 -0.080645 0.000212
v 0.421654 -0.080645 -0.043880
v 0.413756 -0.080645 -0.087842
v 0.403443 -0.080645 -0.131402
v 0.390946 -0.080645 -0.174287
v 0.376493 -0.080645 -0.216222
v 0.360313 -0.080645 -0.256934
v 0.342633 -0.080645 -0.296151
v 0.323882 -0.048387 -0.333804
v 0.286623 -0.048387 -0.353684
v 0.247516 -0.048387 -0.370907
v 0.206835 -0.048387 -0.385453
v 0.164855 -0.048387 -0.397308
v 0.121849 -0.048387 -0.406453
v 0.078091 -0.048387 -0.412872
v 0.033855 -0.048387 -0.416549
v -0.010586 -0.048387 -0.417466
v -0.054957 -0.048387 -0.415606
v -0.098985 -0.048387 -0.410954
v -0.142396 -0.048387 -0.403491
v -0.184915 -0.048387 -0.393202
v -0.226270 -0.048387 -0.380069
v -0.266186 -0.048387 -0.364075
v -0.304389 -0.048387 -0.345204
v -0.340606 -0.048387 -0.323439
v -0.357177 -0.048387 -0.285060
v -0.372552 -0.048387 -0.245262
v -0.386528 -0.048387 -0.204268
v -0.398900 -0.048387 -0.162306
v -0.409464 -0.048387 -0.119601
v -0.418017 -0.048387 -0.076378
v -0.424353 -0.048387 -0.032863
v -0.428268 -0.048387 0.010719
v -0.429559 -0.048387 0.054142
v -0.428022 -0.048387 0.097180
v -0.423451 -0.048387 0.139609
v -0.415644 -0.048387 0.181202
v -0.404395 -0.048387 0.221734
v -0.389501 -0.048387 0.260979
v -0.370757 -0.048387 0.298712
v -0.347960 -0.048387 0.334707
v -0.309721 -0.048387 0.356812
v -0.269604 -0.048387 0.375267
v -0.227864 -0.048387 0.390207
v -0.184755 -0.048387 0.401764
v -0.140532 -0.048387 0.410070
v -0.095450 -0.048387 0.415260
v -0.049764 -0.048387 0.417466
v -0.003727 -0.048387 0.416821
v 0.042405 -0.048387 0.413458
v 0.088378 -0.048387 0.407510
v 0.133937 -0.048387 0.399110
v 0.178828 -0.048387 0.388392
v 0.222795 -0.048387 0.375487
v 0.265584 -0.048387 0.360530
v 0.306941 -0.048387 0.343654
v 0.346611 -0.048387 0.324990
v 0.370741 -0.048387 0.289684
v 0.390395 -0.048387 0.252319
v 0.405804 -0.048387 0.213169
v 0.417196 -0.048387 0.172507
v 0.424800 -0.048387 0.130607
v 0.428845 -0.048387 0.087742
v 0.429559 -0.048387 0.044186
v 0.427172 -0.048387 0.000212
v 0.421912 -0.048387 -0.043907
v 0.414009 -0.048387 -0.087896
v 0.403690 -0.048387 -0.131483
v 0.391186 -0.048387 -0.174393
v 0.376724 -0.048387 -0.216354
v 0.360533 -0.048387 -0.257092
v 0.342843 -0.048387 -0.296333
v 0.324080 -0.016129 -0.334008
v 0.286798 -0.016129 -0.353901
v 0.247667 -0.016129 -0.371134
v 0.206962 -0.016129 -0.385689
v 0.164956 -0.016129 -0.397551
v 0.121924 -0.016129 -0.406702
v 0.078139 -0.016129 -0.413125
v 0.033875 -0.016129 -0.416804
v -0.010593 -0.016129 -0.417721
v -0.054991 -0.016129 -0.415861
v -0.099046 -0.016129 -0.411205
v -0.142483 -0.016129 -0.403738
v -0.185028 -0.016129 -0.393442
v -0.226408 -0.016129 -0.380301
v -0.266349 -0.016129 -0.364298
v -0.304575 -0.016129 -0.345415
v -0.340814 -0.016129 -0.323637
v -0.357395 -0.016129 -0.285235
v -0.372780 -0.016129 -0.245412
v -0.386765 -0.016129 -0.204393
v -0.399144 -0.016129 -0.162406
v -0.409715 -0.016129 -0.119674
v -0.418272 -0.016129 -0.076425
v -0.424612 -0.016129 -0.032883
v -0.428530 -0.016129 0.010725
v -0.429822 -0.016129 0.054175
v -0.428283 -0.016129 0.097240
v -0.423710 -0.016129 0.139694
v -0.415898 -0.016129 0.181313
v -0.404642 -0.016129 0.221869
v -0.389739 -0.016129 0.261138
v -0.370984 -0.016129 0.298894
v -0.348172 -0.016129 0.334912
v -0.309910 -0.016129 0.357030
v -0.269769 -0.016129 0.375497
v -0.228003 -0.016129 0.390446
v -0.184868 -0.016129 0.402009
v -0.140618 -0.016129 0.410321
v -0.095509 -0.016129 0.415514
v -0.049794 -0.016129 0.417721
v -0.003729 -0.016129 0.417076
v 0.042431 -0.016129 0.413711
v 0.088432 -0.016129 0.407759
v 0.134019 -0.016129 0.399354
v 0.178937 -0.016129 0.388629
v 0.222931 -0.016129 0.375717
v 0.265747 -0.016129 0.360751
v 0.307129 -0.016129 0.343864
v 0.346823 -0.016129 0.325189
v 0.370967 -0.016129 0.289861
v 0.390634 -0.016129 0.252474
v 0.406052 -0.016129 0.213300
v 0.417451 -0.016129 0.172613
v 0.425060 -0.016129 0.130687
v 0.429107 -0.016129 0.087796
v 0.429822 -0.016129 0.044213
v 0.427433 -0.016129 0.000212
v 0.422171 -0.016129 -0.043934
v 0.414262 -0.016129 -0.087950
v 0.403937 -0.016129 -0.131563
v 0.391425 -0.016129 -0.174500
v 0.376954 -0.016129 -0.216486
v 0.360754 -0.016129 -0.257249
v 0.343053 -0.016129 -0.296514
v 0.324080 0.016129 -0.334008
v 0.286798 0.016129 -0.353901
v 0.247667 0.016129 -0.371134
v 0.206962 0.016129 -0.385689
v 0.164956 0.016129 -0.397551
v 0.121924 0.016129 -0.406702
v 0.078139 0.016129 -0.413125
v 0.033875 0.016129 -0.416804
v -0.010593 0.016129 -0.417721
v -0.054991 0.016129 -0.415861
v -0.099046 0.016129 -0.411205
v -0.142483 0.016129 -0.403738
v -0.185028 0.016129 -0.393442
v -0.226408 0.016129 -0.380301
v -0.266349 0.016129 -0.364298
v -0.304575 0.016129 -0.345415
v -0.340814 0.016129 -0.323637
v -0.357395 0.016129 -0.285235
v -0.372780 0.016129 -0.245412
v -0.386765 0.016129 -0.204393
v -0.399144 0.016129 -0.162406
v -0.409715 0.016129 -0.119674
v -0.418272 0.016129 -0.076425
v -0.424612 0.016129 -0.032883
v -0.428530 0.016129 0.010725
v -0.429822 0.016129 0.054175
v -0.428283 0.016129 0.097240
v -0.423710 0.016129 0.139694
v -0.415898 0.016129 0.181313
v -0.404642 0.016129 0.221869
v -0.389739 0.016129 0.261138
v -0.370984 0.016129 0.298894
v -0.348172 0.016129 0.334912
v -0.309910 0.016129 0.357030
v -0.269769 0.016129 0.375497
v -0.228003 0.016129 0.390446
v -0.184868 0.016129 0.402009
v -0.140618 0.016129 0.410321
v -0.095509 0.016129 0.415514
v -0.049794 0.016129 0.417721
v -0.003729 0.016129 0.417076
v 0.042431 0.016129 0.413711
v 0.088432 0.016129 0.407759
v 0.134019 0.016129 0.399354
v 0.178937 0.016129 0.388629
v 0.222931 0.016129 0.375717
v 0.265747 0.016129 0.360751
v 0.307129 0.016129 0.343864
v 0.346823 0.016129 0.325189
v 0.370967 0.016129 0.289861
v 0.390634 0.016129 0.252474
v 0.406052 0.016129 0.213300
v 0.417451 0.016129 0.172613
v 0.425060 0.016129 0.130687
v 0.429107 0.016129 0.087796
v 0.429822 0.016129 0.044213
v 0.427433 0.016129 0.000212
v 0.422171 0.016129 -0.043934
v 0.414262 0.016129 -0.087950
v 0.403937 0.016129 -0.131563
v 0.391425 0.016129 -0.174500
v 0.376954 0.016129 -0.216486
v 0.360754 0.016129 -0.257249
v 0.343053 0.016129 -0.296514
v 0.324279 0.048387 -0.334212
v 0.286974 0.048387 -0.354117
v 0.247819 0.048387 -0.371360
v 0.207089 0.048387 -0.385925
v 0.165057 0.048387 -0.397794
v 0.121998 0.048387 -0.406950
v 0.078186 0.048387 -0.413377
v 0.033896 0.048387 -0.417058
v -0.010599 0.048387 -0.417977
v -0.055025 0.048387 -0.416115
v -0.099106 0.048387 -0.411457
v -0.142570 0.048387 -0.403985
v -0.185142 0.048387 -0.393683
v -0.226547 0.048387 -0.380533
v -0.266512 0.048387 -0.364520
v -0.304762 0.048387 -0.345626
v -0.341023 0.048387 -0.323835
v -0.357614 0.048387 -0.285409
v -0.373008 0.048387 -0.245562
v -0.387001 0.048387 -0.204518
v -0.399388 0.048387 -0.162505
v -0.409965 0.048387 -0.119748
v -0.418528 0.048387 -0.076472
v -0.424872 0.048387 -0.032903
v -0.428792 0.048387 0.010732
v -0.430085 0.048387 0.054208
v -0.428545 0.048387 0.097299
v -0.423969 0.048387 0.139780
v -0.416152 0.048387 0.181423
v -0.404889 0.048387 0.222005
v -0.389977 0.048387 0.261298
v -0.371211 0.048387 0.299077
v -0.348385 0.048387 0.335116
v -0.310100 0.048387 0.357248
v -0.269934 0.048387 0.375726
v -0.228142 0.048387 0.390684
v -0.184981 0.048387 0.402255
v -0.140704 0.048387 0.410572
v -0.095567 0.048387 0.415768
v -0.049825 0.048387 0.417977
v -0.003731 0.048387 0.417331
v 0.042457 0.048387 0.413963
v 0.088486 0.048387 0.408008
v 0.134101 0.048387 0.399598
v 0.179046 0.048387 0.388867
v 0.223067 0.048387 0.375947
v 0.265909 0.048387 0.360971
v 0.307317 0.048387 0.344074
v 0.347035 0.048387 0.325388
v 0.371194 0.048387 0.290039
v 0.390873 0.048387 0.252628
v 0.406300 0.048387 0.213430
v 0.417706 0.048387 0.172718
v 0.425320 0.048387 0.130767
v 0.429369 0.048387 0.087850
v 0.430085 0.048387 0.044240
v 0.427695 0.048387 0.000212
v 0.422429 0.048387 -0.043960
v 0.414515 0.048387 -0.088004
v 0.404184 0.048387 -0.131644
v 0.391664 0.048387 -0.174607
v 0.377184 0.048387 -0.216619
v 0.360974 0.048387 -0.257406
v 0.343263 0.048387 -0.296695
v 0.324477 0.080645 -0.334416
v 0.287149 0.080645 -0.354333
v 0.247970 0.080645 -0.371587
v 0.207215 0.080645 -0.386161
v 0.165158 0.080645 -0.398037
v 0.122073 0.080645 -0.407199
v 0.078234 0.080645 -0.413630
v 0.033917 0.080645 -0.417313
v -0.010606 0.080645 -0.418232
v -0.055058 0.080645 -0.416369
v -0.099167 0.080645 -0.411708
v -0.142657 0.080645 -0.404232
v -0.185255 0.080645 -0.393923
v -0.226685 0.080645 -0.380766
v -0.266674 0.080645 -0.364743
v -0.304948 0.080645 -0.345837
v -0.341231 0.080645 -0.324033
v -0.357832 0.080645 -0.285583
v -0.373236 0.080645 -0.245712
v -0.387237 0.080645 -0.204643
v -0.399632 0.080645 -0.162604
v -0.410216 0.080645 -0.119821
v -0.418784 0.080645 -0.076518
v -0.425131 0.080645 -0.032923
v -0.429054 0.080645 0.010739
v -0.430348 0.080645 0.054241
v -0.428807 0.080645 0.097359
v -0.424228 0.080645 0.139865
v -0.416406 0.080645 0.181534
v -0.405137 0.080645 0.222140
v -0.390215 0.080645 0.261458
v -0.371437 0.080645 0.299260
v -0.348598 0.080645 0.335321
v -0.310289 0.080645 0.357466
v -0.270099 0.080645 0.375956
v -0.228282 0.080645 0.390923
v -0.185094 0.080645 0.402501
v -0.140790 0.080645 0.410823
v -0.095625 0.080645 0.416022
v -0.049855 0.080645 0.418232
v -0.003734 0.080645 0.417586
v 0.042483 0.080645 0.414216
v 0.088540 0.080645 0.408258
v 0.134183 0.080645 0.399842
v 0.179156 0.080645 0.389104
v 0.223204 0.080645 0.376176
v 0.266072 0.080645 0.361192
v 0.307505 0.080645 0.344284
v 0.347247 0.080645 0.325587
v 0.371421 0.080645 0.290216
v 0.391111 0.080645 0.252782
v 0.406549 0.080645 0.213561
v 0.417962 0.080645 0.172824
v 0.425580 0.080645 0.130847
v 0.429632 0.080645 0.087903
v 0.430348 0.080645 0.044267
v 0.427956 0.080645 0.000212
v 0.422687 0.080645 -0.043987
v 0.414769 0.080645 -0.088057
v 0.404431 0.080645 -0.131724
v 0.391903 0.080645 -0.174713
v 0.377415 0.080645 -0.216751
v 0.361195 0.080645 -0.257563
v 0.343472 0.080645 -0.296876
v 0.324477 0.112903 -0.334416
v 0.287149 0.112903 -0.354333
v 0.247970 0.112903 -0.371587
v 0.207215 0.112903 -0.386161
v 0.165158 0.112903 -0.398037
v 0.122073 0.112903 -0.407199
v 0.078234 0.112903 -0.413630
v 0.033917 0.112903 -0.417313
v -0.010606 0.112903 -0.418232
v -0.055058 0.112903 -0.416369
v -0.099167 0.112903 -0.411708
v -0.142657 0.112903 -0.404232
v -0.185255 0.112903 -0.393923
v -0.226685 0.112903 -0.380766
v -0.266674 0.112903 -0.364743
v -0.304948 0.112903 -0.345837
v -0.341231 0.112903 -0.324033
v -0.357832 0.112903 -0.285583
v -0.373236 0.112903 -0.245712
v -0.387237 0.112903 -0.204643
v -0.399632 0.112903 -0.162604
v -0.410216 0.112903 -0.119821
v -0.418784 0.112903 -0.076518
v -0.425131 0.112903 -0.032923
v -0.429054 0.112903 0.010739
v -0.430348 0.112903 0.054241
v -0.428807 0.112903 0.097359
v -0.424228 0.112903 0.139865
v -0.416406 0.112903 0.181534
v -0.405137 0.112903 0.222140
v -0.390215 0.112903 0.261458
v -0.371437 0.112903 0.299260
v -0.348598 0.112903 0.335321
v -0.310289 0.112903 0.357466
v -0.270099 0.112903 0.375956
v -0.228282 0.112903 0.390923
v -0.185094 0.112903 0.402501
v -0.140790 0.112903 0.410823
v -0.095625 0.112903 0.416022
v -0.049855 0.112903 0.418232
v -0.003734 0.112903 0.417586
v 0.042483 0.112903 0.414216
v 0.088540 0.112903 0.408258
v 0.134183 0.112903 0.399842
v 0.179156 0.112903 0.389104
v 0.223204 0.112903 0.376176
v 0.266072 0.112903 0.361192
v 0.307505 0.112903 0.344284
v 0.347247 0.112903 0.325587
v 0.371421 0.112903 0.290216
v 0.391111 0.112903 0.252782
v 0.406549 0.112903 0.213561
v 0.417962 0.112903 0.172824
v 0.425580 0.112903 0.130847
v 0.429632 0.112903 0.087903
v 0.430348 0.112903 0.044267
v 0.427956 0.112903 0.000212
v 0.422687 0.112903 -0.043987
v 0.414769 0.112903 -0.088057
v 0.404431 0.112903 -0.131724
v 0.391903 0.112903 -0.174713
v 0.377415 0.112903 -0.216751
v 0.361195 0.112903 -0.257563
v 0.343472 0.112903 -0.296876
v 0.324675 0.145161 -0.334620
v 0.287324 0.145161 -0.354550
v 0.248122 0.145161 -0.371814
v 0.207342 0.145161 -0.386396
v 0.165259 0.145161 -0.398280
v 0.122147 0.145161 -0.407447
v 0.078282 0.145161 -0.413882
v 0.033937 0.145161 -0.417568
v -0.010612 0.145161 -0.418487
v -0.055092 0.145161 -0.416623
v -0.099227 0.145161 -0.411959
v -0.142744 0.145161 -0.404478
v -0.185368 0.145161 -0.394164
v -0.226824 0.145161 -0.380998
v -0.266837 0.145161 -0.364966
v -0.305134 0.145161 -0.346049
v -0.341439 0.145161 -0.324230
v -0.358051 0.145161 -0.285758
v -0.373464 0.145161 -0.245862
v -0.387474 0.145161 -0.204768
v -0.399876 0.145161 -0.162704
v -0.410466 0.145161 -0.119894
v -0.419039 0.145161 -0.076565
v -0.425391 0.145161 -0.032943
v -0.429316 0.145161 0.010745
v -0.430610 0.145161 0.054274
v -0.429069 0.145161 0.097418
v -0.424487 0.145161 0.139950
v -0.416660 0.145161 0.181645
v -0.405384 0.145161 0.222276
v -0.390454 0.145161 0.261617
v -0.371664 0.145161 0.299442
v -0.348811 0.145161 0.335526
v -0.310478 0.145161 0.357685
v -0.270263 0.145161 0.376186
v -0.228421 0.145161 0.391162
v -0.185207 0.145161 0.402747
v -0.140876 0.145161 0.411074
v -0.095684 0.145161 0.416276
v -0.049885 0.145161 0.418487
v -0.003736 0.145161 0.417840
v 0.042509 0.145161 0.414469
v 0.088594 0.145161 0.408507
v 0.134265 0.145161 0.400087
v 0.179265 0.145161 0.389342
v 0.223340 0.145161 0.376406
v 0.266234 0.145161 0.361412
v 0.307692 0.145161 0.344494
v 0.347459 0.145161 0.325785
v 0.371648 0.145161 0.290393
v 0.391350 0.145161 0.252937
v 0.406797 0.145161 0.213691
v 0.418217 0.145161 0.172930
v 0.425839 0.145161 0.130927
v 0.429894 0.145161 0.087957
v 0.430610 0.145161 0.044294
v 0.428217 0.145161 0.000212
v 0.422945 0.145161 -0.044014
v 0.415022 0.145161 -0.088111
v 0.404678 0.145161 -0.131804
v 0.392143 0.145161 -0.174820
v 0.377645 0.145161 -0.216883
v 0.361415 0.145161 -0.257721
v 0.343682 0.145161 -0.297058
v 0.325269 0.177419 -0.335233
v 0.287850 0.177419 -0.355199
v 0.248576 0.177419 -0.372495
v 0.207721 0.177419 -0.387104
v 0.165561 0.177419 -0.399009
v 0.122371 0.177419 -0.408193
v 0.078425 0.177419 -0.414640
v 0.034000 0.177419 -0.418332
v -0.010631 0.177419 -0.419253
v -0.055193 0.177419 -0.417386
v -0.099409 0.177419 -0.412713
v -0.143005 0.177419 -0.405219
v -0.185707 0.177419 -0.394885
v -0.227239 0.177419 -0.381696
v -0.267326 0.177419 -0.365634
v -0.305692 0.177419 -0.346682
v -0.342064 0.177419 -0.324824
v -0.358706 0.177419 -0.286281
v -0.374147 0.177419 -0.246312
v -0.388183 0.177419 -0.205143
v -0.400608 0.177419 -0.163001
v -0.411218 0.177419 -0.120113
v -0.419806 0.177419 -0.076705
v -0.426169 0.177419 -0.033004
v -0.430102 0.177419 0.010765
v -0.431398 0.177419 0.054374
v -0.429854 0.177419 0.097596
v -0.425264 0.177419 0.140206
v -0.417423 0.177419 0.181977
v -0.406126 0.177419 0.222683
v -0.391168 0.177419 0.262096
v -0.372344 0.177419 0.299991
v -0.349449 0.177419 0.336140
v -0.311047 0.177419 0.358339
v -0.270758 0.177419 0.376874
v -0.228839 0.177419 0.391878
v -0.185546 0.177419 0.403484
v -0.141134 0.177419 0.411826
v -0.095859 0.177419 0.417038
v -0.049977 0.177419 0.419253
v -0.003743 0.177419 0.418605
v 0.042587 0.177419 0.415228
v 0.088757 0.177419 0.409254
v 0.134511 0.177419 0.400819
v 0.179593 0.177419 0.390054
v 0.223749 0.177419 0.377095
v 0.266721 0.177419 0.362074
v 0.308256 0.177419 0.345125
v 0.348095 0.177419 0.326382
v 0.372328 0.177419 0.290924
v 0.392067 0.177419 0.253400
v 0.407541 0.177419 0.214082
v 0.418982 0.177419 0.173246
v 0.426619 0.177419 0.131166
v 0.430681 0.177419 0.088118
v 0.431398 0.177419 0.044375
v 0.429001 0.177419 0.000213
v 0.423719 0.177419 -0.044095
v 0.415781 0.177419 -0.088272
v 0.405419 0.177419 -0.132046
v 0.392860 0.177419 -0.175140
v 0.378337 0.177419 -0.217280
v 0.362077 0.177419 -0.258192
v 0.344311 0.177419 -0.297601
v 0.327646 0.209677 -0.337683
v 0.289954 0.209677 -0.357795
v 0.250392 0.209677 -0.375217
v 0.209239 0.209677 -0.389933
v 0.166771 0.209677 -0.401925
v 0.123265 0.209677 -0.411176
v 0.078998 0.209677 -0.417670
v 0.034248 0.209677 -0.421390
v -0.010709 0.209677 -0.422317
v -0.055596 0.209677 -0.420436
v -0.100135 0.209677 -0.415729
v -0.144051 0.209677 -0.408180
v -0.187064 0.209677 -0.397771
v -0.228899 0.209677 -0.384485
v -0.269279 0.209677 -0.368306
v -0.307927 0.209677 -0.349216
v -0.344564 0.209677 -0.327198
v -0.361328 0.209677 -0.288373
v -0.376882 0.209677 -0.248112
v -0.391020 0.209677 -0.206642
v -0.403536 0.209677 -0.164193
v -0.414223 0.209677 -0.120991
v -0.422874 0.209677 -0.077266
v -0.429284 0.209677 -0.033245
v -0.433245 0.209677 0.010843
v -0.434551 0.209677 0.054771
v -0.432996 0.209677 0.098310
v -0.428372 0.209677 0.141231
v -0.420474 0.209677 0.183307
v -0.409094 0.209677 0.224310
v -0.394027 0.209677 0.264012
v -0.375065 0.209677 0.302183
v -0.352003 0.209677 0.338596
v -0.313320 0.209677 0.360958
v -0.272737 0.209677 0.379628
v -0.230512 0.209677 0.394742
v -0.186902 0.209677 0.406433
v -0.142165 0.209677 0.414836
v -0.096560 0.209677 0.420086
v -0.050342 0.209677 0.422317
v -0.003770 0.209677 0.421665
v 0.042898 0.209677 0.418262
v 0.089405 0.209677 0.412245
v 0.135494 0.209677 0.403748
v 0.180906 0.209677 0.392905
v 0.225384 0.209677 0.379851
v 0.268671 0.209677 0.364720
v 0.310508 0.209677 0.347647
v 0.350639 0.209677 0.328767
v 0.375049 0.209677 0.293051
v 0.394932 0.209677 0.255252
v 0.410520 0.209677 0.215647
v 0.422044 0.209677 0.174512
v 0.429737 0.209677 0.132125
v 0.433828 0.209677 0.088762
v 0.434551 0.209677 0.044699
v 0.432136 0.209677 0.000214
v 0.426815 0.209677 -0.044417
v 0.418820 0.209677 -0.088917
v 0.408382 0.209677 -0.133011
v 0.395732 0.209677 -0.176420
v 0.381101 0.209677 -0.218868
v 0.364723 0.209677 -0.260079
v 0.346827 0.209677 -0.299776
v 0.329851 0.241935 -0.339955
v 0.291905 0.241935 -0.360202
v 0.252077 0.241935 -0.377742
v 0.210647 0.241935 -0.392556
v 0.167893 0.241935 -0.404629
v 0.124095 0.241935 -0.413943
v 0.079530 0.241935 -0.420481
v 0.034478 0.241935 -0.424225
v -0.010781 0.241935 -0.425159
v -0.055970 0.241935 -0.423265
v -0.100809 0.241935 -0.418527
v -0.145020 0.241935 -0.410927
v -0.188323 0.241935 -0.400447
v -0.230440 0.241935 -0.387072
v -0.271091 0.241935 -0.370784
v -0.309998 0.241935 -0.351565
v -0.346883 0.241935 -0.329399
v -0.363759 0.241935 -0.290313
v -0.379417 0.241935 -0.249781
v -0.393651 0.241935 -0.208033
v -0.406251 0.241935 -0.165297
v -0.417010 0.241935 -0.121805
v -0.425720 0.241935 -0.077786
v -0.432172 0.241935 -0.033469
v -0.436160 0.241935 0.010916
v -0.437475 0.241935 0.055139
v -0.435909 0.241935 0.098971
v -0.431254 0.241935 0.142181
v -0.423303 0.241935 0.184541
v -0.411847 0.241935 0.225820
v -0.396678 0.241935 0.265788
v -0.377589 0.241935 0.304216
v -0.354372 0.241935 0.340875
v -0.315428 0.241935 0.363387
v -0.274572 0.241935 0.382183
v -0.232063 0.241935 0.397398
v -0.188160 0.241935 0.409167
v -0.143122 0.241935 0.417627
v -0.097209 0.241935 0.422912
v -0.050681 0.241935 0.425159
v -0.003796 0.241935 0.424502
v 0.043187 0.241935 0.421077
v 0.090007 0.241935 0.415019
v 0.136405 0.241935 0.406465
v 0.182123 0.241935 0.395549
v 0.226900 0.241935 0.382407
v 0.270478 0.241935 0.367174
v 0.312598 0.241935 0.349986
v 0.352999 0.241935 0.330979
v 0.377572 0.241935 0.295022
v 0.397589 0.241935 0.256969
v 0.413282 0.241935 0.217098
v 0.424884 0.241935 0.175686
v 0.432628 0.241935 0.133014
v 0.436747 0.241935 0.089359
v 0.437475 0.241935 0.045000
v 0.435044 0.241935 0.000216
v 0.429687 0.241935 -0.044716
v 0.421638 0.241935 -0.089516
v 0.411129 0.241935 -0.133906
v 0.398394 0.241935 -0.177607
v 0.383666 0.241935 -0.220341
v 0.367177 0.241935 -0.261829
v 0.349161 0.241935 -0.301793
v 0.332202 0.274194 -0.342378
v 0.293986 0.274194 -0.362770
v 0.253874 0.274194 -0.380435
v 0.212149 0.274194 -0.395355
v 0.169090 0.274194 -0.407514
v 0.124979 0.274194 -0.416894
v 0.080097 0.274194 -0.423478
v 0.034724 0.274194 -0.427249
v -0.010858 0.274194 -0.428190
v -0.056369 0.274194 -0.426283
v -0.101528 0.274194 -0.421510
v -0.146054 0.274194 -0.413856
v -0.189666 0.274194 -0.403302
v -0.232083 0.274194 -0.389832
v -0.273024 0.274194 -0.373427
v -0.312208 0.274194 -0.354072
v -0.349356 0.274194 -0.331748
v -0.366352 0.274194 -0.292383
v -0.382122 0.274194 -0.251562
v -0.396457 0.274194 -0.209516
v -0.409147 0.274194 -0.166476
v -0.419983 0.274194 -0.122674
v -0.428755 0.274194 -0.078340
v -0.435253 0.274194 -0.033707
v -0.439270 0.274194 0.010994
v -0.440594 0.274194 0.055533
v -0.439017 0.274194 0.099677
v -0.434329 0.274194 0.143195
v -0.426321 0.274194 0.185856
v -0.414783 0.274194 0.227429
v -0.399506 0.274194 0.267683
v -0.380281 0.274194 0.306385
v -0.356898 0.274194 0.343305
v -0.317677 0.274194 0.365978
v -0.276529 0.274194 0.384907
v -0.233717 0.274194 0.400231
v -0.189501 0.274194 0.412084
v -0.144142 0.274194 0.420604
v -0.097902 0.274194 0.425927
v -0.051042 0.274194 0.428190
v -0.003823 0.274194 0.427528
v 0.043495 0.274194 0.424079
v 0.090648 0.274194 0.417978
v 0.137378 0.274194 0.409362
v 0.183421 0.274194 0.398369
v 0.228518 0.274194 0.385133
v 0.272407 0.274194 0.369792
v 0.314826 0.274194 0.352481
v 0.355515 0.274194 0.333339
v 0.380264 0.274194 0.297126
v 0.400424 0.274194 0.258801
v 0.416228 0.274194 0.218645
v 0.427913 0.274194 0.176939
v 0.435712 0.274194 0.133962
v 0.439861 0.274194 0.089996
v 0.440594 0.274194 0.045321
v 0.438145 0.274194 0.000217
v 0.432751 0.274194 -0.045035
v 0.424644 0.274194 -0.090154
v 0.414060 0.274194 -0.134860
v 0.401234 0.274194 -0.178873
v 0.386401 0.274194 -0.221912
v 0.369795 0.274194 -0.263696
v 0.351650 0.274194 -0.303945
v 0.334579 0.306452 -0.344828
v 0.296089 0.306452 -0.365366
v 0.255691 0.306452 -0.383157
v 0.213667 0.306452 -0.398184
v 0.170300 0.306452 -0.410430
v 0.125874 0.306452 -0.419877
v 0.080670 0.306452 -0.426508
v 0.034973 0.306452 -0.430306
v -0.010936 0.306452 -0.431254
v -0.056772 0.306452 -0.429333
v -0.102254 0.306452 -0.424527
v -0.147099 0.306452 -0.416818
v -0.191023 0.306452 -0.406188
v -0.233743 0.306452 -0.392621
v -0.274977 0.306452 -0.376099
v -0.314442 0.306452 -0.356605
v -0.351855 0.306452 -0.334121
v -0.368974 0.306452 -0.294475
v -0.384857 0.306452 -0.253362
v -0.399294 0.306452 -0.211015
v -0.412075 0.306452 -0.167667
v -0.422988 0.306452 -0.123551
v -0.431823 0.306452 -0.078901
v -0.438368 0.306452 -0.033948
v -0.442413 0.306452 0.011073
v -0.443747 0.306452 0.055930
v -0.442158 0.306452 0.100390
v -0.437437 0.306452 0.144220
v -0.429371 0.306452 0.187186
v -0.417751 0.306452 0.229057
v -0.402365 0.306452 0.269598
v -0.383002 0.306452 0.308577
v -0.359452 0.306452 0.345761
v -0.319950 0.306452 0.368596
v -0.278508 0.306452 0.387662
v -0.235390 0.306452 0.403095
v -0.190857 0.306452 0.415033
v -0.145174 0.306452 0.423614
v -0.098603 0.306452 0.428975
v -0.051407 0.306452 0.431254
v -0.003850 0.306452 0.430587
v 0.043806 0.306452 0.427113
v 0.091297 0.306452 0.420969
v 0.138361 0.306452 0.412292
v 0.184734 0.306452 0.401219
v 0.230153 0.306452 0.387889
v 0.274356 0.306452 0.372438
v 0.317079 0.306452 0.355004
v 0.358059 0.306452 0.335724
v 0.382985 0.306452 0.299252
v 0.403289 0.306452 0.260653
v 0.419207 0.306452 0.220210
v 0.430975 0.306452 0.178205
v 0.438830 0.306452 0.134921
v 0.443009 0.306452 0.090640
v 0.443747 0.306452 0.045645
v 0.441281 0.306452 0.000219
v 0.435847 0.306452 -0.045357
v 0.427683 0.306452 -0.090799
v 0.417023 0.306452 -0.135825
v 0.404106 0.306452 -0.180153
v 0.389166 0.306452 -0.223500
v 0.372441 0.306452 -0.265583
v 0.354166 0.306452 -0.306120
v 0.332483 0.338710 -0.342668
v 0.294234 0.338710 -0.363077
v 0.254089 0.338710 -0.380757
v 0.212328 0.338710 -0.395690
v 0.169233 0.338710 -0.407859
v 0.125085 0.338710 -0.417247
v 0.080165 0.338710 -0.423837
v 0.034754 0.338710 -0.427611
v -0.010867 0.338710 -0.428552
v -0.056417 0.338710 -0.426643
v -0.101614 0.338710 -0.421867
v -0.146177 0.338710 -0.414206
v -0.189826 0.338710 -0.403644
v -0.232279 0.338710 -0.390162
v -0.273255 0.338710 -0.373743
v -0.312473 0.338710 -0.354371
v -0.349651 0.338710 -0.332028
v -0.366662 0.338710 -0.292630
v -0.382446 0.338710 -0.251775
v -0.396793 0.338710 -0.209693
v -0.409494 0.338710 -0.166617
v -0.420338 0.338710 -0.122777
v -0.429118 0.338710 -0.078407
v -0.435622 0.338710 -0.033736
v -0.439641 0.338710 0.011003
v -0.440967 0.338710 0.055580
v -0.439388 0.338710 0.099761
v -0.434696 0.338710 0.143316
v -0.426681 0.338710 0.186014
v -0.415134 0.338710 0.227622
v -0.399844 0.338710 0.267909
v -0.380603 0.338710 0.306644
v -0.357200 0.338710 0.343595
v -0.317946 0.338710 0.366287
v -0.276763 0.338710 0.385233
v -0.233915 0.338710 0.400570
v -0.189661 0.338710 0.412433
v -0.144264 0.338710 0.420960
v -0.097985 0.338710 0.426288
v -0.051085 0.338710 0.428552
v -0.003826 0.338710 0.427890
v 0.043531 0.338710 0.424438
v 0.090725 0.338710 0.418332
v 0.137494 0.338710 0.409709
v 0.183577 0.338710 0.398706
v 0.228712 0.338710 0.385459
v 0.272637 0.338710 0.370105
v 0.315093 0.338710 0.352780
v 0.355816 0.338710 0.333621
v 0.380586 0.338710 0.297377
v 0.400763 0.338710 0.259020
v 0.416581 0.338710 0.218830
v 0.428275 0.338710 0.177089
v 0.436081 0.338710 0.134076
v 0.440233 0.338710 0.090072
v 0.440967 0.338710 0.045359
v 0.438516 0.338710 0.000217
v 0.433117 0.338710 -0.045073
v 0.425003 0.338710 -0.090230
v 0.414411 0.338710 -0.134974
v 0.401574 0.338710 -0.179024
v 0.386728 0.338710 -0.222100
v 0.370108 0.338710 -0.263919
v 0.351948 0.338710 -0.304202
v 0.327621 0.370968 -0.337656
v 0.289931 0.370968 -0.357767
v 0.250373 0.370968 -0.375188
v 0.209223 0.370968 -0.389902
v 0.166758 0.370968 -0.401893
v 0.123255 0.370968 -0.411144
v 0.078992 0.370968 -0.417638
v 0.034245 0.370968 -0.421357
v -0.010708 0.370968 -0.422284
v -0.055592 0.370968 -0.420403
v -0.100128 0.370968 -0.415697
v -0.144039 0.370968 -0.408148
v -0.187050 0.370968 -0.397740
v -0.228882 0.370968 -0.384455
v -0.269258 0.370968 -0.368277
v -0.307902 0.370968 -0.349188
v -0.344537 0.370968 -0.327172
v -0.361299 0.370968 -0.288350
v -0.376852 0.370968 -0.248092
v -0.390989 0.370968 -0.206626
v -0.403504 0.370968 -0.164180
v -0.414190 0.370968 -0.120982
v -0.422841 0.370968 -0.077260
v -0.429250 0.370968 -0.033242
v -0.433211 0.370968 0.010843
v -0.434517 0.370968 0.054767
v -0.432962 0.370968 0.098302
v -0.428339 0.370968 0.141220
v -0.420441 0.370968 0.183293
v -0.409062 0.370968 0.224293
v -0.393996 0.370968 0.263991
v -0.375036 0.370968 0.302159
v -0.351976 0.370968 0.338570
v -0.313295 0.370968 0.360930
v -0.272716 0.370968 0.379599
v -0.230494 0.370968 0.394711
v -0.186887 0.370968 0.406401
v -0.142154 0.370968 0.414803
v -0.096552 0.370968 0.420053
v -0.050338 0.370968 0.422284
v -0.003770 0.370968 0.421632
v 0.042895 0.370968 0.418230
v 0.089398 0.370968 0.412213
v 0.135483 0.370968 0.403717
v 0.180892 0.370968 0.392874
v 0.225366 0.370968 0.379821
v 0.268650 0.370968 0.364692
v 0.310484 0.370968 0.347620
v 0.350612 0.370968 0.328741
v 0.375020 0.370968 0.293028
v 0.394901 0.370968 0.255232
v 0.410488 0.370968 0.215630
v 0.422011 0.370968 0.174499
v 0.429703 0.370968 0.132115
v 0.433795 0.370968 0.088755
v 0.434517 0.370968 0.044696
v 0.432103 0.370968 0.000214
v 0.426782 0.370968 -0.044414
v 0.418787 0.370968 -0.088911
v 0.408350 0.370968 -0.133000
v 0.395701 0.370968 -0.176406
v 0.381072 0.370968 -0.218851
v 0.364694 0.370968 -0.260059
v 0.346800 0.370968 -0.299753
v 0.322496 0.403226 -0.332374
v 0.285396 0.403226 -0.352170
v 0.246456 0.403226 -0.369319
v 0.205950 0.403226 -0.383803
v 0.164149 0.403226 -0.395607
v 0.121327 0.403226 -0.404713
v 0.077757 0.403226 -0.411105
v 0.033710 0.403226 -0.414766
v -0.010541 0.403226 -0.415679
v -0.054722 0.403226 -0.413827
v -0.098561 0.403226 -0.409194
v -0.141786 0.403226 -0.401764
v -0.184124 0.403226 -0.391518
v -0.225301 0.403226 -0.378441
v -0.265046 0.403226 -0.362516
v -0.303086 0.403226 -0.343726
v -0.339148 0.403226 -0.322054
v -0.355648 0.403226 -0.283840
v -0.370957 0.403226 -0.244212
v -0.384873 0.403226 -0.203394
v -0.397192 0.403226 -0.161612
v -0.407711 0.403226 -0.119089
v -0.416227 0.403226 -0.076051
v -0.422536 0.403226 -0.032722
v -0.426435 0.403226 0.010673
v -0.427720 0.403226 0.053910
v -0.426189 0.403226 0.096764
v -0.421638 0.403226 0.139011
v -0.413864 0.403226 0.180426
v -0.402663 0.403226 0.220784
v -0.387833 0.403226 0.259861
v -0.369170 0.403226 0.297433
v -0.346470 0.403226 0.333274
v -0.308395 0.403226 0.355284
v -0.268450 0.403226 0.373661
v -0.226888 0.403226 0.388537
v -0.183964 0.403226 0.400044
v -0.139931 0.403226 0.408315
v -0.095042 0.403226 0.413482
v -0.049551 0.403226 0.415679
v -0.003711 0.403226 0.415036
v 0.042224 0.403226 0.411688
v 0.088000 0.403226 0.405765
v 0.133364 0.403226 0.397401
v 0.178062 0.403226 0.386729
v 0.221841 0.403226 0.373880
v 0.264447 0.403226 0.358987
v 0.305627 0.403226 0.342182
v 0.345127 0.403226 0.323599
v 0.369153 0.403226 0.288444
v 0.388724 0.403226 0.251239
v 0.404067 0.403226 0.212257
v 0.415410 0.403226 0.171769
v 0.422981 0.403226 0.130048
v 0.427009 0.403226 0.087367
v 0.427720 0.403226 0.043997
v 0.425343 0.403226 0.000211
v 0.420106 0.403226 -0.043719
v 0.412236 0.403226 -0.087520
v 0.401962 0.403226 -0.130920
v 0.389511 0.403226 -0.173647
v 0.375111 0.403226 -0.215428
v 0.358990 0.403226 -0.255991
v 0.341375 0.403226 -0.295064
v 0.317543 0.435484 -0.327270
v 0.281013 0.435484 -0.346762
v 0.242672 0.435484 -0.363647
v 0.202787 0.435484 -0.377909
v 0.161629 0.435484 -0.389532
v 0.119464 0.435484 -0.398498
v 0.076563 0.435484 -0.404792
v 0.033192 0.435484 -0.408396
v -0.010379 0.435484 -0.409295
v -0.053882 0.435484 -0.407472
v -0.097048 0.435484 -0.402911
v -0.139609 0.435484 -0.395594
v -0.181296 0.435484 -0.385506
v -0.221842 0.435484 -0.372630
v -0.260976 0.435484 -0.356949
v -0.298432 0.435484 -0.338448
v -0.333940 0.435484 -0.317109
v -0.350186 0.435484 -0.279481
v -0.365261 0.435484 -0.240461
v -0.378963 0.435484 -0.200271
v -0.391093 0.435484 -0.159130
v -0.401450 0.435484 -0.117260
v -0.409835 0.435484 -0.074883
v -0.416047 0.435484 -0.032220
v -0.419886 0.435484 0.010509
v -0.421152 0.435484 0.053082
v -0.419645 0.435484 0.095278
v -0.415163 0.435484 0.136876
v -0.407509 0.435484 0.177655
v -0.396480 0.435484 0.217394
v -0.381877 0.435484 0.255871
v -0.363501 0.435484 0.292865
v -0.341149 0.435484 0.328156
v -0.303659 0.435484 0.349828
v -0.264327 0.435484 0.367923
v -0.223404 0.435484 0.382570
v -0.181139 0.435484 0.393900
v -0.137782 0.435484 0.402045
v -0.093582 0.435484 0.407133
v -0.048790 0.435484 0.409295
v -0.003654 0.435484 0.408663
v 0.041575 0.435484 0.405366
v 0.086648 0.435484 0.399534
v 0.131316 0.435484 0.391299
v 0.175328 0.435484 0.380790
v 0.218434 0.435484 0.368138
v 0.260386 0.435484 0.353474
v 0.300934 0.435484 0.336928
v 0.339827 0.435484 0.318630
v 0.363484 0.435484 0.284015
v 0.382754 0.435484 0.247381
v 0.397862 0.435484 0.208997
v 0.409031 0.435484 0.169131
v 0.416486 0.435484 0.128051
v 0.420452 0.435484 0.086025
v 0.421152 0.435484 0.043321
v 0.418812 0.435484 0.000208
v 0.413655 0.435484 -0.043047
v 0.405906 0.435484 -0.086176
v 0.395789 0.435484 -0.128909
v 0.383529 0.435484 -0.170980
v 0.369350 0.435484 -0.212120
v 0.353477 0.435484 -0.252060
v 0.336133 0.435484 -0.290533
v 0.312591 0.467742 -0.322166
v 0.276631 0.467742 -0.341354
v 0.238887 0.467742 -0.357976
v 0.199625 0.467742 -0.372016
v 0.159108 0.467742 -0.383457
v 0.117601 0.467742 -0.392283
v 0.075369 0.467742 -0.398479
v 0.032674 0.467742 -0.402027
v -0.010217 0.467742 -0.402912
v -0.053041 0.467742 -0.401117
v -0.095534 0.467742 -0.396627
v -0.137432 0.467742 -0.389425
v -0.178469 0.467742 -0.379494
v -0.218382 0.467742 -0.366818
v -0.256906 0.467742 -0.351382
v -0.293778 0.467742 -0.333169
v -0.328732 0.467742 -0.312163
v -0.344725 0.467742 -0.275122
v -0.359564 0.467742 -0.236711
v -0.373053 0.467742 -0.197147
v -0.384994 0.467742 -0.156648
v -0.395190 0.467742 -0.115432
v -0.403444 0.467742 -0.073715
v -0.409559 0.467742 -0.031717
v -0.413338 0.467742 0.010345
v -0.414584 0.467742 0.052254
v -0.413100 0.467742 0.093792
v -0.408689 0.467742 0.134742
v -0.401153 0.467742 0.174885
v -0.390297 0.467742 0.214003
v -0.375922 0.467742 0.251880
v -0.357832 0.467742 0.288298
v -0.335829 0.467742 0.323038
v -0.298923 0.467742 0.344372
v -0.260205 0.467742 0.362185
v -0.219920 0.467742 0.376604
v -0.178314 0.467742 0.387757
v -0.135633 0.467742 0.395774
v -0.092123 0.467742 0.400783
v -0.048029 0.467742 0.402912
v -0.003597 0.467742 0.402289
v 0.040927 0.467742 0.399044
v 0.085297 0.467742 0.393303
v 0.129268 0.467742 0.385196
v 0.172593 0.467742 0.374851
v 0.215028 0.467742 0.362397
v 0.256326 0.467742 0.347961
v 0.296241 0.467742 0.331673
v 0.334528 0.467742 0.313660
v 0.357816 0.467742 0.279585
v 0.376785 0.467742 0.243523
v 0.391657 0.467742 0.205738
v 0.402652 0.467742 0.166493
v 0.409991 0.467742 0.126054
v 0.413894 0.467742 0.084683
v 0.414584 0.467742 0.042645
v 0.412280 0.467742 0.000204
v 0.407204 0.467742 -0.042376
v 0.399576 0.467742 -0.084832
v 0.389617 0.467742 -0.126899
v 0.377548 0.467742 -0.168313
v 0.363590 0.467742 -0.208811
v 0.347964 0.467742 -0.248129
v 0.330891 0.467742 -0.286002
v 0.275132 0.500000 -0.283560
v 0.243480 0.500000 -0.300448
v 0.210260 0.500000 -0.315078
v 0.175703 0.500000 -0.327435
v 0.140041 0.500000 -0.337505
v 0.103508 0.500000 -0.345274
v 0.066337 0.500000 -0.350727
v 0.028759 0.500000 -0.353850
v -0.008993 0.500000 -0.354629
v -0.046685 0.500000 -0.353049
v -0.084086 0.500000 -0.349097
v -0.120962 0.500000 -0.342758
v -0.157082 0.500000 -0.334017
v -0.192212 0.500000 -0.322861
v -0.226120 0.500000 -0.309274
v -0.258573 0.500000 -0.293244
v -0.289338 0.500000 -0.274755
v -0.303415 0.500000 -0.242153
v -0.316476 0.500000 -0.208345
v -0.328348 0.500000 -0.173522
v -0.338858 0.500000 -0.137876
v -0.347832 0.500000 -0.101599
v -0.355097 0.500000 -0.064882
v -0.360479 0.500000 -0.027916
v -0.363805 0.500000 0.009105
v -0.364902 0.500000 0.045992
v -0.363596 0.500000 0.082553
v -0.359713 0.500000 0.118595
v -0.353081 0.500000 0.153927
v -0.343525 0.500000 0.188358
v -0.330873 0.500000 0.221696
v -0.314951 0.500000 0.253750
v -0.295585 0.500000 0.284327
v -0.263102 0.500000 0.303104
v -0.229023 0.500000 0.318782
v -0.193566 0.500000 0.331473
v -0.156946 0.500000 0.341290
v -0.119379 0.500000 0.348347
v -0.081083 0.500000 0.352755
v -0.042273 0.500000 0.354629
v -0.003166 0.500000 0.354081
v 0.036022 0.500000 0.351224
v 0.075075 0.500000 0.346171
v 0.113777 0.500000 0.339036
v 0.151911 0.500000 0.329931
v 0.189260 0.500000 0.318969
v 0.225609 0.500000 0.306263
v 0.260741 0.500000 0.291927
v 0.294439 0.500000 0.276073
v 0.314937 0.500000 0.246081
v 0.331633 0.500000 0.214340
v 0.344723 0.500000 0.181083
v 0.354400 0.500000 0.146542
v 0.360859 0.500000 0.110948
v 0.364295 0.500000 0.074535
v 0.364902 0.500000 0.037535
v 0.362874 0.500000 0.000180
v 0.358406 0.500000 -0.037298
v 0.351692 0.500000 -0.074666
v 0.342927 0.500000 -0.111692
v 0.332304 0.500000 -0.148144
v 0.320019 0.500000 -0.183788
v 0.306266 0.500000 -0.218394
v 0.291238 0.500000 -0.251729
v 0.000000 0.500000 0.000000
v 0.000000 -0.500000 0.000000

vt 0.820445 0.160172
vt 0.783581 0.139932
vt 0.744889 0.122399
vt 0.704640 0.107590
vt 0.663105 0.095522
vt 0.620556 0.086212
vt 0.577262 0.079676
vt 0.533495 0.075934
vt 0.489526 0.075000
vt 0.445626 0.076893
vt 0.402065 0.081630
vt 0.359116 0.089227
vt 0.317047 0.099702
vt 0.276132 0.113072
vt 0.236639 0.129354
vt 0.198841 0.148566
vt 0.163009 0.170724
vt 0.146614 0.209795
vt 0.131402 0.250312
vt 0.117574 0.292045
vt 0.105334 0.334764
vt 0.094882 0.378240
vt 0.086420 0.422243
vt 0.080151 0.466544
vt 0.076277 0.510912
vt 0.075000 0.555119
vt 0.076521 0.598934
vt 0.081043 0.642128
vt 0.088768 0.684472
vt 0.099897 0.725735
vt 0.114633 0.765689
vt 0.133178 0.804103
vt 0.155734 0.840747
vt 0.193567 0.863251
vt 0.233258 0.882040
vt 0.274555 0.897249
vt 0.317206 0.909015
vt 0.360959 0.917471
vt 0.405563 0.922754
vt 0.450765 0.925000
vt 0.496313 0.924343
vt 0.541955 0.920919
vt 0.587440 0.914864
vt 0.632516 0.906313
vt 0.676930 0.895401
vt 0.720430 0.882264
vt 0.762766 0.867037
vt 0.803684 0.849856
vt 0.842932 0.830855
vt 0.866806 0.794912
vt 0.886252 0.756873
vt 0.901497 0.717017
vt 0.912768 0.675621
vt 0.920291 0.632964
vt 0.924293 0.589326
vt 0.925000 0.544983
vt 0.922638 0.500216
vt 0.917434 0.455301
vt 0.909615 0.410518
vt 0.899406 0.366144
vt 0.887034 0.322459
vt 0.872725 0.279741
vt 0.856707 0.238268
vt 0.839204 0.198319
vt 0.145178 0.032258
vt 0.185996 0.032258
vt 0.228839 0.032258
vt 0.273406 0.032258
vt 0.319396 0.032258
vt 0.366511 0.032258
vt 0.414449 0.032258
vt 0.462911 0.032258
vt 0.511597 0.032258
vt 0.560207 0.032258
vt 0.608441 0.032258
vt 0.655999 0.032258
vt 0.702580 0.032258
vt 0.747885 0.032258
vt 0.791614 0.032258
vt 0.833467 0.032258
vt 0.864602 0.032258
vt 0.821338 0.032258
vt 0.776475 0.032258
vt 0.730265 0.032258
vt 0.682962 0.032258
vt 0.634822 0.032258
vt 0.586098 0.032258
vt 0.537045 0.032258
vt 0.487917 0.032258
vt 0.438968 0.032258
vt 0.390452 0.032258
vt 0.342624 0.032258
vt 0.295738 0.032258
vt 0.250048 0.032258
vt 0.205808 0.032258
vt 0.163273 0.032258
vt 0.122697 0.032258
vt 0.160692 0.032258
vt 0.204641 0.032258
vt 0.250369 0.032258
vt 0.297596 0.032258
vt 0.346043 0.032258
vt 0.395431 0.032258
vt 0.445482 0.032258
vt 0.495917 0.032258
vt 0.546456 0.032258
vt 0.596821 0.032258
vt 0.646732 0.032258
vt 0.695911 0.032258
vt 0.744078 0.032258
vt 0.790955 0.032258
vt 0.836263 0.032258
vt 0.866350 0.032258
vt 0.826551 0.032258
vt 0.784431 0.032258
vt 0.740298 0.032258
vt 0.694462 0.032258
vt 0.647229 0.032258
vt 0.598909 0.032258
vt 0.549809 0.032258
vt 0.500239 0.032258
vt 0.450505 0.032258
vt 0.400918 0.032258
vt 0.351784 0.032258
vt 0.303413 0.032258
vt 0.256112 0.032258
vt 0.210190 0.032258
vt 0.165955 0.032258
vt 0.127628 0.064516
vt 0.170466 0.064516
vt 0.215428 0.064516
vt 0.262198 0.064516
vt 0.310464 0.064516
vt 0.359908 0.064516
vt 0.410218 0.064516
vt 0.461077 0.064516
vt 0.512171 0.064516
vt 0.563185 0.064516
vt 0.613805 0.064516
vt 0.663714 0.064516
vt 0.712600 0.064516
vt 0.760146 0.064516
vt 0.806038 0.064516
vt 0.849961 0.064516
vt 0.882635 0.064516
vt 0.837232 0.064516
vt 0.790149 0.064516
vt 0.741654 0.064516
vt 0.692012 0.064516
vt 0.641491 0.064516
vt 0.590357 0.064516
vt 0.538878 0.064516
vt 0.487319 0.064516
vt 0.435949 0.064516
vt 0.385034 0.064516
vt 0.334840 0.064516
vt 0.285635 0.064516
vt 0.237685 0.064516
vt 0.191257 0.064516
vt 0.146618 0.064516
vt 0.104035 0.064516
vt 0.143910 0.064516
vt 0.190033 0.064516
vt 0.238022 0.064516
vt 0.287585 0.064516
vt 0.338428 0.064516
vt 0.390259 0.064516
vt 0.442786 0.064516
vt 0.495715 0.064516
vt 0.548754 0.064516
vt 0.601610 0.064516
vt 0.653989 0.064516
vt 0.705601 0.064516
vt 0.756150 0.064516
vt 0.805346 0.064516
vt 0.852895 0.064516
vt 0.884470 0.064516
vt 0.842702 0.064516
vt 0.798499 0.064516
vt 0.752183 0.064516
vt 0.704080 0.064516
vt 0.654511 0.064516
vt 0.603801 0.064516
vt 0.552273 0.064516
vt 0.500251 0.064516
vt 0.448057 0.064516
vt 0.396017 0.064516
vt 0.344453 0.064516
vt 0.293689 0.064516
vt 0.244049 0.064516
vt 0.195856 0.064516
vt 0.149433 0.064516
vt 0.124391 0.096774
vt 0.167601 0.096774
vt 0.212953 0.096774
vt 0.260131 0.096774
vt 0.308816 0.096774
vt 0.358690 0.096774
vt 0.409437 0.096774
vt 0.460739 0.096774
vt 0.512277 0.096774
vt 0.563735 0.096774
vt 0.614794 0.096774
vt 0.665138 0.096774
vt 0.714448 0.096774
vt 0.762408 0.096774
vt 0.808698 0.096774
vt 0.853003 0.096774
vt 0.885961 0.096774
vt 0.840164 0.096774
vt 0.792672 0.096774
vt 0.743755 0.096774
vt 0.693681 0.096774
vt 0.642721 0.096774
vt 0.591142 0.096774
vt 0.539216 0.096774
vt 0.487209 0.096774
vt 0.435392 0.096774
vt 0.384034 0.096774
vt 0.333404 0.096774
vt 0.283771 0.096774
vt 0.235404 0.096774
vt 0.188573 0.096774
vt 0.143546 0.096774
vt 0.100593 0.096774
vt 0.140814 0.096774
vt 0.187338 0.096774
vt 0.235744 0.096774
vt 0.285738 0.096774
vt 0.337023 0.096774
vt 0.389305 0.096774
vt 0.442289 0.096774
vt 0.495678 0.096774
vt 0.549178 0.096774
vt 0.602493 0.096774
vt 0.655328 0.096774
vt 0.707388 0.096774
vt 0.758377 0.096774
vt 0.808001 0.096774
vt 0.855963 0.096774
vt 0.887812 0.096774
vt 0.845682 0.096774
vt 0.801094 0.096774
vt 0.754376 0.096774
vt 0.705854 0.096774
vt 0.655854 0.096774
vt 0.604703 0.096774
vt 0.552727 0.096774
vt 0.500253 0.096774
vt 0.447606 0.096774
vt 0.395113 0.096774
vt 0.343101 0.096774
vt 0.291896 0.096774
vt 0.241824 0.096774
vt 0.193211 0.096774
vt 0.146385 0.096774
vt 0.124160 0.129032
vt 0.167397 0.129032
vt 0.212777 0.129032
vt 0.259984 0.129032
vt 0.308698 0.129032
vt 0.358604 0.129032
vt 0.409382 0.129032
vt 0.460714 0.129032
vt 0.512284 0.129032
vt 0.563774 0.129032
vt 0.614865 0.129032
vt 0.665239 0.129032
vt 0.714580 0.129032
vt 0.762569 0.129032
vt 0.808888 0.129032
vt 0.853220 0.129032
vt 0.886198 0.129032
vt 0.840373 0.129032
vt 0.792852 0.129032
vt 0.743904 0.129032
vt 0.693800 0.129032
vt 0.642808 0.129032
vt 0.591198 0.129032
vt 0.539240 0.129032
vt 0.487201 0.129032
vt 0.435353 0.129032
vt 0.383963 0.129032
vt 0.333302 0.129032
vt 0.283638 0.129032
vt 0.235242 0.129032
vt 0.188382 0.129032
vt 0.143327 0.129032
vt 0.100347 0.129032
vt 0.140593 0.129032
vt 0.187146 0.129032
vt 0.235582 0.129032
vt 0.285606 0.129032
vt 0.336923 0.129032
vt 0.389237 0.129032
vt 0.442253 0.129032
vt 0.495675 0.129032
vt 0.549208 0.129032
vt 0.602556 0.129032
vt 0.655424 0.129032
vt 0.707515 0.129032
vt 0.758536 0.129032
vt 0.808190 0.129032
vt 0.856182 0.129032
vt 0.888051 0.129032
vt 0.845894 0.129032
vt 0.801279 0.129032
vt 0.754532 0.129032
vt 0.705980 0.129032
vt 0.655950 0.129032
vt 0.604768 0.129032
vt 0.552760 0.129032
vt 0.500253 0.129032
vt 0.447574 0.129032
vt 0.395049 0.129032
vt 0.343005 0.129032
vt 0.291768 0.129032
vt 0.241665 0.129032
vt 0.193023 0.129032
vt 0.146168 0.129032
vt 0.123929 0.161290
vt 0.167192 0.161290
vt 0.212601 0.161290
vt 0.259836 0.161290
vt 0.308581 0.161290
vt 0.358517 0.161290
vt 0.409326 0.161290
vt 0.460690 0.161290
vt 0.512292 0.161290
vt 0.563813 0.161290
vt 0.614935 0.161290
vt 0.665341 0.161290
vt 0.714712 0.161290
vt 0.762730 0.161290
vt 0.809078 0.161290
vt 0.853437 0.161290
vt 0.886436 0.161290
vt 0.840582 0.161290
vt 0.793031 0.161290
vt 0.744054 0.161290
vt 0.693919 0.161290
vt 0.642896 0.161290
vt 0.591254 0.161290
vt 0.539264 0.161290
vt 0.487193 0.161290
vt 0.435313 0.161290
vt 0.383892 0.161290
vt 0.333200 0.161290
vt 0.283505 0.161290
vt 0.235079 0.161290
vt 0.188190 0.161290
vt 0.143108 0.161290
vt 0.100102 0.161290
vt 0.140373 0.161290
vt 0.186954 0.161290
vt 0.235420 0.161290
vt 0.285475 0.161290
vt 0.336823 0.161290
vt 0.389169 0.161290
vt 0.442218 0.161290
vt 0.495673 0.161290
vt 0.549238 0.161290
vt 0.602619 0.161290
vt 0.655519 0.161290
vt 0.707643 0.161290
vt 0.758695 0.161290
vt 0.808379 0.161290
vt 0.856400 0.161290
vt 0.888289 0.161290
vt 0.846106 0.161290
vt 0.801464 0.161290
vt 0.754689 0.161290
vt 0.706107 0.161290
vt 0.656046 0.161290
vt 0.604832 0.161290
vt 0.552792 0.161290
vt 0.500253 0.161290
vt 0.447542 0.161290
vt 0.394984 0.161290
vt 0.342908 0.161290
vt 0.291640 0.161290
vt 0.241507 0.161290
vt 0.192834 0.161290
vt 0.145950 0.161290
vt 0.123929 0.193548
vt 0.167192 0.193548
vt 0.212601 0.193548
vt 0.259836 0.193548
vt 0.308581 0.193548
vt 0.358517 0.193548
vt 0.409326 0.193548
vt 0.460690 0.193548
vt 0.512292 0.193548
vt 0.563813 0.193548
vt 0.614935 0.193548
vt 0.665341 0.193548
vt 0.714712 0.193548
vt 0.762730 0.193548
vt 0.809078 0.193548
vt 0.853437 0.193548
vt 0.886436 0.193548
vt 0.840582 0.193548
vt 0.793031 0.193548
vt 0.744054 0.193548
vt 0.693919 0.193548
vt 0.642896 0.193548
vt 0.591254 0.193548
vt 0.539264 0.193548
vt 0.487193 0.193548
vt 0.435313 0.193548
vt 0.383892 0.193548
vt 0.333200 0.193548
vt 0.283505 0.193548
vt 0.235079 0.193548
vt 0.188190 0.193548
vt 0.143108 0.193548
vt 0.100102 0.193548
vt 0.140373 0.193548
vt 0.186954 0.193548
vt 0.235420 0.193548
vt 0.285475 0.193548
vt 0.336823 0.193548
vt 0.389169 0.193548
vt 0.442218 0.193548
vt 0.495673 0.193548
vt 0.549238 0.193548
vt 0.602619 0.193548
vt 0.655519 0.193548
vt 0.707643 0.193548
vt 0.758695 0.193548
vt 0.808379 0.193548
vt 0.856400 0.193548
vt 0.888289 0.193548
vt 0.846106 0.193548
vt 0.801464 0.193548
vt 0.754689 0.193548
vt 0.706107 0.193548
vt 0.656046 0.193548
vt 0.604832 0.193548
vt 0.552792 0.193548
vt 0.500253 0.193548
vt 0.447542 0.193548
vt 0.394984 0.193548
vt 0.342908 0.193548
vt 0.291640 0.193548
vt 0.241507 0.193548
vt 0.192834 0.193548
vt 0.145950 0.193548
vt 0.123698 0.225806
vt 0.166988 0.225806
vt 0.212424 0.225806
vt 0.259689 0.225806
vt 0.308463 0.225806
vt 0.358430 0.225806
vt 0.409270 0.225806
vt 0.460666 0.225806
vt 0.512299 0.225806
vt 0.563852 0.225806
vt 0.615006 0.225806
vt 0.665442 0.225806
vt 0.714843 0.225806
vt 0.762891 0.225806
vt 0.809267 0.225806
vt 0.853654 0.225806
vt 0.886673 0.225806
vt 0.840791 0.225806
vt 0.793211 0.225806
vt 0.744204 0.225806
vt 0.694038 0.225806
vt 0.642984 0.225806
vt 0.591310 0.225806
vt 0.539288 0.225806
vt 0.487186 0.225806
vt 0.435273 0.225806
vt 0.383821 0.225806
vt 0.333097 0.225806
vt 0.283373 0.225806
vt 0.234917 0.225806
vt 0.187999 0.225806
vt 0.142889 0.225806
vt 0.099857 0.225806
vt 0.140152 0.225806
vt 0.186762 0.225806
vt 0.235257 0.225806
vt 0.285343 0.225806
vt 0.336723 0.225806
vt 0.389101 0.225806
vt 0.442182 0.225806
vt 0.495670 0.225806
vt 0.549268 0.225806
vt 0.602682 0.225806
vt 0.655614 0.225806
vt 0.707770 0.225806
vt 0.758853 0.225806
vt 0.808568 0.225806
vt 0.856619 0.225806
vt 0.888527 0.225806
vt 0.846319 0.225806
vt 0.801649 0.225806
vt 0.754845 0.225806
vt 0.706233 0.225806
vt 0.656142 0.225806
vt 0.604896 0.225806
vt 0.552824 0.225806
vt 0.500253 0.225806
vt 0.447509 0.225806
vt 0.394920 0.225806
vt 0.342812 0.225806
vt 0.291512 0.225806
vt 0.241348 0.225806
vt 0.192646 0.225806
vt 0.145733 0.225806
vt 0.123468 0.258065
vt 0.166784 0.258065
vt 0.212248 0.258065
vt 0.259542 0.258065
vt 0.308346 0.258065
vt 0.358343 0.258065
vt 0.409215 0.258065
vt 0.460642 0.258065
vt 0.512307 0.258065
vt 0.563891 0.258065
vt 0.615076 0.258065
vt 0.665543 0.258065
vt 0.714975 0.258065
vt 0.763052 0.258065
vt 0.809457 0.258065
vt 0.853870 0.258065
vt 0.886910 0.258065
vt 0.841000 0.258065
vt 0.793391 0.258065
vt 0.744353 0.258065
vt 0.694157 0.258065
vt 0.643071 0.258065
vt 0.591366 0.258065
vt 0.539312 0.258065
vt 0.487178 0.258065
vt 0.435234 0.258065
vt 0.383749 0.258065
vt 0.332995 0.258065
vt 0.283240 0.258065
vt 0.234754 0.258065
vt 0.187808 0.258065
vt 0.142670 0.258065
vt 0.099611 0.258065
vt 0.139931 0.258065
vt 0.186570 0.258065
vt 0.235095 0.258065
vt 0.285211 0.258065
vt 0.336623 0.258065
vt 0.389033 0.258065
vt 0.442147 0.258065
vt 0.495667 0.258065
vt 0.549299 0.258065
vt 0.602745 0.258065
vt 0.655710 0.258065
vt 0.707898 0.258065
vt 0.759012 0.258065
vt 0.808757 0.258065
vt 0.856837 0.258065
vt 0.888765 0.258065
vt 0.846531 0.258065
vt 0.801834 0.258065
vt 0.755001 0.258065
vt 0.706360 0.258065
vt 0.656237 0.258065
vt 0.604961 0.258065
vt 0.552857 0.258065
vt 0.500253 0.258065
vt 0.447477 0.258065
vt 0.394856 0.258065
vt 0.342716 0.258065
vt 0.291384 0.258065
vt 0.241189 0.258065
vt 0.192457 0.258065
vt 0.145516 0.258065
vt 0.123468 0.290323
vt 0.166784 0.290323
vt 0.212248 0.290323
vt 0.259542 0.290323
vt 0.308346 0.290323
vt 0.358343 0.290323
vt 0.409215 0.290323
vt 0.460642 0.290323
vt 0.512307 0.290323
vt 0.563891 0.290323
vt 0.615076 0.290323
vt 0.665543 0.290323
vt 0.714975 0.290323
vt 0.763052 0.290323
vt 0.809457 0.290323
vt 0.853870 0.290323
vt 0.886910 0.290323
vt 0.841000 0.290323
vt 0.793391 0.290323
vt 0.744353 0.290323
vt 0.694157 0.290323
vt 0.643071 0.290323
vt 0.591366 0.290323
vt 0.539312 0.290323
vt 0.487178 0.290323
vt 0.435234 0.290323
vt 0.383749 0.290323
vt 0.332995 0.290323
vt 0.283240 0.290323
vt 0.234754 0.290323
vt 0.187808 0.290323
vt 0.142670 0.290323
vt 0.099611 0.290323
vt 0.139931 0.290323
vt 0.186570 0.290323
vt 0.235095 0.290323
vt 0.285211 0.290323
vt 0.336623 0.290323
vt 0.389033 0.290323
vt 0.442147 0.290323
vt 0.495667 0.290323
vt 0.549299 0.290323
vt 0.602745 0.290323
vt 0.655710 0.290323
vt 0.707898 0.290323
vt 0.759012 0.290323
vt 0.808757 0.290323
vt 0.856837 0.290323
vt 0.888765 0.290323
vt 0.846531 0.290323
vt 0.801834 0.290323
vt 0.755001 0.290323
vt 0.706360 0.290323
vt 0.656237 0.290323
vt 0.604961 0.290323
vt 0.552857 0.290323
vt 0.500253 0.290323
vt 0.447477 0.290323
vt 0.394856 0.290323
vt 0.342716 0.290323
vt 0.291384 0.290323
vt 0.241189 0.290323
vt 0.192457 0.290323
vt 0.145516 0.290323
vt 0.123274 0.322581
vt 0.166613 0.322581
vt 0.212100 0.322581
vt 0.259418 0.322581
vt 0.308248 0.322581
vt 0.358270 0.322581
vt 0.409168 0.322581
vt 0.460622 0.322581
vt 0.512313 0.322581
vt 0.563924 0.322581
vt 0.615135 0.322581
vt 0.665629 0.322581
vt 0.715086 0.322581
vt 0.763187 0.322581
vt 0.809616 0.322581
vt 0.854052 0.322581
vt 0.887109 0.322581
vt 0.841175 0.322581
vt 0.793542 0.322581
vt 0.744479 0.322581
vt 0.694257 0.322581
vt 0.643145 0.322581
vt 0.591413 0.322581
vt 0.539332 0.322581
vt 0.487171 0.322581
vt 0.435200 0.322581
vt 0.383690 0.322581
vt 0.332909 0.322581
vt 0.283128 0.322581
vt 0.234618 0.322581
vt 0.187647 0.322581
vt 0.142486 0.322581
vt 0.099406 0.322581
vt 0.139746 0.322581
vt 0.186409 0.322581
vt 0.234959 0.322581
vt 0.285101 0.322581
vt 0.336539 0.322581
vt 0.388976 0.322581
vt 0.442117 0.322581
vt 0.495665 0.322581
vt 0.549324 0.322581
vt 0.602798 0.322581
vt 0.655790 0.322581
vt 0.708004 0.322581
vt 0.759145 0.322581
vt 0.808916 0.322581
vt 0.857021 0.322581
vt 0.888965 0.322581
vt 0.846709 0.322581
vt 0.801989 0.322581
vt 0.755132 0.322581
vt 0.706466 0.322581
vt 0.656317 0.322581
vt 0.605014 0.322581
vt 0.552884 0.322581
vt 0.500253 0.322581
vt 0.447450 0.322581
vt 0.394801 0.322581
vt 0.342635 0.322581
vt 0.291277 0.322581
vt 0.241056 0.322581
vt 0.192299 0.322581
vt 0.145334 0.322581
vt 0.123237 0.354839
vt 0.166580 0.354839
vt 0.212072 0.354839
vt 0.259394 0.354839
vt 0.308229 0.354839
vt 0.358256 0.354839
vt 0.409159 0.354839
vt 0.460618 0.354839
vt 0.512315 0.354839
vt 0.563930 0.354839
vt 0.615147 0.354839
vt 0.665645 0.354839
vt 0.715107 0.354839
vt 0.763213 0.354839
vt 0.809646 0.354839
vt 0.854087 0.354839
vt 0.887147 0.354839
vt 0.841209 0.354839
vt 0.793571 0.354839
vt 0.744503 0.354839
vt 0.694276 0.354839
vt 0.643159 0.354839
vt 0.591422 0.354839
vt 0.539336 0.354839
vt 0.487170 0.354839
vt 0.435194 0.354839
vt 0.383678 0.354839
vt 0.332893 0.354839
vt 0.283107 0.354839
vt 0.234592 0.354839
vt 0.187616 0.354839
vt 0.142451 0.354839
vt 0.099366 0.354839
vt 0.139711 0.354839
vt 0.186378 0.354839
vt 0.234933 0.354839
vt 0.285080 0.354839
vt 0.336523 0.354839
vt 0.388965 0.354839
vt 0.442111 0.354839
vt 0.495665 0.354839
vt 0.549329 0.354839
vt 0.602808 0.354839
vt 0.655805 0.354839
vt 0.708025 0.354839
vt 0.759171 0.354839
vt 0.808947 0.354839
vt 0.857056 0.354839
vt 0.889003 0.354839
vt 0.846743 0.354839
vt 0.802019 0.354839
vt 0.755157 0.354839
vt 0.706486 0.354839
vt 0.656333 0.354839
vt 0.605025 0.354839
vt 0.552889 0.354839
vt 0.500253 0.354839
vt 0.447445 0.354839
vt 0.394791 0.354839
vt 0.342619 0.354839
vt 0.291257 0.354839
vt 0.241031 0.354839
vt 0.192269 0.354839
vt 0.145299 0.354839
vt 0.123237 0.387097
vt 0.166580 0.387097
vt 0.212072 0.387097
vt 0.259394 0.387097
vt 0.308229 0.387097
vt 0.358256 0.387097
vt 0.409159 0.387097
vt 0.460618 0.387097
vt 0.512315 0.387097
vt 0.563930 0.387097
vt 0.615147 0.387097
vt 0.665645 0.387097
vt 0.715107 0.387097
vt 0.763213 0.387097
vt 0.809646 0.387097
vt 0.854087 0.387097
vt 0.887147 0.387097
vt 0.841209 0.387097
vt 0.793571 0.387097
vt 0.744503 0.387097
vt 0.694276 0.387097
vt 0.643159 0.387097
vt 0.591422 0.387097
vt 0.539336 0.387097
vt 0.487170 0.387097
vt 0.435194 0.387097
vt 0.383678 0.387097
vt 0.332893 0.387097
vt 0.283107 0.387097
vt 0.234592 0.387097
vt 0.187616 0.387097
vt 0.142451 0.387097
vt 0.099366 0.387097
vt 0.139711 0.387097
vt 0.186378 0.387097
vt 0.234933 0.387097
vt 0.285080 0.387097
vt 0.336523 0.387097
vt 0.388965 0.387097
vt 0.442111 0.387097
vt 0.495665 0.387097
vt 0.549329 0.387097
vt 0.602808 0.387097
vt 0.655805 0.387097
vt 0.708025 0.387097
vt 0.759171 0.387097
vt 0.808947 0.387097
vt 0.857056 0.387097
vt 0.889003 0.387097
vt 0.846743 0.387097
vt 0.802019 0.387097
vt 0.755157 0.387097
vt 0.706486 0.387097
vt 0.656333 0.387097
vt 0.605025 0.387097
vt 0.552889 0.387097
vt 0.500253 0.387097
vt 0.447445 0.387097
vt 0.394791 0.387097
vt 0.342619 0.387097
vt 0.291257 0.387097
vt 0.241031 0.387097
vt 0.192269 0.387097
vt 0.145299 0.387097
vt 0.123006 0.419355
vt 0.166376 0.419355
vt 0.211895 0.419355
vt 0.259247 0.419355
vt 0.308111 0.419355
vt 0.358170 0.419355
vt 0.409103 0.419355
vt 0.460594 0.419355
vt 0.512322 0.419355
vt 0.563969 0.419355
vt 0.615217 0.419355
vt 0.665746 0.419355
vt 0.715239 0.419355
vt 0.763375 0.419355
vt 0.809836 0.419355
vt 0.854304 0.419355
vt 0.887384 0.419355
vt 0.841417 0.419355
vt 0.793750 0.419355
vt 0.744653 0.419355
vt 0.694395 0.419355
vt 0.643247 0.419355
vt 0.591478 0.419355
vt 0.539360 0.419355
vt 0.487162 0.419355
vt 0.435154 0.419355
vt 0.383607 0.419355
vt 0.332790 0.419355
vt 0.282974 0.419355
vt 0.234429 0.419355
vt 0.187425 0.419355
vt 0.142232 0.419355
vt 0.099121 0.419355
vt 0.139490 0.419355
vt 0.186186 0.419355
vt 0.234770 0.419355
vt 0.284948 0.419355
vt 0.336423 0.419355
vt 0.388897 0.419355
vt 0.442076 0.419355
vt 0.495662 0.419355
vt 0.549359 0.419355
vt 0.602871 0.419355
vt 0.655901 0.419355
vt 0.708152 0.419355
vt 0.759330 0.419355
vt 0.809136 0.419355
vt 0.857275 0.419355
vt 0.889242 0.419355
vt 0.846956 0.419355
vt 0.802204 0.419355
vt 0.755314 0.419355
vt 0.706613 0.419355
vt 0.656429 0.419355
vt 0.605089 0.419355
vt 0.552922 0.419355
vt 0.500254 0.419355
vt 0.447413 0.419355
vt 0.394727 0.419355
vt 0.342523 0.419355
vt 0.291129 0.419355
vt 0.240872 0.419355
vt 0.192081 0.419355
vt 0.145082 0.419355
vt 0.122776 0.451613
vt 0.166171 0.451613
vt 0.211719 0.451613
vt 0.259100 0.451613
vt 0.307994 0.451613
vt 0.358083 0.451613
vt 0.409048 0.451613
vt 0.460570 0.451613
vt 0.512330 0.451613
vt 0.564009 0.451613
vt 0.615288 0.451613
vt 0.665848 0.451613
vt 0.715370 0.451613
vt 0.763536 0.451613
vt 0.810026 0.451613
vt 0.854521 0.451613
vt 0.887621 0.451613
vt 0.841626 0.451613
vt 0.793930 0.451613
vt 0.744803 0.451613
vt 0.694514 0.451613
vt 0.643334 0.451613
vt 0.591534 0.451613
vt 0.539384 0.451613
vt 0.487154 0.451613
vt 0.435115 0.451613
vt 0.383536 0.451613
vt 0.332688 0.451613
vt 0.282841 0.451613
vt 0.234267 0.451613
vt 0.187234 0.451613
vt 0.142013 0.451613
vt 0.098875 0.451613
vt 0.139270 0.451613
vt 0.185993 0.451613
vt 0.234608 0.451613
vt 0.284817 0.451613
vt 0.336323 0.451613
vt 0.388829 0.451613
vt 0.442041 0.451613
vt 0.495659 0.451613
vt 0.549389 0.451613
vt 0.602934 0.451613
vt 0.655996 0.451613
vt 0.708280 0.451613
vt 0.759488 0.451613
vt 0.809325 0.451613
vt 0.857493 0.451613
vt 0.889480 0.451613
vt 0.847168 0.451613
vt 0.802389 0.451613
vt 0.755470 0.451613
vt 0.706739 0.451613
vt 0.656524 0.451613
vt 0.605153 0.451613
vt 0.552954 0.451613
vt 0.500254 0.451613
vt 0.447381 0.451613
vt 0.394662 0.451613
vt 0.342426 0.451613
vt 0.291001 0.451613
vt 0.240714 0.451613
vt 0.191892 0.451613
vt 0.144864 0.451613
vt 0.122545 0.483871
vt 0.165967 0.483871
vt 0.211543 0.483871
vt 0.258952 0.483871
vt 0.307876 0.483871
vt 0.357996 0.483871
vt 0.408992 0.483871
vt 0.460546 0.483871
vt 0.512337 0.483871
vt 0.564048 0.483871
vt 0.615358 0.483871
vt 0.665949 0.483871
vt 0.715502 0.483871
vt 0.763697 0.483871
vt 0.810215 0.483871
vt 0.854738 0.483871
vt 0.887858 0.483871
vt 0.841835 0.483871
vt 0.794110 0.483871
vt 0.744952 0.483871
vt 0.694633 0.483871
vt 0.643422 0.483871
vt 0.591590 0.483871
vt 0.539408 0.483871
vt 0.487146 0.483871
vt 0.435075 0.483871
vt 0.383464 0.483871
vt 0.332586 0.483871
vt 0.282709 0.483871
vt 0.234104 0.483871
vt 0.187042 0.483871
vt 0.141794 0.483871
vt 0.098630 0.483871
vt 0.139049 0.483871
vt 0.185801 0.483871
vt 0.234446 0.483871
vt 0.284685 0.483871
vt 0.336222 0.483871
vt 0.388761 0.483871
vt 0.442005 0.483871
vt 0.495657 0.483871
vt 0.549419 0.483871
vt 0.602997 0.483871
vt 0.656091 0.483871
vt 0.708407 0.483871
vt 0.759647 0.483871
vt 0.809514 0.483871
vt 0.857712 0.483871
vt 0.889718 0.483871
vt 0.847380 0.483871
vt 0.802574 0.483871
vt 0.755626 0.483871
vt 0.706866 0.483871
vt 0.656620 0.483871
vt 0.605218 0.483871
vt 0.552986 0.483871
vt 0.500254 0.483871
vt 0.447348 0.483871
vt 0.394598 0.483871
vt 0.342330 0.483871
vt 0.290873 0.483871
vt 0.240555 0.483871
vt 0.191704 0.483871
vt 0.144647 0.483871
vt 0.122545 0.516129
vt 0.165967 0.516129
vt 0.211543 0.516129
vt 0.258952 0.516129
vt 0.307876 0.516129
vt 0.357996 0.516129
vt 0.408992 0.516129
vt 0.460546 0.516129
vt 0.512337 0.516129
vt 0.564048 0.516129
vt 0.615358 0.516129
vt 0.665949 0.516129
vt 0.715502 0.516129
vt 0.763697 0.516129
vt 0.810215 0.516129
vt 0.854738 0.516129
vt 0.887858 0.516129
vt 0.841835 0.516129
vt 0.794110 0.516129
vt 0.744952 0.516129
vt 0.694633 0.516129
vt 0.643422 0.516129
vt 0.591590 0.516129
vt 0.539408 0.516129
vt 0.487146 0.516129
vt 0.435075 0.516129
vt 0.383464 0.516129
vt 0.332586 0.516129
vt 0.282709 0.516129
vt 0.234104 0.516129
vt 0.187042 0.516129
vt 0.141794 0.516129
vt 0.098630 0.516129
vt 0.139049 0.516129
vt 0.185801 0.516129
vt 0.234446 0.516129
vt 0.284685 0.516129
vt 0.336222 0.516129
vt 0.388761 0.516129
vt 0.442005 0.516129
vt 0.495657 0.516129
vt 0.549419 0.516129
vt 0.602997 0.516129
vt 0.656091 0.516129
vt 0.708407 0.516129
vt 0.759647 0.516129
vt 0.809514 0.516129
vt 0.857712 0.516129
vt 0.889718 0.516129
vt 0.847380 0.516129
vt 0.802574 0.516129
vt 0.755626 0.516129
vt 0.706866 0.516129
vt 0.656620 0.516129
vt 0.605218 0.516129
vt 0.552986 0.516129
vt 0.500254 0.516129
vt 0.447348 0.516129
vt 0.394598 0.516129
vt 0.342330 0.516129
vt 0.290873 0.516129
vt 0.240555 0.516129
vt 0.191704 0.516129
vt 0.144647 0.516129
vt 0.122314 0.548387
vt 0.165763 0.548387
vt 0.211367 0.548387
vt 0.258805 0.548387
vt 0.307759 0.548387
vt 0.357909 0.548387
vt 0.408937 0.548387
vt 0.460521 0.548387
vt 0.512345 0.548387
vt 0.564087 0.548387
vt 0.615429 0.548387
vt 0.666051 0.548387
vt 0.715634 0.548387
vt 0.763858 0.548387
vt 0.810405 0.548387
vt 0.854955 0.548387
vt 0.888095 0.548387
vt 0.842044 0.548387
vt 0.794290 0.548387
vt 0.745102 0.548387
vt 0.694752 0.548387
vt 0.643510 0.548387
vt 0.591646 0.548387
vt 0.539432 0.548387
vt 0.487138 0.548387
vt 0.435035 0.548387
vt 0.383393 0.548387
vt 0.332483 0.548387
vt 0.282576 0.548387
vt 0.233942 0.548387
vt 0.186851 0.548387
vt 0.141575 0.548387
vt 0.098385 0.548387
vt 0.138828 0.548387
vt 0.185609 0.548387
vt 0.234283 0.548387
vt 0.284553 0.548387
vt 0.336122 0.548387
vt 0.388693 0.548387
vt 0.441970 0.548387
vt 0.495654 0.548387
vt 0.549450 0.548387
vt 0.603060 0.548387
vt 0.656187 0.548387
vt 0.708535 0.548387
vt 0.759806 0.548387
vt 0.809703 0.548387
vt 0.857931 0.548387
vt 0.889956 0.548387
vt 0.847593 0.548387
vt 0.802759 0.548387
vt 0.755782 0.548387
vt 0.706992 0.548387
vt 0.656716 0.548387
vt 0.605282 0.548387
vt 0.553019 0.548387
vt 0.500254 0.548387
vt 0.447316 0.548387
vt 0.394533 0.548387
vt 0.342234 0.548387
vt 0.290745 0.548387
vt 0.240396 0.548387
vt 0.191515 0.548387
vt 0.144430 0.548387
vt 0.122083 0.580645
vt 0.165559 0.580645
vt 0.211190 0.580645
vt 0.258658 0.580645
vt 0.307641 0.580645
vt 0.357822 0.580645
vt 0.408881 0.580645
vt 0.460497 0.580645
vt 0.512352 0.580645
vt 0.564126 0.580645
vt 0.615499 0.580645
vt 0.666152 0.580645
vt 0.715765 0.580645
vt 0.764019 0.580645
vt 0.810595 0.580645
vt 0.855171 0.580645
vt 0.888332 0.580645
vt 0.842253 0.580645
vt 0.794470 0.580645
vt 0.745252 0.580645
vt 0.694871 0.580645
vt 0.643597 0.580645
vt 0.591702 0.580645
vt 0.539456 0.580645
vt 0.487131 0.580645
vt 0.434996 0.580645
vt 0.383322 0.580645
vt 0.332381 0.580645
vt 0.282443 0.580645
vt 0.233779 0.580645
vt 0.186660 0.580645
vt 0.141356 0.580645
vt 0.098139 0.580645
vt 0.138608 0.580645
vt 0.185417 0.580645
vt 0.234121 0.580645
vt 0.284422 0.580645
vt 0.336022 0.580645
vt 0.388625 0.580645
vt 0.441934 0.580645
vt 0.495651 0.580645
vt 0.549480 0.580645
vt 0.603123 0.580645
vt 0.656282 0.580645
vt 0.708662 0.580645
vt 0.759964 0.580645
vt 0.809893 0.580645
vt 0.858149 0.580645
vt 0.890195 0.580645
vt 0.847805 0.580645
vt 0.802943 0.580645
vt 0.755939 0.580645
vt 0.707118 0.580645
vt 0.656812 0.580645
vt 0.605346 0.580645
vt 0.553051 0.580645
vt 0.500254 0.580645
vt 0.447284 0.580645
vt 0.394469 0.580645
vt 0.342137 0.580645
vt 0.290617 0.580645
vt 0.240238 0.580645
vt 0.191327 0.580645
vt 0.144213 0.580645
vt 0.122083 0.612903
vt 0.165559 0.612903
vt 0.211190 0.612903
vt 0.258658 0.612903
vt 0.307641 0.612903
vt 0.357822 0.612903
vt 0.408881 0.612903
vt 0.460497 0.612903
vt 0.512352 0.612903
vt 0.564126 0.612903
vt 0.615499 0.612903
vt 0.666152 0.612903
vt 0.715765 0.612903
vt 0.764019 0.612903
vt 0.810595 0.612903
vt 0.855171 0.612903
vt 0.888332 0.612903
vt 0.842253 0.612903
vt 0.794470 0.612903
vt 0.745252 0.612903
vt 0.694871 0.612903
vt 0.643597 0.612903
vt 0.591702 0.612903
vt 0.539456 0.612903
vt 0.487131 0.612903
vt 0.434996 0.612903
vt 0.383322 0.612903
vt 0.332381 0.612903
vt 0.282443 0.612903
vt 0.233779 0.612903
vt 0.186660 0.612903
vt 0.141356 0.612903
vt 0.098139 0.612903
vt 0.138608 0.612903
vt 0.185417 0.612903
vt 0.234121 0.612903
vt 0.284422 0.612903
vt 0.336022 0.612903
vt 0.388625 0.612903
vt 0.441934 0.612903
vt 0.495651 0.612903
vt 0.549480 0.612903
vt 0.603123 0.612903
vt 0.656282 0.612903
vt 0.708662 0.612903
vt 0.759964 0.612903
vt 0.809893 0.612903
vt 0.858149 0.612903
vt 0.890195 0.612903
vt 0.847805 0.612903
vt 0.802943 0.612903
vt 0.755939 0.612903
vt 0.707118 0.612903
vt 0.656812 0.612903
vt 0.605346 0.612903
vt 0.553051 0.612903
vt 0.500254 0.612903
vt 0.447284 0.612903
vt 0.394469 0.612903
vt 0.342137 0.612903
vt 0.290617 0.612903
vt 0.240238 0.612903
vt 0.191327 0.612903
vt 0.144213 0.612903
vt 0.121853 0.645161
vt 0.165355 0.645161
vt 0.211014 0.645161
vt 0.258510 0.645161
vt 0.307524 0.645161
vt 0.357736 0.645161
vt 0.408825 0.645161
vt 0.460473 0.645161
vt 0.512360 0.645161
vt 0.564165 0.645161
vt 0.615570 0.645161
vt 0.666254 0.645161
vt 0.715897 0.645161
vt 0.764181 0.645161
vt 0.810784 0.645161
vt 0.855388 0.645161
vt 0.888569 0.645161
vt 0.842462 0.645161
vt 0.794649 0.645161
vt 0.745402 0.645161
vt 0.694990 0.645161
vt 0.643685 0.645161
vt 0.591758 0.645161
vt 0.539481 0.645161
vt 0.487123 0.645161
vt 0.434956 0.645161
vt 0.383251 0.645161
vt 0.332279 0.645161
vt 0.282310 0.645161
vt 0.233617 0.645161
vt 0.186469 0.645161
vt 0.141137 0.645161
vt 0.097894 0.645161
vt 0.138387 0.645161
vt 0.185225 0.645161
vt 0.233959 0.645161
vt 0.284290 0.645161
vt 0.335922 0.645161
vt 0.388557 0.645161
vt 0.441899 0.645161
vt 0.495649 0.645161
vt 0.549510 0.645161
vt 0.603185 0.645161
vt 0.656378 0.645161
vt 0.708789 0.645161
vt 0.760123 0.645161
vt 0.810082 0.645161
vt 0.858368 0.645161
vt 0.890433 0.645161
vt 0.848017 0.645161
vt 0.803128 0.645161
vt 0.756095 0.645161
vt 0.707245 0.645161
vt 0.656907 0.645161
vt 0.605411 0.645161
vt 0.553084 0.645161
vt 0.500254 0.645161
vt 0.447252 0.645161
vt 0.394405 0.645161
vt 0.342041 0.645161
vt 0.290490 0.645161
vt 0.240079 0.645161
vt 0.191138 0.645161
vt 0.143995 0.645161
vt 0.121161 0.677419
vt 0.164742 0.677419
vt 0.210485 0.677419
vt 0.258068 0.677419
vt 0.307172 0.677419
vt 0.357475 0.677419
vt 0.408658 0.677419
vt 0.460401 0.677419
vt 0.512382 0.677419
vt 0.564283 0.677419
vt 0.615781 0.677419
vt 0.666558 0.677419
vt 0.716292 0.677419
vt 0.764664 0.677419
vt 0.811353 0.677419
vt 0.856039 0.677419
vt 0.889280 0.677419
vt 0.843089 0.677419
vt 0.795189 0.677419
vt 0.745851 0.677419
vt 0.695347 0.677419
vt 0.643948 0.677419
vt 0.591926 0.677419
vt 0.539553 0.677419
vt 0.487099 0.677419
vt 0.434837 0.677419
vt 0.383037 0.677419
vt 0.331972 0.677419
vt 0.281912 0.677419
vt 0.233129 0.677419
vt 0.185895 0.677419
vt 0.140481 0.677419
vt 0.097158 0.677419
vt 0.137725 0.677419
vt 0.184649 0.677419
vt 0.233472 0.677419
vt 0.283895 0.677419
vt 0.335622 0.677419
vt 0.388353 0.677419
vt 0.441792 0.677419
vt 0.495641 0.677419
vt 0.549601 0.677419
vt 0.603374 0.677419
vt 0.656664 0.677419
vt 0.709172 0.677419
vt 0.760599 0.677419
vt 0.810649 0.677419
vt 0.859024 0.677419
vt 0.891147 0.677419
vt 0.848654 0.677419
vt 0.803683 0.677419
vt 0.756564 0.677419
vt 0.707624 0.677419
vt 0.657195 0.677419
vt 0.605604 0.677419
vt 0.553181 0.677419
vt 0.500255 0.677419
vt 0.447155 0.677419
vt 0.394211 0.677419
vt 0.341752 0.677419
vt 0.290106 0.677419
vt 0.239604 0.677419
vt 0.190573 0.677419
vt 0.143344 0.677419
vt 0.118392 0.709677
vt 0.162292 0.709677
vt 0.208369 0.709677
vt 0.256300 0.709677
vt 0.305762 0.709677
vt 0.356434 0.709677
vt 0.407991 0.709677
vt 0.460111 0.709677
vt 0.512473 0.709677
vt 0.564752 0.709677
vt 0.616627 0.709677
vt 0.667775 0.709677
vt 0.717873 0.709677
vt 0.766598 0.709677
vt 0.813628 0.709677
vt 0.858641 0.709677
vt 0.892125 0.709677
vt 0.845596 0.709677
vt 0.797346 0.709677
vt 0.747647 0.709677
vt 0.696774 0.709677
vt 0.645000 0.709677
vt 0.592598 0.709677
vt 0.539842 0.709677
vt 0.487005 0.709677
vt 0.434361 0.709677
vt 0.382182 0.709677
vt 0.330744 0.709677
vt 0.280318 0.709677
vt 0.231179 0.709677
vt 0.183599 0.709677
vt 0.137853 0.709677
vt 0.094214 0.709677
vt 0.135078 0.709677
vt 0.182344 0.709677
vt 0.231524 0.709677
vt 0.282316 0.709677
vt 0.334420 0.709677
vt 0.387538 0.709677
vt 0.441367 0.709677
vt 0.495609 0.709677
vt 0.549963 0.709677
vt 0.604130 0.709677
vt 0.657809 0.709677
vt 0.710700 0.709677
vt 0.762504 0.709677
vt 0.812920 0.709677
vt 0.861648 0.709677
vt 0.894006 0.709677
vt 0.851202 0.709677
vt 0.805903 0.709677
vt 0.758439 0.709677
vt 0.709142 0.709677
vt 0.658343 0.709677
vt 0.606375 0.709677
vt 0.553569 0.709677
vt 0.500257 0.709677
vt 0.446769 0.709677
vt 0.393438 0.709677
vt 0.340595 0.709677
vt 0.288572 0.709677
vt 0.237701 0.709677
vt 0.188312 0.709677
vt 0.140737 0.709677
vt 0.115824 0.741935
vt 0.160020 0.741935
vt 0.206407 0.741935
vt 0.254660 0.741935
vt 0.304456 0.741935
vt 0.355468 0.741935
vt 0.407372 0.741935
vt 0.459843 0.741935
vt 0.512557 0.741935
vt 0.565188 0.741935
vt 0.617412 0.741935
vt 0.668904 0.741935
vt 0.719339 0.741935
vt 0.768392 0.741935
vt 0.815739 0.741935
vt 0.861054 0.741935
vt 0.894764 0.741935
vt 0.847922 0.741935
vt 0.799347 0.741935
vt 0.749314 0.741935
vt 0.698098 0.741935
vt 0.645976 0.741935
vt 0.593221 0.741935
vt 0.540110 0.741935
vt 0.486917 0.741935
vt 0.433919 0.741935
vt 0.381390 0.741935
vt 0.329605 0.741935
vt 0.278840 0.741935
vt 0.229370 0.741935
vt 0.181470 0.741935
vt 0.135416 0.741935
vt 0.091484 0.741935
vt 0.132622 0.741935
vt 0.180207 0.741935
vt 0.229717 0.741935
vt 0.280851 0.741935
vt 0.333306 0.741935
vt 0.386781 0.741935
vt 0.440972 0.741935
vt 0.495579 0.741935
vt 0.550299 0.741935
vt 0.604831 0.741935
vt 0.658871 0.741935
vt 0.712118 0.741935
vt 0.764270 0.741935
vt 0.815025 0.741935
vt 0.864081 0.741935
vt 0.896657 0.741935
vt 0.853565 0.741935
vt 0.807961 0.741935
vt 0.760177 0.741935
vt 0.710549 0.741935
vt 0.659409 0.741935
vt 0.607091 0.741935
vt 0.553930 0.741935
vt 0.500258 0.741935
vt 0.446411 0.741935
vt 0.392721 0.741935
vt 0.339523 0.741935
vt 0.287150 0.741935
vt 0.235936 0.741935
vt 0.186214 0.741935
vt 0.138320 0.741935
vt 0.113085 0.774194
vt 0.157596 0.774194
vt 0.204314 0.774194
vt 0.252911 0.774194
vt 0.303061 0.774194
vt 0.354437 0.774194
vt 0.406711 0.774194
vt 0.459557 0.774194
vt 0.512646 0.774194
vt 0.565653 0.774194
vt 0.618249 0.774194
vt 0.670108 0.774194
vt 0.720903 0.774194
vt 0.770306 0.774194
vt 0.817990 0.774194
vt 0.863628 0.774194
vt 0.897578 0.774194
vt 0.850402 0.774194
vt 0.801481 0.774194
vt 0.751091 0.774194
vt 0.699511 0.774194
vt 0.647016 0.774194
vt 0.593886 0.774194
vt 0.540396 0.774194
vt 0.486824 0.774194
vt 0.433448 0.774194
vt 0.380544 0.774194
vt 0.328390 0.774194
vt 0.277263 0.774194
vt 0.227440 0.774194
vt 0.179199 0.774194
vt 0.132817 0.774194
vt 0.088571 0.774194
vt 0.130003 0.774194
vt 0.177927 0.774194
vt 0.227791 0.774194
vt 0.279289 0.774194
vt 0.332118 0.774194
vt 0.385974 0.774194
vt 0.440552 0.774194
vt 0.495548 0.774194
vt 0.550658 0.774194
vt 0.605578 0.774194
vt 0.660003 0.774194
vt 0.713630 0.774194
vt 0.766154 0.774194
vt 0.817271 0.774194
vt 0.866677 0.774194
vt 0.899485 0.774194
vt 0.856086 0.774194
vt 0.810156 0.774194
vt 0.762032 0.774194
vt 0.712050 0.774194
vt 0.660545 0.774194
vt 0.607855 0.774194
vt 0.554314 0.774194
vt 0.500260 0.774194
vt 0.446029 0.774194
vt 0.391956 0.774194
vt 0.338379 0.774194
vt 0.285632 0.774194
vt 0.234053 0.774194
vt 0.183977 0.774194
vt 0.135742 0.774194
vt 0.110317 0.806452
vt 0.155146 0.806452
vt 0.202198 0.806452
vt 0.251143 0.806452
vt 0.301652 0.806452
vt 0.353396 0.806452
vt 0.406044 0.806452
vt 0.459267 0.806452
vt 0.512737 0.806452
vt 0.566123 0.806452
vt 0.619095 0.806452
vt 0.671325 0.806452
vt 0.722483 0.806452
vt 0.772240 0.806452
vt 0.820265 0.806452
vt 0.866230 0.806452
vt 0.900423 0.806452
vt 0.852910 0.806452
vt 0.803638 0.806452
vt 0.752888 0.806452
vt 0.700938 0.806452
vt 0.648068 0.806452
vt 0.594558 0.806452
vt 0.540685 0.806452
vt 0.486730 0.806452
vt 0.432972 0.806452
vt 0.379689 0.806452
vt 0.327162 0.806452
vt 0.275669 0.806452
vt 0.225490 0.806452
vt 0.176904 0.806452
vt 0.130190 0.806452
vt 0.085627 0.806452
vt 0.127356 0.806452
vt 0.175623 0.806452
vt 0.225843 0.806452
vt 0.277710 0.806452
vt 0.330917 0.806452
vt 0.385158 0.806452
vt 0.440126 0.806452
vt 0.495516 0.806452
vt 0.551020 0.806452
vt 0.606333 0.806452
vt 0.661148 0.806452
vt 0.715159 0.806452
vt 0.768059 0.806452
vt 0.819541 0.806452
vt 0.869301 0.806452
vt 0.902343 0.806452
vt 0.858634 0.806452
vt 0.812376 0.806452
vt 0.763907 0.806452
vt 0.713567 0.806452
vt 0.661694 0.806452
vt 0.608626 0.806452
vt 0.554703 0.806452
vt 0.500262 0.806452
vt 0.445643 0.806452
vt 0.391183 0.806452
vt 0.337222 0.806452
vt 0.284098 0.806452
vt 0.232150 0.806452
vt 0.181716 0.806452
vt 0.133135 0.806452
vt 0.112758 0.838710
vt 0.157306 0.838710
vt 0.204064 0.838710
vt 0.252702 0.838710
vt 0.302895 0.838710
vt 0.354314 0.838710
vt 0.406632 0.838710
vt 0.459523 0.838710
vt 0.512657 0.838710
vt 0.565708 0.838710
vt 0.618349 0.838710
vt 0.670252 0.838710
vt 0.721090 0.838710
vt 0.770534 0.838710
vt 0.818259 0.838710
vt 0.863936 0.838710
vt 0.897915 0.838710
vt 0.850699 0.838710
vt 0.801736 0.838710
vt 0.751304 0.838710
vt 0.699679 0.838710
vt 0.647141 0.838710
vt 0.593965 0.838710
vt 0.540430 0.838710
vt 0.486813 0.838710
vt 0.433391 0.838710
vt 0.380443 0.838710
vt 0.328245 0.838710
vt 0.277075 0.838710
vt 0.227210 0.838710
vt 0.178928 0.838710
vt 0.132506 0.838710
vt 0.088223 0.838710
vt 0.129690 0.838710
vt 0.177655 0.838710
vt 0.227560 0.838710
vt 0.279102 0.838710
vt 0.331976 0.838710
vt 0.385877 0.838710
vt 0.440501 0.838710
vt 0.495544 0.838710
vt 0.550701 0.838710
vt 0.605667 0.838710
vt 0.660139 0.838710
vt 0.713811 0.838710
vt 0.766379 0.838710
vt 0.817540 0.838710
vt 0.866987 0.838710
vt 0.899823 0.838710
vt 0.856387 0.838710
vt 0.810419 0.838710
vt 0.762254 0.838710
vt 0.712229 0.838710
vt 0.660681 0.838710
vt 0.607946 0.838710
vt 0.554360 0.838710
vt 0.500261 0.838710
vt 0.445983 0.838710
vt 0.391865 0.838710
vt 0.338242 0.838710
vt 0.285451 0.838710
vt 0.233828 0.838710
vt 0.183710 0.838710
vt 0.135433 0.838710
vt 0.118422 0.870968
vt 0.162318 0.870968
vt 0.208392 0.870968
vt 0.256319 0.870968
vt 0.305778 0.870968
vt 0.356445 0.870968
vt 0.407998 0.870968
vt 0.460115 0.870968
vt 0.512472 0.870968
vt 0.564747 0.870968
vt 0.616618 0.870968
vt 0.667762 0.870968
vt 0.717856 0.870968
vt 0.766578 0.870968
vt 0.813604 0.870968
vt 0.858613 0.870968
vt 0.892095 0.870968
vt 0.845569 0.870968
vt 0.797323 0.870968
vt 0.747628 0.870968
vt 0.696759 0.870968
vt 0.644989 0.870968
vt 0.592591 0.870968
vt 0.539839 0.870968
vt 0.487006 0.870968
vt 0.434366 0.870968
vt 0.382191 0.870968
vt 0.330757 0.870968
vt 0.280335 0.870968
vt 0.231200 0.870968
vt 0.183624 0.870968
vt 0.137881 0.870968
vt 0.094246 0.870968
vt 0.135106 0.870968
vt 0.182369 0.870968
vt 0.231545 0.870968
vt 0.282333 0.870968
vt 0.334433 0.870968
vt 0.387546 0.870968
vt 0.441372 0.870968
vt 0.495609 0.870968
vt 0.549959 0.870968
vt 0.604122 0.870968
vt 0.657797 0.870968
vt 0.710684 0.870968
vt 0.762483 0.870968
vt 0.812895 0.870968
vt 0.861620 0.870968
vt 0.893975 0.870968
vt 0.851175 0.870968
vt 0.805879 0.870968
vt 0.758418 0.870968
vt 0.709125 0.870968
vt 0.658331 0.870968
vt 0.606367 0.870968
vt 0.553565 0.870968
vt 0.500257 0.870968
vt 0.446773 0.870968
vt 0.393446 0.870968
vt 0.340608 0.870968
vt 0.288589 0.870968
vt 0.237721 0.870968
vt 0.188336 0.870968
vt 0.140765 0.870968
vt 0.124391 0.903226
vt 0.167601 0.903226
vt 0.212953 0.903226
vt 0.260131 0.903226
vt 0.308816 0.903226
vt 0.358690 0.903226
vt 0.409437 0.903226
vt 0.460739 0.903226
vt 0.512277 0.903226
vt 0.563735 0.903226
vt 0.614794 0.903226
vt 0.665138 0.903226
vt 0.714448 0.903226
vt 0.762408 0.903226
vt 0.808698 0.903226
vt 0.853003 0.903226
vt 0.885961 0.903226
vt 0.840164 0.903226
vt 0.792672 0.903226
vt 0.743755 0.903226
vt 0.693681 0.903226
vt 0.642721 0.903226
vt 0.591142 0.903226
vt 0.539216 0.903226
vt 0.487209 0.903226
vt 0.435392 0.903226
vt 0.384034 0.903226
vt 0.333404 0.903226
vt 0.283771 0.903226
vt 0.235404 0.903226
vt 0.188573 0.903226
vt 0.143546 0.903226
vt 0.100593 0.903226
vt 0.140814 0.903226
vt 0.187338 0.903226
vt 0.235744 0.903226
vt 0.285738 0.903226
vt 0.337023 0.903226
vt 0.389305 0.903226
vt 0.442289 0.903226
vt 0.495678 0.903226
vt 0.549178 0.903226
vt 0.602493 0.903226
vt 0.655328 0.903226
vt 0.707388 0.903226
vt 0.758377 0.903226
vt 0.808001 0.903226
vt 0.855963 0.903226
vt 0.887812 0.903226
vt 0.845682 0.903226
vt 0.801094 0.903226
vt 0.754376 0.903226
vt 0.705854 0.903226
vt 0.655854 0.903226
vt 0.604703 0.903226
vt 0.552727 0.903226
vt 0.500253 0.903226
vt 0.447606 0.903226
vt 0.395113 0.903226
vt 0.343101 0.903226
vt 0.291896 0.903226
vt 0.241824 0.903226
vt 0.193211 0.903226
vt 0.146385 0.903226
vt 0.130159 0.935484
vt 0.172705 0.935484
vt 0.217361 0.935484
vt 0.263814 0.935484
vt 0.311752 0.935484
vt 0.360860 0.935484
vt 0.410828 0.935484
vt 0.461341 0.935484
vt 0.512088 0.935484
vt 0.562756 0.935484
vt 0.613031 0.935484
vt 0.662602 0.935484
vt 0.711155 0.935484
vt 0.758378 0.935484
vt 0.803958 0.935484
vt 0.847582 0.935484
vt 0.880034 0.935484
vt 0.834940 0.935484
vt 0.788177 0.935484
vt 0.740011 0.935484
vt 0.690707 0.935484
vt 0.640529 0.935484
vt 0.589743 0.935484
vt 0.538613 0.935484
vt 0.487406 0.935484
vt 0.436384 0.935484
vt 0.385815 0.935484
vt 0.335962 0.935484
vt 0.287092 0.935484
vt 0.239468 0.935484
vt 0.193355 0.935484
vt 0.149020 0.935484
vt 0.106726 0.935484
vt 0.146330 0.935484
vt 0.192139 0.935484
vt 0.239802 0.935484
vt 0.289028 0.935484
vt 0.339526 0.935484
vt 0.391005 0.935484
vt 0.443175 0.935484
vt 0.495744 0.935484
vt 0.548423 0.935484
vt 0.600919 0.935484
vt 0.652943 0.935484
vt 0.704203 0.935484
vt 0.754410 0.935484
vt 0.803271 0.935484
vt 0.850497 0.935484
vt 0.881857 0.935484
vt 0.840373 0.935484
vt 0.796470 0.935484
vt 0.750470 0.935484
vt 0.702693 0.935484
vt 0.653461 0.935484
vt 0.603095 0.935484
vt 0.551918 0.935484
vt 0.500249 0.935484
vt 0.448410 0.935484
vt 0.396724 0.935484
vt 0.345510 0.935484
vt 0.295091 0.935484
vt 0.245788 0.935484
vt 0.197922 0.935484
vt 0.151815 0.935484
vt 0.135927 0.967742
vt 0.177810 0.967742
vt 0.221769 0.967742
vt 0.267498 0.967742
vt 0.314688 0.967742
vt 0.363030 0.967742
vt 0.412219 0.967742
vt 0.461944 0.967742
vt 0.511900 0.967742
vt 0.561777 0.967742
vt 0.611268 0.967742
vt 0.660066 0.967742
vt 0.707862 0.967742
vt 0.754348 0.967742
vt 0.799217 0.967742
vt 0.842161 0.967742
vt 0.874108 0.967742
vt 0.829717 0.967742
vt 0.783683 0.967742
vt 0.736268 0.967742
vt 0.687733 0.967742
vt 0.638337 0.967742
vt 0.588343 0.967742
vt 0.538011 0.967742
vt 0.487602 0.967742
vt 0.437377 0.967742
vt 0.387596 0.967742
vt 0.338521 0.967742
vt 0.290412 0.967742
vt 0.243531 0.967742
vt 0.198138 0.967742
vt 0.154494 0.967742
vt 0.112859 0.967742
vt 0.151845 0.967742
vt 0.196940 0.967742
vt 0.243860 0.967742
vt 0.292318 0.967742
vt 0.342029 0.967742
vt 0.392705 0.967742
vt 0.444061 0.967742
vt 0.495811 0.967742
vt 0.547667 0.967742
vt 0.599345 0.967742
vt 0.650558 0.967742
vt 0.701019 0.967742
vt 0.750442 0.967742
vt 0.798541 0.967742
vt 0.845030 0.967742
vt 0.875902 0.967742
vt 0.835065 0.967742
vt 0.791847 0.967742
vt 0.746563 0.967742
vt 0.699532 0.967742
vt 0.651068 0.967742
vt 0.601488 0.967742
vt 0.551108 0.967742
vt 0.500245 0.967742
vt 0.449215 0.967742
vt 0.398335 0.967742
vt 0.347920 0.967742
vt 0.298287 0.967742
vt 0.249753 0.967742
vt 0.202634 0.967742
vt 0.157245 0.967742
vt 0.820445 0.160172
vt 0.783581 0.139932
vt 0.744889 0.122399
vt 0.704640 0.107590
vt 0.663105 0.095522
vt 0.620556 0.086212
vt 0.577262 0.079676
vt 0.533495 0.075934
vt 0.489526 0.075000
vt 0.445626 0.076893
vt 0.402065 0.081630
vt 0.359116 0.089227
vt 0.317047 0.099702
vt 0.276132 0.113072
vt 0.236639 0.129354
vt 0.198841 0.148566
vt 0.163009 0.170724
vt 0.146614 0.209795
vt 0.131402 0.250312
vt 0.117574 0.292045
vt 0.105334 0.334764
vt 0.094882 0.378240
vt 0.086420 0.422243
vt 0.080151 0.466544
vt 0.076277 0.510912
vt 0.075000 0.555119
vt 0.076521 0.598934
vt 0.081043 0.642128
vt 0.088768 0.684472
vt 0.099897 0.725735
vt 0.114633 0.765689
vt 0.133178 0.804103
vt 0.155734 0.840747
vt 0.193567 0.863251
vt 0.233258 0.882040
vt 0.274555 0.897249
vt 0.317206 0.909015
vt 0.360959 0.917471
vt 0.405563 0.922754
vt 0.450765 0.925000
vt 0.496313 0.924343
vt 0.541955 0.920919
vt 0.587440 0.914864
vt 0.632516 0.906313
vt 0.676930 0.895401
vt 0.720430 0.882264
vt 0.762766 0.867037
vt 0.803684 0.849856
vt 0.842932 0.830855
vt 0.866806 0.794912
vt 0.886252 0.756873
vt 0.901497 0.717017
vt 0.912768 0.675621
vt 0.920291 0.632964
vt 0.924293 0.589326
vt 0.925000 0.544983
vt 0.922638 0.500216
vt 0.917434 0.455301
vt 0.909615 0.410518
vt 0.899406 0.366144
vt 0.887034 0.322459
vt 0.872725 0.279741
vt 0.856707 0.238268
vt 0.839204 0.198319
vt 0.500000 0.500000
vt 0.500000 0.500000

vn 0.243331 -0.924561 -0.293219
vn 0.168773 -0.918059 -0.358726
vn 0.143856 -0.916147 -0.374139
vn 0.118717 -0.914510 -0.386752
vn 0.093445 -0.913176 -0.396708
vn 0.068078 -0.912163 -0.404135
vn 0.042618 -0.911481 -0.409128
vn 0.017046 -0.911140 -0.411745
vn -0.008670 -0.911141 -0.412004
vn -0.034562 -0.911486 -0.409877
vn -0.060649 -0.912172 -0.405295
vn -0.086928 -0.913193 -0.398148
vn -0.113356 -0.914536 -0.388297
vn -0.139841 -0.916177 -0.375585
vn -0.166226 -0.918083 -0.359850
vn -0.192279 -0.920205 -0.340957
vn -0.312008 -0.924759 -0.217883
vn -0.370511 -0.916853 -0.148666
vn -0.378745 -0.915635 -0.134780
vn -0.386132 -0.914643 -0.119710
vn -0.392585 -0.913900 -0.103265
vn -0.397961 -0.913432 -0.085256
vn -0.402059 -0.913268 -0.065503
vn -0.404623 -0.913432 -0.043848
vn -0.405336 -0.913945 -0.020170
vn -0.403831 -0.914816 0.005587
vn -0.399704 -0.916036 0.033390
vn -0.392534 -0.917572 0.063079
vn -0.381930 -0.919364 0.094337
vn -0.367580 -0.921326 0.126664
vn -0.349320 -0.923350 0.159375
vn -0.327194 -0.925323 0.191631
vn -0.235242 -0.927767 0.289670
vn -0.172486 -0.922050 0.346515
vn -0.143063 -0.919548 0.366012
vn -0.113520 -0.917229 0.381844
vn -0.084383 -0.915179 0.394115
vn -0.056046 -0.913466 0.403037
vn -0.028783 -0.912132 0.408886
vn -0.002754 -0.911198 0.411959
vn 0.021973 -0.910671 0.412547
vn 0.045398 -0.910544 0.410912
vn 0.067572 -0.910803 0.407273
vn 0.088582 -0.911431 0.401804
vn 0.108532 -0.912410 0.394624
vn 0.127537 -0.913723 0.385803
vn 0.145713 -0.915356 0.375355
vn 0.163170 -0.917295 0.363242
vn 0.266868 -0.926956 0.263693
vn 0.331129 -0.924123 0.190659
vn 0.354112 -0.922372 0.154386
vn 0.372534 -0.920481 0.118042
vn 0.386474 -0.918595 0.082587
vn 0.396243 -0.916851 0.048742
vn 0.402292 -0.915354 0.016975
vn 0.405127 -0.914175 -0.012470
vn 0.405247 -0.913352 -0.039528
vn 0.403103 -0.912896 -0.064263
vn 0.399077 -0.912797 -0.086826
vn 0.393474 -0.913039 -0.107419
vn 0.386520 -0.913596 -0.126271
vn 0.378365 -0.914447 -0.143621
vn 0.369085 -0.915571 -0.159708
vn 0.358680 -0.916954 -0.174769
vn 0.512284 -0.686421 -0.516131
vn 0.323553 -0.669155 -0.668988
vn 0.275649 -0.663392 -0.695650
vn 0.227859 -0.658465 -0.717289
vn 0.180277 -0.654440 -0.734308
vn 0.132889 -0.651355 -0.747045
vn 0.085609 -0.649232 -0.755757
vn 0.038301 -0.648083 -0.760606
vn -0.009197 -0.647914 -0.761658
vn -0.057052 -0.648728 -0.758878
vn -0.105414 -0.650527 -0.752132
vn -0.154390 -0.653301 -0.741189
vn -0.204025 -0.657030 -0.725731
vn -0.254265 -0.661673 -0.705364
vn -0.304925 -0.667155 -0.679650
vn -0.355657 -0.673365 -0.648142
vn -0.553487 -0.689702 -0.466864
vn -0.691379 -0.665239 -0.281874
vn -0.705047 -0.661554 -0.255451
vn -0.717448 -0.658542 -0.227136
vn -0.728490 -0.656254 -0.196551
vn -0.737986 -0.654756 -0.163314
vn -0.745644 -0.654122 -0.127040
vn -0.751062 -0.654426 -0.087366
vn -0.753712 -0.655733 -0.043966
vn -0.752939 -0.658081 0.003397
vn -0.747967 -0.661467 0.054824
vn -0.737923 -0.665828 0.110200
vn -0.721895 -0.671020 0.169117
vn -0.699036 -0.676820 0.230788
vn -0.668706 -0.682927 0.294011
vn -0.630633 -0.689003 0.357179
vn -0.488266 -0.698705 0.522884
vn -0.334770 -0.681360 0.650905
vn -0.277544 -0.673778 0.684830
vn -0.220691 -0.666784 0.711825
vn -0.165166 -0.660619 0.732327
vn -0.111632 -0.655459 0.746935
vn -0.060482 -0.651414 0.756308
vn -0.011891 -0.648534 0.761093
vn 0.034135 -0.646825 0.761874
vn 0.077711 -0.646265 0.759146
vn 0.119034 -0.646814 0.753301
vn 0.158349 -0.648428 0.744625
vn 0.195926 -0.651065 0.733299
vn 0.232050 -0.654688 0.719400
vn 0.266999 -0.659273 0.702902
vn 0.301042 -0.664805 0.683672
vn 0.474150 -0.691280 0.545265
vn 0.623630 -0.687150 0.372706
vn 0.665860 -0.681940 0.302637
vn 0.698945 -0.676283 0.232631
vn 0.723287 -0.670627 0.164667
vn 0.739758 -0.665376 0.100162
vn 0.749457 -0.660846 0.039959
vn 0.753516 -0.657245 -0.015577
vn 0.752982 -0.654678 -0.066444
vn 0.748746 -0.653176 -0.112879
vn 0.741522 -0.652716 -0.155266
vn 0.731853 -0.653246 -0.194065
vn 0.720120 -0.654703 -0.229766
vn 0.706555 -0.657025 -0.262865
vn 0.691256 -0.660165 -0.293851
vn 0.674185 -0.664091 -0.323200
vn 0.663977 -0.350409 -0.660567
vn 0.410725 -0.336968 -0.847206
vn 0.348183 -0.332506 -0.876475
vn 0.286666 -0.328724 -0.899868
vn 0.226135 -0.325650 -0.918050
vn 0.166414 -0.323296 -0.931550
vn 0.107239 -0.321664 -0.940761
vn 0.048287 -0.320753 -0.945931
vn -0.010794 -0.320564 -0.947165
vn -0.070359 -0.321097 -0.944429
vn -0.130747 -0.322355 -0.937546
vn -0.192255 -0.324342 -0.926197
vn -0.255104 -0.327054 -0.909922
vn -0.319400 -0.330480 -0.888125
vn -0.385082 -0.334586 -0.860096
vn -0.451857 -0.339313 -0.825041
vn -0.709734 -0.354206 -0.608947
vn -0.872718 -0.333810 -0.356278
vn -0.887052 -0.330968 -0.321868
vn -0.900267 -0.328651 -0.285495
vn -0.912312 -0.326886 -0.246642
vn -0.923026 -0.325713 -0.204775
vn -0.932129 -0.325181 -0.159351
vn -0.939198 -0.325342 -0.109818
vn -0.943645 -0.326246 -0.055651
vn -0.944695 -0.327930 0.003614
vn -0.941364 -0.330407 0.068300
vn -0.932468 -0.333649 0.138495
vn -0.916669 -0.337574 0.213918
vn -0.892583 -0.342036 0.293780
vn -0.858975 -0.346823 0.376663
vn -0.815024 -0.351675 0.460499
vn -0.640720 -0.361061 0.677578
vn -0.430017 -0.346611 0.833634
vn -0.354109 -0.340632 0.870963
vn -0.279918 -0.335184 0.899610
vn -0.208509 -0.330431 0.920510
vn -0.140504 -0.326482 0.934702
vn -0.076161 -0.323397 0.943193
vn -0.015465 -0.321193 0.946888
vn 0.041789 -0.319860 0.946543
vn 0.095927 -0.319375 0.942761
vn 0.147351 -0.319704 0.935990
vn 0.196502 -0.320818 0.926533
vn 0.243837 -0.322691 0.914557
vn 0.289821 -0.325310 0.900099
vn 0.334915 -0.328670 0.883068
vn 0.379575 -0.332781 0.863238
vn 0.611339 -0.353020 0.708267
vn 0.803085 -0.351005 0.481508
vn 0.853317 -0.346904 0.389239
vn 0.891073 -0.342470 0.297829
vn 0.917402 -0.338059 0.209973
vn 0.933923 -0.333988 0.127437
vn 0.942424 -0.330490 0.051121
vn 0.944592 -0.327711 -0.018750
vn 0.941867 -0.325720 -0.082414
vn 0.935399 -0.324531 -0.140387
vn 0.926052 -0.324120 -0.193324
vn 0.914439 -0.324447 -0.241941
vn 0.900959 -0.325468 -0.286955
vn 0.885827 -0.327143 -0.329070
vn 0.869097 -0.329442 -0.368970
vn 0.850665 -0.332354 -0.407321
vn 0.712950 -0.065764 -0.698124
vn 0.436296 -0.063033 -0.897592
vn 0.369356 -0.061995 -0.927218
vn 0.303801 -0.061120 -0.950773
vn 0.239533 -0.060413 -0.969007
vn 0.176313 -0.059872 -0.982512
vn 0.113808 -0.059497 -0.991720
vn 0.051630 -0.059285 -0.996905
vn -0.010638 -0.059235 -0.998187
vn -0.073418 -0.059348 -0.995534
vn -0.137117 -0.059624 -0.988759
vn -0.202096 -0.060066 -0.977522
vn -0.268645 -0.060674 -0.961326
vn -0.336934 -0.061448 -0.939521
vn -0.406958 -0.062385 -0.911314
vn -0.478469 -0.063474 -0.875808
vn -0.751294 -0.066780 -0.656581
vn -0.923830 -0.062287 -0.377700
vn -0.938067 -0.061628 -0.340930
vn -0.951276 -0.061092 -0.302227
vn -0.963421 -0.060683 -0.261030
vn -0.974355 -0.060410 -0.216757
vn -0.983803 -0.060282 -0.168812
vn -0.991347 -0.060311 -0.116588
vn -0.996393 -0.060509 -0.059488
vn -0.998140 -0.060883 0.003023
vn -0.995557 -0.061440 0.071352
vn -0.987378 -0.062177 0.145668
vn -0.972139 -0.063077 0.225757
vn -0.948291 -0.064113 0.310860
vn -0.914394 -0.065236 0.399535
vn -0.869417 -0.066390 0.489599
vn -0.690797 -0.068551 0.719791
vn -0.458666 -0.065309 0.886205
vn -0.377003 -0.063896 0.924005
vn -0.297580 -0.062622 0.952641
vn -0.221472 -0.061520 0.973224
vn -0.149266 -0.060610 0.986938
vn -0.081156 -0.059901 0.994900
vn -0.017052 -0.059396 0.998089
vn 0.043333 -0.059088 0.997312
vn 0.100400 -0.058971 0.993198
vn 0.154623 -0.059037 0.986208
vn 0.206509 -0.059280 0.976647
vn 0.256580 -0.059695 0.964678
vn 0.305361 -0.060280 0.950327
vn 0.353379 -0.061037 0.933487
vn 0.401157 -0.061970 0.913911
vn 0.647198 -0.066338 0.759430
vn 0.854892 -0.066324 0.514549
vn 0.907216 -0.065355 0.415558
vn 0.946007 -0.064311 0.317701
vn 0.972553 -0.063279 0.223911
vn 0.988737 -0.062331 0.136063
vn 0.996586 -0.061520 0.055065
vn 0.997966 -0.060878 -0.018917
vn 0.994443 -0.060417 -0.086214
vn 0.987241 -0.060140 -0.147438
vn 0.977265 -0.060040 -0.203341
vn 0.965145 -0.060107 -0.254720
vn 0.951279 -0.060332 -0.302371
vn 0.935875 -0.060706 -0.347063
vn 0.918971 -0.061225 -0.389543
vn 0.900446 -0.061886 -0.430542
vn 0.714710 -0.008815 -0.699365
vn 0.437191 -0.008407 -0.899329
vn 0.370094 -0.008270 -0.928958
vn 0.304396 -0.008155 -0.952511
vn 0.239998 -0.008063 -0.970740
vn 0.176657 -0.007993 -0.984240
vn 0.114039 -0.007946 -0.993445
vn 0.051751 -0.007920 -0.998629
vn -0.010625 -0.007917 -0.999912
vn -0.073514 -0.007935 -0.997263
vn -0.137324 -0.007975 -0.990494
vn -0.202422 -0.008038 -0.979265
vn -0.269097 -0.008123 -0.963079
vn -0.337524 -0.008231 -0.941281
vn -0.407700 -0.008361 -0.913078
vn -0.479378 -0.008511 -0.877567
vn -0.752679 -0.008898 -0.658327
vn -0.925587 -0.008314 -0.378443
vn -0.939813 -0.008227 -0.341589
vn -0.953018 -0.008157 -0.302805
vn -0.965162 -0.008105 -0.261526
vn -0.976100 -0.008070 -0.217172
vn -0.985559 -0.008056 -0.169141
vn -0.993120 -0.008063 -0.116825
vn -0.998188 -0.008093 -0.059627
vn -0.999962 -0.008148 0.002994
vn -0.997410 -0.008226 0.071447
vn -0.989264 -0.008329 0.145904
vn -0.974055 -0.008453 0.226153
vn -0.950227 -0.008595 0.311439
vn -0.916334 -0.008748 0.400319
vn -0.871335 -0.008904 0.490607
vn -0.692637 -0.009147 0.721228
vn -0.459684 -0.008707 0.888040
vn -0.377812 -0.008519 0.925843
vn -0.298201 -0.008350 0.954467
vn -0.221927 -0.008205 0.975029
vn -0.149575 -0.008086 0.988717
vn -0.081335 -0.007994 0.996655
vn -0.017113 -0.007930 0.999822
vn 0.043377 -0.007892 0.999028
vn 0.100544 -0.007880 0.994901
vn 0.154862 -0.007893 0.987904
vn 0.206841 -0.007928 0.978342
vn 0.257005 -0.007988 0.966377
vn 0.305883 -0.008070 0.952035
vn 0.354003 -0.008175 0.935209
vn 0.401891 -0.008305 0.915650
vn 0.648396 -0.008952 0.761251
vn 0.856705 -0.008855 0.515730
vn 0.909096 -0.008722 0.416496
vn 0.947915 -0.008580 0.318409
vn 0.974459 -0.008442 0.224407
vn 0.990623 -0.008317 0.136373
vn 0.998441 -0.008210 0.055212
vn 0.999788 -0.008127 -0.018913
vn 0.996234 -0.008068 -0.086334
vn 0.989004 -0.008034 -0.147669
vn 0.979006 -0.008024 -0.203673
vn 0.966869 -0.008037 -0.255148
vn 0.952992 -0.008070 -0.302889
vn 0.937582 -0.008123 -0.347671
vn 0.920677 -0.008196 -0.390240
vn 0.902155 -0.008288 -0.431332
vn 0.714729 -0.004395 -0.699387
vn 0.437203 -0.004216 -0.899353
vn 0.370103 -0.004145 -0.928981
vn 0.304403 -0.004086 -0.952534
vn 0.240004 -0.004038 -0.970764
vn 0.176661 -0.004002 -0.984264
vn 0.114041 -0.003976 -0.993468
vn 0.051752 -0.003962 -0.998652
vn -0.010625 -0.003958 -0.999936
vn -0.073516 -0.003965 -0.997286
vn -0.137328 -0.003983 -0.990518
vn -0.202427 -0.004013 -0.979289
vn -0.269104 -0.004053 -0.963103
vn -0.337533 -0.004106 -0.941305
vn -0.407711 -0.004169 -0.913102
vn -0.479391 -0.004242 -0.877591
vn -0.752703 -0.004469 -0.658345
vn -0.925611 -0.004165 -0.378453
vn -0.939837 -0.004120 -0.341597
vn -0.953041 -0.004084 -0.302813
vn -0.965186 -0.004056 -0.261533
vn -0.976124 -0.004037 -0.217177
vn -0.985583 -0.004029 -0.169145
vn -0.993144 -0.004030 -0.116827
vn -0.998213 -0.004043 -0.059628
vn -0.999987 -0.004068 0.002994
vn -0.997436 -0.004106 0.071450
vn -0.989289 -0.004155 0.145908
vn -0.974081 -0.004215 0.226160
vn -0.950253 -0.004285 0.311448
vn -0.916360 -0.004361 0.400331
vn -0.871361 -0.004439 0.490622
vn -0.692657 -0.004588 0.721252
vn -0.459697 -0.004370 0.888065
vn -0.377822 -0.004274 0.925868
vn -0.298209 -0.004188 0.954491
vn -0.221932 -0.004114 0.975053
vn -0.149578 -0.004052 0.988742
vn -0.081337 -0.004003 0.996679
vn -0.017114 -0.003969 0.999846
vn 0.043378 -0.003948 0.999051
vn 0.100546 -0.003940 0.994925
vn 0.154866 -0.003944 0.987928
vn 0.206846 -0.003961 0.978365
vn 0.257012 -0.003988 0.966400
vn 0.305891 -0.004027 0.952058
vn 0.354012 -0.004078 0.935232
vn 0.401901 -0.004141 0.915674
vn 0.648417 -0.004430 0.761272
vn 0.856731 -0.004438 0.515745
vn 0.909122 -0.004372 0.416508
vn 0.947941 -0.004302 0.318417
vn 0.974485 -0.004232 0.224413
vn 0.990648 -0.004168 0.136376
vn 0.998466 -0.004113 0.055213
vn 0.999813 -0.004069 -0.018914
vn 0.996258 -0.004038 -0.086337
vn 0.989028 -0.004019 -0.147673
vn 0.979030 -0.004012 -0.203678
vn 0.966892 -0.004016 -0.255154
vn 0.953015 -0.004031 -0.302896
vn 0.937605 -0.004056 -0.347679
vn 0.920700 -0.004091 -0.390251
vn 0.902178 -0.004135 -0.431344
vn 0.714732 -0.004420 -0.699385
vn 0.437203 -0.004191 -0.899353
vn 0.370104 -0.004125 -0.928981
vn 0.304404 -0.004069 -0.952534
vn 0.240004 -0.004025 -0.970764
vn 0.176662 -0.003992 -0.984264
vn 0.114042 -0.003970 -0.993468
vn 0.051752 -0.003959 -0.998652
vn -0.010625 -0.003959 -0.999936
vn -0.073516 -0.003970 -0.997286
vn -0.137327 -0.003992 -0.990518
vn -0.202426 -0.004025 -0.979289
vn -0.269104 -0.004070 -0.963103
vn -0.337532 -0.004125 -0.941305
vn -0.407710 -0.004192 -0.913102
vn -0.479391 -0.004268 -0.877591
vn -0.752700 -0.004429 -0.658349
vn -0.925611 -0.004149 -0.378453
vn -0.939837 -0.004107 -0.341597
vn -0.953041 -0.004074 -0.302813
vn -0.965186 -0.004049 -0.261533
vn -0.976124 -0.004033 -0.217177
vn -0.985583 -0.004028 -0.169145
vn -0.993144 -0.004033 -0.116828
vn -0.998212 -0.004050 -0.059628
vn -0.999987 -0.004079 0.002994
vn -0.997436 -0.004121 0.071449
vn -0.989289 -0.004174 0.145908
vn -0.974081 -0.004238 0.226159
vn -0.950253 -0.004310 0.311448
vn -0.916360 -0.004387 0.400330
vn -0.871361 -0.004465 0.490621
vn -0.692660 -0.004559 0.721250
vn -0.459697 -0.004337 0.888065
vn -0.377823 -0.004244 0.925868
vn -0.298209 -0.004162 0.954491
vn -0.221933 -0.004091 0.975053
vn -0.149578 -0.004034 0.988742
vn -0.081337 -0.003991 0.996679
vn -0.017114 -0.003961 0.999846
vn 0.043378 -0.003944 0.999051
vn 0.100546 -0.003940 0.994925
vn 0.154866 -0.003948 0.987928
vn 0.206846 -0.003968 0.978365
vn 0.257011 -0.004000 0.966400
vn 0.305890 -0.004043 0.952058
vn 0.354011 -0.004097 0.935232
vn 0.401901 -0.004164 0.915674
vn 0.648414 -0.004522 0.761274
vn 0.856730 -0.004417 0.515745
vn 0.909121 -0.004349 0.416509
vn 0.947941 -0.004278 0.318418
vn 0.974485 -0.004210 0.224414
vn 0.990648 -0.004149 0.136376
vn 0.998466 -0.004097 0.055213
vn 0.999813 -0.004058 -0.018913
vn 0.996258 -0.004031 -0.086336
vn 0.989028 -0.004016 -0.147673
vn 0.979030 -0.004012 -0.203678
vn 0.966892 -0.004020 -0.255154
vn 0.953015 -0.004038 -0.302896
vn 0.937605 -0.004067 -0.347679
vn 0.920700 -0.004105 -0.390250
vn 0.902178 -0.004152 -0.431344
vn 0.714710 -0.008815 -0.699366
vn 0.437191 -0.008407 -0.899329
vn 0.370094 -0.008270 -0.928958
vn 0.304396 -0.008155 -0.952511
vn 0.239998 -0.008063 -0.970740
vn 0.176657 -0.007993 -0.984240
vn 0.114039 -0.007945 -0.993445
vn 0.051751 -0.007920 -0.998629
vn -0.010625 -0.007917 -0.999912
vn -0.073514 -0.007935 -0.997263
vn -0.137324 -0.007976 -0.990494
vn -0.202422 -0.008038 -0.979266
vn -0.269097 -0.008123 -0.963079
vn -0.337524 -0.008231 -0.941281
vn -0.407700 -0.008361 -0.913078
vn -0.479378 -0.008511 -0.877567
vn -0.752679 -0.008898 -0.658327
vn -0.925587 -0.008314 -0.378443
vn -0.939813 -0.008227 -0.341589
vn -0.953018 -0.008157 -0.302805
vn -0.965162 -0.008105 -0.261527
vn -0.976100 -0.008071 -0.217171
vn -0.985559 -0.008056 -0.169141
vn -0.993120 -0.008064 -0.116825
vn -0.998188 -0.008094 -0.059626
vn -0.999962 -0.008147 0.002994
vn -0.997410 -0.008226 0.071447
vn -0.989264 -0.008329 0.145904
vn -0.974055 -0.008453 0.226153
vn -0.950227 -0.008595 0.311439
vn -0.916334 -0.008748 0.400319
vn -0.871335 -0.008904 0.490607
vn -0.692637 -0.009147 0.721228
vn -0.459684 -0.008707 0.888040
vn -0.377812 -0.008519 0.925843
vn -0.298201 -0.008350 0.954467
vn -0.221927 -0.008205 0.975029
vn -0.149574 -0.008086 0.988717
vn -0.081335 -0.007995 0.996655
vn -0.017114 -0.007930 0.999822
vn 0.043377 -0.007892 0.999028
vn 0.100544 -0.007880 0.994901
vn 0.154862 -0.007892 0.987904
vn 0.206841 -0.007929 0.978342
vn 0.257005 -0.007988 0.966377
vn 0.305883 -0.008070 0.952035
vn 0.354003 -0.008175 0.935209
vn 0.401890 -0.008305 0.915650
vn 0.648396 -0.008952 0.761251
vn 0.856705 -0.008855 0.515730
vn 0.909096 -0.008722 0.416496
vn 0.947915 -0.008580 0.318409
vn 0.974459 -0.008442 0.224407
vn 0.990623 -0.008316 0.136373
vn 0.998441 -0.008210 0.055212
vn 0.999788 -0.008127 -0.018913
vn 0.996234 -0.008069 -0.086334
vn 0.989004 -0.008035 -0.147669
vn 0.979006 -0.008024 -0.203674
vn 0.966869 -0.008036 -0.255148
vn 0.952992 -0.008070 -0.302889
vn 0.937582 -0.008123 -0.347670
vn 0.920677 -0.008196 -0.390240
vn 0.902155 -0.008288 -0.431333
vn 0.714729 -0.004396 -0.699387
vn 0.437202 -0.004216 -0.899353
vn 0.370103 -0.004145 -0.928982
vn 0.304404 -0.004086 -0.952534
vn 0.240004 -0.004038 -0.970764
vn 0.176661 -0.004002 -0.984264
vn 0.114041 -0.003976 -0.993468
vn 0.051752 -0.003961 -0.998652
vn -0.010625 -0.003958 -0.999936
vn -0.073516 -0.003965 -0.997286
vn -0.137328 -0.003984 -0.990518
vn -0.202427 -0.004013 -0.979289
vn -0.269104 -0.004054 -0.963103
vn -0.337533 -0.004106 -0.941305
vn -0.407711 -0.004169 -0.913102
vn -0.479391 -0.004242 -0.877591
vn -0.752703 -0.004469 -0.658345
vn -0.925611 -0.004165 -0.378453
vn -0.939837 -0.004120 -0.341597
vn -0.953041 -0.004084 -0.302812
vn -0.965186 -0.004056 -0.261533
vn -0.976124 -0.004037 -0.217177
vn -0.985583 -0.004028 -0.169145
vn -0.993144 -0.004030 -0.116828
vn -0.998212 -0.004044 -0.059628
vn -0.999987 -0.004068 0.002994
vn -0.997436 -0.004106 0.071449
vn -0.989289 -0.004155 0.145908
vn -0.974081 -0.004215 0.226160
vn -0.950253 -0.004285 0.311448
vn -0.916360 -0.004361 0.400331
vn -0.871361 -0.004439 0.490622
vn -0.692657 -0.004588 0.721252
vn -0.459697 -0.004370 0.888065
vn -0.377822 -0.004274 0.925868
vn -0.298209 -0.004188 0.954491
vn -0.221933 -0.004113 0.975053
vn -0.149578 -0.004052 0.988742
vn -0.081337 -0.004004 0.996679
vn -0.017114 -0.003969 0.999846
vn 0.043378 -0.003948 0.999051
vn 0.100546 -0.003940 0.994925
vn 0.154866 -0.003944 0.987928
vn 0.206847 -0.003960 0.978365
vn 0.257012 -0.003988 0.966400
vn 0.305891 -0.004027 0.952058
vn 0.354012 -0.004078 0.935232
vn 0.401901 -0.004141 0.915674
vn 0.648417 -0.004430 0.761272
vn 0.856731 -0.004438 0.515745
vn 0.909122 -0.004372 0.416508
vn 0.947941 -0.004302 0.318417
vn 0.974485 -0.004232 0.224413
vn 0.990648 -0.004168 0.136376
vn 0.998466 -0.004113 0.055213
vn 0.999813 -0.004069 -0.018914
vn 0.996258 -0.004038 -0.086336
vn 0.989028 -0.004019 -0.147673
vn 0.979030 -0.004012 -0.203679
vn 0.966892 -0.004016 -0.255154
vn 0.953015 -0.004031 -0.302897
vn 0.937605 -0.004056 -0.347679
vn 0.920700 -0.004091 -0.390250
vn 0.902178 -0.004135 -0.431344
vn 0.714734 -0.003707 -0.699387
vn 0.437204 -0.003515 -0.899355
vn 0.370104 -0.003459 -0.928984
vn 0.304405 -0.003413 -0.952537
vn 0.240005 -0.003375 -0.970766
vn 0.176662 -0.003348 -0.984266
vn 0.114042 -0.003330 -0.993470
vn 0.051753 -0.003320 -0.998654
vn -0.010625 -0.003320 -0.999938
vn -0.073516 -0.003330 -0.997289
vn -0.137328 -0.003348 -0.990520
vn -0.202427 -0.003376 -0.979291
vn -0.269105 -0.003413 -0.963105
vn -0.337533 -0.003460 -0.941307
vn -0.407711 -0.003516 -0.913104
vn -0.479392 -0.003580 -0.877594
vn -0.752703 -0.003715 -0.658350
vn -0.925614 -0.003480 -0.378454
vn -0.939840 -0.003444 -0.341598
vn -0.953044 -0.003416 -0.302813
vn -0.965188 -0.003396 -0.261534
vn -0.976126 -0.003383 -0.217177
vn -0.985585 -0.003378 -0.169146
vn -0.993146 -0.003383 -0.116828
vn -0.998215 -0.003397 -0.059628
vn -0.999990 -0.003421 0.002994
vn -0.997438 -0.003456 0.071449
vn -0.989292 -0.003501 0.145908
vn -0.974084 -0.003555 0.226160
vn -0.950256 -0.003615 0.311449
vn -0.916363 -0.003680 0.400332
vn -0.871364 -0.003744 0.490623
vn -0.692662 -0.003823 0.721253
vn -0.459699 -0.003638 0.888068
vn -0.377823 -0.003560 0.925871
vn -0.298210 -0.003490 0.954494
vn -0.221934 -0.003431 0.975056
vn -0.149579 -0.003383 0.988744
vn -0.081337 -0.003347 0.996681
vn -0.017114 -0.003322 0.999848
vn 0.043378 -0.003308 0.999053
vn 0.100546 -0.003305 0.994927
vn 0.154866 -0.003311 0.987930
vn 0.206847 -0.003328 0.978368
vn 0.257012 -0.003355 0.966402
vn 0.305891 -0.003391 0.952060
vn 0.354012 -0.003437 0.935234
vn 0.401902 -0.003493 0.915676
vn 0.648417 -0.003793 0.761276
vn 0.856733 -0.003705 0.515747
vn 0.909124 -0.003648 0.416510
vn 0.947943 -0.003588 0.318419
vn 0.974487 -0.003531 0.224414
vn 0.990651 -0.003479 0.136377
vn 0.998469 -0.003436 0.055214
vn 0.999815 -0.003403 -0.018914
vn 0.996260 -0.003380 -0.086336
vn 0.989031 -0.003368 -0.147673
vn 0.979032 -0.003365 -0.203679
vn 0.966894 -0.003372 -0.255154
vn 0.953017 -0.003387 -0.302897
vn 0.937607 -0.003411 -0.347680
vn 0.920702 -0.003443 -0.390251
vn 0.902180 -0.003483 -0.431345
vn 0.714730 -0.004400 -0.699387
vn 0.437203 -0.004212 -0.899353
vn 0.370103 -0.004142 -0.928981
vn 0.304403 -0.004084 -0.952534
vn 0.240004 -0.004036 -0.970764
vn 0.176662 -0.004000 -0.984264
vn 0.114041 -0.003975 -0.993468
vn 0.051752 -0.003961 -0.998652
vn -0.010625 -0.003958 -0.999936
vn -0.073516 -0.003966 -0.997286
vn -0.137328 -0.003985 -0.990518
vn -0.202427 -0.004015 -0.979289
vn -0.269104 -0.004056 -0.963103
vn -0.337533 -0.004109 -0.941305
vn -0.407711 -0.004172 -0.913102
vn -0.479391 -0.004246 -0.877591
vn -0.752702 -0.004462 -0.658346
vn -0.925611 -0.004162 -0.378453
vn -0.939837 -0.004118 -0.341597
vn -0.953041 -0.004082 -0.302813
vn -0.965186 -0.004055 -0.261533
vn -0.976124 -0.004037 -0.217177
vn -0.985583 -0.004028 -0.169145
vn -0.993144 -0.004030 -0.116828
vn -0.998212 -0.004044 -0.059628
vn -0.999987 -0.004070 0.002994
vn -0.997436 -0.004108 0.071449
vn -0.989289 -0.004158 0.145908
vn -0.974081 -0.004219 0.226160
vn -0.950253 -0.004289 0.311448
vn -0.916360 -0.004366 0.400331
vn -0.871361 -0.004443 0.490622
vn -0.692658 -0.004583 0.721252
vn -0.459697 -0.004364 0.888065
vn -0.377822 -0.004270 0.925868
vn -0.298209 -0.004184 0.954492
vn -0.221933 -0.004110 0.975053
vn -0.149578 -0.004049 0.988742
vn -0.081337 -0.004001 0.996679
vn -0.017114 -0.003968 0.999846
vn 0.043378 -0.003947 0.999051
vn 0.100546 -0.003940 0.994925
vn 0.154866 -0.003945 0.987928
vn 0.206846 -0.003962 0.978365
vn 0.257012 -0.003990 0.966400
vn 0.305891 -0.004030 0.952058
vn 0.354012 -0.004081 0.935232
vn 0.401901 -0.004145 0.915674
vn 0.648417 -0.004445 0.761273
vn 0.856731 -0.004435 0.515745
vn 0.909121 -0.004369 0.416508
vn 0.947941 -0.004298 0.318418
vn 0.974485 -0.004229 0.224413
vn 0.990648 -0.004165 0.136376
vn 0.998466 -0.004111 0.055213
vn 0.999813 -0.004068 -0.018914
vn 0.996258 -0.004037 -0.086336
vn 0.989028 -0.004018 -0.147673
vn 0.979030 -0.004012 -0.203679
vn 0.966892 -0.004017 -0.255154
vn 0.953015 -0.004033 -0.302896
vn 0.937605 -0.004058 -0.347679
vn 0.920700 -0.004093 -0.390250
vn 0.902178 -0.004138 -0.431344
vn 0.714737 -0.000709 -0.699393
vn 0.437207 -0.000680 -0.899361
vn 0.370107 -0.000668 -0.928989
vn 0.304406 -0.000659 -0.952542
vn 0.240006 -0.000651 -0.970771
vn 0.176663 -0.000645 -0.984271
vn 0.114042 -0.000641 -0.993476
vn 0.051753 -0.000639 -0.998660
vn -0.010625 -0.000638 -0.999943
vn -0.073516 -0.000640 -0.997294
vn -0.137329 -0.000642 -0.990525
vn -0.202428 -0.000647 -0.979297
vn -0.269106 -0.000654 -0.963110
vn -0.337535 -0.000662 -0.941313
vn -0.407714 -0.000672 -0.913109
vn -0.479395 -0.000684 -0.877599
vn -0.752709 -0.000721 -0.658353
vn -0.925619 -0.000672 -0.378456
vn -0.939845 -0.000664 -0.341600
vn -0.953049 -0.000659 -0.302815
vn -0.965194 -0.000654 -0.261535
vn -0.976132 -0.000651 -0.217178
vn -0.985591 -0.000650 -0.169146
vn -0.993152 -0.000650 -0.116829
vn -0.998220 -0.000652 -0.059629
vn -0.999995 -0.000656 0.002994
vn -0.997444 -0.000662 0.071450
vn -0.989298 -0.000670 0.145909
vn -0.974090 -0.000680 0.226161
vn -0.950262 -0.000691 0.311451
vn -0.916369 -0.000703 0.400334
vn -0.871370 -0.000716 0.490627
vn -0.692666 -0.000740 0.721259
vn -0.459701 -0.000705 0.888073
vn -0.377826 -0.000689 0.925876
vn -0.298211 -0.000676 0.954500
vn -0.221934 -0.000664 0.975061
vn -0.149580 -0.000653 0.988750
vn -0.081337 -0.000646 0.996686
vn -0.017114 -0.000640 0.999853
vn 0.043378 -0.000637 0.999059
vn 0.100547 -0.000636 0.994932
vn 0.154867 -0.000636 0.987935
vn 0.206848 -0.000639 0.978373
vn 0.257014 -0.000643 0.966408
vn 0.305893 -0.000650 0.952066
vn 0.354014 -0.000658 0.935240
vn 0.401904 -0.000668 0.915681
vn 0.648422 -0.000715 0.761281
vn 0.856739 -0.000716 0.515750
vn 0.909130 -0.000706 0.416512
vn 0.947949 -0.000694 0.318421
vn 0.974493 -0.000683 0.224415
vn 0.990657 -0.000672 0.136377
vn 0.998474 -0.000664 0.055214
vn 0.999821 -0.000656 -0.018914
vn 0.996266 -0.000651 -0.086337
vn 0.989036 -0.000648 -0.147674
vn 0.979037 -0.000647 -0.203680
vn 0.966900 -0.000648 -0.255156
vn 0.953023 -0.000650 -0.302899
vn 0.937612 -0.000654 -0.347682
vn 0.920707 -0.000660 -0.390254
vn 0.902186 -0.000667 -0.431347
vn 0.714732 -0.004420 -0.699385
vn 0.437203 -0.004191 -0.899353
vn 0.370103 -0.004124 -0.928981
vn 0.304404 -0.004069 -0.952534
vn 0.240004 -0.004025 -0.970764
vn 0.176662 -0.003992 -0.984264
vn 0.114042 -0.003970 -0.993468
vn 0.051753 -0.003959 -0.998652
vn -0.010625 -0.003959 -0.999936
vn -0.073515 -0.003970 -0.997286
vn -0.137327 -0.003992 -0.990518
vn -0.202426 -0.004025 -0.979289
vn -0.269104 -0.004070 -0.963103
vn -0.337532 -0.004125 -0.941305
vn -0.407710 -0.004192 -0.913102
vn -0.479391 -0.004268 -0.877591
vn -0.752700 -0.004429 -0.658349
vn -0.925611 -0.004149 -0.378453
vn -0.939837 -0.004107 -0.341597
vn -0.953041 -0.004073 -0.302813
vn -0.965186 -0.004048 -0.261533
vn -0.976124 -0.004033 -0.217177
vn -0.985583 -0.004028 -0.169145
vn -0.993144 -0.004033 -0.116828
vn -0.998212 -0.004050 -0.059628
vn -0.999987 -0.004079 0.002994
vn -0.997436 -0.004121 0.071449
vn -0.989289 -0.004174 0.145908
vn -0.974081 -0.004238 0.226159
vn -0.950253 -0.004310 0.311448
vn -0.916360 -0.004387 0.400330
vn -0.871361 -0.004465 0.490622
vn -0.692660 -0.004558 0.721250
vn -0.459697 -0.004337 0.888065
vn -0.377823 -0.004244 0.925868
vn -0.298209 -0.004162 0.954491
vn -0.221933 -0.004091 0.975053
vn -0.149578 -0.004034 0.988742
vn -0.081337 -0.003991 0.996679
vn -0.017114 -0.003961 0.999846
vn 0.043378 -0.003944 0.999051
vn 0.100546 -0.003940 0.994925
vn 0.154866 -0.003948 0.987928
vn 0.206846 -0.003968 0.978365
vn 0.257012 -0.004000 0.966400
vn 0.305890 -0.004043 0.952058
vn 0.354011 -0.004097 0.935232
vn 0.401901 -0.004164 0.915674
vn 0.648414 -0.004522 0.761274
vn 0.856730 -0.004417 0.515746
vn 0.909121 -0.004349 0.416509
vn 0.947941 -0.004278 0.318418
vn 0.974485 -0.004210 0.224413
vn 0.990648 -0.004149 0.136376
vn 0.998466 -0.004097 0.055213
vn 0.999813 -0.004058 -0.018913
vn 0.996258 -0.004031 -0.086336
vn 0.989028 -0.004016 -0.147673
vn 0.979030 -0.004012 -0.203678
vn 0.966892 -0.004020 -0.255154
vn 0.953015 -0.004038 -0.302896
vn 0.937605 -0.004067 -0.347679
vn 0.920700 -0.004105 -0.390250
vn 0.902178 -0.004152 -0.431343
vn 0.714710 -0.008815 -0.699365
vn 0.437191 -0.008407 -0.899329
vn 0.370094 -0.008270 -0.928958
vn 0.304396 -0.008155 -0.952511
vn 0.239998 -0.008063 -0.970740
vn 0.176657 -0.007993 -0.984240
vn 0.114039 -0.007946 -0.993445
vn 0.051751 -0.007920 -0.998629
vn -0.010625 -0.007917 -0.999912
vn -0.073514 -0.007935 -0.997263
vn -0.137324 -0.007976 -0.990494
vn -0.202422 -0.008038 -0.979266
vn -0.269097 -0.008123 -0.963079
vn -0.337524 -0.008231 -0.941281
vn -0.407700 -0.008361 -0.913078
vn -0.479378 -0.008510 -0.877567
vn -0.752679 -0.008898 -0.658327
vn -0.925587 -0.008313 -0.378443
vn -0.939813 -0.008227 -0.341589
vn -0.953018 -0.008157 -0.302805
vn -0.965162 -0.008104 -0.261527
vn -0.976100 -0.008071 -0.217171
vn -0.985559 -0.008056 -0.169141
vn -0.993120 -0.008063 -0.116825
vn -0.998188 -0.008093 -0.059627
vn -0.999962 -0.008147 0.002994
vn -0.997410 -0.008226 0.071447
vn -0.989264 -0.008329 0.145904
vn -0.974055 -0.008454 0.226153
vn -0.950227 -0.008595 0.311440
vn -0.916334 -0.008748 0.400319
vn -0.871335 -0.008904 0.490608
vn -0.692637 -0.009147 0.721229
vn -0.459684 -0.008708 0.888040
vn -0.377812 -0.008519 0.925843
vn -0.298201 -0.008350 0.954467
vn -0.221927 -0.008205 0.975029
vn -0.149575 -0.008086 0.988717
vn -0.081335 -0.007994 0.996655
vn -0.017113 -0.007930 0.999822
vn 0.043377 -0.007892 0.999028
vn 0.100544 -0.007880 0.994901
vn 0.154862 -0.007892 0.987904
vn 0.206841 -0.007928 0.978342
vn 0.257005 -0.007988 0.966377
vn 0.305883 -0.008070 0.952035
vn 0.354003 -0.008175 0.935209
vn 0.401891 -0.008305 0.915650
vn 0.648396 -0.008952 0.761251
vn 0.856705 -0.008855 0.515730
vn 0.909095 -0.008722 0.416496
vn 0.947915 -0.008580 0.318409
vn 0.974459 -0.008442 0.224407
vn 0.990623 -0.008317 0.136373
vn 0.998441 -0.008210 0.055212
vn 0.999788 -0.008127 -0.018913
vn 0.996234 -0.008069 -0.086334
vn 0.989004 -0.008035 -0.147669
vn 0.979006 -0.008024 -0.203673
vn 0.966869 -0.008036 -0.255148
vn 0.952992 -0.008070 -0.302889
vn 0.937582 -0.008123 -0.347670
vn 0.920677 -0.008196 -0.390240
vn 0.902155 -0.008288 -0.431333
vn 0.714710 -0.008815 -0.699366
vn 0.437191 -0.008407 -0.899329
vn 0.370094 -0.008270 -0.928958
vn 0.304396 -0.008155 -0.952511
vn 0.239998 -0.008063 -0.970740
vn 0.176657 -0.007993 -0.984240
vn 0.114038 -0.007946 -0.993445
vn 0.051751 -0.007920 -0.998629
vn -0.010625 -0.007917 -0.999912
vn -0.073514 -0.007935 -0.997263
vn -0.137324 -0.007975 -0.990494
vn -0.202422 -0.008038 -0.979266
vn -0.269097 -0.008123 -0.963079
vn -0.337524 -0.008231 -0.941281
vn -0.407700 -0.008361 -0.913078
vn -0.479378 -0.008511 -0.877567
vn -0.752679 -0.008898 -0.658327
vn -0.925587 -0.008314 -0.378443
vn -0.939813 -0.008227 -0.341589
vn -0.953018 -0.008157 -0.302805
vn -0.965162 -0.008105 -0.261527
vn -0.976100 -0.008070 -0.217172
vn -0.985559 -0.008056 -0.169141
vn -0.993120 -0.008063 -0.116825
vn -0.998188 -0.008093 -0.059627
vn -0.999962 -0.008147 0.002994
vn -0.997410 -0.008226 0.071447
vn -0.989264 -0.008329 0.145904
vn -0.974055 -0.008453 0.226153
vn -0.950227 -0.008595 0.311440
vn -0.916334 -0.008748 0.400319
vn -0.871335 -0.008904 0.490607
vn -0.692637 -0.009147 0.721229
vn -0.459684 -0.008707 0.888040
vn -0.377812 -0.008519 0.925843
vn -0.298201 -0.008350 0.954467
vn -0.221927 -0.008205 0.975029
vn -0.149574 -0.008086 0.988717
vn -0.081335 -0.007994 0.996655
vn -0.017114 -0.007930 0.999822
vn 0.043377 -0.007892 0.999028
vn 0.100544 -0.007880 0.994901
vn 0.154862 -0.007892 0.987904
vn 0.206841 -0.007929 0.978342
vn 0.257005 -0.007988 0.966377
vn 0.305883 -0.008070 0.952035
vn 0.354003 -0.008175 0.935209
vn 0.401891 -0.008305 0.915650
vn 0.648396 -0.008952 0.761251
vn 0.856705 -0.008855 0.515730
vn 0.909095 -0.008721 0.416497
vn 0.947915 -0.008580 0.318409
vn 0.974459 -0.008442 0.224407
vn 0.990623 -0.008317 0.136373
vn 0.998441 -0.008210 0.055212
vn 0.999788 -0.008127 -0.018913
vn 0.996234 -0.008068 -0.086334
vn 0.989004 -0.008035 -0.147669
vn 0.979006 -0.008024 -0.203674
vn 0.966869 -0.008036 -0.255148
vn 0.952992 -0.008070 -0.302889
vn 0.937582 -0.008123 -0.347670
vn 0.920677 -0.008196 -0.390240
vn 0.902155 -0.008288 -0.431333
vn 0.714729 -0.004396 -0.699387
vn 0.437202 -0.004216 -0.899353
vn 0.370103 -0.004145 -0.928982
vn 0.304404 -0.004086 -0.952534
vn 0.240004 -0.004038 -0.970764
vn 0.176661 -0.004002 -0.984264
vn 0.114041 -0.003976 -0.993468
vn 0.051752 -0.003961 -0.998652
vn -0.010625 -0.003958 -0.999936
vn -0.073516 -0.003965 -0.997286
vn -0.137328 -0.003983 -0.990518
vn -0.202427 -0.004013 -0.979289
vn -0.269104 -0.004054 -0.963103
vn -0.337533 -0.004106 -0.941305
vn -0.407711 -0.004168 -0.913102
vn -0.479391 -0.004242 -0.877591
vn -0.752703 -0.004469 -0.658346
vn -0.925611 -0.004165 -0.378452
vn -0.939837 -0.004120 -0.341598
vn -0.953041 -0.004084 -0.302813
vn -0.965186 -0.004056 -0.261533
vn -0.976124 -0.004037 -0.217177
vn -0.985583 -0.004028 -0.169145
vn -0.993144 -0.004030 -0.116828
vn -0.998212 -0.004043 -0.059628
vn -0.999987 -0.004068 0.002994
vn -0.997436 -0.004106 0.071449
vn -0.989290 -0.004155 0.145908
vn -0.974081 -0.004215 0.226160
vn -0.950253 -0.004285 0.311448
vn -0.916360 -0.004361 0.400331
vn -0.871361 -0.004439 0.490622
vn -0.692657 -0.004588 0.721252
vn -0.459697 -0.004370 0.888065
vn -0.377822 -0.004274 0.925868
vn -0.298209 -0.004188 0.954491
vn -0.221933 -0.004113 0.975053
vn -0.149578 -0.004052 0.988742
vn -0.081337 -0.004004 0.996679
vn -0.017114 -0.003969 0.999846
vn 0.043378 -0.003948 0.999051
vn 0.100547 -0.003940 0.994924
vn 0.154866 -0.003944 0.987928
vn 0.206846 -0.003960 0.978365
vn 0.257012 -0.003988 0.966400
vn 0.305891 -0.004027 0.952058
vn 0.354012 -0.004078 0.935232
vn 0.401901 -0.004141 0.915674
vn 0.648417 -0.004430 0.761272
vn 0.856731 -0.004438 0.515745
vn 0.909121 -0.004372 0.416508
vn 0.947941 -0.004302 0.318418
vn 0.974485 -0.004232 0.224413
vn 0.990648 -0.004168 0.136376
vn 0.998466 -0.004113 0.055213
vn 0.999813 -0.004069 -0.018914
vn 0.996258 -0.004038 -0.086336
vn 0.989028 -0.004019 -0.147673
vn 0.979030 -0.004012 -0.203679
vn 0.966892 -0.004016 -0.255154
vn 0.953015 -0.004031 -0.302896
vn 0.937605 -0.004057 -0.347679
vn 0.920700 -0.004091 -0.390250
vn 0.902178 -0.004135 -0.431344
vn 0.714732 -0.004420 -0.699385
vn 0.437203 -0.004191 -0.899353
vn 0.370103 -0.004124 -0.928981
vn 0.304404 -0.004069 -0.952534
vn 0.240004 -0.004025 -0.970764
vn 0.176662 -0.003992 -0.984264
vn 0.114041 -0.003970 -0.993468
vn 0.051753 -0.003959 -0.998652
vn -0.010625 -0.003959 -0.999936
vn -0.073516 -0.003970 -0.997286
vn -0.137328 -0.003992 -0.990518
vn -0.202426 -0.004025 -0.979289
vn -0.269104 -0.004070 -0.963103
vn -0.337532 -0.004125 -0.941305
vn -0.407710 -0.004192 -0.913102
vn -0.479391 -0.004268 -0.877591
vn -0.752700 -0.004429 -0.658349
vn -0.925611 -0.004149 -0.378453
vn -0.939837 -0.004107 -0.341598
vn -0.953041 -0.004073 -0.302813
vn -0.965186 -0.004048 -0.261533
vn -0.976124 -0.004033 -0.217177
vn -0.985583 -0.004028 -0.169145
vn -0.993144 -0.004033 -0.116828
vn -0.998212 -0.004050 -0.059628
vn -0.999987 -0.004079 0.002994
vn -0.997436 -0.004121 0.071449
vn -0.989290 -0.004174 0.145907
vn -0.974081 -0.004238 0.226159
vn -0.950253 -0.004310 0.311448
vn -0.916360 -0.004387 0.400330
vn -0.871361 -0.004465 0.490622
vn -0.692660 -0.004558 0.721250
vn -0.459697 -0.004337 0.888065
vn -0.377822 -0.004245 0.925868
vn -0.298209 -0.004162 0.954491
vn -0.221933 -0.004091 0.975053
vn -0.149578 -0.004034 0.988742
vn -0.081337 -0.003991 0.996679
vn -0.017114 -0.003961 0.999846
vn 0.043378 -0.003944 0.999051
vn 0.100546 -0.003940 0.994925
vn 0.154866 -0.003949 0.987928
vn 0.206846 -0.003968 0.978365
vn 0.257011 -0.003999 0.966400
vn 0.305890 -0.004043 0.952058
vn 0.354011 -0.004097 0.935232
vn 0.401901 -0.004164 0.915674
vn 0.648414 -0.004522 0.761274
vn 0.856730 -0.004417 0.515745
vn 0.909121 -0.004349 0.416508
vn 0.947941 -0.004278 0.318418
vn 0.974485 -0.004210 0.224413
vn 0.990649 -0.004149 0.136376
vn 0.998466 -0.004097 0.055213
vn 0.999813 -0.004058 -0.018913
vn 0.996258 -0.004030 -0.086336
vn 0.989028 -0.004015 -0.147673
vn 0.979030 -0.004013 -0.203679
vn 0.966892 -0.004020 -0.255154
vn 0.953015 -0.004039 -0.302896
vn 0.937605 -0.004067 -0.347679
vn 0.920700 -0.004105 -0.390250
vn 0.902178 -0.004152 -0.431343
vn 0.714710 -0.008815 -0.699366
vn 0.437191 -0.008407 -0.899329
vn 0.370094 -0.008270 -0.928958
vn 0.304396 -0.008155 -0.952511
vn 0.239998 -0.008063 -0.970740
vn 0.176657 -0.007993 -0.984240
vn 0.114039 -0.007945 -0.993445
vn 0.051751 -0.007920 -0.998629
vn -0.010625 -0.007917 -0.999912
vn -0.073514 -0.007935 -0.997263
vn -0.137324 -0.007976 -0.990494
vn -0.202422 -0.008038 -0.979266
vn -0.269097 -0.008123 -0.963079
vn -0.337524 -0.008231 -0.941281
vn -0.407700 -0.008361 -0.913078
vn -0.479378 -0.008511 -0.877567
vn -0.752679 -0.008898 -0.658327
vn -0.925587 -0.008314 -0.378443
vn -0.939814 -0.008227 -0.341589
vn -0.953018 -0.008157 -0.302805
vn -0.965162 -0.008104 -0.261526
vn -0.976100 -0.008070 -0.217172
vn -0.985559 -0.008056 -0.169141
vn -0.993120 -0.008064 -0.116825
vn -0.998188 -0.008094 -0.059626
vn -0.999962 -0.008147 0.002994
vn -0.997410 -0.008226 0.071447
vn -0.989264 -0.008329 0.145904
vn -0.974055 -0.008453 0.226153
vn -0.950227 -0.008595 0.311440
vn -0.916334 -0.008748 0.400319
vn -0.871335 -0.008904 0.490607
vn -0.692637 -0.009147 0.721228
vn -0.459684 -0.008707 0.888040
vn -0.377812 -0.008519 0.925843
vn -0.298201 -0.008350 0.954467
vn -0.221927 -0.008205 0.975029
vn -0.149575 -0.008086 0.988717
vn -0.081335 -0.007994 0.996655
vn -0.017113 -0.007930 0.999822
vn 0.043377 -0.007892 0.999028
vn 0.100544 -0.007880 0.994901
vn 0.154862 -0.007893 0.987905
vn 0.206841 -0.007929 0.978342
vn 0.257006 -0.007988 0.966377
vn 0.305883 -0.008070 0.952035
vn 0.354003 -0.008175 0.935209
vn 0.401891 -0.008305 0.915650
vn 0.648396 -0.008952 0.761251
vn 0.856705 -0.008855 0.515730
vn 0.909096 -0.008722 0.416496
vn 0.947915 -0.008580 0.318409
vn 0.974459 -0.008442 0.224407
vn 0.990623 -0.008316 0.136372
vn 0.998441 -0.008210 0.055212
vn 0.999788 -0.008127 -0.018913
vn 0.996234 -0.008069 -0.086334
vn 0.989004 -0.008034 -0.147669
vn 0.979006 -0.008024 -0.203674
vn 0.966869 -0.008037 -0.255148
vn 0.952992 -0.008070 -0.302889
vn 0.937582 -0.008123 -0.347671
vn 0.920677 -0.008196 -0.390240
vn 0.902155 -0.008288 -0.431332
vn 0.714729 -0.004396 -0.699387
vn 0.437203 -0.004216 -0.899353
vn 0.370103 -0.004145 -0.928982
vn 0.304403 -0.004086 -0.952534
vn 0.240004 -0.004038 -0.970764
vn 0.176661 -0.004002 -0.984264
vn 0.114041 -0.003976 -0.993468
vn 0.051753 -0.003961 -0.998652
vn -0.010625 -0.003958 -0.999936
vn -0.073516 -0.003965 -0.997286
vn -0.137328 -0.003984 -0.990518
vn -0.202427 -0.004013 -0.979289
vn -0.269104 -0.004054 -0.963103
vn -0.337533 -0.004106 -0.941305
vn -0.407711 -0.004169 -0.913102
vn -0.479391 -0.004242 -0.877591
vn -0.752703 -0.004469 -0.658346
vn -0.925611 -0.004165 -0.378453
vn -0.939837 -0.004120 -0.341597
vn -0.953041 -0.004084 -0.302813
vn -0.965186 -0.004056 -0.261533
vn -0.976124 -0.004037 -0.217177
vn -0.985583 -0.004029 -0.169145
vn -0.993144 -0.004030 -0.116828
vn -0.998213 -0.004044 -0.059628
vn -0.999987 -0.004068 0.002995
vn -0.997436 -0.004106 0.071449
vn -0.989289 -0.004155 0.145908
vn -0.974081 -0.004215 0.226160
vn -0.950253 -0.004285 0.311448
vn -0.916360 -0.004361 0.400331
vn -0.871361 -0.004439 0.490622
vn -0.692657 -0.004588 0.721252
vn -0.459697 -0.004370 0.888065
vn -0.377822 -0.004274 0.925868
vn -0.298209 -0.004188 0.954491
vn -0.221933 -0.004113 0.975053
vn -0.149578 -0.004052 0.988742
vn -0.081337 -0.004004 0.996679
vn -0.017114 -0.003969 0.999846
vn 0.043378 -0.003948 0.999051
vn 0.100546 -0.003940 0.994925
vn 0.154866 -0.003944 0.987928
vn 0.206846 -0.003960 0.978365
vn 0.257012 -0.003988 0.966400
vn 0.305891 -0.004027 0.952058
vn 0.354011 -0.004078 0.935232
vn 0.401901 -0.004141 0.915674
vn 0.648417 -0.004430 0.761272
vn 0.856731 -0.004438 0.515745
vn 0.909122 -0.004372 0.416508
vn 0.947941 -0.004302 0.318418
vn 0.974485 -0.004232 0.224413
vn 0.990648 -0.004168 0.136376
vn 0.998466 -0.004113 0.055213
vn 0.999813 -0.004069 -0.018914
vn 0.996258 -0.004038 -0.086336
vn 0.989028 -0.004019 -0.147673
vn 0.979030 -0.004012 -0.203678
vn 0.966892 -0.004016 -0.255154
vn 0.953015 -0.004031 -0.302897
vn 0.937605 -0.004056 -0.347679
vn 0.920700 -0.004091 -0.390250
vn 0.902178 -0.004135 -0.431343
vn 0.714732 -0.004420 -0.699385
vn 0.437203 -0.004191 -0.899353
vn 0.370103 -0.004124 -0.928981
vn 0.304404 -0.004069 -0.952534
vn 0.240004 -0.004025 -0.970764
vn 0.176662 -0.003992 -0.984264
vn 0.114041 -0.003970 -0.993468
vn 0.051753 -0.003959 -0.998652
vn -0.010625 -0.003959 -0.999936
vn -0.073516 -0.003970 -0.997286
vn -0.137327 -0.003992 -0.990518
vn -0.202426 -0.004025 -0.979289
vn -0.269104 -0.004070 -0.963103
vn -0.337532 -0.004125 -0.941305
vn -0.407710 -0.004192 -0.913102
vn -0.479391 -0.004268 -0.877591
vn -0.752700 -0.004429 -0.658349
vn -0.925611 -0.004149 -0.378453
vn -0.939837 -0.004107 -0.341598
vn -0.953041 -0.004073 -0.302813
vn -0.965186 -0.004049 -0.261533
vn -0.976124 -0.004033 -0.217177
vn -0.985583 -0.004028 -0.169145
vn -0.993144 -0.004033 -0.116828
vn -0.998212 -0.004050 -0.059628
vn -0.999987 -0.004079 0.002994
vn -0.997436 -0.004121 0.071449
vn -0.989290 -0.004174 0.145907
vn -0.974081 -0.004238 0.226159
vn -0.950253 -0.004310 0.311448
vn -0.916360 -0.004387 0.400330
vn -0.871361 -0.004465 0.490622
vn -0.692660 -0.004559 0.721250
vn -0.459697 -0.004338 0.888065
vn -0.377822 -0.004245 0.925868
vn -0.298209 -0.004162 0.954491
vn -0.221933 -0.004092 0.975053
vn -0.149578 -0.004034 0.988742
vn -0.081337 -0.003991 0.996679
vn -0.017114 -0.003961 0.999846
vn 0.043378 -0.003944 0.999051
vn 0.100546 -0.003940 0.994925
vn 0.154866 -0.003948 0.987928
vn 0.206846 -0.003968 0.978365
vn 0.257012 -0.004000 0.966400
vn 0.305890 -0.004043 0.952058
vn 0.354011 -0.004098 0.935232
vn 0.401901 -0.004165 0.915674
vn 0.648414 -0.004522 0.761274
vn 0.856730 -0.004417 0.515745
vn 0.909121 -0.004349 0.416509
vn 0.947941 -0.004278 0.318418
vn 0.974485 -0.004210 0.224414
vn 0.990649 -0.004149 0.136376
vn 0.998466 -0.004097 0.055213
vn 0.999813 -0.004058 -0.018913
vn 0.996258 -0.004030 -0.086336
vn 0.989028 -0.004016 -0.147673
vn 0.979030 -0.004012 -0.203678
vn 0.966892 -0.004020 -0.255154
vn 0.953015 -0.004039 -0.302896
vn 0.937605 -0.004067 -0.347679
vn 0.920700 -0.004105 -0.390250
vn 0.902178 -0.004152 -0.431343
vn 0.714637 -0.017651 -0.699273
vn 0.437146 -0.016786 -0.899234
vn 0.370057 -0.016516 -0.928862
vn 0.304367 -0.016290 -0.952415
vn 0.239976 -0.016110 -0.970645
vn 0.176642 -0.015974 -0.984146
vn 0.114029 -0.015883 -0.993350
vn 0.051748 -0.015836 -0.998535
vn -0.010622 -0.015832 -0.999818
vn -0.073506 -0.015872 -0.997169
vn -0.137310 -0.015957 -0.990400
vn -0.202401 -0.016086 -0.979171
vn -0.269069 -0.016260 -0.962984
vn -0.337488 -0.016479 -0.941186
vn -0.407655 -0.016741 -0.912982
vn -0.479324 -0.017044 -0.877472
vn -0.752581 -0.017754 -0.658260
vn -0.925491 -0.016608 -0.378405
vn -0.939718 -0.016438 -0.341555
vn -0.952922 -0.016301 -0.302776
vn -0.965067 -0.016199 -0.261502
vn -0.976005 -0.016134 -0.217151
vn -0.985463 -0.016109 -0.169125
vn -0.993023 -0.016127 -0.116815
vn -0.998090 -0.016190 -0.059622
vn -0.999863 -0.016303 0.002992
vn -0.997309 -0.016464 0.071438
vn -0.989161 -0.016674 0.145887
vn -0.973951 -0.016926 0.226127
vn -0.950122 -0.017212 0.311403
vn -0.916230 -0.017518 0.400270
vn -0.871233 -0.017830 0.490546
vn -0.692559 -0.018260 0.721130
vn -0.459634 -0.017379 0.887938
vn -0.377773 -0.017005 0.925742
vn -0.298172 -0.016671 0.954367
vn -0.221907 -0.016385 0.974930
vn -0.149561 -0.016152 0.988621
vn -0.081328 -0.015973 0.996559
vn -0.017113 -0.015849 0.999728
vn 0.043372 -0.015778 0.998934
vn 0.100534 -0.015758 0.994809
vn 0.154847 -0.015786 0.987812
vn 0.206821 -0.015863 0.978250
vn 0.256980 -0.015985 0.966285
vn 0.305852 -0.016153 0.951942
vn 0.353966 -0.016368 0.935115
vn 0.401847 -0.016631 0.915556
vn 0.648305 -0.017992 0.761168
vn 0.856604 -0.017685 0.515672
vn 0.908991 -0.017417 0.416451
vn 0.947810 -0.017134 0.318376
vn 0.974355 -0.016859 0.224386
vn 0.990520 -0.016611 0.136360
vn 0.998340 -0.016402 0.055208
vn 0.999689 -0.016240 -0.018910
vn 0.996137 -0.016127 -0.086324
vn 0.988909 -0.016063 -0.147654
vn 0.978912 -0.016047 -0.203653
vn 0.966775 -0.016074 -0.255122
vn 0.952899 -0.016144 -0.302858
vn 0.937489 -0.016254 -0.347635
vn 0.920584 -0.016403 -0.390200
vn 0.902062 -0.016590 -0.431287
vn 0.713364 -0.065986 -0.697680
vn 0.436371 -0.062730 -0.897578
vn 0.369424 -0.061729 -0.927208
vn 0.303865 -0.060892 -0.950767
vn 0.239592 -0.060224 -0.969004
vn 0.176369 -0.059723 -0.982511
vn 0.113863 -0.059387 -0.991720
vn 0.051684 -0.059214 -0.996906
vn -0.010584 -0.059203 -0.998190
vn -0.073364 -0.059356 -0.995537
vn -0.137060 -0.059673 -0.988764
vn -0.202037 -0.060155 -0.977529
vn -0.268582 -0.060805 -0.961336
vn -0.336866 -0.061622 -0.939534
vn -0.406885 -0.062599 -0.911332
vn -0.478390 -0.063726 -0.875832
vn -0.750897 -0.066321 -0.657081
vn -0.923829 -0.062077 -0.377739
vn -0.938064 -0.061446 -0.340969
vn -0.951274 -0.060939 -0.302267
vn -0.963418 -0.060562 -0.261071
vn -0.974351 -0.060323 -0.216800
vn -0.983798 -0.060232 -0.168857
vn -0.991342 -0.060301 -0.116636
vn -0.996388 -0.060540 -0.059542
vn -0.998136 -0.060960 0.002964
vn -0.995554 -0.061563 0.071286
vn -0.987378 -0.062343 0.145594
vn -0.972146 -0.063282 0.225673
vn -0.948305 -0.064347 0.310768
vn -0.914420 -0.065486 0.399434
vn -0.869457 -0.066641 0.489494
vn -0.691199 -0.068202 0.719439
vn -0.458764 -0.064925 0.886183
vn -0.377092 -0.063538 0.923994
vn -0.297661 -0.062301 0.952637
vn -0.221545 -0.061241 0.973225
vn -0.149331 -0.060378 0.986942
vn -0.081215 -0.059718 0.994906
vn -0.017105 -0.059260 0.998096
vn 0.043283 -0.058998 0.997319
vn 0.100353 -0.058927 0.993205
vn 0.154578 -0.059037 0.986215
vn 0.206465 -0.059322 0.976654
vn 0.256536 -0.059779 0.964684
vn 0.305316 -0.060407 0.950333
vn 0.353332 -0.061207 0.933494
vn 0.401107 -0.062188 0.913918
vn 0.646744 -0.067295 0.759732
vn 0.854842 -0.066071 0.514664
vn 0.907185 -0.065074 0.415669
vn 0.945992 -0.064024 0.317805
vn 0.972550 -0.063004 0.224004
vn 0.988742 -0.062083 0.136145
vn 0.996595 -0.061309 0.055138
vn 0.997977 -0.060709 -0.018853
vn 0.994456 -0.060293 -0.086157
vn 0.987254 -0.060058 -0.147387
vn 0.977278 -0.059999 -0.203294
vn 0.965156 -0.060106 -0.254677
vn 0.951290 -0.060369 -0.302329
vn 0.935885 -0.060779 -0.347023
vn 0.918981 -0.061333 -0.389503
vn 0.900456 -0.062031 -0.430501
vn 0.711044 -0.101411 -0.695796
vn 0.435148 -0.096776 -0.895143
vn 0.368419 -0.095212 -0.924771
vn 0.303056 -0.093901 -0.948335
vn 0.238964 -0.092847 -0.966579
vn 0.175909 -0.092050 -0.980093
vn 0.113560 -0.091507 -0.989308
vn 0.051534 -0.091215 -0.994497
vn -0.010584 -0.091173 -0.995779
vn -0.073211 -0.091381 -0.993121
vn -0.136751 -0.091841 -0.986339
vn -0.201561 -0.092555 -0.975093
vn -0.267929 -0.093527 -0.958888
vn -0.336018 -0.094754 -0.937077
vn -0.405823 -0.096229 -0.908871
vn -0.477092 -0.097937 -0.873380
vn -0.748805 -0.102379 -0.654835
vn -0.921371 -0.095710 -0.376716
vn -0.935621 -0.094721 -0.340062
vn -0.948837 -0.093922 -0.301474
vn -0.960983 -0.093322 -0.260391
vn -0.971908 -0.092931 -0.216236
vn -0.981341 -0.092766 -0.168414
vn -0.988863 -0.092846 -0.116321
vn -0.993877 -0.093186 -0.059367
vn -0.995586 -0.093802 0.002983
vn -0.992962 -0.094698 0.071131
vn -0.984741 -0.095868 0.145239
vn -0.969469 -0.097286 0.225091
vn -0.945603 -0.098903 0.309926
vn -0.911715 -0.100644 0.398304
vn -0.866787 -0.102418 0.488049
vn -0.688781 -0.105204 0.717295
vn -0.457378 -0.100204 0.883609
vn -0.375996 -0.098056 0.921419
vn -0.296823 -0.096128 0.950082
vn -0.220935 -0.094471 0.970702
vn -0.148924 -0.093112 0.984455
vn -0.080987 -0.092065 0.992454
vn -0.017039 -0.091328 0.995675
vn 0.043202 -0.090896 0.994923
vn 0.100135 -0.090756 0.990826
vn 0.154228 -0.090895 0.983845
vn 0.205986 -0.091306 0.974286
vn 0.255926 -0.091980 0.962311
vn 0.304571 -0.092917 0.947947
vn 0.352444 -0.094119 0.931088
vn 0.400065 -0.095596 0.911488
vn 0.644941 -0.102937 0.757268
vn 0.852287 -0.101879 0.513057
vn 0.904544 -0.100365 0.414399
vn 0.943319 -0.098754 0.316855
vn 0.969883 -0.097178 0.223344
vn 0.986107 -0.095745 0.135743
vn 0.994004 -0.094530 0.054960
vn 0.995434 -0.093579 -0.018836
vn 0.991956 -0.092909 -0.085968
vn 0.984793 -0.092520 -0.147044
vn 0.974848 -0.092402 -0.202811
vn 0.962750 -0.092540 -0.254063
vn 0.948899 -0.092919 -0.301590
vn 0.933502 -0.093525 -0.346160
vn 0.916599 -0.094354 -0.388514
vn 0.898070 -0.095402 -0.429381
vn 0.711131 -0.100870 -0.695786
vn 0.435178 -0.096222 -0.895188
vn 0.368445 -0.094669 -0.924817
vn 0.303078 -0.093368 -0.948381
vn 0.238982 -0.092323 -0.966625
vn 0.175923 -0.091534 -0.980139
vn 0.113571 -0.090996 -0.989354
vn 0.051542 -0.090708 -0.994543
vn -0.010578 -0.090669 -0.995825
vn -0.073209 -0.090879 -0.993167
vn -0.136751 -0.091340 -0.986385
vn -0.201564 -0.092053 -0.975140
vn -0.267935 -0.093022 -0.958936
vn -0.336028 -0.094246 -0.937125
vn -0.405836 -0.095716 -0.908920
vn -0.477108 -0.097417 -0.873429
vn -0.748804 -0.101784 -0.654929
vn -0.921418 -0.095170 -0.376739
vn -0.935667 -0.094187 -0.340083
vn -0.948883 -0.093395 -0.301493
vn -0.961029 -0.092800 -0.260408
vn -0.971954 -0.092414 -0.216251
vn -0.981388 -0.092253 -0.168427
vn -0.988909 -0.092334 -0.116332
vn -0.993924 -0.092676 -0.059375
vn -0.995634 -0.093292 0.002977
vn -0.993011 -0.094187 0.071127
vn -0.984791 -0.095353 0.145238
vn -0.969520 -0.096766 0.225093
vn -0.945655 -0.098376 0.309932
vn -0.911770 -0.100109 0.398315
vn -0.866841 -0.101873 0.488065
vn -0.688868 -0.104601 0.717300
vn -0.457414 -0.099626 0.883655
vn -0.376026 -0.097491 0.921466
vn -0.296847 -0.095577 0.950130
vn -0.220954 -0.093931 0.970750
vn -0.148938 -0.092584 0.984503
vn -0.080998 -0.091546 0.992501
vn -0.017045 -0.090817 0.995722
vn 0.043199 -0.090390 0.994969
vn 0.100134 -0.090254 0.990872
vn 0.154230 -0.090396 0.983891
vn 0.205990 -0.090807 0.974332
vn 0.255933 -0.091481 0.962356
vn 0.304581 -0.092415 0.947993
vn 0.352456 -0.093614 0.931134
vn 0.400079 -0.095086 0.911535
vn 0.644928 -0.102440 0.757347
vn 0.852331 -0.101300 0.513099
vn 0.904591 -0.099792 0.414435
vn 0.943368 -0.098191 0.316883
vn 0.969934 -0.096624 0.223367
vn 0.986157 -0.095201 0.135759
vn 0.994054 -0.093995 0.054971
vn 0.995483 -0.093053 -0.018830
vn 0.992005 -0.092389 -0.085966
vn 0.984841 -0.092006 -0.147045
vn 0.974896 -0.091892 -0.202816
vn 0.962797 -0.092032 -0.254070
vn 0.948946 -0.092411 -0.301600
vn 0.933548 -0.093017 -0.346172
vn 0.916646 -0.093843 -0.388528
vn 0.898117 -0.094888 -0.429398
vn 0.710835 -0.104642 -0.695531
vn 0.435020 -0.099839 -0.894869
vn 0.368315 -0.098228 -0.924497
vn 0.302973 -0.096878 -0.948062
vn 0.238901 -0.095793 -0.966307
vn 0.175864 -0.094973 -0.979822
vn 0.113533 -0.094415 -0.989038
vn 0.051523 -0.094115 -0.994227
vn -0.010577 -0.094074 -0.995509
vn -0.073187 -0.094290 -0.992851
vn -0.136709 -0.094766 -0.986068
vn -0.201501 -0.095505 -0.974821
vn -0.267848 -0.096508 -0.958616
vn -0.335915 -0.097776 -0.936804
vn -0.405696 -0.099299 -0.908598
vn -0.476937 -0.101061 -0.873108
vn -0.748524 -0.105609 -0.654644
vn -0.921096 -0.098745 -0.376606
vn -0.935347 -0.097726 -0.339965
vn -0.948564 -0.096904 -0.301390
vn -0.960710 -0.096285 -0.260320
vn -0.971634 -0.095884 -0.216178
vn -0.981066 -0.095716 -0.168370
vn -0.988584 -0.095800 -0.116292
vn -0.993595 -0.096153 -0.059354
vn -0.995300 -0.096789 0.002978
vn -0.992671 -0.097716 0.071105
vn -0.984446 -0.098925 0.145190
vn -0.969170 -0.100388 0.225015
vn -0.945302 -0.102056 0.309820
vn -0.911416 -0.103853 0.398165
vn -0.866493 -0.105682 0.487874
vn -0.688559 -0.108527 0.717013
vn -0.457235 -0.103370 0.883318
vn -0.375884 -0.101156 0.921129
vn -0.296739 -0.099170 0.949795
vn -0.220876 -0.097463 0.970420
vn -0.148886 -0.096064 0.984177
vn -0.080969 -0.094987 0.992180
vn -0.017038 -0.094230 0.995405
vn 0.043187 -0.093786 0.994655
vn 0.100105 -0.093643 0.990561
vn 0.154184 -0.093789 0.983581
vn 0.205927 -0.094214 0.974022
vn 0.255852 -0.094912 0.962045
vn 0.304482 -0.095880 0.947680
vn 0.352339 -0.097121 0.930820
vn 0.399942 -0.098646 0.911217
vn 0.644682 -0.106249 0.757031
vn 0.851996 -0.105102 0.512891
vn 0.904245 -0.103540 0.414270
vn 0.943018 -0.101880 0.316761
vn 0.969585 -0.100255 0.223282
vn 0.985812 -0.098778 0.135708
vn 0.993715 -0.097527 0.054949
vn 0.995150 -0.096548 -0.018826
vn 0.991678 -0.095860 -0.085940
vn 0.984519 -0.095461 -0.147000
vn 0.974578 -0.095341 -0.202752
vn 0.962482 -0.095485 -0.253989
vn 0.948633 -0.095877 -0.301502
vn 0.933237 -0.096505 -0.346058
vn 0.916334 -0.097360 -0.388398
vn 0.897804 -0.098443 -0.429250
vn 0.714700 -0.005930 -0.699406
vn 0.437189 -0.006188 -0.899348
vn 0.370092 -0.006052 -0.928976
vn 0.304393 -0.005931 -0.952528
vn 0.239995 -0.005825 -0.970757
vn 0.176654 -0.005735 -0.984256
vn 0.114035 -0.005662 -0.993461
vn 0.051747 -0.005604 -0.998645
vn -0.010630 -0.005560 -0.999928
vn -0.073520 -0.005532 -0.997278
vn -0.137331 -0.005519 -0.990510
vn -0.202430 -0.005521 -0.979281
vn -0.269106 -0.005538 -0.963095
vn -0.337534 -0.005571 -0.941297
vn -0.407712 -0.005621 -0.913093
vn -0.479392 -0.005689 -0.877583
vn -0.752757 -0.006694 -0.658264
vn -0.925604 -0.006026 -0.378445
vn -0.939830 -0.005935 -0.341590
vn -0.953034 -0.005855 -0.302806
vn -0.965179 -0.005786 -0.261526
vn -0.976117 -0.005727 -0.217171
vn -0.985576 -0.005679 -0.169139
vn -0.993137 -0.005642 -0.116822
vn -0.998205 -0.005619 -0.059623
vn -0.999980 -0.005611 0.002999
vn -0.997428 -0.005620 0.071453
vn -0.989282 -0.005648 0.145911
vn -0.974073 -0.005697 0.226163
vn -0.950245 -0.005767 0.311451
vn -0.916351 -0.005859 0.400333
vn -0.871351 -0.005969 0.490624
vn -0.692596 -0.006759 0.721294
vn -0.459679 -0.006485 0.888061
vn -0.377806 -0.006324 0.925863
vn -0.298195 -0.006167 0.954485
vn -0.221921 -0.006019 0.975046
vn -0.149569 -0.005886 0.988734
vn -0.081329 -0.005772 0.996671
vn -0.017108 -0.005677 0.999838
vn 0.043383 -0.005602 0.999043
vn 0.100550 -0.005547 0.994916
vn 0.154869 -0.005511 0.987920
vn 0.206848 -0.005493 0.978358
vn 0.257013 -0.005491 0.966392
vn 0.305891 -0.005505 0.952051
vn 0.354012 -0.005534 0.935225
vn 0.401900 -0.005578 0.915666
vn 0.648394 -0.005271 0.761286
vn 0.856730 -0.006455 0.515726
vn 0.909118 -0.006389 0.416490
vn 0.947935 -0.006295 0.318401
vn 0.974478 -0.006184 0.224399
vn 0.990640 -0.006067 0.136364
vn 0.998457 -0.005953 0.055204
vn 0.999804 -0.005850 -0.018921
vn 0.996249 -0.005764 -0.086342
vn 0.989019 -0.005695 -0.147677
vn 0.979021 -0.005645 -0.203682
vn 0.966884 -0.005613 -0.255156
vn 0.953007 -0.005598 -0.302898
vn 0.937597 -0.005599 -0.347680
vn 0.920692 -0.005614 -0.390250
vn 0.902170 -0.005641 -0.431343
vn 0.707017 0.152670 -0.690520
vn 0.432645 0.145443 -0.889755
vn 0.366378 0.143156 -0.919387
vn 0.301435 0.141244 -0.942967
vn 0.237730 0.139711 -0.961231
vn 0.175036 0.138558 -0.974764
vn 0.113031 0.137780 -0.983992
vn 0.051339 0.137373 -0.989188
vn -0.010447 0.137336 -0.990469
vn -0.072736 0.137670 -0.987804
vn -0.135924 0.138378 -0.981008
vn -0.200362 0.139463 -0.969745
vn -0.266328 0.140927 -0.953525
vn -0.333979 0.142768 -0.931706
vn -0.403302 0.144974 -0.903510
vn -0.474039 0.147517 -0.868058
vn -0.743239 0.153654 -0.651142
vn -0.915963 0.143930 -0.374562
vn -0.930238 0.142486 -0.338163
vn -0.943468 0.141325 -0.299827
vn -0.955611 0.140457 -0.258997
vn -0.966519 0.139901 -0.215101
vn -0.975918 0.139682 -0.167552
vn -0.983387 0.139826 -0.115752
vn -0.988334 0.140358 -0.059117
vn -0.989963 0.141297 0.002875
vn -0.987250 0.142652 0.070619
vn -0.978945 0.144409 0.144268
vn -0.963605 0.146527 0.223596
vn -0.939709 0.148930 0.307841
vn -0.905855 0.151506 0.395567
vn -0.861044 0.154117 0.484614
vn -0.684484 0.157859 0.711731
vn -0.454580 0.150445 0.877908
vn -0.373810 0.147295 0.915735
vn -0.295182 0.144474 0.944455
vn -0.219776 0.142053 0.965153
vn -0.148191 0.140075 0.978989
vn -0.080633 0.138557 0.987066
vn -0.017027 0.137499 0.990356
vn 0.042899 0.136889 0.989657
vn 0.099535 0.136710 0.985598
vn 0.153342 0.136946 0.978638
vn 0.204816 0.137582 0.969083
vn 0.254468 0.138608 0.957097
vn 0.302814 0.140021 0.942708
vn 0.350369 0.141828 0.925811
vn 0.397643 0.144040 0.906164
vn 0.639778 0.155377 0.752690
vn 0.846566 0.152997 0.509821
vn 0.898677 0.150749 0.411891
vn 0.937414 0.148372 0.315026
vn 0.964016 0.146055 0.222128
vn 0.980323 0.143956 0.135065
vn 0.988325 0.142186 0.054751
vn 0.989862 0.140807 -0.018637
vn 0.986483 0.139845 -0.085408
vn 0.979405 0.139298 -0.146160
vn 0.969527 0.139151 -0.201630
vn 0.957479 0.139380 -0.252602
vn 0.943661 0.139965 -0.299857
vn 0.928282 0.140886 -0.344156
vn 0.911384 0.142133 -0.386234
vn 0.892849 0.143706 -0.426812
vn 0.697871 0.216952 -0.682574
vn 0.427708 0.207313 -0.879822
vn 0.362319 0.204078 -0.909438
vn 0.298174 0.201364 -0.933030
vn 0.235201 0.199180 -0.951319
vn 0.173188 0.197529 -0.964877
vn 0.111829 0.196404 -0.974125
vn 0.050760 0.195802 -0.979329
vn -0.010409 0.195719 -0.980605
vn -0.072075 0.196157 -0.977920
vn -0.134620 0.197119 -0.971093
vn -0.198378 0.198611 -0.959791
vn -0.263615 0.200635 -0.943532
vn -0.330472 0.203187 -0.921685
vn -0.398923 0.206250 -0.893488
vn -0.468699 0.209787 -0.858085
vn -0.734501 0.218854 -0.642348
vn -0.905937 0.205119 -0.370411
vn -0.920261 0.203072 -0.334486
vn -0.933516 0.201418 -0.296613
vn -0.945657 0.200175 -0.256247
vn -0.956534 0.199368 -0.212825
vn -0.965871 0.199031 -0.165771
vn -0.973247 0.199201 -0.114498
vn -0.978069 0.199914 -0.058438
vn -0.979546 0.201199 0.002916
vn -0.976664 0.203065 0.069940
vn -0.968188 0.205496 0.142770
vn -0.952702 0.208436 0.221165
vn -0.928719 0.211780 0.304353
vn -0.894879 0.215375 0.390903
vn -0.850233 0.219028 0.478677
vn -0.674949 0.224672 0.702827
vn -0.449009 0.214384 0.867428
vn -0.369401 0.209952 0.905242
vn -0.291816 0.205969 0.934034
vn -0.217336 0.202539 0.954852
vn -0.146569 0.199725 0.968828
vn -0.079740 0.197555 0.977043
vn -0.016788 0.196030 0.980454
vn 0.042537 0.195135 0.979853
vn 0.098611 0.194849 0.975864
vn 0.151879 0.195146 0.968943
vn 0.202824 0.196006 0.959398
vn 0.251943 0.197415 0.947392
vn 0.299739 0.199367 0.932957
vn 0.346711 0.201869 0.915991
vn 0.393357 0.204938 0.896254
vn 0.632149 0.220182 0.742905
vn 0.836159 0.217852 0.503367
vn 0.887923 0.214729 0.406798
vn 0.926524 0.211405 0.311225
vn 0.953149 0.208149 0.219502
vn 0.969579 0.205185 0.133479
vn 0.977753 0.202672 0.054072
vn 0.979477 0.200704 -0.018522
vn 0.976276 0.199318 -0.084597
vn 0.969353 0.198516 -0.144727
vn 0.959602 0.198276 -0.199627
vn 0.947649 0.198568 -0.250066
vn 0.933895 0.199360 -0.296808
vn 0.918553 0.200625 -0.340602
vn 0.901666 0.202348 -0.382169
vn 0.883120 0.204527 -0.422217
vn 0.697445 0.218784 -0.682425
vn 0.427519 0.209116 -0.879487
vn 0.362162 0.205851 -0.909101
vn 0.298045 0.203112 -0.932692
vn 0.235099 0.200909 -0.950981
vn 0.173109 0.199241 -0.964539
vn 0.111772 0.198103 -0.973787
vn 0.050726 0.197493 -0.978991
vn -0.010422 0.197406 -0.980267
vn -0.072068 0.197844 -0.977581
vn -0.134590 0.198810 -0.970752
vn -0.198327 0.200310 -0.959449
vn -0.263539 0.202346 -0.943188
vn -0.330371 0.204915 -0.921339
vn -0.398793 0.207999 -0.893141
vn -0.468538 0.211561 -0.857737
vn -0.734311 0.220760 -0.641913
vn -0.905595 0.206896 -0.370259
vn -0.919921 0.204830 -0.334349
vn -0.933176 0.203161 -0.296492
vn -0.945318 0.201905 -0.256142
vn -0.956194 0.201089 -0.212736
vn -0.965529 0.200746 -0.165697
vn -0.972901 0.200914 -0.114442
vn -0.977719 0.201629 -0.058400
vn -0.979191 0.202919 0.002934
vn -0.976303 0.204796 0.069935
vn -0.967820 0.207243 0.142739
vn -0.952327 0.210204 0.221105
vn -0.928339 0.213572 0.304259
vn -0.894497 0.217193 0.390772
vn -0.849853 0.220874 0.478503
vn -0.674517 0.226613 0.702619
vn -0.448792 0.216249 0.867077
vn -0.369227 0.211781 0.904887
vn -0.291679 0.207763 0.933680
vn -0.217233 0.204302 0.954500
vn -0.146496 0.201462 0.968479
vn -0.079693 0.199270 0.976699
vn -0.016766 0.197728 0.980114
vn 0.042538 0.196822 0.979516
vn 0.098592 0.196530 0.975528
vn 0.151842 0.196826 0.968609
vn 0.202768 0.197689 0.959064
vn 0.251869 0.199105 0.947058
vn 0.299646 0.201070 0.932622
vn 0.346599 0.203587 0.915654
vn 0.393224 0.206676 0.895913
vn 0.632014 0.221977 0.742486
vn 0.835818 0.219732 0.503116
vn 0.887565 0.216587 0.406595
vn 0.926157 0.213238 0.311067
vn 0.952779 0.209955 0.219387
vn 0.969211 0.206966 0.133402
vn 0.977389 0.204430 0.054030
vn 0.979119 0.202442 -0.018536
vn 0.975924 0.201042 -0.084585
vn 0.969006 0.200229 -0.144692
vn 0.959259 0.199984 -0.199572
vn 0.947309 0.200274 -0.249991
vn 0.933558 0.201069 -0.296715
vn 0.918218 0.202342 -0.340492
vn 0.901331 0.204075 -0.382041
vn 0.882785 0.206269 -0.422071
vn 0.698062 0.215224 -0.682926
vn 0.427846 0.205682 -0.880138
vn 0.362431 0.202468 -0.909753
vn 0.298262 0.199771 -0.933344
vn 0.235267 0.197602 -0.951632
vn 0.173233 0.195960 -0.965189
vn 0.111854 0.194841 -0.974436
vn 0.050766 0.194241 -0.979639
vn -0.010422 0.194157 -0.980915
vn -0.072109 0.194590 -0.978231
vn -0.134673 0.195543 -0.971404
vn -0.198455 0.197022 -0.960103
vn -0.263715 0.199028 -0.943844
vn -0.330598 0.201560 -0.921997
vn -0.399077 0.204599 -0.893799
vn -0.468885 0.208110 -0.858392
vn -0.734865 0.217148 -0.642511
vn -0.906253 0.203499 -0.370533
vn -0.920576 0.201465 -0.334593
vn -0.933829 0.199822 -0.296705
vn -0.945971 0.198585 -0.256324
vn -0.956850 0.197783 -0.212887
vn -0.966188 0.197446 -0.165816
vn -0.973567 0.197613 -0.114526
vn -0.978393 0.198319 -0.058447
vn -0.979875 0.199591 0.002929
vn -0.976998 0.201441 0.069977
vn -0.968526 0.203853 0.142834
vn -0.953042 0.206770 0.221260
vn -0.929060 0.210089 0.304484
vn -0.895217 0.213658 0.391072
vn -0.850561 0.217285 0.478887
vn -0.675157 0.222920 0.703185
vn -0.449161 0.212707 0.867761
vn -0.369520 0.208305 0.905574
vn -0.291904 0.204349 0.934363
vn -0.217396 0.200941 0.955176
vn -0.146605 0.198144 0.969147
vn -0.079754 0.195988 0.977358
vn -0.016784 0.194471 0.980765
vn 0.042560 0.193581 0.980161
vn 0.098651 0.193294 0.976169
vn 0.151936 0.193587 0.969247
vn 0.202897 0.194438 0.959701
vn 0.252033 0.195835 0.947696
vn 0.299846 0.197771 0.933263
vn 0.346837 0.200252 0.916299
vn 0.393503 0.203296 0.896563
vn 0.632494 0.218395 0.743139
vn 0.836497 0.216143 0.503543
vn 0.888267 0.213043 0.406933
vn 0.926869 0.209744 0.311321
vn 0.953491 0.206510 0.219563
vn 0.969916 0.203565 0.133510
vn 0.978083 0.201069 0.054077
vn 0.979801 0.199113 -0.018541
vn 0.976595 0.197734 -0.084636
vn 0.969667 0.196936 -0.144784
vn 0.959912 0.196696 -0.199701
vn 0.947956 0.196984 -0.250155
vn 0.934200 0.197767 -0.296914
vn 0.918857 0.199022 -0.340723
vn 0.901970 0.200731 -0.382306
vn 0.883424 0.202893 -0.422371
vn 0.594884 0.589773 -0.546151
vn 0.361530 0.571190 -0.736911
vn 0.307493 0.566811 -0.764312
vn 0.254069 0.563087 -0.786372
vn 0.201281 0.560062 -0.803627
vn 0.149036 0.557760 -0.816512
vn 0.097158 0.556197 -0.825352
vn 0.045419 0.555378 -0.830357
vn -0.006434 0.555308 -0.831620
vn -0.058661 0.555988 -0.829118
vn -0.111504 0.557418 -0.822710
vn -0.165172 0.559589 -0.812144
vn -0.219803 0.562487 -0.797054
vn -0.275440 0.566079 -0.776974
vn -0.331986 0.570309 -0.751355
vn -0.389160 0.575091 -0.719600
vn -0.590231 0.591729 -0.549075
vn -0.761067 0.568255 -0.312831
vn -0.774616 0.565473 -0.283214
vn -0.787021 0.563213 -0.251773
vn -0.798217 0.561512 -0.218070
vn -0.808041 0.560420 -0.181657
vn -0.816223 0.559992 -0.142085
vn -0.822373 0.560286 -0.098905
vn -0.825964 0.561347 -0.051703
vn -0.826317 0.563205 -0.000131
vn -0.822600 0.565853 0.056033
vn -0.813833 0.569239 0.116799
vn -0.798938 0.573255 0.181869
vn -0.776831 0.577726 0.250532
vn -0.746573 0.582425 0.321574
vn -0.707578 0.587090 0.393265
vn -0.569970 0.596886 0.564677
vn -0.377624 0.580522 0.721384
vn -0.312401 0.574700 0.756390
vn -0.248203 0.569360 0.783725
vn -0.186036 0.564680 0.804069
vn -0.126538 0.560788 0.818233
vn -0.070033 0.557759 0.827043
vn -0.016599 0.555625 0.831267
vn 0.033865 0.554387 0.831569
vn 0.081579 0.554025 0.828493
vn 0.126838 0.554506 0.822457
vn 0.169981 0.555794 0.813756
vn 0.211369 0.557858 0.802569
vn 0.251371 0.560671 0.788962
vn 0.290355 0.564216 0.772887
vn 0.328681 0.568484 0.754185
vn 0.503486 0.593080 0.628298
vn 0.692265 0.585188 0.422284
vn 0.738003 0.581124 0.342995
vn 0.773095 0.576743 0.263990
vn 0.798225 0.572393 0.187626
vn 0.814614 0.568382 0.115523
vn 0.823695 0.564948 0.048577
vn 0.826874 0.562240 -0.012904
vn 0.825387 0.560331 -0.069027
vn 0.820253 0.559239 -0.120158
vn 0.812255 0.558941 -0.166813
vn 0.801971 0.559396 -0.209568
vn 0.789789 0.560554 -0.249023
vn 0.775937 0.562369 -0.285766
vn 0.760497 0.564804 -0.320375
vn 0.743410 0.567840 -0.353412
vn 0.251591 0.947261 -0.198491
vn 0.148464 0.943565 -0.296046
vn 0.127835 0.942026 -0.310235
vn 0.106906 0.940683 -0.322004
vn 0.085772 0.939565 -0.331454
vn 0.064493 0.938689 -0.338680
vn 0.043093 0.938069 -0.343759
vn 0.021575 0.937712 -0.346743
vn -0.000068 0.937623 -0.347653
vn -0.021849 0.937804 -0.346476
vn -0.043773 0.938253 -0.343168
vn -0.065827 0.938966 -0.337654
vn -0.087974 0.939931 -0.329834
vn -0.110134 0.941132 -0.319596
vn -0.132185 0.942542 -0.306824
vn -0.153944 0.944127 -0.291421
vn -0.215110 0.948685 -0.231786
vn -0.308641 0.942457 -0.128511
vn -0.316079 0.941459 -0.117259
vn -0.322781 0.940629 -0.105025
vn -0.328678 0.939984 -0.091653
vn -0.333656 0.939546 -0.076985
vn -0.337552 0.939336 -0.060873
vn -0.340156 0.939377 -0.043185
vn -0.341211 0.939685 -0.023819
vn -0.340418 0.940270 -0.002723
vn -0.337451 0.941129 0.020085
vn -0.331970 0.942240 0.044488
vn -0.323659 0.943563 0.070245
vn -0.312261 0.945034 0.096977
vn -0.297630 0.946574 0.124155
vn -0.279779 0.948096 0.151121
vn -0.231701 0.950844 0.205453
vn -0.152331 0.946748 0.283660
vn -0.128110 0.944806 0.301546
vn -0.103518 0.942967 0.316383
vn -0.079031 0.941306 0.328174
vn -0.055030 0.939883 0.337034
vn -0.031796 0.938741 0.343155
vn -0.009515 0.937905 0.346762
vn 0.011709 0.937386 0.348096
vn 0.031839 0.937183 0.347382
vn 0.050889 0.937287 0.344823
vn 0.068907 0.937686 0.340583
vn 0.085965 0.938363 0.334790
vn 0.102148 0.939304 0.327526
vn 0.117545 0.940494 0.318831
vn 0.132244 0.941921 0.308701
vn 0.182514 0.947847 0.261294
vn 0.269329 0.948073 0.169174
vn 0.290126 0.946800 0.139272
vn 0.307230 0.945379 0.108946
vn 0.320580 0.943918 0.079038
vn 0.330333 0.942528 0.050217
vn 0.336794 0.941298 0.022956
vn 0.340346 0.940297 -0.002462
vn 0.341395 0.939563 -0.025914
vn 0.340326 0.939112 -0.047399
vn 0.337482 0.938944 -0.067006
vn 0.333147 0.939047 -0.084877
vn 0.327542 0.939403 -0.101189
vn 0.320824 0.939992 -0.116133
vn 0.313090 0.940797 -0.129905
vn 0.304369 0.941805 -0.142700
vn 0.000000 1.000000 0.000000
vn 0.000000 -1.000000 0.000000

f 1/1/1 2/2/2 66/66/66
f 1/1/1 66/66/66 65/65/65
f 2/2/2 3/3/3 67/67/67
f 2/2/2 67/67/67 66/66/66
f 3/3/3 4/4/4 68/68/68
f 3/3/3 68/68/68 67/67/67
f 4/4/4 5/5/5 69/69/69
f 4/4/4 69/69/69 68/68/68
f 5/5/5 6/6/6 70/70/70
f 5/5/5 70/70/70 69/69/69
f 6/6/6 7/7/7 71/71/71
f 6/6/6 71/71/71 70/70/70
f 7/7/7 8/8/8 72/72/72
f 7/7/7 72/72/72 71/71/71
f 8/8/8 9/9/9 73/73/73
f 8/8/8 73/73/73 72/72/72
f 9/9/9 10/10/10 74/74/74
f 9/9/9 74/74/74 73/73/73
f 10/10/10 11/11/11 75/75/75
f 10/10/10 75/75/75 74/74/74
f 11/11/11 12/12/12 76/76/76
f 11/11/11 76/76/76 75/75/75
f 12/12/12 13/13/13 77/77/77
f 12/12/12 77/77/77 76/76/76
f 13/13/13 14/14/14 78/78/78
f 13/13/13 78/78/78 77/77/77
f 14/14/14 15/15/15 79/79/79
f 14/14/14 79/79/79 78/78/78
f 15/15/15 16/16/16 80/80/80
f 15/15/15 80/80/80 79/79/79
f 16/16/16 17/17/17 81/81/81
f 16/16/16 81/81/81 80/80/80
f 17/17/17 18/18/18 82/82/82
f 17/17/17 82/82/82 81/81/81
f 18/18/18 19/19/19 83/83/83
f 18/18/18 83/83/83 82/82/82
f 19/19/19 20/20/20 84/84/84
f 19/19/19 84/84/84 83/83/83
f 20/20/20 21/21/21 85/85/85
f 20/20/20 85/85/85 84/84/84
f 21/21/21 22/22/22 86/86/86
f 21/21/21 86/86/86 85/85/85
f 22/22/22 23/23/23 87/87/87
f 22/22/22 87/87/87 86/86/86
f 23/23/23 24/24/24 88/88/88
f 23/23/23 88/88/88 87/87/87
f 24/24/24 25/25/25 89/89/89
f 24/24/24 89/89/89 88/88/88
f 25/25/25 26/26/26 90/90/90
f 25/25/25 90/90/90 89/89/89
f 26/26/26 27/27/27 91/91/91
f 26/26/26 91/91/91 90/90/90
f 27/27/27 28/28/28 92/92/92
f 27/27/27 92/92/92 91/91/91
f 28/28/28 29/29/29 93/93/93
f 28/28/28 93/93/93 92/92/92
f 29/29/29 30/30/30 94/94/94
f 29/29/29 94/94/94 93/93/93
f 30/30/30 31/31/31 95/95/95
f 30/30/30 95/95/95 94/94/94
f 31/31/31 32/32/32 96/96/96
f 31/31/31 96/96/96 95/95/95
f 32/32/32 33/33/33 97/97/97
f 32/32/32 97/97/97 96/96/96
f 33/33/33 34/34/34 98/98/98
f 33/33/33 98/98/98 97/97/97
f 34/34/34 35/35/35 99/99/99
f 34/34/34 99/99/99 98/98/98
f 35/35/35 36/36/36 100/100/100
f 35/35/35 100/100/100 99/99/99
f 36/36/36 37/37/37 101/101/101
f 36/36/36 101/101/101 100/100/100
f 37/37/37 38/38/38 102/102/102
f 37/37/37 102/102/102 101/101/101
f 38/38/38 39/39/39 103/103/103
f 38/38/38 103/103/103 102/102/102
f 39/39/39 40/40/40 104/104/104
f 39/39/39 104/104/104 103/103/103
f 40/40/40 41/41/41 105/105/105
f 40/40/40 105/105/105 104/104/104
f 41/41/41 42/42/42 106/106/106
f 41/41/41 106/106/106 105/105/105
f 42/42/42 43/43/43 107/107/107
f 42/42/42 107/107/107 106/106/106
f 43/43/43 44/44/44 108/108/108
f 43/43/43 108/108/108 107/107/107
f 44/44/44 45/45/45 109/109/109
f 44/44/44 109/109/109 108/108/108
f 45/45/45 46/46/46 110/110/110
f 45/45/45 110/110/110 109/109/109
f 46/46/46 47/47/47 111/111/111
f 46/46/46 111/111/111 110/110/110
f 47/47/47 48/48/48 112/112/112
f 47/47/47 112/112/112 111/111/111
f 48/48/48 49/49/49 113/113/113
f 48/48/48 113/113/113 112/112/112
f 49/49/49 50/50/50 114/114/114
f 49/49/49 114/114/114 113/113/113
f 50/50/50 51/51/51 115/115/115
f 50/50/50 115/115/115 114/114/114
f 51/51/51 52/52/52 116/116/116
f 51/51/51 116/116/116 115/115/115
f 52/52/52 53/53/53 117/117/117
f 52/52/52 117/117/117 116/116/116
f 53/53/53 54/54/54 118/118/118
f 53/53/53 118/118/118 117/117/117
f 54/54/54 55/55/55 119/119/119
f 54/54/54 119/119/119 118/118/118
f 55/55/55 56/56/56 120/120/120
f 55/55/55 120/120/120 119/119/119
f 56/56/56 57/57/57 121/121/121
f 56/56/56 121/121/121 120/120/120
f 57/57/57 58/58/58 122/122/122
f 57/57/57 122/122/122 121/121/121
f 58/58/58 59/59/59 123/123/123
f 58/58/58 123/123/123 122/122/122
f 59/59/59 60/60/60 124/124/124
f 59/59/59 124/124/124 123/123/123
f 60/60/60 61/61/61 125/125/125
f 60/60/60 125/125/125 124/124/124
f 61/61/61 62/62/62 126/126/126
f 61/61/61 126/126/126 125/125/125
f 62/62/62 63/63/63 127/127/127
f 62/62/62 127/127/127 126/126/126
f 63/63/63 64/64/64 128/128/128
f 63/63/63 128/128/128 127/127/127
f 64/64/64 1/1/1 65/65/65
f 64/64/64 65/65/65 128/128/128
f 65/65/65 66/66/66 130/130/130
f 65/65/65 130/130/130 129/129/129
f 66/66/66 67/67/67 131/131/131
f 66/66/66 131/131/131 130/130/130
f 67/67/67 68/68/68 132/132/132
f 67/67/67 132/132/132 131/131/131
f 68/68/68 69/69/69 133/133/133
f 68/68/68 133/133/133 132/132/132
f 69/69/69 70/70/70 134/134/134
f 69/69/69 134/134/134 133/133/133
f 70/70/70 71/71/71 135/135/135
f 70/70/70 135/135/135 134/134/134
f 71/71/71 72/72/72 136/136/136
f 71/71/71 136/136/136 135/135/135
f 72/72/72 73/73/73 137/137/137
f 72/72/72 137/137/137 136/136/136
f 73/73/73 74/74/74 138/138/138
f 73/73/73 138/138/138 137/137/137
f 74/74/74 75/75/75 139/139/139
f 74/74/74 139/139/139 138/138/138
f 75/75/75 76/76/76 140/140/140
f 75/75/75 140/140/140 139/139/139
f 76/76/76 77/77/77 141/141/141
f 76/76/76 141/141/141 140/140/140
f 77/77/77 78/78/78 142/142/142
f 77/77/77 142/142/142 141/141/141
f 78/78/78 79/79/79 143/143/143
f 78/78/78 143/143/143 142/142/142
f 79/79/79 80/80/80 144/144/144
f 79/79/79 144/144/144 143/143/143
f 80/80/80 81/81/81 145/145/145
f 80/80/80 145/145/145 144/144/144
f 81/81/81 82/82/82 146/146/146
f 81/81/81 146/146/146 145/145/145
f 82/82/82 83/83/83 147/147/147
f 82/82/82 147/147/147 146/146/146
f 83/83/83 84/84/84 148/148/148
f 83/83/83 148/148/148 147/147/147
f 84/84/84 85/85/85 149/149/149
f 84/84/84 149/149/149 148/148/148
f 85/85/85 86/86/86 150/150/150
f 85/85/85 150/150/150 149/149/149
f 86/86/86 87/87/87 151/151/151
f 86/86/86 151/151/151 150/150/150
f 87/87/87 88/88/88 152/152/152
f 87/87/87 152/152/152 151/151/151
f 88/88/88 89/89/89 153/153/153
f 88/88/88 153/153/153 152/152/152
f 89/89/89 90/90/90 154/154/154
f 89/89/89 154/154/154 153/153/153
f 90/90/90 91/91/91 155/155/155
f 90/90/90 155/155/155 154/154/154
f 91/91/91 92/92/92 156/156/156
f 91/91/91 156/156/156 155/155/155
f 92/92/92 93/93/93 157/157/157
f 92/92/92 157/157/157 156/156/156
f 93/93/93 94/94/94 158/158/158
f 93/93/93 158/158/158 157/157/157
f 94/94/94 95/95/95 159/159/159
f 94/94/94 159/159/159 158/158/158
f 95/95/95 96/96/96 160/160/160
f 95/95/95 160/160/160 159/159/159
f 96/96/96 97/97/97 161/161/161
f 96/96/96 161/161/161 160/160/160
f 97/97/97 98/98/98 162/162/162
f 97/97/97 162/162/162 161/161/161
f 98/98/98 99/99/99 163/163/163
f 98/98/98 163/163/163 162/162/162
f 99/99/99 100/100/100 164/164/164
f 99/99/99 164/164/164 163/163/163
f 100/100/100 101/101/101 165/165/165
f 100/100/100 165/165/165 164/164/164
f 101/101/101 102/102/102 166/166/166
f 101/101/101 166/166/166 165/165/165
f 102/102/102 103/103/103 167/167/167
f 102/102/102 167/167/167 166/166/166
f 103/103/103 104/104/104 168/168/168
f 103/103/103 168/168/168 167/167/167
f 104/104/104 105/105/105 169/169/169
f 104/104/104 169/169/169 168/168/168
f 105/105/105 106/106/106 170/170/170
f 105/105/105 170/170/170 169/169/169
f 106/106/106 107/107/107 171/171/171
f 106/106/106 171/171/171 170/170/170
f 107/107/107 108/108/108 172/172/172
f 107/107/107 172/172/172 171/171/171
f 108/108/108 109/109/109 173/173/173
f 108/108/108 173/173/173 172/172/172
f 109/109/109 110/110/110 174/174/174
f 109/109/109 174/174/174 173/173/173
f 110/110/110 111/111/111 175/175/175
f 110/110/110 175/175/175 174/174/174
f 111/111/111 112/112/112 176/176/176
f 111/111/111 176/176/176 175/175/175
f 112/112/112 113/113/113 177/177/177
f 112/112/112 177/177/177 176/176/176
f 113/113/113 114/114/114 178/178/178
f 113/113/113 178/178/178 177/177/177
f 114/114/114 115/115/115 179/179/179
f 114/114/114 179/179/179 178/178/178
f 115/115/115 116/116/116 180/180/180
f 115/115/115 180/180/180 179/179/179
f 116/116/116 117/117/117 181/181/181
f 116/116/116 181/181/181 180/180/180
f 117/117/117 118/118/118 182/182/182
f 117/117/117 182/182/182 181/181/181
f 118/118/118 119/119/119 183/183/183
f 118/118/118 183/183/183 182/182/182
f 119/119/119 120/120/120 184/184/184
f 119/119/119 184/184/184 183/183/183
f 120/120/120 121/121/121 185/185/185
f 120/120/120 185/185/185 184/184/184
f 121/121/121 122/122/122 186/186/186
f 121/121/121 186/186/186 185/185/185
f 122/122/122 123/123/123 187/187/187
f 122/122/122 187/187/187 186/186/186
f 123/123/123 124/124/124 188/188/188
f 123/123/123 188/188/188 187/187/187
f 124/124/124 125/125/125 189/189/189
f 124/124/124 189/189/189 188/188/188
f 125/125/125 126/126/126 190/190/190
f 125/125/125 190/190/190 189/189/189
f 126/126/126 127/127/127 191/191/191
f 126/126/126 191/191/191 190/190/190
f 127/127/127 128/128/128 192/192/192
f 127/127/127 192/192/192 191/191/191
f 128/128/128 65/65/65 129/129/129
f 128/128/128 129/129/129 192/192/192
f 129/129/129 130/130/130 194/194/194
f 129/129/129 194/194/194 193/193/193
f 130/130/130 131/131/131 195/195/195
f 130/130/130 195/195/195 194/194/194
f 131/131/131 132/132/132 196/196/196
f 131/131/131 196/196/196 195/195/195
f 132/132/132 133/133/133 197/197/197
f 132/132/132 197/197/197 196/196/196
f 133/133/133 134/134/134 198/198/198
f 133/133/133 198/198/198 197/197/197
f 134/134/134 135/135/135 199/199/199
f 134/134/134 199/199/199 198/198/198
f 135/135/135 136/136/136 200/200/200
f 135/135/135 200/200/200 199/199/199
f 136/136/136 137/137/137 201/201/201
f 136/136/136 201/201/201 200/200/200
f 137/137/137 138/138/138 202/202/202
f 137/137/137 202/202/202 201/201/201
f 138/138/138 139/139/139 203/203/203
f 138/138/138 203/203/203 202/202/202
f 139/139/139 140/140/140 204/204/204
f 139/139/139 204/204/204 203/203/203
f 140/140/140 141/141/141 205/205/205
f 140/140/140 205/205/205 204/204/204
f 141/141/141 142/142/142 206/206/206
f 141/141/141 206/206/206 205/205/205
f 142/142/142 143/143/143 207/207/207
f 142/142/142 207/207/207 206/206/206
f 143/143/143 144/144/144 208/208/208
f 143/143/143 208/208/208 207/207/207
f 144/144/144 145/145/145 209/209/209
f 144/144/144 209/209/209 208/208/208
f 145/145/145 146/146/146 210/210/210
f 145/145/145 210/210/210 209/209/209
f 146/146/146 147/147/147 211/211/211
f 146/146/146 211/211/211 210/210/210
f 147/147/147 148/148/148 212/212/212
f 147/147/147 212/212/212 211/211/211
f 148/148/148 149/149/149 213/213/213
f 148/148/148 213/213/213 212/212/212
f 149/149/149 150/150/150 214/214/214
f 149/149/149 214/214/214 213/213/213
f 150/150/150 151/151/151 215/215/215
f 150/150/150 215/215/215 214/214/214
f 151/151/151 152/152/152 216/216/216
f 151/151/151 216/216/216 215/215/215
f 152/152/152 153/153/153 217/217/217
f 152/152/152 217/217/217 216/216/216
f 153/153/153 154/154/154 218/218/218
f 153/153/153 218/218/218 217/217/217
f 154/154/154 155/155/155 219/219/219
f 154/154/154 219/219/219 218/218/218
f 155/155/155 156/156/156 220/220/220
f 155/155/155 220/220/220 219/219/219
f 156/156/156 157/157/157 221/221/221
f 156/156/156 221/221/221 220/220/220
f 157/157/157 158/158/158 222/222/222
f 157/157/157 222/222/222 221/221/221
f 158/158/158 159/159/159 223/223/223
f 158/158/158 223/223/223 222/222/222
f 159/159/159 160/160/160 224/224/224
f 159/159/159 224/224/224 223/223/223
f 160/160/160 161/161/161 225/225/225
f 160/160/160 225/225/225 224/224/224
f 161/161/161 162/162/162 226/226/226
f 161/161/161 226/226/226 225/225/225
f 162/162/162 163/163/163 227/227/227
f 162/162/162 227/227/227 226/226/226
f 163/163/163 164/164/164 228/228/228
f 163/163/163 228/228/228 227/227/227
f 164/164/164 165/165/165 229/229/229
f 164/164/164 229/229/229 228/228/228
f 165/165/165 166/166/166 230/230/230
f 165/165/165 230/230/230 229/229/229
f 166/166/166 167/167/167 231/231/231
f 166/166/166 231/231/231 230/230/230
f 167/167/167 168/168/168 232/232/232
f 167/167/167 232/232/232 231/231/231
f 168/168/168 169/169/169 233/233/233
f 168/168/168 233/233/233 232/232/232
f 169/169/169 170/170/170 234/234/234
f 169/169/169 234/234/234 233/233/233
f 170/170/170 171/171/171 235/235/235
f 170/170/170 235/235/235 234/234/234
f 171/171/171 172/172/172 236/236/236
f 171/171/171 236/236/236 235/235/235
f 172/172/172 173/173/173 237/237/237
f 172/172/172 237/237/237 236/236/236
f 173/173/173 174/174/174 238/238/238
f 173/173/173 238/238/238 237/237/237
f 174/174/174 175/175/175 239/239/239
f 174/174/174 239/239/239 238/238/238
f 175/175/175 176/176/176 240/240/240
f 175/175/175 240/240/240 239/239/239
f 176/176/176 177/177/177 241/241/241
f 176/176/176 241/241/241 240/240/240
f 177/177/177 178/178/178 242/242/242
f 177/177/177 242/242/242 241/241/241
f 178/178/178 179/179/179 243/243/243
f 178/178/178 243/243/243 242/242/242
f 179/179/179 180/180/180 244/244/244
f 179/179/179 244/244/244 243/243/243
f 180/180/180 181/181/181 245/245/245
f 180/180/180 245/245/245 244/244/244
f 181/181/181 182/182/182 246/246/246
f 181/181/181 246/246/246 245/245/245
f 182/182/182 183/183/183 247/247/247
f 182/182/182 247/247/247 246/246/246
f 183/183/183 184/184/184 248/248/248
f 183/183/183 248/248/248 247/247/247
f 184/184/184 185/185/185 249/249/249
f 184/184/184 249/249/249 248/248/248
f 185/185/185 186/186/186 250/250/250
f 185/185/185 250/250/250 249/249/249
f 186/186/186 187/187/187 251/251/251
f 186/186/186 251/251/251 250/250/250
f 187/187/187 188/188/188 252/252/252
f 187/187/187 252/252/252 251/251/251
f 188/188/188 189/189/189 253/253/253
f 188/188/188 253/253/253 252/252/252
f 189/189/189 190/190/190 254/254/254
f 189/189/189 254/254/254 253/253/253
f 190/190/190 191/191/191 255/255/255
f 190/190/190 255/255/255 254/254/254
f 191/191/191 192/192/192 256/256/256
f 191/191/191 256/256/256 255/255/255
f 192/192/192 129/129/129 193/193/193
f 192/192/192 193/193/193 256/256/256
f 193/193/193 194/194/194 258/258/258
f 193/193/193 258/258/258 257/257/257
f 194/194/194 195/195/195 259/259/259
f 194/194/194 259/259/259 258/258/258
f 195/195/195 196/196/196 260/260/260
f 195/195/195 260/260/260 259/259/259
f 196/196/196 197/197/197 261/261/261
f 196/196/196 261/261/261 260/260/260
f 197/197/197 198/198/198 262/262/262
f 197/197/197 262/262/262 261/261/261
f 198/198/198 199/199/199 263/263/263
f 198/198/198 263/263/263 262/262/262
f 199/199/199 200/200/200 264/264/264
f 199/199/199 264/264/264 263/263/263
f 200/200/200 201/201/201 265/265/265
f 200/200/200 265/265/265 264/264/264
f 201/201/201 202/202/202 266/266/266
f 201/201/201 266/266/266 265/265/265
f 202/202/202 203/203/203 267/267/267
f 202/202/202 267/267/267 266/266/266
f 203/203/203 204/204/204 268/268/268
f 203/203/203 268/268/268 267/267/267
f 204/204/204 205/205/205 269/269/269
f 204/204/204 269/269/269 268/268/268
f 205/205/205 206/206/206 270/270/270
f 205/205/205 270/270/270 269/269/269
f 206/206/206 207/207/207 271/271/271
f 206/206/206 271/271/271 270/270/270
f 207/207/207 208/208/208 272/272/272
f 207/207/207 272/272/272 271/271/271
f 208/208/208 209/209/209 273/273/273
f 208/208/208 273/273/273 272/272/272
f 209/209/209 210/210/210 274/274/274
f 209/209/209 274/274/274 273/273/273
f 210/210/210 211/211/211 275/275/275
f 210/210/210 275/275/275 274/274/274
f 211/211/211 212/212/212 276/276/276
f 211/211/211 276/276/276 275/275/275
f 212/212/212 213/213/213 277/277/277
f 212/212/212 277/277/277 276/276/276
f 213/213/213 214/214/214 278/278/278
f 213/213/213 278/278/278 277/277/277
f 214/214/214 215/215/215 279/279/279
f 214/214/214 279/279/279 278/278/278
f 215/215/215 216/216/216 280/280/280
f 215/215/215 280/280/280 279/279/279
f 216/216/216 217/217/217 281/281/281
f 216/216/216 281/281/281 280/280/280
f 217/217/217 218/218/218 282/282/282
f 217/217/217 282/282/282 281/281/281
f 218/218/218 219/219/219 283/283/283
f 218/218/218 283/283/283 282/282/282
f 219/219/219 220/220/220 284/284/284
f 219/219/219 284/284/284 283/283/283
f 220/220/220 221/221/221 285/285/285
f 220/220/220 285/285/285 284/284/284
f 221/221/221 222/222/222 286/286/286
f 221/221/221 286/286/286 285/285/285
f 222/222/222 223/223/223 287/287/287
f 222/222/222 287/287/287 286/286/286
f 223/223/223 224/224/224 288/288/288
f 223/223/223 288/288/288 287/287/287
f 224/224/224 225/225/225 289/289/289
f 224/224/224 289/289/289 288/288/288
f 225/225/225 226/226/226 290/290/290
f 225/225/225 290/290/290 289/289/289
f 226/226/226 227/227/227 291/291/291
f 226/226/226 291/291/291 290/290/290
f 227/227/227 228/228/228 292/292/292
f 227/227/227 292/292/292 291/291/291
f 228/228/228 229/229/229 293/293/293
f 228/228/228 293/293/293 292/292/292
f 229/229/229 230/230/230 294/294/294
f 229/229/229 294/294/294 293/293/293
f 230/230/230 231/231/231 295/295/295
f 230/230/230 295/295/295 294/294/294
f 231/231/231 232/232/232 296/296/296
f 231/231/231 296/296/296 295/295/295
f 232/232/232 233/233/233 297/297/297
f 232/232/232 297/297/297 296/296/296
f 233/233/233 234/234/234 298/298/298
f 233/233/233 298/298/298 297/297/297
f 234/234/234 235/235/235 299/299/299
f 234/234/234 299/299/299 298/298/298
f 235/235/235 236/236/236 300/300/300
f 235/235/235 300/300/300 299/299/299
f 236/236/236 237/237/237 301/301/301
f 236/236/236 301/301/301 300/300/300
f 237/237/237 238/238/238 302/302/302
f 237/237/237 302/302/302 301/301/301
f 238/238/238 239/239/239 303/303/303
f 238/238/238 303/303/303 302/302/302
f 239/239/239 240/240/240 304/304/304
f 239/239/239 304/304/304 303/303/303
f 240/240/240 241/241/241 305/305/305
f 240/240/240 305/305/305 304/304/304
f 241/241/241 242/242/242 306/306/306
f 241/241/241 306/306/306 305/305/305
f 242/242/242 243/243/243 307/307/307
f 242/242/242 307/307/307 306/306/306
f 243/243/243 244/244/244 308/308/308
f 243/243/243 308/308/308 307/307/307
f 244/244/244 245/245/245 309/309/309
f 244/244/244 309/309/309 308/308/308
f 245/245/245 246/246/246 310/310/310
f 245/245/245 310/310/310 309/309/309
f 246/246/246 247/247/247 311/311/311
f 246/246/246 311/311/311 310/310/310
f 247/247/247 248/248/248 312/312/312
f 247/247/247 312/312/312 311/311/311
f 248/248/248 249/249/249 313/313/313
f 248/248/248 313/313/313 312/312/312
f 249/249/249 250/250/250 314/314/314
f 249/249/249 314/314/314 313/313/313
f 250/250/250 251/251/251 315/315/315
f 250/250/250 315/315/315 314/314/314
f 251/251/251 252/252/252 316/316/316
f 251/251/251 316/316/316 315/315/315
f 252/252/252 253/253/253 317/317/317
f 252/252/252 317/317/317 316/316/316
f 253/253/253 254/254/254 318/318/318
f 253/253/253 318/318/318 317/317/317
f 254/254/254 255/255/255 319/319/319
f 254/254/254 319/319/319 318/318/318
f 255/255/255 256/256/256 320/320/320
f 255/255/255 320/320/320 319/319/319
f 256/256/256 193/193/193 257/257/257
f 256/256/256 257/257/257 320/320/320
f 257/257/257 258/258/258 322/322/322
f 257/257/257 322/322/322 321/321/321
f 258/258/258 259/259/259 323/323/323
f 258/258/258 323/323/323 322/322/322
f 259/259/259 260/260/260 324/324/324
f 259/259/259 324/324/324 323/323/323
f 260/260/260 261/261/261 325/325/325
f 260/260/260 325/325/325 324/324/324
f 261/261/261 262/262/262 326/326/326
f 261/261/261 326/326/326 325/325/325
f 262/262/262 263/263/263 327/327/327
f 262/262/262 327/327/327 326/326/326
f 263/263/263 264/264/264 328/328/328
f 263/263/263 328/328/328 327/327/327
f 264/264/264 265/265/265 329/329/329
f 264/264/264 329/329/329 328/328/328
f 265/265/265 266/266/266 330/330/330
f 265/265/265 330/330/330 329/329/329
f 266/266/266 267/267/267 331/331/331
f 266/266/266 331/331/331 330/330/330
f 267/267/267 268/268/268 332/332/332
f 267/267/267 332/332/332 331/331/331
f 268/268/268 269/269/269 333/333/333
f 268/268/268 333/333/333 332/332/332
f 269/269/269 270/270/270 334/334/334
f 269/269/269 334/334/334 333/333/333
f 270/270/270 271/271/271 335/335/335
f 270/270/270 335/335/335 334/334/334
f 271/271/271 272/272/272 336/336/336
f 271/271/271 336/336/336 335/335/335
f 272/272/272 273/273/273 337/337/337
f 272/272/272 337/337/337 336/336/336
f 273/273/273 274/274/274 338/338/338
f 273/273/273 338/338/338 337/337/337
f 274/274/274 275/275/275 339/339/339
f 274/274/274 339/339/339 338/338/338
f 275/275/275 276/276/276 340/340/340
f 275/275/275 340/340/340 339/339/339
f 276/276/276 277/277/277 341/341/341
f 276/276/276 341/341/341 340/340/340
f 277/277/277 278/278/278 342/342/342
f 277/277/277 342/342/342 341/341/341
f 278/278/278 279/279/279 343/343/343
f 278/278/278 343/343/343 342/342/342
f 279/279/279 280/280/280 344/344/344
f 279/279/279 344/344/344 343/343/343
f 280/280/280 281/281/281 345/345/345
f 280/280/280 345/345/345 344/344/344
f 281/281/281 282/282/282 346/346/346
f 281/281/281 346/346/346 345/345/345
f 282/282/282 283/283/283 347/347/347
f 282/282/282 347/347/347 346/346/346
f 283/283/283 284/284/284 348/348/348
f 283/283/283 348/348/348 347/347/347
f 284/284/284 285/285/285 349/349/349
f 284/284/284 349/349/349 348/348/348
f 285/285/285 286/286/286 350/350/350
f 285/285/285 350/350/350 349/349/349
f 286/286/286 287/287/287 351/351/351
f 286/286/286 351/351/351 350/350/350
f 287/287/287 288/288/288 352/352/352
f 287/287/287 352/352/352 351/351/351
f 288/288/288 289/289/289 353/353/353
f 288/288/288 353/353/353 352/352/352
f 289/289/289 290/290/290 354/354/354
f 289/289/289 354/354/354 353/353/353
f 290/290/290 291/291/291 355/355/355
f 290/290/290 355/355/355 354/354/354
f 291/291/291 292/292/292 356/356/356
f 291/291/291 356/356/356 355/355/355
f 292/292/292 293/293/293 357/357/357
f 292/292/292 357/357/357 356/356/356
f 293/293/293 294/294/294 358/358/358
f 293/293/293 358/358/358 357/357/357
f 294/294/294 295/295/295 359/359/359
f 294/294/294 359/359/359 358/358/358
f 295/295/295 296/296/296 360/360/360
f 295/295/295 360/360/360 359/359/359
f 296/296/296 297/297/297 361/361/361
f 296/296/296 361/361/361 360/360/360
f 297/297/297 298/298/298 362/362/362
f 297/297/297 362/362/362 361/361/361
f 298/298/298 299/299/299 363/363/363
f 298/298/298 363/363/363 362/362/362
f 299/299/299 300/300/300 364/364/364
f 299/299/299 364/364/364 363/363/363
f 300/300/300 301/301/301 365/365/365
f 300/300/300 365/365/365 364/364/364
f 301/301/301 302/302/302 366/366/366
f 301/301/301 366/366/366 365/365/365
f 302/302/302 303/303/303 367/367/367
f 302/302/302 367/367/367 366/366/366
f 303/303/303 304/304/304 368/368/368
f 303/303/303 368/368/368 367/367/367
f 304/304/304 305/305/305 369/369/369
f 304/304/304 369/369/369 368/368/368
f 305/305/305 306/306/306 370/370/370
f 305/305/305 370/370/370 369/369/369
f 306/306/306 307/307/307 371/371/371
f 306/306/306 371/371/371 370/370/370
f 307/307/307 308/308/308 372/372/372
f 307/307/307 372/372/372 371/371/371
f 308/308/308 309/309/309 373/373/373
f 308/308/308 373/373/373 372/372/372
f 309/309/309 310/310/310 374/374/374
f 309/309/309 374/374/374 373/373/373
f 310/310/310 311/311/311 375/375/375
f 310/310/310 375/375/375 374/374/374
f 311/311/311 312/312/312 376/376/376
f 311/311/311 376/376/376 375/375/375
f 312/312/312 313/313/313 377/377/377
f 312/312/312 377/377/377 376/376/376
f 313/313/313 314/314/314 378/378/378
f 313/313/313 378/378/378 377/377/377
f 314/314/314 315/315/315 379/379/379
f 314/314/314 379/379/379 378/378/378
f 315/315/315 316/316/316 380/380/380
f 315/315/315 380/380/380 379/379/379
f 316/316/316 317/317/317 381/381/381
f 316/316/316 381/381/381 380/380/380
f 317/317/317 318/318/318 382/382/382
f 317/317/317 382/382/382 381/381/381
f 318/318/318 319/319/319 383/383/383
f 318/318/318 383/383/383 382/382/382
f 319/319/319 320/320/320 384/384/384
f 319/319/319 384/384/384 383/383/383
f 320/320/320 257/257/257 321/321/321
f 320/320/320 321/321/321 384/384/384
f 321/321/321 322/322/322 386/386/386
f 321/321/321 386/386/386 385/385/385
f 322/322/322 323/323/323 387/387/387
f 322/322/322 387/387/387 386/386/386
f 323/323/323 324/324/324 388/388/388
f 323/323/323 388/388/388 387/387/387
f 324/324/324 325/325/325 389/389/389
f 324/324/324 389/389/389 388/388/388
f 325/325/325 326/326/326 390/390/390
f 325/325/325 390/390/390 389/389/389
f 326/326/326 327/327/327 391/391/391
f 326/326/326 391/391/391 390/390/390
f 327/327/327 328/328/328 392/392/392
f 327/327/327 392/392/392 391/391/391
f 328/328/328 329/329/329 393/393/393
f 328/328/328 393/393/393 392/392/392
f 329/329/329 330/330/330 394/394/394
f 329/329/329 394/394/394 393/393/393
f 330/330/330 331/331/331 395/395/395
f 330/330/330 395/395/395 394/394/394
f 331/331/331 332/332/332 396/396/396
f 331/331/331 396/396/396 395/395/395
f 332/332/332 333/333/333 397/397/397
f 332/332/332 397/397/397 396/396/396
f 333/333/333 334/334/334 398/398/398
f 333/333/333 398/398/398 397/397/397
f 334/334/334 335/335/335 399/399/399
f 334/334/334 399/399/399 398/398/398
f 335/335/335 336/336/336 400/400/400
f 335/335/335 400/400/400 399/399/399
f 336/336/336 337/337/337 401/401/401
f 336/336/336 401/401/401 400/400/400
f 337/337/337 338/338/338 402/402/402
f 337/337/337 402/402/402 401/401/401
f 338/338/338 339/339/339 403/403/403
f 338/338/338 403/403/403 402/402/402
f 339/339/339 340/340/340 404/404/404
f 339/339/339 404/404/404 403/403/403
f 340/340/340 341/341/341 405/405/405
f 340/340/340 405/405/405 404/404/404
f 341/341/341 342/342/342 406/406/406
f 341/341/341 406/406/406 405/405/405
f 342/342/342 343/343/343 407/407/407
f 342/342/342 407/407/407 406/406/406
f 343/343/343 344/344/344 408/408/408
f 343/343/343 408/408/408 407/407/407
f 344/344/344 345/345/345 409/409/409
f 344/344/344 409/409/409 408/408/408
f 345/345/345 346/346/346 410/410/410
f 345/345/345 410/410/410 409/409/409
f 346/346/346 347/347/347 411/411/411
f 346/346/346 411/411/411 410/410/410
f 347/347/347 348/348/348 412/412/412
f 347/347/347 412/412/412 411/411/411
f 348/348/348 349/349/349 413/413/413
f 348/348/348 413/413/413 412/412/412
f 349/349/349 350/350/350 414/414/414
f 349/349/349 414/414/414 413/413/413
f 350/350/350 351/351/351 415/415/415
f 350/350/350 415/415/415 414/414/414
f 351/351/351 352/352/352 416/416/416
f 351/351/351 416/416/416 415/415/415
f 352/352/352 353/353/353 417/417/417
f 352/352/352 417/417/417 416/416/416
f 353/353/353 354/354/354 418/418/418
f 353/353/353 418/418/418 417/417/417
f 354/354/354 355/355/355 419/419/419
f 354/354/354 419/419/419 418/418/418
f 355/355/355 356/356/356 420/420/420
f 355/355/355 420/420/420 419/419/419
f 356/356/356 357/357/357 421/421/421
f 356/356/356 421/421/421 420/420/420
f 357/357/357 358/358/358 422/422/422
f 357/357/357 422/422/422 421/421/421
f 358/358/358 359/359/359 423/423/423
f 358/358/358 423/423/423 422/422/422
f 359/359/359 360/360/360 424/424/424
f 359/359/359 424/424/424 423/423/423
f 360/360/360 361/361/361 425/425/425
f 360/360/360 425/425/425 424/424/424
f 361/361/361 362/362/362 426/426/426
f 361/361/361 426/426/426 425/425/425
f 362/362/362 363/363/363 427/427/427
f 362/362/362 427/427/427 426/426/426
f 363/363/363 364/364/364 428/428/428
f 363/363/363 428/428/428 427/427/427
f 364/364/364 365/365/365 429/429/429
f 364/364/364 429/429/429 428/428/428
f 365/365/365 366/366/366 430/430/430
f 365/365/365 430/430/430 429/429/429
f 366/366/366 367/367/367 431/431/431
f 366/366/366 431/431/431 430/430/430
f 367/367/367 368/368/368 432/432/432
f 367/367/367 432/432/432 431/431/431
f 368/368/368 369/369/369 433/433/433
f 368/368/368 433/433/433 432/432/432
f 369/369/369 370/370/370 434/434/434
f 369/369/369 434/434/434 433/433/433
f 370/370/370 371/371/371 435/435/435
f 370/370/370 435/435/435 434/434/434
f 371/371/371 372/372/372 436/436/436
f 371/371/371 436/436/436 435/435/435
f 372/372/372 373/373/373 437/437/437
f 372/372/372 437/437/437 436/436/436
f 373/373/373 374/374/374 438/438/438
f 373/373/373 438/438/438 437/437/437
f 374/374/374 375/375/375 439/439/439
f 374/374/374 439/439/439 438/438/438
f 375/375/375 376/376/376 440/440/440
f 375/375/375 440/440/440 439/439/439
f 376/376/376 377/377/377 441/441/441
f 376/376/376 441/441/441 440/440/440
f 377/377/377 378/378/378 442/442/442
f 377/377/377 442/442/442 441/441/441
f 378/378/378 379/379/379 443/443/443
f 378/378/378 443/443/443 442/442/442
f 379/379/379 380/380/380 444/444/444
f 379/379/379 444/444/444 443/443/443
f 380/380/380 381/381/381 445/445/445
f 380/380/380 445/445/445 444/444/444
f 381/381/381 382/382/382 446/446/446
f 381/381/381 446/446/446 445/445/445
f 382/382/382 383/383/383 447/447/447
f 382/382/382 447/447/447 446/446/446
f 383/383/383 384/384/384 448/448/448
f 383/383/383 448/448/448 447/447/447
f 384/384/384 321/321/321 385/385/385
f 384/384/384 385/385/385 448/448/448
f 385/385/385 386/386/386 450/450/450
f 385/385/385 450/450/450 449/449/449
f 386/386/386 387/387/387 451/451/451
f 386/386/386 451/451/451 450/450/450
f 387/387/387 388/388/388 452/452/452
f 387/387/387 452/452/452 451/451/451
f 388/388/388 389/389/389 453/453/453
f 388/388/388 453/453/453 452/452/452
f 389/389/389 390/390/390 454/454/454
f 389/389/389 454/454/454 453/453/453
f 390/390/390 391/391/391 455/455/455
f 390/390/390 455/455/455 454/454/454
f 391/391/391 392/392/392 456/456/456
f 391/391/391 456/456/456 455/455/455
f 392/392/392 393/393/393 457/457/457
f 392/392/392 457/457/457 456/456/456
f 393/393/393 394/394/394 458/458/458
f 393/393/393 458/458/458 457/457/457
f 394/394/394 395/395/395 459/459/459
f 394/394/394 459/459/459 458/458/458
f 395/395/395 396/396/396 460/460/460
f 395/395/395 460/460/460 459/459/459
f 396/396/396 397/397/397 461/461/461
f 396/396/396 461/461/461 460/460/460
f 397/397/397 398/398/398 462/462/462
f 397/397/397 462/462/462 461/461/461
f 398/398/398 399/399/399 463/463/463
f 398/398/398 463/463/463 462/462/462
f 399/399/399 400/400/400 464/464/464
f 399/399/399 464/464/464 463/463/463
f 400/400/400 401/401/401 465/465/465
f 400/400/400 465/465/465 464/464/464
f 401/401/401 402/402/402 466/466/466
f 401/401/401 466/466/466 465/465/465
f 402/402/402 403/403/403 467/467/467
f 402/402/402 467/467/467 466/466/466
f 403/403/403 404/404/404 468/468/468
f 403/403/403 468/468/468 467/467/467
f 404/404/404 405/405/405 469/469/469
f 404/404/404 469/469/469 468/468/468
f 405/405/405 406/406/406 470/470/470
f 405/405/405 470/470/470 469/469/469
f 406/406/406 407/407/407 471/471/471
f 406/406/406 471/471/471 470/470/470
f 407/407/407 408/408/408 472/472/472
f 407/407/407 472/472/472 471/471/471
f 408/408/408 409/409/409 473/473/473
f 408/408/408 473/473/473 472/472/472
f 409/409/409 410/410/410 474/474/474
f 409/409/409 474/474/474 473/473/473
f 410/410/410 411/411/411 475/475/475
f 410/410/410 475/475/475 474/474/474
f 411/411/411 412/412/412 476/476/476
f 411/411/411 476/476/476 475/475/475
f 412/412/412 413/413/413 477/477/477
f 412/412/412 477/477/477 476/476/476
f 413/413/413 414/414/414 478/478/478
f 413/413/413 478/478/478 477/477/477
f 414/414/414 415/415/415 479/479/479
f 414/414/414 479/479/479 478/478/478
f 415/415/415 416/416/416 480/480/480
f 415/415/415 480/480/480 479/479/479
f 416/416/416 417/417/417 481/481/481
f 416/416/416 481/481/481 480/480/480
f 417/417/417 418/418/418 482/482/482
f 417/417/417 482/482/482 481/481/481
f 418/418/418 419/419/419 483/483/483
f 418/418/418 483/483/483 482/482/482
f 419/419/419 420/420/420 484/484/484
f 419/419/419 484/484/484 483/483/483
f 420/420/420 421/421/421 485/485/485
f 420/420/420 485/485/485 484/484/484
f 421/421/421 422/422/422 486/486/486
f 421/421/421 486/486/486 485/485/485
f 422/422/422 423/423/423 487/487/487
f 422/422/422 487/487/487 486/486/486
f 423/423/423 424/424/424 488/488/488
f 423/423/423 488/488/488 487/487/487
f 424/424/424 425/425/425 489/489/489
f 424/424/424 489/489/489 488/488/488
f 425/425/425 426/426/426 490/490/490
f 425/425/425 490/490/490 489/489/489
f 426/426/426 427/427/427 491/491/491
f 426/426/426 491/491/491 490/490/490
f 427/427/427 428/428/428 492/492/492
f 427/427/427 492/492/492 491/491/491
f 428/428/428 429/429/429 493/493/493
f 428/428/428 493/493/493 492/492/492
f 429/429/429 430/430/430 494/494/494
f 429/429/429 494/494/494 493/493/493
f 430/430/430 431/431/431 495/495/495
f 430/430/430 495/495/495 494/494/494
f 431/431/431 432/432/432 496/496/496
f 431/431/431 496/496/496 495/495/495
f 432/432/432 433/433/433 497/497/497
f 432/432/432 497/497/497 496/496/496
f 433/433/433 434/434/434 498/498/498
f 433/433/433 498/498/498 497/497/497
f 434/434/434 435/435/435 499/499/499
f 434/434/434 499/499/499 498/498/498
f 435/435/435 436/436/436 500/500/500
f 435/435/435 500/500/500 499/499/499
f 436/436/436 437/437/437 501/501/501
f 436/436/436 501/501/501 500/500/500
f 437/437/437 438/438/438 502/502/502
f 437/437/437 502/502/502 501/501/501
f 438/438/438 439/439/439 503/503/503
f 438/438/438 503/503/503 502/502/502
f 439/439/439 440/440/440 504/504/504
f 439/439/439 504/504/504 503/503/503
f 440/440/440 441/441/441 505/505/505
f 440/440/440 505/505/505 504/504/504
f 441/441/441 442/442/442 506/506/506
f 441/441/441 506/506/506 505/505/505
f 442/442/442 443/443/443 507/507/507
f 442/442/442 507/507/507 506/506/506
f 443/443/443 444/444/444 508/508/508
f 443/443/443 508/508/508 507/507/507
f 444/444/444 445/445/445 509/509/509
f 444/444/444 509/509/509 508/508/508
f 445/445/445 446/446/446 510/510/510
f 445/445/445 510/510/510 509/509/509
f 446/446/446 447/447/447 511/511/511
f 446/446/446 511/511/511 510/510/510
f 447/447/447 448/448/448 512/512/512
f 447/447/447 512/512/512 511/511/511
f 448/448/448 385/385/385 449/449/449
f 448/448/448 449/449/449 512/512/512
f 449/449/449 450/450/450 514/514/514
f 449/449/449 514/514/514 513/513/513
f 450/450/450 451/451/451 515/515/515
f 450/450/450 515/515/515 514/514/514
f 451/451/451 452/452/452 516/516/516
f 451/451/451 516/516/516 515/515/515
f 452/452/452 453/453/453 517/517/517
f 452/452/452 517/517/517 516/516/516
f 453/453/453 454/454/454 518/518/518
f 453/453/453 518/518/518 517/517/517
f 454/454/454 455/455/455 519/519/519
f 454/454/454 519/519/519 518/518/518
f 455/455/455 456/456/456 520/520/520
f 455/455/455 520/520/520 519/519/519
f 456/456/456 457/457/457 521/521/521
f 456/456/456 521/521/521 520/520/520
f 457/457/457 458/458/458 522/522/522
f 457/457/457 522/522/522 521/521/521
f 458/458/458 459/459/459 523/523/523
f 458/458/458 523/523/523 522/522/522
f 459/459/459 460/460/460 524/524/524
f 459/459/459 524/524/524 523/523/523
f 460/460/460 461/461/461 525/525/525
f 460/460/460 525/525/525 524/524/524
f 461/461/461 462/462/462 526/526/526
f 461/461/461 526/526/526 525/525/525
f 462/462/462 463/463/463 527/527/527
f 462/462/462 527/527/527 526/526/526
f 463/463/463 464/464/464 528/528/528
f 463/463/463 528/528/528 527/527/527
f 464/464/464 465/465/465 529/529/529
f 464/464/464 529/529/529 528/528/528
f 465/465/465 466/466/466 530/530/530
f 465/465/465 530/530/530 529/529/529
f 466/466/466 467/467/467 531/531/531
f 466/466/466 531/531/531 530/530/530
f 467/467/467 468/468/468 532/532/532
f 467/467/467 532/532/532 531/531/531
f 468/468/468 469/469/469 533/533/533
f 468/468/468 533/533/533 532/532/532
f 469/469/469 470/470/470 534/534/534
f 469/469/469 534/534/534 533/533/533
f 470/470/470 471/471/471 535/535/535
f 470/470/470 535/535/535 534/534/534
f 471/471/471 472/472/472 536/536/536
f 471/471/471 536/536/536 535/535/535
f 472/472/472 473/473/473 537/537/537
f 472/472/472 537/537/537 536/536/536
f 473/473/473 474/474/474 538/538/538
f 473/473/473 538/538/538 537/537/537
f 474/474/474 475/475/475 539/539/539
f 474/474/474 539/539/539 538/538/538
f 475/475/475 476/476/476 540/540/540
f 475/475/475 540/540/540 539/539/539
f 476/476/476 477/477/477 541/541/541
f 476/476/476 541/541/541 540/540/540
f 477/477/477 478/478/478 542/542/542
f 477/477/477 542/542/542 541/541/541
f 478/478/478 479/479/479 543/543/543
f 478/478/478 543/543/543 542/542/542
f 479/479/479 480/480/480 544/544/544
f 479/479/479 544/544/544 543/543/543
f 480/480/480 481/481/481 545/545/545
f 480/480/480 545/545/545 544/544/544
f 481/481/481 482/482/482 546/546/546
f 481/481/481 546/546/546 545/545/545
f 482/482/482 483/483/483 547/547/547
f 482/482/482 547/547/547 546/546/546
f 483/483/483 484/484/484 548/548/548
f 483/483/483 548/548/548 547/547/547
f 484/484/484 485/485/485 549/549/549
f 484/484/484 549/549/549 548/548/548
f 485/485/485 486/486/486 550/550/550
f 485/485/485 550/550/550 549/549/549
f 486/486/486 487/487/487 551/551/551
f 486/486/486 551/551/551 550/550/550
f 487/487/487 488/488/488 552/552/552
f 487/487/487 552/552/552 551/551/551
f 488/488/488 489/489/489 553/553/553
f 488/488/488 553/553/553 552/552/552
f 489/489/489 490/490/490 554/554/554
f 489/489/489 554/554/554 553/553/553
f 490/490/490 491/491/491 555/555/555
f 490/490/490 555/555/555 554/554/554
f 491/491/491 492/492/492 556/556/556
f 491/491/491 556/556/556 555/555/555
f 492/492/492 493/493/493 557/557/557
f 492/492/492 557/557/557 556/556/556
f 493/493/493 494/494/494 558/558/558
f 493/493/493 558/558/558 557/557/557
f 494/494/494 495/495/495 559/559/559
f 494/494/494 559/559/559 558/558/558
f 495/495/495 496/496/496 560/560/560
f 495/495/495 560/560/560 559/559/559
f 496/496/496 497/497/497 561/561/561
f 496/496/496 561/561/561 560/560/560
f 497/497/497 498/498/498 562/562/562
f 497/497/497 562/562/562 561/561/561
f 498/498/498 499/499/499 563/563/563
f 498/498/498 563/563/563 562/562/562
f 499/499/499 500/500/500 564/564/564
f 499/499/499 564/564/564 563/563/563
f 500/500/500 501/501/501 565/565/565
f 500/500/500 565/565/565 564/564/564
f 501/501/501 502/502/502 566/566/566
f 501/501/501 566/566/566 565/565/565
f 502/502/502 503/503/503 567/567/567
f 502/502/502 567/567/567 566/566/566
f 503/503/503 504/504/504 568/568/568
f 503/503/503 568/568/568 567/567/567
f 504/504/504 505/505/505 569/569/569
f 504/504/504 569/569/569 568/568/568
f 505/505/505 506/506/506 570/570/570
f 505/505/505 570/570/570 569/569/569
f 506/506/506 507/507/507 571/571/571
f 506/506/506 571/571/571 570/570/570
f 507/507/507 508/508/508 572/572/572
f 507/507/507 572/572/572 571/571/571
f 508/508/508 509/509/509 573/573/573
f 508/508/508 573/573/573 572/572/572
f 509/509/509 510/510/510 574/574/574
f 509/509/509 574/574/574 573/573/573
f 510/510/510 511/511/511 575/575/575
f 510/510/510 575/575/575 574/574/574
f 511/511/511 512/512/512 576/576/576
f 511/511/511 576/576/576 575/575/575
f 512/512/512 449/449/449 513/513/513
f 512/512/512 513/513/513 576/576/576
f 513/513/513 514/514/514 578/578/578
f 513/513/513 578/578/578 577/577/577
f 514/514/514 515/515/515 579/579/579
f 514/514/514 579/579/579 578/578/578
f 515/515/515 516/516/516 580/580/580
f 515/515/515 580/580/580 579/579/579
f 516/516/516 517/517/517 581/581/581
f 516/516/516 581/581/581 580/580/580
f 517/517/517 518/518/518 582/582/582
f 517/517/517 582/582/582 581/581/581
f 518/518/518 519/519/519 583/583/583
f 518/518/518 583/583/583 582/582/582
f 519/519/519 520/520/520 584/584/584
f 519/519/519 584/584/584 583/583/583
f 520/520/520 521/521/521 585/585/585
f 520/520/520 585/585/585 584/584/584
f 521/521/521 522/522/522 586/586/586
f 521/521/521 586/586/586 585/585/585
f 522/522/522 523/523/523 587/587/587
f 522/522/522 587/587/587 586/586/586
f 523/523/523 524/524/524 588/588/588
f 523/523/523 588/588/588 587/587/587
f 524/524/524 525/525/525 589/589/589
f 524/524/524 589/589/589 588/588/588
f 525/525/525 526/526/526 590/590/590
f 525/525/525 590/590/590 589/589/589
f 526/526/526 527/527/527 591/591/591
f 526/526/526 591/591/591 590/590/590
f 527/527/527 528/528/528 592/592/592
f 527/527/527 592/592/592 591/591/591
f 528/528/528 529/529/529 593/593/593
f 528/528/528 593/593/593 592/592/592
f 529/529/529 530/530/530 594/594/594
f 529/529/529 594/594/594 593/593/593
f 530/530/530 531/531/531 595/595/595
f 530/530/530 595/595/595 594/594/594
f 531/531/531 532/532/532 596/596/596
f 531/531/531 596/596/596 595/595/595
f 532/532/532 533/533/533 597/597/597
f 532/532/532 597/597/597 596/596/596
f 533/533/533 534/534/534 598/598/598
f 533/533/533 598/598/598 597/597/597
f 534/534/534 535/535/535 599/599/599
f 534/534/534 599/599/599 598/598/598
f 535/535/535 536/536/536 600/600/600
f 535/535/535 600/600/600 599/599/599
f 536/536/536 537/537/537 601/601/601
f 536/536/536 601/601/601 600/600/600
f 537/537/537 538/538/538 602/602/602
f 537/537/537 602/602/602 601/601/601
f 538/538/538 539/539/539 603/603/603
f 538/538/538 603/603/603 602/602/602
f 539/539/539 540/540/540 604/604/604
f 539/539/539 604/604/604 603/603/603
f 540/540/540 541/541/541 605/605/605
f 540/540/540 605/605/605 604/604/604
f 541/541/541 542/542/542 606/606/606
f 541/541/541 606/606/606 605/605/605
f 542/542/542 543/543/543 607/607/607
f 542/542/542 607/607/607 606/606/606
f 543/543/543 544/544/544 608/608/608
f 543/543/543 608/608/608 607/607/607
f 544/544/544 545/545/545 609/609/609
f 544/544/544 609/609/609 608/608/608
f 545/545/545 546/546/546 610/610/610
f 545/545/545 610/610/610 609/609/609
f 546/546/546 547/547/547 611/611/611
f 546/546/546 611/611/611 610/610/610
f 547/547/547 548/548/548 612/612/612
f 547/547/547 612/612/612 611/611/611
f 548/548/548 549/549/549 613/613/613
f 548/548/548 613/613/613 612/612/612
f 549/549/549 550/550/550 614/614/614
f 549/549/549 614/614/614 613/613/613
f 550/550/550 551/551/551 615/615/615
f 550/550/550 615/615/615 614/614/614
f 551/551/551 552/552/552 616/616/616
f 551/551/551 616/616/616 615/615/615
f 552/552/552 553/553/553 617/617/617
f 552/552/552 617/617/617 616/616/616
f 553/553/553 554/554/554 618/618/618
f 553/553/553 618/618/618 617/617/617
f 554/554/554 555/555/555 619/619/619
f 554/554/554 619/619/619 618/618/618
f 555/555/555 556/556/556 620/620/620
f 555/555/555 620/620/620 619/619/619
f 556/556/556 557/557/557 621/621/621
f 556/556/556 621/621/621 620/620/620
f 557/557/557 558/558/558 622/622/622
f 557/557/557 622/622/622 621/621/621
f 558/558/558 559/559/559 623/623/623
f 558/558/558 623/623/623 622/622/622
f 559/559/559 560/560/560 624/624/624
f 559/559/559 624/624/624 623/623/623
f 560/560/560 561/561/561 625/625/625
f 560/560/560 625/625/625 624/624/624
f 561/561/561 562/562/562 626/626/626
f 561/561/561 626/626/626 625/625/625
f 562/562/562 563/563/563 627/627/627
f 562/562/562 627/627/627 626/626/626
f 563/563/563 564/564/564 628/628/628
f 563/563/563 628/628/628 627/627/627
f 564/564/564 565/565/565 629/629/629
f 564/564/564 629/629/629 628/628/628
f 565/565/565 566/566/566 630/630/630
f 565/565/565 630/630/630 629/629/629
f 566/566/566 567/567/567 631/631/631
f 566/566/566 631/631/631 630/630/630
f 567/567/567 568/568/568 632/632/632
f 567/567/567 632/632/632 631/631/631
f 568/568/568 569/569/569 633/633/633
f 568/568/568 633/633/633 632/632/632
f 569/569/569 570/570/570 634/634/634
f 569/569/569 634/634/634 633/633/633
f 570/570/570 571/571/571 635/635/635
f 570/570/570 635/635/635 634/634/634
f 571/571/571 572/572/572 636/636/636
f 571/571/571 636/636/636 635/635/635
f 572/572/572 573/573/573 637/637/637
f 572/572/572 637/637/637 636/636/636
f 573/573/573 574/574/574 638/638/638
f 573/573/573 638/638/638 637/637/637
f 574/574/574 575/575/575 639/639/639
f 574/574/574 639/639/639 638/638/638
f 575/575/575 576/576/576 640/640/640
f 575/575/575 640/640/640 639/639/639
f 576/576/576 513/513/513 577/577/577
f 576/576/576 577/577/577 640/640/640
f 577/577/577 578/578/578 642/642/642
f 577/577/577 642/642/642 641/641/641
f 578/578/578 579/579/579 643/643/643
f 578/578/578 643/643/643 642/642/642
f 579/579/579 580/580/580 644/644/644
f 579/579/579 644/644/644 643/643/643
f 580/580/580 581/581/581 645/645/645
f 580/580/580 645/645/645 644/644/644
f 581/581/581 582/582/582 646/646/646
f 581/581/581 646/646/646 645/645/645
f 582/582/582 583/583/583 647/647/647
f 582/582/582 647/647/647 646/646/646
f 583/583/583 584/584/584 648/648/648
f 583/583/583 648/648/648 647/647/647
f 584/584/584 585/585/585 649/649/649
f 584/584/584 649/649/649 648/648/648
f 585/585/585 586/586/586 650/650/650
f 585/585/585 650/650/650 649/649/649
f 586/586/586 587/587/587 651/651/651
f 586/586/586 651/651/651 650/650/650
f 587/587/587 588/588/588 652/652/652
f 587/587/587 652/652/652 651/651/651
f 588/588/588 589/589/589 653/653/653
f 588/588/588 653/653/653 652/652/652
f 589/589/589 590/590/590 654/654/654
f 589/589/589 654/654/654 653/653/653
f 590/590/590 591/591/591 655/655/655
f 590/590/590 655/655/655 654/654/654
f 591/591/591 592/592/592 656/656/656
f 591/591/591 656/656/656 655/655/655
f 592/592/592 593/593/593 657/657/657
f 592/592/592 657/657/657 656/656/656
f 593/593/593 594/594/594 658/658/658
f 593/593/593 658/658/658 657/657/657
f 594/594/594 595/595/595 659/659/659
f 594/594/594 659/659/659 658/658/658
f 595/595/595 596/596/596 660/660/660
f 595/595/595 660/660/660 659/659/659
f 596/596/596 597/597/597 661/661/661
f 596/596/596 661/661/661 660/660/660
f 597/597/597 598/598/598 662/662/662
f 597/597/597 662/662/662 661/661/661
f 598/598/598 599/599/599 663/663/663
f 598/598/598 663/663/663 662/662/662
f 599/599/599 600/600/600 664/664/664
f 599/599/599 664/664/664 663/663/663
f 600/600/600 601/601/601 665/665/665
f 600/600/600 665/665/665 664/664/664
f 601/601/601 602/602/602 666/666/666
f 601/601/601 666/666/666 665/665/665
f 602/602/602 603/603/603 667/667/667
f 602/602/602 667/667/667 666/666/666
f 603/603/603 604/604/604 668/668/668
f 603/603/603 668/668/668 667/667/667
f 604/604/604 605/605/605 669/669/669
f 604/604/604 669/669/669 668/668/668
f 605/605/605 606/606/606 670/670/670
f 605/605/605 670/670/670 669/669/669
f 606/606/606 607/607/607 671/671/671
f 606/606/606 671/671/671 670/670/670
f 607/607/607 608/608/608 672/672/672
f 607/607/607 672/672/672 671/671/671
f 608/608/608 609/609/609 673/673/673
f 608/608/608 673/673/673 672/672/672
f 609/609/609 610/610/610 674/674/674
f 609/609/609 674/674/674 673/673/673
f 610/610/610 611/611/611 675/675/675
f 610/610/610 675/675/675 674/674/674
f 611/611/611 612/612/612 676/676/676
f 611/611/611 676/676/676 675/675/675
f 612/612/612 613/613/613 677/677/677
f 612/612/612 677/677/677 676/676/676
f 613/613/613 614/614/614 678/678/678
f 613/613/613 678/678/678 677/677/677
f 614/614/614 615/615/615 679/679/679
f 614/614/614 679/679/679 678/678/678
f 615/615/615 616/616/616 680/680/680
f 615/615/615 680/680/680 679/679/679
f 616/616/616 617/617/617 681/681/681
f 616/616/616 681/681/681 680/680/680
f 617/617/617 618/618/618 682/682/682
f 617/617/617 682/682/682 681/681/681
f 618/618/618 619/619/619 683/683/683
f 618/618/618 683/683/683 682/682/682
f 619/619/619 620/620/620 684/684/684
f 619/619/619 684/684/684 683/683/683
f 620/620/620 621/621/621 685/685/685
f 620/620/620 685/685/685 684/684/684
f 621/621/621 622/622/622 686/686/686
f 621/621/621 686/686/686 685/685/685
f 622/622/622 623/623/623 687/687/687
f 622/622/622 687/687/687 686/686/686
f 623/623/623 624/624/624 688/688/688
f 623/623/623 688/688/688 687/687/687
f 624/624/624 625/625/625 689/689/689
f 624/624/624 689/689/689 688/688/688
f 625/625/625 626/626/626 690/690/690
f 625/625/625 690/690/690 689/689/689
f 626/626/626 627/627/627 691/691/691
f 626/626/626 691/691/691 690/690/690
f 627/627/627 628/628/628 692/692/692
f 627/627/627 692/692/692 691/691/691
f 628/628/628 629/629/629 693/693/693
f 628/628/628 693/693/693 692/692/692
f 629/629/629 630/630/630 694/694/694
f 629/629/629 694/694/694 693/693/693
f 630/630/630 631/631/631 695/695/695
f 630/630/630 695/695/695 694/694/694
f 631/631/631 632/632/632 696/696/696
f 631/631/631 696/696/696 695/695/695
f 632/632/632 633/633/633 697/697/697
f 632/632/632 697/697/697 696/696/696
f 633/633/633 634/634/634 698/698/698
f 633/633/633 698/698/698 697/697/697
f 634/634/634 635/635/635 699/699/699
f 634/634/634 699/699/699 698/698/698
f 635/635/635 636/636/636 700/700/700
f 635/635/635 700/700/700 699/699/699
f 636/636/636 637/637/637 701/701/701
f 636/636/636 701/701/701 700/700/700
f 637/637/637 638/638/638 702/702/702
f 637/637/637 702/702/702 701/701/701
f 638/638/638 639/639/639 703/703/703
f 638/638/638 703/703/703 702/702/702
f 639/639/639 640/640/640 704/704/704
f 639/639/639 704/704/704 703/703/703
f 640/640/640 577/577/577 641/641/641
f 640/640/640 641/641/641 704/704/704
f 641/641/641 642/642/642 706/706/706
f 641/641/641 706/706/706 705/705/705
f 642/642/642 643/643/643 707/707/707
f 642/642/642 707/707/707 706/706/706
f 643/643/643 644/644/644 708/708/708
f 643/643/643 708/708/708 707/707/707
f 644/644/644 645/645/645 709/709/709
f 644/644/644 709/709/709 708/708/708
f 645/645/645 646/646/646 710/710/710
f 645/645/645 710/710/710 709/709/709
f 646/646/646 647/647/647 711/711/711
f 646/646/646 711/711/711 710/710/710
f 647/647/647 648/648/648 712/712/712
f 647/647/647 712/712/712 711/711/711
f 648/648/648 649/649/649 713/713/713
f 648/648/648 713/713/713 712/712/712
f 649/649/649 650/650/650 714/714/714
f 649/649/649 714/714/714 713/713/713
f 650/650/650 651/651/651 715/715/715
f 650/650/650 715/715/715 714/714/714
f 651/651/651 652/652/652 716/716/716
f 651/651/651 716/716/716 715/715/715
f 652/652/652 653/653/653 717/717/717
f 652/652/652 717/717/717 716/716/716
f 653/653/653 654/654/654 718/718/718
f 653/653/653 718/718/718 717/717/717
f 654/654/654 655/655/655 719/719/719
f 654/654/654 719/719/719 718/718/718
f 655/655/655 656/656/656 720/720/720
f 655/655/655 720/720/720 719/719/719
f 656/656/656 657/657/657 721/721/721
f 656/656/656 721/721/721 720/720/720
f 657/657/657 658/658/658 722/722/722
f 657/657/657 722/722/722 721/721/721
f 658/658/658 659/659/659 723/723/723
f 658/658/658 723/723/723 722/722/722
f 659/659/659 660/660/660 724/724/724
f 659/659/659 724/724/724 723/723/723
f 660/660/660 661/661/661 725/725/725
f 660/660/660 725/725/725 724/724/724
f 661/661/661 662/662/662 726/726/726
f 661/661/661 726/726/726 725/725/725
f 662/662/662 663/663/663 727/727/727
f 662/662/662 727/727/727 726/726/726
f 663/663/663 664/664/664 728/728/728
f 663/663/663 728/728/728 727/727/727
f 664/664/664 665/665/665 729/729/729
f 664/664/664 729/729/729 728/728/728
f 665/665/665 666/666/666 730/730/730
f 665/665/665 730/730/730 729/729/729
f 666/666/666 667/667/667 731/731/731
f 666/666/666 731/731/731 730/730/730
f 667/667/667 668/668/668 732/732/732
f 667/667/667 732/732/732 731/731/731
f 668/668/668 669/669/669 733/733/733
f 668/668/668 733/733/733 732/732/732
f 669/669/669 670/670/670 734/734/734
f 669/669/669 734/734/734 733/733/733
f 670/670/670 671/671/671 735/735/735
f 670/670/670 735/735/735 734/734/734
f 671/671/671 672/672/672 736/736/736
f 671/671/671 736/736/736 735/735/735
f 672/672/672 673/673/673 737/737/737
f 672/672/672 737/737/737 736/736/736
f 673/673/673 674/674/674 738/738/738
f 673/673/673 738/738/738 737/737/737
f 674/674/674 675/675/675 739/739/739
f 674/674/674 739/739/739 738/738/738
f 675/675/675 676/676/676 740/740/740
f 675/675/675 740/740/740 739/739/739
f 676/676/676 677/677/677 741/741/741
f 676/676/676 741/741/741 740/740/740
f 677/677/677 678/678/678 742/742/742
f 677/677/677 742/742/742 741/741/741
f 678/678/678 679/679/679 743/743/743
f 678/678/678 743/743/743 742/742/742
f 679/679/679 680/680/680 744/744/744
f 679/679/679 744/744/744 743/743/743
f 680/680/680 681/681/681 745/745/745
f 680/680/680 745/745/745 744/744/744
f 681/681/681 682/682/682 746/746/746
f 681/681/681 746/746/746 745/745/745
f 682/682/682 683/683/683 747/747/747
f 682/682/682 747/747/747 746/746/746
f 683/683/683 684/684/684 748/748/748
f 683/683/683 748/748/748 747/747/747
f 684/684/684 685/685/685 749/749/749
f 684/684/684 749/749/749 748/748/748
f 685/685/685 686/686/686 750/750/750
f 685/685/685 750/750/750 749/749/749
f 686/686/686 687/687/687 751/751/751
f 686/686/686 751/751/751 750/750/750
f 687/687/687 688/688/688 752/752/752
f 687/687/687 752/752/752 751/751/751
f 688/688/688 689/689/689 753/753/753
f 688/688/688 753/753/753 752/752/752
f 689/689/689 690/690/690 754/754/754
f 689/689/689 754/754/754 753/753/753
f 690/690/690 691/691/691 755/755/755
f 690/690/690 755/755/755 754/754/754
f 691/691/691 692/692/692 756/756/756
f 691/691/691 756/756/756 755/755/755
f 692/692/692 693/693/693 757/757/757
f 692/692/692 757/757/757 756/756/756
f 693/693/693 694/694/694 758/758/758
f 693/693/693 758/758/758 757/757/757
f 694/694/694 695/695/695 759/759/759
f 694/694/694 759/759/759 758/758/758
f 695/695/695 696/696/696 760/760/760
f 695/695/695 760/760/760 759/759/759
f 696/696/696 697/697/697 761/761/761
f 696/696/696 761/761/761 760/760/760
f 697/697/697 698/698/698 762/762/762
f 697/697/697 762/762/762 761/761/761
f 698/698/698 699/699/699 763/763/763
f 698/698/698 763/763/763 762/762/762
f 699/699/699 700/700/700 764/764/764
f 699/699/699 764/764/764 763/763/763
f 700/700/700 701/701/701 765/765/765
f 700/700/700 765/765/765 764/764/764
f 701/701/701 702/702/702 766/766/766
f 701/701/701 766/766/766 765/765/765
f 702/702/702 703/703/703 767/767/767
f 702/702/702 767/767/767 766/766/766
f 703/703/703 704/704/704 768/768/768
f 703/703/703 768/768/768 767/767/767
f 704/704/704 641/641/641 705/705/705
f 704/704/704 705/705/705 768/768/768
f 705/705/705 706/706/706 770/770/770
f 705/705/705 770/770/770 769/769/769
f 706/706/706 707/707/707 771/771/771
f 706/706/706 771/771/771 770/770/770
f 707/707/707 708/708/708 772/772/772
f 707/707/707 772/772/772 771/771/771
f 708/708/708 709/709/709 773/773/773
f 708/708/708 773/773/773 772/772/772
f 709/709/709 710/710/710 774/774/774
f 709/709/709 774/774/774 773/773/773
f 710/710/710 711/711/711 775/775/775
f 710/710/710 775/775/775 774/774/774
f 711/711/711 712/712/712 776/776/776
f 711/711/711 776/776/776 775/775/775
f 712/712/712 713/713/713 777/777/777
f 712/712/712 777/777/777 776/776/776
f 713/713/713 714/714/714 778/778/778
f 713/713/713 778/778/778 777/777/777
f 714/714/714 715/715/715 779/779/779
f 714/714/714 779/779/779 778/778/778
f 715/715/715 716/716/716 780/780/780
f 715/715/715 780/780/780 779/779/779
f 716/716/716 717/717/717 781/781/781
f 716/716/716 781/781/781 780/780/780
f 717/717/717 718/718/718 782/782/782
f 717/717/717 782/782/782 781/781/781
f 718/718/718 719/719/719 783/783/783
f 718/718/718 783/783/783 782/782/782
f 719/719/719 720/720/720 784/784/784
f 719/719/719 784/784/784 783/783/783
f 720/720/720 721/721/721 785/785/785
f 720/720/720 785/785/785 784/784/784
f 721/721/721 722/722/722 786/786/786
f 721/721/721 786/786/786 785/785/785
f 722/722/722 723/723/723 787/787/787
f 722/722/722 787/787/787 786/786/786
f 723/723/723 724/724/724 788/788/788
f 723/723/723 788/788/788 787/787/787
f 724/724/724 725/725/725 789/789/789
f 724/724/724 789/789/789 788/788/788
f 725/725/725 726/726/726 790/790/790
f 725/725/725 790/790/790 789/789/789
f 726/726/726 727/727/727 791/791/791
f 726/726/726 791/791/791 790/790/790
f 727/727/727 728/728/728 792/792/792
f 727/727/727 792/792/792 791/791/791
f 728/728/728 729/729/729 793/793/793
f 728/728/728 793/793/793 792/792/792
f 729/729/729 730/730/730 794/794/794
f 729/729/729 794/794/794 793/793/793
f 730/730/730 731/731/731 795/795/795
f 730/730/730 795/795/795 794/794/794
f 731/731/731 732/732/732 796/796/796
f 731/731/731 796/796/796 795/795/795
f 732/732/732 733/733/733 797/797/797
f 732/732/732 797/797/797 796/796/796
f 733/733/733 734/734/734 798/798/798
f 733/733/733 798/798/798 797/797/797
f 734/734/734 735/735/735 799/799/799
f 734/734/734 799/799/799 798/798/798
f 735/735/735 736/736/736 800/800/800
f 735/735/735 800/800/800 799/799/799
f 736/736/736 737/737/737 801/801/801
f 736/736/736 801/801/801 800/800/800
f 737/737/737 738/738/738 802/802/802
f 737/737/737 802/802/802 801/801/801
f 738/738/738 739/739/739 803/803/803
f 738/738/738 803/803/803 802/802/802
f 739/739/739 740/740/740 804/804/804
f 739/739/739 804/804/804 803/803/803
f 740/740/740 741/741/741 805/805/805
f 740/740/740 805/805/805 804/804/804
f 741/741/741 742/742/742 806/806/806
f 741/741/741 806/806/806 805/805/805
f 742/742/742 743/743/743 807/807/807
f 742/742/742 807/807/807 806/806/806
f 743/743/743 744/744/744 808/808/808
f 743/743/743 808/808/808 807/807/807
f 744/744/744 745/745/745 809/809/809
f 744/744/744 809/809/809 808/808/808
f 745/745/745 746/746/746 810/810/810
f 745/745/745 810/810/810 809/809/809
f 746/746/746 747/747/747 811/811/811
f 746/746/746 811/811/811 810/810/810
f 747/747/747 748/748/748 812/812/812
f 747/747/747 812/812/812 811/811/811
f 748/748/748 749/749/749 813/813/813
f 748/748/748 813/813/813 812/812/812
f 749/749/749 750/750/750 814/814/814
f 749/749/749 814/814/814 813/813/813
f 750/750/750 751/751/751 815/815/815
f 750/750/750 815/815/815 814/814/814
f 751/751/751 752/752/752 816/816/816
f 751/751/751 816/816/816 815/815/815
f 752/752/752 753/753/753 817/817/817
f 752/752/752 817/817/817 816/816/816
f 753/753/753 754/754/754 818/818/818
f 753/753/753 818/818/818 817/817/817
f 754/754/754 755/755/755 819/819/819
f 754/754/754 819/819/819 818/818/818
f 755/755/755 756/756/756 820/820/820
f 755/755/755 820/820/820 819/819/819
f 756/756/756 757/757/757 821/821/821
f 756/756/756 821/821/821 820/820/820
f 757/757/757 758/758/758 822/822/822
f 757/757/757 822/822/822 821/821/821
f 758/758/758 759/759/759 823/823/823
f 758/758/758 823/823/823 822/822/822
f 759/759/759 760/760/760 824/824/824
f 759/759/759 824/824/824 823/823/823
f 760/760/760 761/761/761 825/825/825
f 760/760/760 825/825/825 824/824/824
f 761/761/761 762/762/762 826/826/826
f 761/761/761 826/826/826 825/825/825
f 762/762/762 763/763/763 827/827/827
f 762/762/762 827/827/827 826/826/826
f 763/763/763 764/764/764 828/828/828
f 763/763/763 828/828/828 827/827/827
f 764/764/764 765/765/765 829/829/829
f 764/764/764 829/829/829 828/828/828
f 765/765/765 766/766/766 830/830/830
f 765/765/765 830/830/830 829/829/829
f 766/766/766 767/767/767 831/831/831
f 766/766/766 831/831/831 830/830/830
f 767/767/767 768/768/768 832/832/832
f 767/767/767 832/832/832 831/831/831
f 768/768/768 705/705/705 769/769/769
f 768/768/768 769/769/769 832/832/832
f 769/769/769 770/770/770 834/834/834
f 769/769/769 834/834/834 833/833/833
f 770/770/770 771/771/771 835/835/835
f 770/770/770 835/835/835 834/834/834
f 771/771/771 772/772/772 836/836/836
f 771/771/771 836/836/836 835/835/835
f 772/772/772 773/773/773 837/837/837
f 772/772/772 837/837/837 836/836/836
f 773/773/773 774/774/774 838/838/838
f 773/773/773 838/838/838 837/837/837
f 774/774/774 775/775/775 839/839/839
f 774/774/774 839/839/839 838/838/838
f 775/775/775 776/776/776 840/840/840
f 775/775/775 840/840/840 839/839/839
f 776/776/776 777/777/777 841/841/841
f 776/776/776 841/841/841 840/840/840
f 777/777/777 778/778/778 842/842/842
f 777/777/777 842/842/842 841/841/841
f 778/778/778 779/779/779 843/843/843
f 778/778/778 843/843/843 842/842/842
f 779/779/779 780/780/780 844/844/844
f 779/779/779 844/844/844 843/843/843
f 780/780/780 781/781/781 845/845/845
f 780/780/780 845/845/845 844/844/844
f 781/781/781 782/782/782 846/846/846
f 781/781/781 846/846/846 845/845/845
f 782/782/782 783/783/783 847/847/847
f 782/782/782 847/847/847 846/846/846
f 783/783/783 784/784/784 848/848/848
f 783/783/783 848/848/848 847/847/847
f 784/784/784 785/785/785 849/849/849
f 784/784/784 849/849/849 848/848/848
f 785/785/785 786/786/786 850/850/850
f 785/785/785 850/850/850 849/849/849
f 786/786/786 787/787/787 851/851/851
f 786/786/786 851/851/851 850/850/850
f 787/787/787 788/788/788 852/852/852
f 787/787/787 852/852/852 851/851/851
f 788/788/788 789/789/789 853/853/853
f 788/788/788 853/853/853 852/852/852
f 789/789/789 790/790/790 854/854/854
f 789/789/789 854/854/854 853/853/853
f 790/790/790 791/791/791 855/855/855
f 790/790/790 855/855/855 854/854/854
f 791/791/791 792/792/792 856/856/856
f 791/791/791 856/856/856 855/855/855
f 792/792/792 793/793/793 857/857/857
f 792/792/792 857/857/857 856/856/856
f 793/793/793 794/794/794 858/858/858
f 793/793/793 858/858/858 857/857/857
f 794/794/794 795/795/795 859/859/859
f 794/794/794 859/859/859 858/858/858
f 795/795/795 796/796/796 860/860/860
f 795/795/795 860/860/860 859/859/859
f 796/796/796 797/797/797 861/861/861
f 796/796/796 861/861/861 860/860/860
f 797/797/797 798/798/798 862/862/862
f 797/797/797 862/862/862 861/861/861
f 798/798/798 799/799/799 863/863/863
f 798/798/798 863/863/863 862/862/862
f 799/799/799 800/800/800 864/864/864
f 799/799/799 864/864/864 863/863/863
f 800/800/800 801/801/801 865/865/865
f 800/800/800 865/865/865 864/864/864
f 801/801/801 802/802/802 866/866/866
f 801/801/801 866/866/866 865/865/865
f 802/802/802 803/803/803 867/867/867
f 802/802/802 867/867/867 866/866/866
f 803/803/803 804/804/804 868/868/868
f 803/803/803 868/868/868 867/867/867
f 804/804/804 805/805/805 869/869/869
f 804/804/804 869/869/869 868/868/868
f 805/805/805 806/806/806 870/870/870
f 805/805/805 870/870/870 869/869/869
f 806/806/806 807/807/807 871/871/871
f 806/806/806 871/871/871 870/870/870
f 807/807/807 808/808/808 872/872/872
f 807/807/807 872/872/872 871/871/871
f 808/808/808 809/809/809 873/873/873
f 808/808/808 873/873/873 872/872/872
f 809/809/809 810/810/810 874/874/874
f 809/809/809 874/874/874 873/873/873
f 810/810/810 811/811/811 875/875/875
f 810/810/810 875/875/875 874/874/874
f 811/811/811 812/812/812 876/876/876
f 811/811/811 876/876/876 875/875/875
f 812/812/812 813/813/813 877/877/877
f 812/812/812 877/877/877 876/876/876
f 813/813/813 814/814/814 878/878/878
f 813/813/813 878/878/878 877/877/877
f 814/814/814 815/815/815 879/879/879
f 814/814/814 879/879/879 878/878/878
f 815/815/815 816/816/816 880/880/880
f 815/815/815 880/880/880 879/879/879
f 816/816/816 817/817/817 881/881/881
f 816/816/816 881/881/881 880/880/880
f 817/817/817 818/818/818 882/882/882
f 817/817/817 882/882/882 881/881/881
f 818/818/818 819/819/819 883/883/883
f 818/818/818 883/883/883 882/882/882
f 819/819/819 820/820/820 884/884/884
f 819/819/819 884/884/884 883/883/883
f 820/820/820 821/821/821 885/885/885
f 820/820/820 885/885/885 884/884/884
f 821/821/821 822/822/822 886/886/886
f 821/821/821 886/886/886 885/885/885
f 822/822/822 823/823/823 887/887/887
f 822/822/822 887/887/887 886/886/886
f 823/823/823 824/824/824 888/888/888
f 823/823/823 888/888/888 887/887/887
f 824/824/824 825/825/825 889/889/889
f 824/824/824 889/889/889 888/888/888
f 825/825/825 826/826/826 890/890/890
f 825/825/825 890/890/890 889/889/889
f 826/826/826 827/827/827 891/891/891
f 826/826/826 891/891/891 890/890/890
f 827/827/827 828/828/828 892/892/892
f 827/827/827 892/892/892 891/891/891
f 828/828/828 829/829/829 893/893/893
f 828/828/828 893/893/893 892/892/892
f 829/829/829 830/830/830 894/894/894
f 829/829/829 894/894/894 893/893/893
f 830/830/830 831/831/831 895/895/895
f 830/830/830 895/895/895 894/894/894
f 831/831/831 832/832/832 896/896/896
f 831/831/831 896/896/896 895/895/895
f 832/832/832 769/769/769 833/833/833
f 832/832/832 833/833/833 896/896/896
f 833/833/833 834/834/834 898/898/898
f 833/833/833 898/898/898 897/897/897
f 834/834/834 835/835/835 899/899/899
f 834/834/834 899/899/899 898/898/898
f 835/835/835 836/836/836 900/900/900
f 835/835/835 900/900/900 899/899/899
f 836/836/836 837/837/837 901/901/901
f 836/836/836 901/901/901 900/900/900
f 837/837/837 838/838/838 902/902/902
f 837/837/837 902/902/902 901/901/901
f 838/838/838 839/839/839 903/903/903
f 838/838/838 903/903/903 902/902/902
f 839/839/839 840/840/840 904/904/904
f 839/839/839 904/904/904 903/903/903
f 840/840/840 841/841/841 905/905/905
f 840/840/840 905/905/905 904/904/904
f 841/841/841 842/842/842 906/906/906
f 841/841/841 906/906/906 905/905/905
f 842/842/842 843/843/843 907/907/907
f 842/842/842 907/907/907 906/906/906
f 843/843/843 844/844/844 908/908/908
f 843/843/843 908/908/908 907/907/907
f 844/844/844 845/845/845 909/909/909
f 844/844/844 909/909/909 908/908/908
f 845/845/845 846/846/846 910/910/910
f 845/845/845 910/910/910 909/909/909
f 846/846/846 847/847/847 911/911/911
f 846/846/846 911/911/911 910/910/910
f 847/847/847 848/848/848 912/912/912
f 847/847/847 912/912/912 911/911/911
f 848/848/848 849/849/849 913/913/913
f 848/848/848 913/913/913 912/912/912
f 849/849/849 850/850/850 914/914/914
f 849/849/849 914/914/914 913/913/913
f 850/850/850 851/851/851 915/915/915
f 850/850/850 915/915/915 914/914/914
f 851/851/851 852/852/852 916/916/916
f 851/851/851 916/916/916 915/915/915
f 852/852/852 853/853/853 917/917/917
f 852/852/852 917/917/917 916/916/916
f 853/853/853 854/854/854 918/918/918
f 853/853/853 918/918/918 917/917/917
f 854/854/854 855/855/855 919/919/919
f 854/854/854 919/919/919 918/918/918
f 855/855/855 856/856/856 920/920/920
f 855/855/855 920/920/920 919/919/919
f 856/856/856 857/857/857 921/921/921
f 856/856/856 921/921/921 920/920/920
f 857/857/857 858/858/858 922/922/922
f 857/857/857 922/922/922 921/921/921
f 858/858/858 859/859/859 923/923/923
f 858/858/858 923/923/923 922/922/922
f 859/859/859 860/860/860 924/924/924
f 859/859/859 924/924/924 923/923/923
f 860/860/860 861/861/861 925/925/925
f 860/860/860 925/925/925 924/924/924
f 861/861/861 862/862/862 926/926/926
f 861/861/861 926/926/926 925/925/925
f 862/862/862 863/863/863 927/927/927
f 862/862/862 927/927/927 926/926/926
f 863/863/863 864/864/864 928/928/928
f 863/863/863 928/928/928 927/927/927
f 864/864/864 865/865/865 929/929/929
f 864/864/864 929/929/929 928/928/928
f 865/865/865 866/866/866 930/930/930
f 865/865/865 930/930/930 929/929/929
f 866/866/866 867/867/867 931/931/931
f 866/866/866 931/931/931 930/930/930
f 867/867/867 868/868/868 932/932/932
f 867/867/867 932/932/932 931/931/931
f 868/868/868 869/869/869 933/933/933
f 868/868/868 933/933/933 932/932/932
f 869/869/869 870/870/870 934/934/934
f 869/869/869 934/934/934 933/933/933
f 870/870/870 871/871/871 935/935/935
f 870/870/870 935/935/935 934/934/934
f 871/871/871 872/872/872 936/936/936
f 871/871/871 936/936/936 935/935/935
f 872/872/872 873/873/873 937/937/937
f 872/872/872 937/937/937 936/936/936
f 873/873/873 874/874/874 938/938/938
f 873/873/873 938/938/938 937/937/937
f 874/874/874 875/875/875 939/939/939
f 874/874/874 939/939/939 938/938/938
f 875/875/875 876/876/876 940/940/940
f 875/875/875 940/940/940 939/939/939
f 876/876/876 877/877/877 941/941/941
f 876/876/876 941/941/941 940/940/940
f 877/877/877 878/878/878 942/942/942
f 877/877/877 942/942/942 941/941/941
f 878/878/878 879/879/879 943/943/943
f 878/878/878 943/943/943 942/942/942
f 879/879/879 880/880/880 944/944/944
f 879/879/879 944/944/944 943/943/943
f 880/880/880 881/881/881 945/945/945
f 880/880/880 945/945/945 944/944/944
f 881/881/881 882/882/882 946/946/946
f 881/881/881 946/946/946 945/945/945
f 882/882/882 883/883/883 947/947/947
f 882/882/882 947/947/947 946/946/946
f 883/883/883 884/884/884 948/948/948
f 883/883/883 948/948/948 947/947/947
f 884/884/884 885/885/885 949/949/949
f 884/884/884 949/949/949 948/948/948
f 885/885/885 886/886/886 950/950/950
f 885/885/885 950/950/950 949/949/949
f 886/886/886 887/887/887 951/951/951
f 886/886/886 951/951/951 950/950/950
f 887/887/887 888/888/888 952/952/952
f 887/887/887 952/952/952 951/951/951
f 888/888/888 889/889/889 953/953/953
f 888/888/888 953/953/953 952/952/952
f 889/889/889 890/890/890 954/954/954
f 889/889/889 954/954/954 953/953/953
f 890/890/890 891/891/891 955/955/955
f 890/890/890 955/955/955 954/954/954
f 891/891/891 892/892/892 956/956/956
f 891/891/891 956/956/956 955/955/955
f 892/892/892 893/893/893 957/957/957
f 892/892/892 957/957/957 956/956/956
f 893/893/893 894/894/894 958/958/958
f 893/893/893 958/958/958 957/957/957
f 894/894/894 895/895/895 959/959/959
f 894/894/894 959/959/959 958/958/958
f 895/895/895 896/896/896 960/960/960
f 895/895/895 960/960/960 959/959/959
f 896/896/896 833/833/833 897/897/897
f 896/896/896 897/897/897 960/960/960
f 897/897/897 898/898/898 962/962/962
f 897/897/897 962/962/962 961/961/961
f 898/898/898 899/899/899 963/963/963
f 898/898/898 963/963/963 962/962/962
f 899/899/899 900/900/900 964/964/964
f 899/899/899 964/964/964 963/963/963
f 900/900/900 901/901/901 965/965/965
f 900/900/900 965/965/965 964/964/964
f 901/901/901 902/902/902 966/966/966
f 901/901/901 966/966/966 965/965/965
f 902/902/902 903/903/903 967/967/967
f 902/902/902 967/967/967 966/966/966
f 903/903/903 904/904/904 968/968/968
f 903/903/903 968/968/968 967/967/967
f 904/904/904 905/905/905 969/969/969
f 904/904/904 969/969/969 968/968/968
f 905/905/905 906/906/906 970/970/970
f 905/905/905 970/970/970 969/969/969
f 906/906/906 907/907/907 971/971/971
f 906/906/906 971/971/971 970/970/970
f 907/907/907 908/908/908 972/972/972
f 907/907/907 972/972/972 971/971/971
f 908/908/908 909/909/909 973/973/973
f 908/908/908 973/973/973 972/972/972
f 909/909/909 910/910/910 974/974/974
f 909/909/909 974/974/974 973/973/973
f 910/910/910 911/911/911 975/975/975
f 910/910/910 975/975/975 974/974/974
f 911/911/911 912/912/912 976/976/976
f 911/911/911 976/976/976 975/975/975
f 912/912/912 913/913/913 977/977/977
f 912/912/912 977/977/977 976/976/976
f 913/913/913 914/914/914 978/978/978
f 913/913/913 978/978/978 977/977/977
f 914/914/914 915/915/915 979/979/979
f 914/914/914 979/979/979 978/978/978
f 915/915/915 916/916/916 980/980/980
f 915/915/915 980/980/980 979/979/979
f 916/916/916 917/917/917 981/981/981
f 916/916/916 981/981/981 980/980/980
f 917/917/917 918/918/918 982/982/982
f 917/917/917 982/982/982 981/981/981
f 918/918/918 919/919/919 983/983/983
f 918/918/918 983/983/983 982/982/982
f 919/919/919 920/920/920 984/984/984
f 919/919/919 984/984/984 983/983/983
f 920/920/920 921/921/921 985/985/985
f 920/920/920 985/985/985 984/984/984
f 921/921/921 922/922/922 986/986/986
f 921/921/921 986/986/986 985/985/985
f 922/922/922 923/923/923 987/987/987
f 922/922/922 987/987/987 986/986/986
f 923/923/923 924/924/924 988/988/988
f 923/923/923 988/988/988 987/987/987
f 924/924/924 925/925/925 989/989/989
f 924/924/924 989/989/989 988/988/988
f 925/925/925 926/926/926 990/990/990
f 925/925/925 990/990/990 989/989/989
f 926/926/926 927/927/927 991/991/991
f 926/926/926 991/991/991 990/990/990
f 927/927/927 928/928/928 992/992/992
f 927/927/927 992/992/992 991/991/991
f 928/928/928 929/929/929 993/993/993
f 928/928/928 993/993/993 992/992/992
f 929/929/929 930/930/930 994/994/994
f 929/929/929 994/994/994 993/993/993
f 930/930/930 931/931/931 995/995/995
f 930/930/930 995/995/995 994/994/994
f 931/931/931 932/932/932 996/996/996
f 931/931/931 996/996/996 995/995/995
f 932/932/932 933/933/933 997/997/997
f 932/932/932 997/997/997 996/996/996
f 933/933/933 934/934/934 998/998/998
f 933/933/933 998/998/998 997/997/997
f 934/934/934 935/935/935 999/999/999
f 934/934/934 999/999/999 998/998/998
f 935/935/935 936/936/936 1000/1000/1000
f 935/935/935 1000/1000/1000 999/999/999
f 936/936/936 937/937/937 1001/1001/1001
f 936/936/936 1001/1001/1001 1000/1000/1000
f 937/937/937 938/938/938 1002/1002/1002
f 937/937/937 1002/1002/1002 1001/1001/1001
f 938/938/938 939/939/939 1003/1003/1003
f 938/938/938 1003/1003/1003 1002/1002/1002
f 939/939/939 940/940/940 1004/1004/1004
f 939/939/939 1004/1004/1004 1003/1003/1003
f 940/940/940 941/941/941 1005/1005/1005
f 940/940/940 1005/1005/1005 1004/1004/1004
f 941/941/941 942/942/942 1006/1006/1006
f 941/941/941 1006/1006/1006 1005/1005/1005
f 942/942/942 943/943/943 1007/1007/1007
f 942/942/942 1007/1007/1007 1006/1006/1006
f 943/943/943 944/944/944 1008/1008/1008
f 943/943/943 1008/1008/1008 1007/1007/1007
f 944/944/944 945/945/945 1009/1009/1009
f 944/944/944 1009/1009/1009 1008/1008/1008
f 945/945/945 946/946/946 1010/1010/1010
f 945/945/945 1010/1010/1010 1009/1009/1009
f 946/946/946 947/947/947 1011/1011/1011
f 946/946/946 1011/1011/1011 1010/1010/1010
f 947/947/947 948/948/948 1012/1012/1012
f 947/947/947 1012/1012/1012 1011/1011/1011
f 948/948/948 949/949/949 1013/1013/1013
f 948/948/948 1013/1013/1013 1012/1012/1012
f 949/949/949 950/950/950 1014/1014/1014
f 949/949/949 1014/1014/1014 1013/1013/1013
f 950/950/950 951/951/951 1015/1015/1015
f 950/950/950 1015/1015/1015 1014/1014/1014
f 951/951/951 952/952/952 1016/1016/1016
f 951/951/951 1016/1016/1016 1015/1015/1015
f 952/952/952 953/953/953 1017/1017/1017
f 952/952/952 1017/1017/1017 1016/1016/1016
f 953/953/953 954/954/954 1018/1018/1018
f 953/953/953 1018/1018/1018 1017/1017/1017
f 954/954/954 955/955/955 1019/1019/1019
f 954/954/954 1019/1019/1019 1018/1018/1018
f 955/955/955 956/956/956 1020/1020/1020
f 955/955/955 1020/1020/1020 1019/1019/1019
f 956/956/956 957/957/957 1021/1021/1021
f 956/956/956 1021/1021/1021 1020/1020/1020
f 957/957/957 958/958/958 1022/1022/1022
f 957/957/957 1022/1022/1022 1021/1021/1021
f 958/958/958 959/959/959 1023/1023/1023
f 958/958/958 1023/1023/1023 1022/1022/1022
f 959/959/959 960/960/960 1024/1024/1024
f 959/959/959 1024/1024/1024 1023/1023/1023
f 960/960/960 897/897/897 961/961/961
f 960/960/960 961/961/961 1024/1024/1024
f 961/961/961 962/962/962 1026/1026/1026
f 961/961/961 1026/1026/1026 1025/1025/1025
f 962/962/962 963/963/963 1027/1027/1027
f 962/962/962 1027/1027/1027 1026/1026/1026
f 963/963/963 964/964/964 1028/1028/1028
f 963/963/963 1028/1028/1028 1027/1027/1027
f 964/964/964 965/965/965 1029/1029/1029
f 964/964/964 1029/1029/1029 1028/1028/1028
f 965/965/965 966/966/966 1030/1030/1030
f 965/965/965 1030/1030/1030 1029/1029/1029
f 966/966/966 967/967/967 1031/1031/1031
f 966/966/966 1031/1031/1031 1030/1030/1030
f 967/967/967 968/968/968 1032/1032/1032
f 967/967/967 1032/1032/1032 1031/1031/1031
f 968/968/968 969/969/969 1033/1033/1033
f 968/968/968 1033/1033/1033 1032/1032/1032
f 969/969/969 970/970/970 1034/1034/1034
f 969/969/969 1034/1034/1034 1033/1033/1033
f 970/970/970 971/971/971 1035/1035/1035
f 970/970/970 1035/1035/1035 1034/1034/1034
f 971/971/971 972/972/972 1036/1036/1036
f 971/971/971 1036/1036/1036 1035/1035/1035
f 972/972/972 973/973/973 1037/1037/1037
f 972/972/972 1037/1037/1037 1036/1036/1036
f 973/973/973 974/974/974 1038/1038/1038
f 973/973/973 1038/1038/1038 1037/1037/1037
f 974/974/974 975/975/975 1039/1039/1039
f 974/974/974 1039/1039/1039 1038/1038/1038
f 975/975/975 976/976/976 1040/1040/1040
f 975/975/975 1040/1040/1040 1039/1039/1039
f 976/976/976 977/977/977 1041/1041/1041
f 976/976/976 1041/1041/1041 1040/1040/1040
f 977/977/977 978/978/978 1042/1042/1042
f 977/977/977 1042/1042/1042 1041/1041/1041
f 978/978/978 979/979/979 1043/1043/1043
f 978/978/978 1043/1043/1043 1042/1042/1042
f 979/979/979 980/980/980 1044/1044/1044
f 979/979/979 1044/1044/1044 1043/1043/1043
f 980/980/980 981/981/981 1045/1045/1045
f 980/980/980 1045/1045/1045 1044/1044/1044
f 981/981/981 982/982/982 1046/1046/1046
f 981/981/981 1046/1046/1046 1045/1045/1045
f 982/982/982 983/983/983 1047/1047/1047
f 982/982/982 1047/1047/1047 1046/1046/1046
f 983/983/983 984/984/984 1048/1048/1048
f 983/983/983 1048/1048/1048 1047/1047/1047
f 984/984/984 985/985/985 1049/1049/1049
f 984/984/984 1049/1049/1049 1048/1048/1048
f 985/985/985 986/986/986 1050/1050/1050
f 985/985/985 1050/1050/1050 1049/1049/1049
f 986/986/986 987/987/987 1051/1051/1051
f 986/986/986 1051/1051/1051 1050/1050/1050
f 987/987/987 988/988/988 1052/1052/1052
f 987/987/987 1052/1052/1052 1051/1051/1051
f 988/988/988 989/989/989 1053/1053/1053
f 988/988/988 1053/1053/1053 1052/1052/1052
f 989/989/989 990/990/990 1054/1054/1054
f 989/989/989 1054/1054/1054 1053/1053/1053
f 990/990/990 991/991/991 1055/1055/1055
f 990/990/990 1055/1055/1055 1054/1054/1054
f 991/991/991 992/992/992 1056/1056/1056
f 991/991/991 1056/1056/1056 1055/1055/1055
f 992/992/992 993/993/993 1057/1057/1057
f 992/992/992 1057/1057/1057 1056/1056/1056
f 993/993/993 994/994/994 1058/1058/1058
f 993/993/993 1058/1058/1058 1057/1057/1057
f 994/994/994 995/995/995 1059/1059/1059
f 994/994/994 1059/1059/1059 1058/1058/1058
f 995/995/995 996/996/996 1060/1060/1060
f 995/995/995 1060/1060/1060 1059/1059/1059
f 996/996/996 997/997/997 1061/1061/1061
f 996/996/996 1061/1061/1061 1060/1060/1060
f 997/997/997 998/998/998 1062/1062/1062
f 997/997/997 1062/1062/1062 1061/1061/1061
f 998/998/998 999/999/999 1063/1063/1063
f 998/998/998 1063/1063/1063 1062/1062/1062
f 999/999/999 1000/1000/1000 1064/1064/1064
f 999/999/999 1064/1064/1064 1063/1063/1063
f 1000/1000/1000 1001/1001/1001 1065/1065/1065
f 1000/1000/1000 1065/1065/1065 1064/1064/1064
f 1001/1001/1001 1002/1002/1002 1066/1066/1066
f 1001/1001/1001 1066/1066/1066 1065/1065/1065
f 1002/1002/1002 1003/1003/1003 1067/1067/1067
f 1002/1002/1002 1067/1067/1067 1066/1066/1066
f 1003/1003/1003 1004/1004/1004 1068/1068/1068
f 1003/1003/1003 1068/1068/1068 1067/1067/1067
f 1004/1004/1004 1005/1005/1005 1069/1069/1069
f 1004/1004/1004 1069/1069/1069 1068/1068/1068
f 1005/1005/1005 1006/1006/1006 1070/1070/1070
f 1005/1005/1005 1070/1070/1070 1069/1069/1069
f 1006/1006/1006 1007/1007/1007 1071/1071/1071
f 1006/1006/1006 1071/1071/1071 1070/1070/1070
f 1007/1007/1007 1008/1008/1008 1072/1072/1072
f 1007/1007/1007 1072/1072/1072 1071/1071/1071
f 1008/1008/1008 1009/1009/1009 1073/1073/1073
f 1008/1008/1008 1073/1073/1073 1072/1072/1072
f 1009/1009/1009 1010/1010/1010 1074/1074/1074
f 1009/1009/1009 1074/1074/1074 1073/1073/1073
f 1010/1010/1010 1011/1011/1011 1075/1075/1075
f 1010/1010/1010 1075/1075/1075 1074/1074/1074
f 1011/1011/1011 1012/1012/1012 1076/1076/1076
f 1011/1011/1011 1076/1076/1076 1075/1075/1075
f 1012/1012/1012 1013/1013/1013 1077/1077/1077
f 1012/1012/1012 1077/1077/1077 1076/1076/1076
f 1013/1013/1013 1014/1014/1014 1078/1078/1078
f 1013/1013/1013 1078/1078/1078 1077/1077/1077
f 1014/1014/1014 1015/1015/1015 1079/1079/1079
f 1014/1014/1014 1079/1079/1079 1078/1078/1078
f 1015/1015/1015 1016/1016/1016 1080/1080/1080
f 1015/1015/1015 1080/1080/1080 1079/1079/1079
f 1016/1016/1016 1017/1017/1017 1081/1081/1081
f 1016/1016/1016 1081/1081/1081 1080/1080/1080
f 1017/1017/1017 1018/1018/1018 1082/1082/1082
f 1017/1017/1017 1082/1082/1082 1081/1081/1081
f 1018/1018/1018 1019/1019/1019 1083/1083/1083
f 1018/1018/1018 1083/1083/1083 1082/1082/1082
f 1019/1019/1019 1020/1020/1020 1084/1084/1084
f 1019/1019/1019 1084/1084/1084 1083/1083/1083
f 1020/1020/1020 1021/1021/1021 1085/1085/1085
f 1020/1020/1020 1085/1085/1085 1084/1084/1084
f 1021/1021/1021 1022/1022/1022 1086/1086/1086
f 1021/1021/1021 1086/1086/1086 1085/1085/1085
f 1022/1022/1022 1023/1023/1023 1087/1087/1087
f 1022/1022/1022 1087/1087/1087 1086/1086/1086
f 1023/1023/1023 1024/1024/1024 1088/1088/1088
f 1023/1023/1023 1088/1088/1088 1087/1087/1087
f 1024/1024/1024 961/961/961 1025/1025/1025
f 1024/1024/1024 1025/1025/1025 1088/1088/1088
f 1025/1025/1025 1026/1026/1026 1090/1090/1090
f 1025/1025/1025 1090/1090/1090 1089/1089/1089
f 1026/1026/1026 1027/1027/1027 1091/1091/1091
f 1026/1026/1026 1091/1091/1091 1090/1090/1090
f 1027/1027/1027 1028/1028/1028 1092/1092/1092
f 1027/1027/1027 1092/1092/1092 1091/1091/1091
f 1028/1028/1028 1029/1029/1029 1093/1093/1093
f 1028/1028/1028 1093/1093/1093 1092/1092/1092
f 1029/1029/1029 1030/1030/1030 1094/1094/1094
f 1029/1029/1029 1094/1094/1094 1093/1093/1093
f 1030/1030/1030 1031/1031/1031 1095/1095/1095
f 1030/1030/1030 1095/1095/1095 1094/1094/1094
f 1031/1031/1031 1032/1032/1032 1096/1096/1096
f 1031/1031/1031 1096/1096/1096 1095/1095/1095
f 1032/1032/1032 1033/1033/1033 1097/1097/1097
f 1032/1032/1032 1097/1097/1097 1096/1096/1096
f 1033/1033/1033 1034/1034/1034 1098/1098/1098
f 1033/1033/1033 1098/1098/1098 1097/1097/1097
f 1034/1034/1034 1035/1035/1035 1099/1099/1099
f 1034/1034/1034 1099/1099/1099 1098/1098/1098
f 1035/1035/1035 1036/1036/1036 1100/1100/1100
f 1035/1035/1035 1100/1100/1100 1099/1099/1099
f 1036/1036/1036 1037/1037/1037 1101/1101/1101
f 1036/1036/1036 1101/1101/1101 1100/1100/1100
f 1037/1037/1037 1038/1038/1038 1102/1102/1102
f 1037/1037/1037 1102/1102/1102 1101/1101/1101
f 1038/1038/1038 1039/1039/1039 1103/1103/1103
f 1038/1038/1038 1103/1103/1103 1102/1102/1102
f 1039/1039/1039 1040/1040/1040 1104/1104/1104
f 1039/1039/1039 1104/1104/1104 1103/1103/1103
f 1040/1040/1040 1041/1041/1041 1105/1105/1105
f 1040/1040/1040 1105/1105/1105 1104/1104/1104
f 1041/1041/1041 1042/1042/1042 1106/1106/1106
f 1041/1041/1041 1106/1106/1106 1105/1105/1105
f 1042/1042/1042 1043/1043/1043 1107/1107/1107
f 1042/1042/1042 1107/1107/1107 1106/1106/1106
f 1043/1043/1043 1044/1044/1044 1108/1108/1108
f 1043/1043/1043 1108/1108/1108 1107/1107/1107
f 1044/1044/1044 1045/1045/1045 1109/1109/1109
f 1044/1044/1044 1109/1109/1109 1108/1108/1108
f 1045/1045/1045 1046/1046/1046 1110/1110/1110
f 1045/1045/1045 1110/1110/1110 1109/1109/1109
f 1046/1046/1046 1047/1047/1047 1111/1111/1111
f 1046/1046/1046 1111/1111/1111 1110/1110/1110
f 1047/1047/1047 1048/1048/1048 1112/1112/1112
f 1047/1047/1047 1112/1112/1112 1111/1111/1111
f 1048/1048/1048 1049/1049/1049 1113/1113/1113
f 1048/1048/1048 1113/1113/1113 1112/1112/1112
f 1049/1049/1049 1050/1050/1050 1114/1114/1114
f 1049/1049/1049 1114/1114/1114 1113/1113/1113
f 1050/1050/1050 1051/1051/1051 1115/1115/1115
f 1050/1050/1050 1115/1115/1115 1114/1114/1114
f 1051/1051/1051 1052/1052/1052 1116/1116/1116
f 1051/1051/1051 1116/1116/1116 1115/1115/1115
f 1052/1052/1052 1053/1053/1053 1117/1117/1117
f 1052/1052/1052 1117/1117/1117 1116/1116/1116
f 1053/1053/1053 1054/1054/1054 1118/1118/1118
f 1053/1053/1053 1118/1118/1118 1117/1117/1117
f 1054/1054/1054 1055/1055/1055 1119/1119/1119
f 1054/1054/1054 1119/1119/1119 1118/1118/1118
f 1055/1055/1055 1056/1056/1056 1120/1120/1120
f 1055/1055/1055 1120/1120/1120 1119/1119/1119
f 1056/1056/1056 1057/1057/1057 1121/1121/1121
f 1056/1056/1056 1121/1121/1121 1120/1120/1120
f 1057/1057/1057 1058/1058/1058 1122/1122/1122
f 1057/1057/1057 1122/1122/1122 1121/1121/1121
f 1058/1058/1058 1059/1059/1059 1123/1123/1123
f 1058/1058/1058 1123/1123/1123 1122/1122/1122
f 1059/1059/1059 1060/1060/1060 1124/1124/1124
f 1059/1059/1059 1124/1124/1124 1123/1123/1123
f 1060/1060/1060 1061/1061/1061 1125/1125/1125
f 1060/1060/1060 1125/1125/1125 1124/1124/1124
f 1061/1061/1061 1062/1062/1062 1126/1126/1126
f 1061/1061/1061 1126/1126/1126 1125/1125/1125
f 1062/1062/1062 1063/1063/1063 1127/1127/1127
f 1062/1062/1062 1127/1127/1127 1126/1126/1126
f 1063/1063/1063 1064/1064/1064 1128/1128/1128
f 1063/1063/1063 1128/1128/1128 1127/1127/1127
f 1064/1064/1064 1065/1065/1065 1129/1129/1129
f 1064/1064/1064 1129/1129/1129 1128/1128/1128
f 1065/1065/1065 1066/1066/1066 1130/1130/1130
f 1065/1065/1065 1130/1130/1130 1129/1129/1129
f 1066/1066/1066 1067/1067/1067 1131/1131/1131
f 1066/1066/1066 1131/1131/1131 1130/1130/1130
f 1067/1067/1067 1068/1068/1068 1132/1132/1132
f 1067/1067/1067 1132/1132/1132 1131/1131/1131
f 1068/1068/1068 1069/1069/1069 1133/1133/1133
f 1068/1068/1068 1133/1133/1133 1132/1132/1132
f 1069/1069/1069 1070/1070/1070 1134/1134/1134
f 1069/1069/1069 1134/1134/1134 1133/1133/1133
f 1070/1070/1070 1071/1071/1071 1135/1135/1135
f 1070/1070/1070 1135/1135/1135 1134/1134/1134
f 1071/1071/1071 1072/1072/1072 1136/1136/1136
f 1071/1071/1071 1136/1136/1136 1135/1135/1135
f 1072/1072/1072 1073/1073/1073 1137/1137/1137
f 1072/1072/1072 1137/1137/1137 1136/1136/1136
f 1073/1073/1073 1074/1074/1074 1138/1138/1138
f 1073/1073/1073 1138/1138/1138 1137/1137/1137
f 1074/1074/1074 1075/1075/1075 1139/1139/1139
f 1074/1074/1074 1139/1139/1139 1138/1138/1138
f 1075/1075/1075 1076/1076/1076 1140/1140/1140
f 1075/1075/1075 1140/1140/1140 1139/1139/1139
f 1076/1076/1076 1077/1077/1077 1141/1141/1141
f 1076/1076/1076 1141/1141/1141 1140/1140/1140
f 1077/1077/1077 1078/1078/1078 1142/1142/1142
f 1077/1077/1077 1142/1142/1142 1141/1141/1141
f 1078/1078/1078 1079/1079/1079 1143/1143/1143
f 1078/1078/1078 1143/1143/1143 1142/1142/1142
f 1079/1079/1079 1080/1080/1080 1144/1144/1144
f 1079/1079/1079 1144/1144/1144 1143/1143/1143
f 1080/1080/1080 1081/1081/1081 1145/1145/1145
f 1080/1080/1080 1145/1145/1145 1144/1144/1144
f 1081/1081/1081 1082/1082/1082 1146/1146/1146
f 1081/1081/1081 1146/1146/1146 1145/1145/1145
f 1082/1082/1082 1083/1083/1083 1147/1147/1147
f 1082/1082/1082 1147/1147/1147 1146/1146/1146
f 1083/1083/1083 1084/1084/1084 1148/1148/1148
f 1083/1083/1083 1148/1148/1148 1147/1147/1147
f 1084/1084/1084 1085/1085/1085 1149/1149/1149
f 1084/1084/1084 1149/1149/1149 1148/1148/1148
f 1085/1085/1085 1086/1086/1086 1150/1150/1150
f 1085/1085/1085 1150/1150/1150 1149/1149/1149
f 1086/1086/1086 1087/1087/1087 1151/1151/1151
f 1086/1086/1086 1151/1151/1151 1150/1150/1150
f 1087/1087/1087 1088/1088/1088 1152/1152/1152
f 1087/1087/1087 1152/1152/1152 1151/1151/1151
f 1088/1088/1088 1025/1025/1025 1089/1089/1089
f 1088/1088/1088 1089/1089/1089 1152/1152/1152
f 1089/1089/1089 1090/1090/1090 1154/1154/1154
f 1089/1089/1089 1154/1154/1154 1153/1153/1153
f 1090/1090/1090 1091/1091/1091 1155/1155/1155
f 1090/1090/1090 1155/1155/1155 1154/1154/1154
f 1091/1091/1091 1092/1092/1092 1156/1156/1156
f 1091/1091/1091 1156/1156/1156 1155/1155/1155
f 1092/1092/1092 1093/1093/1093 1157/1157/1157
f 1092/1092/1092 1157/1157/1157 1156/1156/1156
f 1093/1093/1093 1094/1094/1094 1158/1158/1158
f 1093/1093/1093 1158/1158/1158 1157/1157/1157
f 1094/1094/1094 1095/1095/1095 1159/1159/1159
f 1094/1094/1094 1159/1159/1159 1158/1158/1158
f 1095/1095/1095 1096/1096/1096 1160/1160/1160
f 1095/1095/1095 1160/1160/1160 1159/1159/1159
f 1096/1096/1096 1097/1097/1097 1161/1161/1161
f 1096/1096/1096 1161/1161/1161 1160/1160/1160
f 1097/1097/1097 1098/1098/1098 1162/1162/1162
f 1097/1097/1097 1162/1162/1162 1161/1161/1161
f 1098/1098/1098 1099/1099/1099 1163/1163/1163
f 1098/1098/1098 1163/1163/1163 1162/1162/1162
f 1099/1099/1099 1100/1100/1100 1164/1164/1164
f 1099/1099/1099 1164/1164/1164 1163/1163/1163
f 1100/1100/1100 1101/1101/1101 1165/1165/1165
f 1100/1100/1100 1165/1165/1165 1164/1164/1164
f 1101/1101/1101 1102/1102/1102 1166/1166/1166
f 1101/1101/1101 1166/1166/1166 1165/1165/1165
f 1102/1102/1102 1103/1103/1103 1167/1167/1167
f 1102/1102/1102 1167/1167/1167 1166/1166/1166
f 1103/1103/1103 1104/1104/1104 1168/1168/1168
f 1103/1103/1103 1168/1168/1168 1167/1167/1167
f 1104/1104/1104 1105/1105/1105 1169/1169/1169
f 1104/1104/1104 1169/1169/1169 1168/1168/1168
f 1105/1105/1105 1106/1106/1106 1170/1170/1170
f 1105/1105/1105 1170/1170/1170 1169/1169/1169
f 1106/1106/1106 1107/1107/1107 1171/1171/1171
f 1106/1106/1106 1171/1171/1171 1170/1170/1170
f 1107/1107/1107 1108/1108/1108 1172/1172/1172
f 1107/1107/1107 1172/1172/1172 1171/1171/1171
f 1108/1108/1108 1109/1109/1109 1173/1173/1173
f 1108/1108/1108 1173/1173/1173 1172/1172/1172
f 1109/1109/1109 1110/1110/1110 1174/1174/1174
f 1109/1109/1109 1174/1174/1174 1173/1173/1173
f 1110/1110/1110 1111/1111/1111 1175/1175/1175
f 1110/1110/1110 1175/1175/1175 1174/1174/1174
f 1111/1111/1111 1112/1112/1112 1176/1176/1176
f 1111/1111/1111 1176/1176/1176 1175/1175/1175
f 1112/1112/1112 1113/1113/1113 1177/1177/1177
f 1112/1112/1112 1177/1177/1177 1176/1176/1176
f 1113/1113/1113 1114/1114/1114 1178/1178/1178
f 1113/1113/1113 1178/1178/1178 1177/1177/1177
f 1114/1114/1114 1115/1115/1115 1179/1179/1179
f 1114/1114/1114 1179/1179/1179 1178/1178/1178
f 1115/1115/1115 1116/1116/1116 1180/1180/1180
f 1115/1115/1115 1180/1180/1180 1179/1179/1179
f 1116/1116/1116 1117/1117/1117 1181/1181/1181
f 1116/1116/1116 1181/1181/1181 1180/1180/1180
f 1117/1117/1117 1118/1118/1118 1182/1182/1182
f 1117/1117/1117 1182/1182/1182 1181/1181/1181
f 1118/1118/1118 1119/1119/1119 1183/1183/1183
f 1118/1118/1118 1183/1183/1183 1182/1182/1182
f 1119/1119/1119 1120/1120/1120 1184/1184/1184
f 1119/1119/1119 1184/1184/1184 1183/1183/1183
f 1120/1120/1120 1121/1121/1121 1185/1185/1185
f 1120/1120/1120 1185/1185/1185 1184/1184/1184
f 1121/1121/1121 1122/1122/1122 1186/1186/1186
f 1121/1121/1121 1186/1186/1186 1185/1185/1185
f 1122/1122/1122 1123/1123/1123 1187/1187/1187
f 1122/1122/1122 1187/1187/1187 1186/1186/1186
f 1123/1123/1123 1124/1124/1124 1188/1188/1188
f 1123/1123/1123 1188/1188/1188 1187/1187/1187
f 1124/1124/1124 1125/1125/1125 1189/1189/1189
f 1124/1124/1124 1189/1189/1189 1188/1188/1188
f 1125/1125/1125 1126/1126/1126 1190/1190/1190
f 1125/1125/1125 1190/1190/1190 1189/1189/1189
f 1126/1126/1126 1127/1127/1127 1191/1191/1191
f 1126/1126/1126 1191/1191/1191 1190/1190/1190
f 1127/1127/1127 1128/1128/1128 1192/1192/1192
f 1127/1127/1127 1192/1192/1192 1191/1191/1191
f 1128/1128/1128 1129/1129/1129 1193/1193/1193
f 1128/1128/1128 1193/1193/1193 1192/1192/1192
f 1129/1129/1129 1130/1130/1130 1194/1194/1194
f 1129/1129/1129 1194/1194/1194 1193/1193/1193
f 1130/1130/1130 1131/1131/1131 1195/1195/1195
f 1130/1130/1130 1195/1195/1195 1194/1194/1194
f 1131/1131/1131 1132/1132/1132 1196/1196/1196
f 1131/1131/1131 1196/1196/1196 1195/1195/1195
f 1132/1132/1132 1133/1133/1133 1197/1197/1197
f 1132/1132/1132 1197/1197/1197 1196/1196/1196
f 1133/1133/1133 1134/1134/1134 1198/1198/1198
f 1133/1133/1133 1198/1198/1198 1197/1197/1197
f 1134/1134/1134 1135/1135/1135 1199/1199/1199
f 1134/1134/1134 1199/1199/1199 1198/1198/1198
f 1135/1135/1135 1136/1136/1136 1200/1200/1200
f 1135/1135/1135 1200/1200/1200 1199/1199/1199
f 1136/1136/1136 1137/1137/1137 1201/1201/1201
f 1136/1136/1136 1201/1201/1201 1200/1200/1200
f 1137/1137/1137 1138/1138/1138 1202/1202/1202
f 1137/1137/1137 1202/1202/1202 1201/1201/1201
f 1138/1138/1138 1139/1139/1139 1203/1203/1203
f 1138/1138/1138 1203/1203/1203 1202/1202/1202
f 1139/1139/1139 1140/1140/1140 1204/1204/1204
f 1139/1139/1139 1204/1204/1204 1203/1203/1203
f 1140/1140/1140 1141/1141/1141 1205/1205/1205
f 1140/1140/1140 1205/1205/1205 1204/1204/1204
f 1141/1141/1141 1142/1142/1142 1206/1206/1206
f 1141/1141/1141 1206/1206/1206 1205/1205/1205
f 1142/1142/1142 1143/1143/1143 1207/1207/1207
f 1142/1142/1142 1207/1207/1207 1206/1206/1206
f 1143/1143/1143 1144/1144/1144 1208/1208/1208
f 1143/1143/1143 1208/1208/1208 1207/1207/1207
f 1144/1144/1144 1145/1145/1145 1209/1209/1209
f 1144/1144/1144 1209/1209/1209 1208/1208/1208
f 1145/1145/1145 1146/1146/1146 1210/1210/1210
f 1145/1145/1145 1210/1210/1210 1209/1209/1209
f 1146/1146/1146 1147/1147/1147 1211/1211/1211
f 1146/1146/1146 1211/1211/1211 1210/1210/1210
f 1147/1147/1147 1148/1148/1148 1212/1212/1212
f 1147/1147/1147 1212/1212/1212 1211/1211/1211
f 1148/1148/1148 1149/1149/1149 1213/1213/1213
f 1148/1148/1148 1213/1213/1213 1212/1212/1212
f 1149/1149/1149 1150/1150/1150 1214/1214/1214
f 1149/1149/1149 1214/1214/1214 1213/1213/1213
f 1150/1150/1150 1151/1151/1151 1215/1215/1215
f 1150/1150/1150 1215/1215/1215 1214/1214/1214
f 1151/1151/1151 1152/1152/1152 1216/1216/1216
f 1151/1151/1151 1216/1216/1216 1215/1215/1215
f 1152/1152/1152 1089/1089/1089 1153/1153/1153
f 1152/1152/1152 1153/1153/1153 1216/1216/1216
f 1153/1153/1153 1154/1154/1154 1218/1218/1218
f 1153/1153/1153 1218/1218/1218 1217/1217/1217
f 1154/1154/1154 1155/1155/1155 1219/1219/1219
f 1154/1154/1154 1219/1219/1219 1218/1218/1218
f 1155/1155/1155 1156/1156/1156 1220/1220/1220
f 1155/1155/1155 1220/1220/1220 1219/1219/1219
f 1156/1156/1156 1157/1157/1157 1221/1221/1221
f 1156/1156/1156 1221/1221/1221 1220/1220/1220
f 1157/1157/1157 1158/1158/1158 1222/1222/1222
f 1157/1157/1157 1222/1222/1222 1221/1221/1221
f 1158/1158/1158 1159/1159/1159 1223/1223/1223
f 1158/1158/1158 1223/1223/1223 1222/1222/1222
f 1159/1159/1159 1160/1160/1160 1224/1224/1224
f 1159/1159/1159 1224/1224/1224 1223/1223/1223
f 1160/1160/1160 1161/1161/1161 1225/1225/1225
f 1160/1160/1160 1225/1225/1225 1224/1224/1224
f 1161/1161/1161 1162/1162/1162 1226/1226/1226
f 1161/1161/1161 1226/1226/1226 1225/1225/1225
f 1162/1162/1162 1163/1163/1163 1227/1227/1227
f 1162/1162/1162 1227/1227/1227 1226/1226/1226
f 1163/1163/1163 1164/1164/1164 1228/1228/1228
f 1163/1163/1163 1228/1228/1228 1227/1227/1227
f 1164/1164/1164 1165/1165/1165 1229/1229/1229
f 1164/1164/1164 1229/1229/1229 1228/1228/1228
f 1165/1165/1165 1166/1166/1166 1230/1230/1230
f 1165/1165/1165 1230/1230/1230 1229/1229/1229
f 1166/1166/1166 1167/1167/1167 1231/1231/1231
f 1166/1166/1166 1231/1231/1231 1230/1230/1230
f 1167/1167/1167 1168/1168/1168 1232/1232/1232
f 1167/1167/1167 1232/1232/1232 1231/1231/1231
f 1168/1168/1168 1169/1169/1169 1233/1233/1233
f 1168/1168/1168 1233/1233/1233 1232/1232/1232
f 1169/1169/1169 1170/1170/1170 1234/1234/1234
f 1169/1169/1169 1234/1234/1234 1233/1233/1233
f 1170/1170/1170 1171/1171/1171 1235/1235/1235
f 1170/1170/1170 1235/1235/1235 1234/1234/1234
f 1171/1171/1171 1172/1172/1172 1236/1236/1236
f 1171/1171/1171 1236/1236/1236 1235/1235/1235
f 1172/1172/1172 1173/1173/1173 1237/1237/1237
f 1172/1172/1172 1237/1237/1237 1236/1236/1236
f 1173/1173/1173 1174/1174/1174 1238/1238/1238
f 1173/1173/1173 1238/1238/1238 1237/1237/1237
f 1174/1174/1174 1175/1175/1175 1239/1239/1239
f 1174/1174/1174 1239/1239/1239 1238/1238/1238
f 1175/1175/1175 1176/1176/1176 1240/1240/1240
f 1175/1175/1175 1240/1240/1240 1239/1239/1239
f 1176/1176/1176 1177/1177/1177 1241/1241/1241
f 1176/1176/1176 1241/1241/1241 1240/1240/1240
f 1177/1177/1177 1178/1178/1178 1242/1242/1242
f 1177/1177/1177 1242/1242/1242 1241/1241/1241
f 1178/1178/1178 1179/1179/1179 1243/1243/1243
f 1178/1178/1178 1243/1243/1243 1242/1242/1242
f 1179/1179/1179 1180/1180/1180 1244/1244/1244
f 1179/1179/1179 1244/1244/1244 1243/1243/1243
f 1180/1180/1180 1181/1181/1181 1245/1245/1245
f 1180/1180/1180 1245/1245/1245 1244/1244/1244
f 1181/1181/1181 1182/1182/1182 1246/1246/1246
f 1181/1181/1181 1246/1246/1246 1245/1245/1245
f 1182/1182/1182 1183/1183/1183 1247/1247/1247
f 1182/1182/1182 1247/1247/1247 1246/1246/1246
f 1183/1183/1183 1184/1184/1184 1248/1248/1248
f 1183/1183/1183 1248/1248/1248 1247/1247/1247
f 1184/1184/1184 1185/1185/1185 1249/1249/1249
f 1184/1184/1184 1249/1249/1249 1248/1248/1248
f 1185/1185/1185 1186/1186/1186 1250/1250/1250
f 1185/1185/1185 1250/1250/1250 1249/1249/1249
f 1186/1186/1186 1187/1187/1187 1251/1251/1251
f 1186/1186/1186 1251/1251/1251 1250/1250/1250
f 1187/1187/1187 1188/1188/1188 1252/1252/1252
f 1187/1187/1187 1252/1252/1252 1251/1251/1251
f 1188/1188/1188 1189/1189/1189 1253/1253/1253
f 1188/1188/1188 1253/1253/1253 1252/1252/1252
f 1189/1189/1189 1190/1190/1190 1254/1254/1254
f 1189/1189/1189 1254/1254/1254 1253/1253/1253
f 1190/1190/1190 1191/1191/1191 1255/1255/1255
f 1190/1190/1190 1255/1255/1255 1254/1254/1254
f 1191/1191/1191 1192/1192/1192 1256/1256/1256
f 1191/1191/1191 1256/1256/1256 1255/1255/1255
f 1192/1192/1192 1193/1193/1193 1257/1257/1257
f 1192/1192/1192 1257/1257/1257 1256/1256/1256
f 1193/1193/1193 1194/1194/1194 1258/1258/1258
f 1193/1193/1193 1258/1258/1258 1257/1257/1257
f 1194/1194/1194 1195/1195/1195 1259/1259/1259
f 1194/1194/1194 1259/1259/1259 1258/1258/1258
f 1195/1195/1195 1196/1196/1196 1260/1260/1260
f 1195/1195/1195 1260/1260/1260 1259/1259/1259
f 1196/1196/1196 1197/1197/1197 1261/1261/1261
f 1196/1196/1196 1261/1261/1261 1260/1260/1260
f 1197/1197/1197 1198/1198/1198 1262/1262/1262
f 1197/1197/1197 1262/1262/1262 1261/1261/1261
f 1198/1198/1198 1199/1199/1199 1263/1263/1263
f 1198/1198/1198 1263/1263/1263 1262/1262/1262
f 1199/1199/1199 1200/1200/1200 1264/1264/1264
f 1199/1199/1199 1264/1264/1264 1263/1263/1263
f 1200/1200/1200 1201/1201/1201 1265/1265/1265
f 1200/1200/1200 1265/1265/1265 1264/1264/1264
f 1201/1201/1201 1202/1202/1202 1266/1266/1266
f 1201/1201/1201 1266/1266/1266 1265/1265/1265
f 1202/1202/1202 1203/1203/1203 1267/1267/1267
f 1202/1202/1202 1267/1267/1267 1266/1266/1266
f 1203/1203/1203 1204/1204/1204 1268/1268/1268
f 1203/1203/1203 1268/1268/1268 1267/1267/1267
f 1204/1204/1204 1205/1205/1205 1269/1269/1269
f 1204/1204/1204 1269/1269/1269 1268/1268/1268
f 1205/1205/1205 1206/1206/1206 1270/1270/1270
f 1205/1205/1205 1270/1270/1270 1269/1269/1269
f 1206/1206/1206 1207/1207/1207 1271/1271/1271
f 1206/1206/1206 1271/1271/1271 1270/1270/1270
f 1207/1207/1207 1208/1208/1208 1272/1272/1272
f 1207/1207/1207 1272/1272/1272 1271/1271/1271
f 1208/1208/1208 1209/1209/1209 1273/1273/1273
f 1208/1208/1208 1273/1273/1273 1272/1272/1272
f 1209/1209/1209 1210/1210/1210 1274/1274/1274
f 1209/1209/1209 1274/1274/1274 1273/1273/1273
f 1210/1210/1210 1211/1211/1211 1275/1275/1275
f 1210/1210/1210 1275/1275/1275 1274/1274/1274
f 1211/1211/1211 1212/1212/1212 1276/1276/1276
f 1211/1211/1211 1276/1276/1276 1275/1275/1275
f 1212/1212/1212 1213/1213/1213 1277/1277/1277
f 1212/1212/1212 1277/1277/1277 1276/1276/1276
f 1213/1213/1213 1214/1214/1214 1278/1278/1278
f 1213/1213/1213 1278/1278/1278 1277/1277/1277
f 1214/1214/1214 1215/1215/1215 1279/1279/1279
f 1214/1214/1214 1279/1279/1279 1278/1278/1278
f 1215/1215/1215 1216/1216/1216 1280/1280/1280
f 1215/1215/1215 1280/1280/1280 1279/1279/1279
f 1216/1216/1216 1153/1153/1153 1217/1217/1217
f 1216/1216/1216 1217/1217/1217 1280/1280/1280
f 1217/1217/1217 1218/1218/1218 1282/1282/1282
f 1217/1217/1217 1282/1282/1282 1281/1281/1281
f 1218/1218/1218 1219/1219/1219 1283/1283/1283
f 1218/1218/1218 1283/1283/1283 1282/1282/1282
f 1219/1219/1219 1220/1220/1220 1284/1284/1284
f 1219/1219/1219 1284/1284/1284 1283/1283/1283
f 1220/1220/1220 1221/1221/1221 1285/1285/1285
f 1220/1220/1220 1285/1285/1285 1284/1284/1284
f 1221/1221/1221 1222/1222/1222 1286/1286/1286
f 1221/1221/1221 1286/1286/1286 1285/1285/1285
f 1222/1222/1222 1223/1223/1223 1287/1287/1287
f 1222/1222/1222 1287/1287/1287 1286/1286/1286
f 1223/1223/1223 1224/1224/1224 1288/1288/1288
f 1223/1223/1223 1288/1288/1288 1287/1287/1287
f 1224/1224/1224 1225/1225/1225 1289/1289/1289
f 1224/1224/1224 1289/1289/1289 1288/1288/1288
f 1225/1225/1225 1226/1226/1226 1290/1290/1290
f 1225/1225/1225 1290/1290/1290 1289/1289/1289
f 1226/1226/1226 1227/1227/1227 1291/1291/1291
f 1226/1226/1226 1291/1291/1291 1290/1290/1290
f 1227/1227/1227 1228/1228/1228 1292/1292/1292
f 1227/1227/1227 1292/1292/1292 1291/1291/1291
f 1228/1228/1228 1229/1229/1229 1293/1293/1293
f 1228/1228/1228 1293/1293/1293 1292/1292/1292
f 1229/1229/1229 1230/1230/1230 1294/1294/1294
f 1229/1229/1229 1294/1294/1294 1293/1293/1293
f 1230/1230/1230 1231/1231/1231 1295/1295/1295
f 1230/1230/1230 1295/1295/1295 1294/1294/1294
f 1231/1231/1231 1232/1232/1232 1296/1296/1296
f 1231/1231/1231 1296/1296/1296 1295/1295/1295
f 1232/1232/1232 1233/1233/1233 1297/1297/1297
f 1232/1232/1232 1297/1297/1297 1296/1296/1296
f 1233/1233/1233 1234/1234/1234 1298/1298/1298
f 1233/1233/1233 1298/1298/1298 1297/1297/1297
f 1234/1234/1234 1235/1235/1235 1299/1299/1299
f 1234/1234/1234 1299/1299/1299 1298/1298/1298
f 1235/1235/1235 1236/1236/1236 1300/1300/1300
f 1235/1235/1235 1300/1300/1300 1299/1299/1299
f 1236/1236/1236 1237/1237/1237 1301/1301/1301
f 1236/1236/1236 1301/1301/1301 1300/1300/1300
f 1237/1237/1237 1238/1238/1238 1302/1302/1302
f 1237/1237/1237 1302/1302/1302 1301/1301/1301
f 1238/1238/1238 1239/1239/1239 1303/1303/1303
f 1238/1238/1238 1303/1303/1303 1302/1302/1302
f 1239/1239/1239 1240/1240/1240 1304/1304/1304
f 1239/1239/1239 1304/1304/1304 1303/1303/1303
f 1240/1240/1240 1241/1241/1241 1305/1305/1305
f 1240/1240/1240 1305/1305/1305 1304/1304/1304
f 1241/1241/1241 1242/1242/1242 1306/1306/1306
f 1241/1241/1241 1306/1306/1306 1305/1305/1305
f 1242/1242/1242 1243/1243/1243 1307/1307/1307
f 1242/1242/1242 1307/1307/1307 1306/1306/1306
f 1243/1243/1243 1244/1244/1244 1308/1308/1308
f 1243/1243/1243 1308/1308/1308 1307/1307/1307
f 1244/1244/1244 1245/1245/1245 1309/1309/1309
f 1244/1244/1244 1309/1309/1309 1308/1308/1308
f 1245/1245/1245 1246/1246/1246 1310/1310/1310
f 1245/1245/1245 1310/1310/1310 1309/1309/1309
f 1246/1246/1246 1247/1247/1247 1311/1311/1311
f 1246/1246/1246 1311/1311/1311 1310/1310/1310
f 1247/1247/1247 1248/1248/1248 1312/1312/1312
f 1247/1247/1247 1312/1312/1312 1311/1311/1311
f 1248/1248/1248 1249/1249/1249 1313/1313/1313
f 1248/1248/1248 1313/1313/1313 1312/1312/1312
f 1249/1249/1249 1250/1250/1250 1314/1314/1314
f 1249/1249/1249 1314/1314/1314 1313/1313/1313
f 1250/1250/1250 1251/1251/1251 1315/1315/1315
f 1250/1250/1250 1315/1315/1315 1314/1314/1314
f 1251/1251/1251 1252/1252/1252 1316/1316/1316
f 1251/1251/1251 1316/1316/1316 1315/1315/1315
f 1252/1252/1252 1253/1253/1253 1317/1317/1317
f 1252/1252/1252 1317/1317/1317 1316/1316/1316
f 1253/1253/1253 1254/1254/1254 1318/1318/1318
f 1253/1253/1253 1318/1318/1318 1317/1317/1317
f 1254/1254/1254 1255/1255/1255 1319/1319/1319
f 1254/1254/1254 1319/1319/1319 1318/1318/1318
f 1255/1255/1255 1256/1256/1256 1320/1320/1320
f 1255/1255/1255 1320/1320/1320 1319/1319/1319
f 1256/1256/1256 1257/1257/1257 1321/1321/1321
f 1256/1256/1256 1321/1321/1321 1320/1320/1320
f 1257/1257/1257 1258/1258/1258 1322/1322/1322
f 1257/1257/1257 1322/1322/1322 1321/1321/1321
f 1258/1258/1258 1259/1259/1259 1323/1323/1323
f 1258/1258/1258 1323/1323/1323 1322/1322/1322
f 1259/1259/1259 1260/1260/1260 1324/1324/1324
f 1259/1259/1259 1324/1324/1324 1323/1323/1323
f 1260/1260/1260 1261/1261/1261 1325/1325/1325
f 1260/1260/1260 1325/1325/1325 1324/1324/1324
f 1261/1261/1261 1262/1262/1262 1326/1326/1326
f 1261/1261/1261 1326/1326/1326 1325/1325/1325
f 1262/1262/1262 1263/1263/1263 1327/1327/1327
f 1262/1262/1262 1327/1327/1327 1326/1326/1326
f 1263/1263/1263 1264/1264/1264 1328/1328/1328
f 1263/1263/1263 1328/1328/1328 1327/1327/1327
f 1264/1264/1264 1265/1265/1265 1329/1329/1329
f 1264/1264/1264 1329/1329/1329 1328/1328/1328
f 1265/1265/1265 1266/1266/1266 1330/1330/1330
f 1265/1265/1265 1330/1330/1330 1329/1329/1329
f 1266/1266/1266 1267/1267/1267 1331/1331/1331
f 1266/1266/1266 1331/1331/1331 1330/1330/1330
f 1267/1267/1267 1268/1268/1268 1332/1332/1332
f 1267/1267/1267 1332/1332/1332 1331/1331/1331
f 1268/1268/1268 1269/1269/1269 1333/1333/1333
f 1268/1268/1268 1333/1333/1333 1332/1332/1332
f 1269/1269/1269 1270/1270/1270 1334/1334/1334
f 1269/1269/1269 1334/1334/1334 1333/1333/1333
f 1270/1270/1270 1271/1271/1271 1335/1335/1335
f 1270/1270/1270 1335/1335/1335 1334/1334/1334
f 1271/1271/1271 1272/1272/1272 1336/1336/1336
f 1271/1271/1271 1336/1336/1336 1335/1335/1335
f 1272/1272/1272 1273/1273/1273 1337/1337/1337
f 1272/1272/1272 1337/1337/1337 1336/1336/1336
f 1273/1273/1273 1274/1274/1274 1338/1338/1338
f 1273/1273/1273 1338/1338/1338 1337/1337/1337
f 1274/1274/1274 1275/1275/1275 1339/1339/1339
f 1274/1274/1274 1339/1339/1339 1338/1338/1338
f 1275/1275/1275 1276/1276/1276 1340/1340/1340
f 1275/1275/1275 1340/1340/1340 1339/1339/1339
f 1276/1276/1276 1277/1277/1277 1341/1341/1341
f 1276/1276/1276 1341/1341/1341 1340/1340/1340
f 1277/1277/1277 1278/1278/1278 1342/1342/1342
f 1277/1277/1277 1342/1342/1342 1341/1341/1341
f 1278/1278/1278 1279/1279/1279 1343/1343/1343
f 1278/1278/1278 1343/1343/1343 1342/1342/1342
f 1279/1279/1279 1280/1280/1280 1344/1344/1344
f 1279/1279/1279 1344/1344/1344 1343/1343/1343
f 1280/1280/1280 1217/1217/1217 1281/1281/1281
f 1280/1280/1280 1281/1281/1281 1344/1344/1344
f 1281/1281/1281 1282/1282/1282 1346/1346/1346
f 1281/1281/1281 1346/1346/1346 1345/1345/1345
f 1282/1282/1282 1283/1283/1283 1347/1347/1347
f 1282/1282/1282 1347/1347/1347 1346/1346/1346
f 1283/1283/1283 1284/1284/1284 1348/1348/1348
f 1283/1283/1283 1348/1348/1348 1347/1347/1347
f 1284/1284/1284 1285/1285/1285 1349/1349/1349
f 1284/1284/1284 1349/1349/1349 1348/1348/1348
f 1285/1285/1285 1286/1286/1286 1350/1350/1350
f 1285/1285/1285 1350/1350/1350 1349/1349/1349
f 1286/1286/1286 1287/1287/1287 1351/1351/1351
f 1286/1286/1286 1351/1351/1351 1350/1350/1350
f 1287/1287/1287 1288/1288/1288 1352/1352/1352
f 1287/1287/1287 1352/1352/1352 1351/1351/1351
f 1288/1288/1288 1289/1289/1289 1353/1353/1353
f 1288/1288/1288 1353/1353/1353 1352/1352/1352
f 1289/1289/1289 1290/1290/1290 1354/1354/1354
f 1289/1289/1289 1354/1354/1354 1353/1353/1353
f 1290/1290/1290 1291/1291/1291 1355/1355/1355
f 1290/1290/1290 1355/1355/1355 1354/1354/1354
f 1291/1291/1291 1292/1292/1292 1356/1356/1356
f 1291/1291/1291 1356/1356/1356 1355/1355/1355
f 1292/1292/1292 1293/1293/1293 1357/1357/1357
f 1292/1292/1292 1357/1357/1357 1356/1356/1356
f 1293/1293/1293 1294/1294/1294 1358/1358/1358
f 1293/1293/1293 1358/1358/1358 1357/1357/1357
f 1294/1294/1294 1295/1295/1295 1359/1359/1359
f 1294/1294/1294 1359/1359/1359 1358/1358/1358
f 1295/1295/1295 1296/1296/1296 1360/1360/1360
f 1295/1295/1295 1360/1360/1360 1359/1359/1359
f 1296/1296/1296 1297/1297/1297 1361/1361/1361
f 1296/1296/1296 1361/1361/1361 1360/1360/1360
f 1297/1297/1297 1298/1298/1298 1362/1362/1362
f 1297/1297/1297 1362/1362/1362 1361/1361/1361
f 1298/1298/1298 1299/1299/1299 1363/1363/1363
f 1298/1298/1298 1363/1363/1363 1362/1362/1362
f 1299/1299/1299 1300/1300/1300 1364/1364/1364
f 1299/1299/1299 1364/1364/1364 1363/1363/1363
f 1300/1300/1300 1301/1301/1301 1365/1365/1365
f 1300/1300/1300 1365/1365/1365 1364/1364/1364
f 1301/1301/1301 1302/1302/1302 1366/1366/1366
f 1301/1301/1301 1366/1366/1366 1365/1365/1365
f 1302/1302/1302 1303/1303/1303 1367/1367/1367
f 1302/1302/1302 1367/1367/1367 1366/1366/1366
f 1303/1303/1303 1304/1304/1304 1368/1368/1368
f 1303/1303/1303 1368/1368/1368 1367/1367/1367
f 1304/1304/1304 1305/1305/1305 1369/1369/1369
f 1304/1304/1304 1369/1369/1369 1368/1368/1368
f 1305/1305/1305 1306/1306/1306 1370/1370/1370
f 1305/1305/1305 1370/1370/1370 1369/1369/1369
f 1306/1306/1306 1307/1307/1307 1371/1371/1371
f 1306/1306/1306 1371/1371/1371 1370/1370/1370
f 1307/1307/1307 1308/1308/1308 1372/1372/1372
f 1307/1307/1307 1372/1372/1372 1371/1371/1371
f 1308/1308/1308 1309/1309/1309 1373/1373/1373
f 1308/1308/1308 1373/1373/1373 1372/1372/1372
f 1309/1309/1309 1310/1310/1310 1374/1374/1374
f 1309/1309/1309 1374/1374/1374 1373/1373/1373
f 1310/1310/1310 1311/1311/1311 1375/1375/1375
f 1310/1310/1310 1375/1375/1375 1374/1374/1374
f 1311/1311/1311 1312/1312/1312 1376/1376/1376
f 1311/1311/1311 1376/1376/1376 1375/1375/1375
f 1312/1312/1312 1313/1313/1313 1377/1377/1377
f 1312/1312/1312 1377/1377/1377 1376/1376/1376
f 1313/1313/1313 1314/1314/1314 1378/1378/1378
f 1313/1313/1313 1378/1378/1378 1377/1377/1377
f 1314/1314/1314 1315/1315/1315 1379/1379/1379
f 1314/1314/1314 1379/1379/1379 1378/1378/1378
f 1315/1315/1315 1316/1316/1316 1380/1380/1380
f 1315/1315/1315 1380/1380/1380 1379/1379/1379
f 1316/1316/1316 1317/1317/1317 1381/1381/1381
f 1316/1316/1316 1381/1381/1381 1380/1380/1380
f 1317/1317/1317 1318/1318/1318 1382/1382/1382
f 1317/1317/1317 1382/1382/1382 1381/1381/1381
f 1318/1318/1318 1319/1319/1319 1383/1383/1383
f 1318/1318/1318 1383/1383/1383 1382/1382/1382
f 1319/1319/1319 1320/1320/1320 1384/1384/1384
f 1319/1319/1319 1384/1384/1384 1383/1383/1383
f 1320/1320/1320 1321/1321/1321 1385/1385/1385
f 1320/1320/1320 1385/1385/1385 1384/1384/1384
f 1321/1321/1321 1322/1322/1322 1386/1386/1386
f 1321/1321/1321 1386/1386/1386 1385/1385/1385
f 1322/1322/1322 1323/1323/1323 1387/1387/1387
f 1322/1322/1322 1387/1387/1387 1386/1386/1386
f 1323/1323/1323 1324/1324/1324 1388/1388/1388
f 1323/1323/1323 1388/1388/1388 1387/1387/1387
f 1324/1324/1324 1325/1325/1325 1389/1389/1389
f 1324/1324/1324 1389/1389/1389 1388/1388/1388
f 1325/1325/1325 1326/1326/1326 1390/1390/1390
f 1325/1325/1325 1390/1390/1390 1389/1389/1389
f 1326/1326/1326 1327/1327/1327 1391/1391/1391
f 1326/1326/1326 1391/1391/1391 1390/1390/1390
f 1327/1327/1327 1328/1328/1328 1392/1392/1392
f 1327/1327/1327 1392/1392/1392 1391/1391/1391
f 1328/1328/1328 1329/1329/1329 1393/1393/1393
f 1328/1328/1328 1393/1393/1393 1392/1392/1392
f 1329/1329/1329 1330/1330/1330 1394/1394/1394
f 1329/1329/1329 1394/1394/1394 1393/1393/1393
f 1330/1330/1330 1331/1331/1331 1395/1395/1395
f 1330/1330/1330 1395/1395/1395 1394/1394/1394
f 1331/1331/1331 1332/1332/1332 1396/1396/1396
f 1331/1331/1331 1396/1396/1396 1395/1395/1395
f 1332/1332/1332 1333/1333/1333 1397/1397/1397
f 1332/1332/1332 1397/1397/1397 1396/1396/1396
f 1333/1333/1333 1334/1334/1334 1398/1398/1398
f 1333/1333/1333 1398/1398/1398 1397/1397/1397
f 1334/1334/1334 1335/1335/1335 1399/1399/1399
f 1334/1334/1334 1399/1399/1399 1398/1398/1398
f 1335/1335/1335 1336/1336/1336 1400/1400/1400
f 1335/1335/1335 1400/1400/1400 1399/1399/1399
f 1336/1336/1336 1337/1337/1337 1401/1401/1401
f 1336/1336/1336 1401/1401/1401 1400/1400/1400
f 1337/1337/1337 1338/1338/1338 1402/1402/1402
f 1337/1337/1337 1402/1402/1402 1401/1401/1401
f 1338/1338/1338 1339/1339/1339 1403/1403/1403
f 1338/1338/1338 1403/1403/1403 1402/1402/1402
f 1339/1339/1339 1340/1340/1340 1404/1404/1404
f 1339/1339/1339 1404/1404/1404 1403/1403/1403
f 1340/1340/1340 1341/1341/1341 1405/1405/1405
f 1340/1340/1340 1405/1405/1405 1404/1404/1404
f 1341/1341/1341 1342/1342/1342 1406/1406/1406
f 1341/1341/1341 1406/1406/1406 1405/1405/1405
f 1342/1342/1342 1343/1343/1343 1407/1407/1407
f 1342/1342/1342 1407/1407/1407 1406/1406/1406
f 1343/1343/1343 1344/1344/1344 1408/1408/1408
f 1343/1343/1343 1408/1408/1408 1407/1407/1407
f 1344/1344/1344 1281/1281/1281 1345/1345/1345
f 1344/1344/1344 1345/1345/1345 1408/1408/1408
f 1345/1345/1345 1346/1346/1346 1410/1410/1410
f 1345/1345/1345 1410/1410/1410 1409/1409/1409
f 1346/1346/1346 1347/1347/1347 1411/1411/1411
f 1346/1346/1346 1411/1411/1411 1410/1410/1410
f 1347/1347/1347 1348/1348/1348 1412/1412/1412
f 1347/1347/1347 1412/1412/1412 1411/1411/1411
f 1348/1348/1348 1349/1349/1349 1413/1413/1413
f 1348/1348/1348 1413/1413/1413 1412/1412/1412
f 1349/1349/1349 1350/1350/1350 1414/1414/1414
f 1349/1349/1349 1414/1414/1414 1413/1413/1413
f 1350/1350/1350 1351/1351/1351 1415/1415/1415
f 1350/1350/1350 1415/1415/1415 1414/1414/1414
f 1351/1351/1351 1352/1352/1352 1416/1416/1416
f 1351/1351/1351 1416/1416/1416 1415/1415/1415
f 1352/1352/1352 1353/1353/1353 1417/1417/1417
f 1352/1352/1352 1417/1417/1417 1416/1416/1416
f 1353/1353/1353 1354/1354/1354 1418/1418/1418
f 1353/1353/1353 1418/1418/1418 1417/1417/1417
f 1354/1354/1354 1355/1355/1355 1419/1419/1419
f 1354/1354/1354 1419/1419/1419 1418/1418/1418
f 1355/1355/1355 1356/1356/1356 1420/1420/1420
f 1355/1355/1355 1420/1420/1420 1419/1419/1419
f 1356/1356/1356 1357/1357/1357 1421/1421/1421
f 1356/1356/1356 1421/1421/1421 1420/1420/1420
f 1357/1357/1357 1358/1358/1358 1422/1422/1422
f 1357/1357/1357 1422/1422/1422 1421/1421/1421
f 1358/1358/1358 1359/1359/1359 1423/1423/1423
f 1358/1358/1358 1423/1423/1423 1422/1422/1422
f 1359/1359/1359 1360/1360/1360 1424/1424/1424
f 1359/1359/1359 1424/1424/1424 1423/1423/1423
f 1360/1360/1360 1361/1361/1361 1425/1425/1425
f 1360/1360/1360 1425/1425/1425 1424/1424/1424
f 1361/1361/1361 1362/1362/1362 1426/1426/1426
f 1361/1361/1361 1426/1426/1426 1425/1425/1425
f 1362/1362/1362 1363/1363/1363 1427/1427/1427
f 1362/1362/1362 1427/1427/1427 1426/1426/1426
f 1363/1363/1363 1364/1364/1364 1428/1428/1428
f 1363/1363/1363 1428/1428/1428 1427/1427/1427
f 1364/1364/1364 1365/1365/1365 1429/1429/1429
f 1364/1364/1364 1429/1429/1429 1428/1428/1428
f 1365/1365/1365 1366/1366/1366 1430/1430/1430
f 1365/1365/1365 1430/1430/1430 1429/1429/1429
f 1366/1366/1366 1367/1367/1367 1431/1431/1431
f 1366/1366/1366 1431/1431/1431 1430/1430/1430
f 1367/1367/1367 1368/1368/1368 1432/1432/1432
f 1367/1367/1367 1432/1432/1432 1431/1431/1431
f 1368/1368/1368 1369/1369/1369 1433/1433/1433
f 1368/1368/1368 1433/1433/1433 1432/1432/1432
f 1369/1369/1369 1370/1370/1370 1434/1434/1434
f 1369/1369/1369 1434/1434/1434 1433/1433/1433
f 1370/1370/1370 1371/1371/1371 1435/1435/1435
f 1370/1370/1370 1435/1435/1435 1434/1434/1434
f 1371/1371/1371 1372/1372/1372 1436/1436/1436
f 1371/1371/1371 1436/1436/1436 1435/1435/1435
f 1372/1372/1372 1373/1373/1373 1437/1437/1437
f 1372/1372/1372 1437/1437/1437 1436/1436/1436
f 1373/1373/1373 1374/1374/1374 1438/1438/1438
f 1373/1373/1373 1438/1438/1438 1437/1437/1437
f 1374/1374/1374 1375/1375/1375 1439/1439/1439
f 1374/1374/1374 1439/1439/1439 1438/1438/1438
f 1375/1375/1375 1376/1376/1376 1440/1440/1440
f 1375/1375/1375 1440/1440/1440 1439/1439/1439
f 1376/1376/1376 1377/1377/1377 1441/1441/1441
f 1376/1376/1376 1441/1441/1441 1440/1440/1440
f 1377/1377/1377 1378/1378/1378 1442/1442/1442
f 1377/1377/1377 1442/1442/1442 1441/1441/1441
f 1378/1378/1378 1379/1379/1379 1443/1443/1443
f 1378/1378/1378 1443/1443/1443 1442/1442/1442
f 1379/1379/1379 1380/1380/1380 1444/1444/1444
f 1379/1379/1379 1444/1444/1444 1443/1443/1443
f 1380/1380/1380 1381/1381/1381 1445/1445/1445
f 1380/1380/1380 1445/1445/1445 1444/1444/1444
f 1381/1381/1381 1382/1382/1382 1446/1446/1446
f 1381/1381/1381 1446/1446/1446 1445/1445/1445
f 1382/1382/1382 1383/1383/1383 1447/1447/1447
f 1382/1382/1382 1447/1447/1447 1446/1446/1446
f 1383/1383/1383 1384/1384/1384 1448/1448/1448
f 1383/1383/1383 1448/1448/1448 1447/1447/1447
f 1384/1384/1384 1385/1385/1385 1449/1449/1449
f 1384/1384/1384 1449/1449/1449 1448/1448/1448
f 1385/1385/1385 1386/1386/1386 1450/1450/1450
f 1385/1385/1385 1450/1450/1450 1449/1449/1449
f 1386/1386/1386 1387/1387/1387 1451/1451/1451
f 1386/1386/1386 1451/1451/1451 1450/1450/1450
f 1387/1387/1387 1388/1388/1388 1452/1452/1452
f 1387/1387/1387 1452/1452/1452 1451/1451/1451
f 1388/1388/1388 1389/1389/1389 1453/1453/1453
f 1388/1388/1388 1453/1453/1453 1452/1452/1452
f 1389/1389/1389 1390/1390/1390 1454/1454/1454
f 1389/1389/1389 1454/1454/1454 1453/1453/1453
f 1390/1390/1390 1391/1391/1391 1455/1455/1455
f 1390/1390/1390 1455/1455/1455 1454/1454/1454
f 1391/1391/1391 1392/1392/1392 1456/1456/1456
f 1391/1391/1391 1456/1456/1456 1455/1455/1455
f 1392/1392/1392 1393/1393/1393 1457/1457/1457
f 1392/1392/1392 1457/1457/1457 1456/1456/1456
f 1393/1393/1393 1394/1394/1394 1458/1458/1458
f 1393/1393/1393 1458/1458/1458 1457/1457/1457
f 1394/1394/1394 1395/1395/1395 1459/1459/1459
f 1394/1394/1394 1459/1459/1459 1458/1458/1458
f 1395/1395/1395 1396/1396/1396 1460/1460/1460
f 1395/1395/1395 1460/1460/1460 1459/1459/1459
f 1396/1396/1396 1397/1397/1397 1461/1461/1461
f 1396/1396/1396 1461/1461/1461 1460/1460/1460
f 1397/1397/1397 1398/1398/1398 1462/1462/1462
f 1397/1397/1397 1462/1462/1462 1461/1461/1461
f 1398/1398/1398 1399/1399/1399 1463/1463/1463
f 1398/1398/1398 1463/1463/1463 1462/1462/1462
f 1399/1399/1399 1400/1400/1400 1464/1464/1464
f 1399/1399/1399 1464/1464/1464 1463/1463/1463
f 1400/1400/1400 1401/1401/1401 1465/1465/1465
f 1400/1400/1400 1465/1465/1465 1464/1464/1464
f 1401/1401/1401 1402/1402/1402 1466/1466/1466
f 1401/1401/1401 1466/1466/1466 1465/1465/1465
f 1402/1402/1402 1403/1403/1403 1467/1467/1467
f 1402/1402/1402 1467/1467/1467 1466/1466/1466
f 1403/1403/1403 1404/1404/1404 1468/1468/1468
f 1403/1403/1403 1468/1468/1468 1467/1467/1467
f 1404/1404/1404 1405/1405/1405 1469/1469/1469
f 1404/1404/1404 1469/1469/1469 1468/1468/1468
f 1405/1405/1405 1406/1406/1406 1470/1470/1470
f 1405/1405/1405 1470/1470/1470 1469/1469/1469
f 1406/1406/1406 1407/1407/1407 1471/1471/1471
f 1406/1406/1406 1471/1471/1471 1470/1470/1470
f 1407/1407/1407 1408/1408/1408 1472/1472/1472
f 1407/1407/1407 1472/1472/1472 1471/1471/1471
f 1408/1408/1408 1345/1345/1345 1409/1409/1409
f 1408/1408/1408 1409/1409/1409 1472/1472/1472
f 1409/1409/1409 1410/1410/1410 1474/1474/1474
f 1409/1409/1409 1474/1474/1474 1473/1473/1473
f 1410/1410/1410 1411/1411/1411 1475/1475/1475
f 1410/1410/1410 1475/1475/1475 1474/1474/1474
f 1411/1411/1411 1412/1412/1412 1476/1476/1476
f 1411/1411/1411 1476/1476/1476 1475/1475/1475
f 1412/1412/1412 1413/1413/1413 1477/1477/1477
f 1412/1412/1412 1477/1477/1477 1476/1476/1476
f 1413/1413/1413 1414/1414/1414 1478/1478/1478
f 1413/1413/1413 1478/1478/1478 1477/1477/1477
f 1414/1414/1414 1415/1415/1415 1479/1479/1479
f 1414/1414/1414 1479/1479/1479 1478/1478/1478
f 1415/1415/1415 1416/1416/1416 1480/1480/1480
f 1415/1415/1415 1480/1480/1480 1479/1479/1479
f 1416/1416/1416 1417/1417/1417 1481/1481/1481
f 1416/1416/1416 1481/1481/1481 1480/1480/1480
f 1417/1417/1417 1418/1418/1418 1482/1482/1482
f 1417/1417/1417 1482/1482/1482 1481/1481/1481
f 1418/1418/1418 1419/1419/1419 1483/1483/1483
f 1418/1418/1418 1483/1483/1483 1482/1482/1482
f 1419/1419/1419 1420/1420/1420 1484/1484/1484
f 1419/1419/1419 1484/1484/1484 1483/1483/1483
f 1420/1420/1420 1421/1421/1421 1485/1485/1485
f 1420/1420/1420 1485/1485/1485 1484/1484/1484
f 1421/1421/1421 1422/1422/1422 1486/1486/1486
f 1421/1421/1421 1486/1486/1486 1485/1485/1485
f 1422/1422/1422 1423/1423/1423 1487/1487/1487
f 1422/1422/1422 1487/1487/1487 1486/1486/1486
f 1423/1423/1423 1424/1424/1424 1488/1488/1488
f 1423/1423/1423 1488/1488/1488 1487/1487/1487
f 1424/1424/1424 1425/1425/1425 1489/1489/1489
f 1424/1424/1424 1489/1489/1489 1488/1488/1488
f 1425/1425/1425 1426/1426/1426 1490/1490/1490
f 1425/1425/1425 1490/1490/1490 1489/1489/1489
f 1426/1426/1426 1427/1427/1427 1491/1491/1491
f 1426/1426/1426 1491/1491/1491 1490/1490/1490
f 1427/1427/1427 1428/1428/1428 1492/1492/1492
f 1427/1427/1427 1492/1492/1492 1491/1491/1491
f 1428/1428/1428 1429/1429/1429 1493/1493/1493
f 1428/1428/1428 1493/1493/1493 1492/1492/1492
f 1429/1429/1429 1430/1430/1430 1494/1494/1494
f 1429/1429/1429 1494/1494/1494 1493/1493/1493
f 1430/1430/1430 1431/1431/1431 1495/1495/1495
f 1430/1430/1430 1495/1495/1495 1494/1494/1494
f 1431/1431/1431 1432/1432/1432 1496/1496/1496
f 1431/1431/1431 1496/1496/1496 1495/1495/1495
f 1432/1432/1432 1433/1433/1433 1497/1497/1497
f 1432/1432/1432 1497/1497/1497 1496/1496/1496
f 1433/1433/1433 1434/1434/1434 1498/1498/1498
f 1433/1433/1433 1498/1498/1498 1497/1497/1497
f 1434/1434/1434 1435/1435/1435 1499/1499/1499
f 1434/1434/1434 1499/1499/1499 1498/1498/1498
f 1435/1435/1435 1436/1436/1436 1500/1500/1500
f 1435/1435/1435 1500/1500/1500 1499/1499/1499
f 1436/1436/1436 1437/1437/1437 1501/1501/1501
f 1436/1436/1436 1501/1501/1501 1500/1500/1500
f 1437/1437/1437 1438/1438/1438 1502/1502/1502
f 1437/1437/1437 1502/1502/1502 1501/1501/1501
f 1438/1438/1438 1439/1439/1439 1503/1503/1503
f 1438/1438/1438 1503/1503/1503 1502/1502/1502
f 1439/1439/1439 1440/1440/1440 1504/1504/1504
f 1439/1439/1439 1504/1504/1504 1503/1503/1503
f 1440/1440/1440 1441/1441/1441 1505/1505/1505
f 1440/1440/1440 1505/1505/1505 1504/1504/1504
f 1441/1441/1441 1442/1442/1442 1506/1506/1506
f 1441/1441/1441 1506/1506/1506 1505/1505/1505
f 1442/1442/1442 1443/1443/1443 1507/1507/1507
f 1442/1442/1442 1507/1507/1507 1506/1506/1506
f 1443/1443/1443 1444/1444/1444 1508/1508/1508
f 1443/1443/1443 1508/1508/1508 1507/1507/1507
f 1444/1444/1444 1445/1445/1445 1509/1509/1509
f 1444/1444/1444 1509/1509/1509 1508/1508/1508
f 1445/1445/1445 1446/1446/1446 1510/1510/1510
f 1445/1445/1445 1510/1510/1510 1509/1509/1509
f 1446/1446/1446 1447/1447/1447 1511/1511/1511
f 1446/1446/1446 1511/1511/1511 1510/1510/1510
f 1447/1447/1447 1448/1448/1448 1512/1512/1512
f 1447/1447/1447 1512/1512/1512 1511/1511/1511
f 1448/1448/1448 1449/1449/1449 1513/1513/1513
f 1448/1448/1448 1513/1513/1513 1512/1512/1512
f 1449/1449/1449 1450/1450/1450 1514/1514/1514
f 1449/1449/1449 1514/1514/1514 1513/1513/1513
f 1450/1450/1450 1451/1451/1451 1515/1515/1515
f 1450/1450/1450 1515/1515/1515 1514/1514/1514
f 1451/1451/1451 1452/1452/1452 1516/1516/1516
f 1451/1451/1451 1516/1516/1516 1515/1515/1515
f 1452/1452/1452 1453/1453/1453 1517/1517/1517
f 1452/1452/1452 1517/1517/1517 1516/1516/1516
f 1453/1453/1453 1454/1454/1454 1518/1518/1518
f 1453/1453/1453 1518/1518/1518 1517/1517/1517
f 1454/1454/1454 1455/1455/1455 1519/1519/1519
f 1454/1454/1454 1519/1519/1519 1518/1518/1518
f 1455/1455/1455 1456/1456/1456 1520/1520/1520
f 1455/1455/1455 1520/1520/1520 1519/1519/1519
f 1456/1456/1456 1457/1457/1457 1521/1521/1521
f 1456/1456/1456 1521/1521/1521 1520/1520/1520
f 1457/1457/1457 1458/1458/1458 1522/1522/1522
f 1457/1457/1457 1522/1522/1522 1521/1521/1521
f 1458/1458/1458 1459/1459/1459 1523/1523/1523
f 1458/1458/1458 1523/1523/1523 1522/1522/1522
f 1459/1459/1459 1460/1460/1460 1524/1524/1524
f 1459/1459/1459 1524/1524/1524 1523/1523/1523
f 1460/1460/1460 1461/1461/1461 1525/1525/1525
f 1460/1460/1460 1525/1525/1525 1524/1524/1524
f 1461/1461/1461 1462/1462/1462 1526/1526/1526
f 1461/1461/1461 1526/1526/1526 1525/1525/1525
f 1462/1462/1462 1463/1463/1463 1527/1527/1527
f 1462/1462/1462 1527/1527/1527 1526/1526/1526
f 1463/1463/1463 1464/1464/1464 1528/1528/1528
f 1463/1463/1463 1528/1528/1528 1527/1527/1527
f 1464/1464/1464 1465/1465/1465 1529/1529/1529
f 1464/1464/1464 1529/1529/1529 1528/1528/1528
f 1465/1465/1465 1466/1466/1466 1530/1530/1530
f 1465/1465/1465 1530/1530/1530 1529/1529/1529
f 1466/1466/1466 1467/1467/1467 1531/1531/1531
f 1466/1466/1466 1531/1531/1531 1530/1530/1530
f 1467/1467/1467 1468/1468/1468 1532/1532/1532
f 1467/1467/1467 1532/1532/1532 1531/1531/1531
f 1468/1468/1468 1469/1469/1469 1533/1533/1533
f 1468/1468/1468 1533/1533/1533 1532/1532/1532
f 1469/1469/1469 1470/1470/1470 1534/1534/1534
f 1469/1469/1469 1534/1534/1534 1533/1533/1533
f 1470/1470/1470 1471/1471/1471 1535/1535/1535
f 1470/1470/1470 1535/1535/1535 1534/1534/1534
f 1471/1471/1471 1472/1472/1472 1536/1536/1536
f 1471/1471/1471 1536/1536/1536 1535/1535/1535
f 1472/1472/1472 1409/1409/1409 1473/1473/1473
f 1472/1472/1472 1473/1473/1473 1536/1536/1536
f 1473/1473/1473 1474/1474/1474 1538/1538/1538
f 1473/1473/1473 1538/1538/1538 1537/1537/1537
f 1474/1474/1474 1475/1475/1475 1539/1539/1539
f 1474/1474/1474 1539/1539/1539 1538/1538/1538
f 1475/1475/1475 1476/1476/1476 1540/1540/1540
f 1475/1475/1475 1540/1540/1540 1539/1539/1539
f 1476/1476/1476 1477/1477/1477 1541/1541/1541
f 1476/1476/1476 1541/1541/1541 1540/1540/1540
f 1477/1477/1477 1478/1478/1478 1542/1542/1542
f 1477/1477/1477 1542/1542/1542 1541/1541/1541
f 1478/1478/1478 1479/1479/1479 1543/1543/1543
f 1478/1478/1478 1543/1543/1543 1542/1542/1542
f 1479/1479/1479 1480/1480/1480 1544/1544/1544
f 1479/1479/1479 1544/1544/1544 1543/1543/1543
f 1480/1480/1480 1481/1481/1481 1545/1545/1545
f 1480/1480/1480 1545/1545/1545 1544/1544/1544
f 1481/1481/1481 1482/1482/1482 1546/1546/1546
f 1481/1481/1481 1546/1546/1546 1545/1545/1545
f 1482/1482/1482 1483/1483/1483 1547/1547/1547
f 1482/1482/1482 1547/1547/1547 1546/1546/1546
f 1483/1483/1483 1484/1484/1484 1548/1548/1548
f 1483/1483/1483 1548/1548/1548 1547/1547/1547
f 1484/1484/1484 1485/1485/1485 1549/1549/1549
f 1484/1484/1484 1549/1549/1549 1548/1548/1548
f 1485/1485/1485 1486/1486/1486 1550/1550/1550
f 1485/1485/1485 1550/1550/1550 1549/1549/1549
f 1486/1486/1486 1487/1487/1487 1551/1551/1551
f 1486/1486/1486 1551/1551/1551 1550/1550/1550
f 1487/1487/1487 1488/1488/1488 1552/1552/1552
f 1487/1487/1487 1552/1552/1552 1551/1551/1551
f 1488/1488/1488 1489/1489/1489 1553/1553/1553
f 1488/1488/1488 1553/1553/1553 1552/1552/1552
f 1489/1489/1489 1490/1490/1490 1554/1554/1554
f 1489/1489/1489 1554/1554/1554 1553/1553/1553
f 1490/1490/1490 1491/1491/1491 1555/1555/1555
f 1490/1490/1490 1555/1555/1555 1554/1554/1554
f 1491/1491/1491 1492/1492/1492 1556/1556/1556
f 1491/1491/1491 1556/1556/1556 1555/1555/1555
f 1492/1492/1492 1493/1493/1493 1557/1557/1557
f 1492/1492/1492 1557/1557/1557 1556/1556/1556
f 1493/1493/1493 1494/1494/1494 1558/1558/1558
f 1493/1493/1493 1558/1558/1558 1557/1557/1557
f 1494/1494/1494 1495/1495/1495 1559/1559/1559
f 1494/1494/1494 1559/1559/1559 1558/1558/1558
f 1495/1495/1495 1496/1496/1496 1560/1560/1560
f 1495/1495/1495 1560/1560/1560 1559/1559/1559
f 1496/1496/1496 1497/1497/1497 1561/1561/1561
f 1496/1496/1496 1561/1561/1561 1560/1560/1560
f 1497/1497/1497 1498/1498/1498 1562/1562/1562
f 1497/1497/1497 1562/1562/1562 1561/1561/1561
f 1498/1498/1498 1499/1499/1499 1563/1563/1563
f 1498/1498/1498 1563/1563/1563 1562/1562/1562
f 1499/1499/1499 1500/1500/1500 1564/1564/1564
f 1499/1499/1499 1564/1564/1564 1563/1563/1563
f 1500/1500/1500 1501/1501/1501 1565/1565/1565
f 1500/1500/1500 1565/1565/1565 1564/1564/1564
f 1501/1501/1501 1502/1502/1502 1566/1566/1566
f 1501/1501/1501 1566/1566/1566 1565/1565/1565
f 1502/1502/1502 1503/1503/1503 1567/1567/1567
f 1502/1502/1502 1567/1567/1567 1566/1566/1566
f 1503/1503/1503 1504/1504/1504 1568/1568/1568
f 1503/1503/1503 1568/1568/1568 1567/1567/1567
f 1504/1504/1504 1505/1505/1505 1569/1569/1569
f 1504/1504/1504 1569/1569/1569 1568/1568/1568
f 1505/1505/1505 1506/1506/1506 1570/1570/1570
f 1505/1505/1505 1570/1570/1570 1569/1569/1569
f 1506/1506/1506 1507/1507/1507 1571/1571/1571
f 1506/1506/1506 1571/1571/1571 1570/1570/1570
f 1507/1507/1507 1508/1508/1508 1572/1572/1572
f 1507/1507/1507 1572/1572/1572 1571/1571/1571
f 1508/1508/1508 1509/1509/1509 1573/1573/1573
f 1508/1508/1508 1573/1573/1573 1572/1572/1572
f 1509/1509/1509 1510/1510/1510 1574/1574/1574
f 1509/1509/1509 1574/1574/1574 1573/1573/1573
f 1510/1510/1510 1511/1511/1511 1575/1575/1575
f 1510/1510/1510 1575/1575/1575 1574/1574/1574
f 1511/1511/1511 1512/1512/1512 1576/1576/1576
f 1511/1511/1511 1576/1576/1576 1575/1575/1575
f 1512/1512/1512 1513/1513/1513 1577/1577/1577
f 1512/1512/1512 1577/1577/1577 1576/1576/1576
f 1513/1513/1513 1514/1514/1514 1578/1578/1578
f 1513/1513/1513 1578/1578/1578 1577/1577/1577
f 1514/1514/1514 1515/1515/1515 1579/1579/1579
f 1514/1514/1514 1579/1579/1579 1578/1578/1578
f 1515/1515/1515 1516/1516/1516 1580/1580/1580
f 1515/1515/1515 1580/1580/1580 1579/1579/1579
f 1516/1516/1516 1517/1517/1517 1581/1581/1581
f 1516/1516/1516 1581/1581/1581 1580/1580/1580
f 1517/1517/1517 1518/1518/1518 1582/1582/1582
f 1517/1517/1517 1582/1582/1582 1581/1581/1581
f 1518/1518/1518 1519/1519/1519 1583/1583/1583
f 1518/1518/1518 1583/1583/1583 1582/1582/1582
f 1519/1519/1519 1520/1520/1520 1584/1584/1584
f 1519/1519/1519 1584/1584/1584 1583/1583/1583
f 1520/1520/1520 1521/1521/1521 1585/1585/1585
f 1520/1520/1520 1585/1585/1585 1584/1584/1584
f 1521/1521/1521 1522/1522/1522 1586/1586/1586
f 1521/1521/1521 1586/1586/1586 1585/1585/1585
f 1522/1522/1522 1523/1523/1523 1587/1587/1587
f 1522/1522/1522 1587/1587/1587 1586/1586/1586
f 1523/1523/1523 1524/1524/1524 1588/1588/1588
f 1523/1523/1523 1588/1588/1588 1587/1587/1587
f 1524/1524/1524 1525/1525/1525 1589/1589/1589
f 1524/1524/1524 1589/1589/1589 1588/1588/1588
f 1525/1525/1525 1526/1526/1526 1590/1590/1590
f 1525/1525/1525 1590/1590/1590 1589/1589/1589
f 1526/1526/1526 1527/1527/1527 1591/1591/1591
f 1526/1526/1526 1591/1591/1591 1590/1590/1590
f 1527/1527/1527 1528/1528/1528 1592/1592/1592
f 1527/1527/1527 1592/1592/1592 1591/1591/1591
f 1528/1528/1528 1529/1529/1529 1593/1593/1593
f 1528/1528/1528 1593/1593/1593 1592/1592/1592
f 1529/1529/1529 1530/1530/1530 1594/1594/1594
f 1529/1529/1529 1594/1594/1594 1593/1593/1593
f 1530/1530/1530 1531/1531/1531 1595/1595/1595
f 1530/1530/1530 1595/1595/1595 1594/1594/1594
f 1531/1531/1531 1532/1532/1532 1596/1596/1596
f 1531/1531/1531 1596/1596/1596 1595/1595/1595
f 1532/1532/1532 1533/1533/1533 1597/1597/1597
f 1532/1532/1532 1597/1597/1597 1596/1596/1596
f 1533/1533/1533 1534/1534/1534 1598/1598/1598
f 1533/1533/1533 1598/1598/1598 1597/1597/1597
f 1534/1534/1534 1535/1535/1535 1599/1599/1599
f 1534/1534/1534 1599/1599/1599 1598/1598/1598
f 1535/1535/1535 1536/1536/1536 1600/1600/1600
f 1535/1535/1535 1600/1600/1600 1599/1599/1599
f 1536/1536/1536 1473/1473/1473 1537/1537/1537
f 1536/1536/1536 1537/1537/1537 1600/1600/1600
f 1537/1537/1537 1538/1538/1538 1602/1602/1602
f 1537/1537/1537 1602/1602/1602 1601/1601/1601
f 1538/1538/1538 1539/1539/1539 1603/1603/1603
f 1538/1538/1538 1603/1603/1603 1602/1602/1602
f 1539/1539/1539 1540/1540/1540 1604/1604/1604
f 1539/1539/1539 1604/1604/1604 1603/1603/1603
f 1540/1540/1540 1541/1541/1541 1605/1605/1605
f 1540/1540/1540 1605/1605/1605 1604/1604/1604
f 1541/1541/1541 1542/1542/1542 1606/1606/1606
f 1541/1541/1541 1606/1606/1606 1605/1605/1605
f 1542/1542/1542 1543/1543/1543 1607/1607/1607
f 1542/1542/1542 1607/1607/1607 1606/1606/1606
f 1543/1543/1543 1544/1544/1544 1608/1608/1608
f 1543/1543/1543 1608/1608/1608 1607/1607/1607
f 1544/1544/1544 1545/1545/1545 1609/1609/1609
f 1544/1544/1544 1609/1609/1609 1608/1608/1608
f 1545/1545/1545 1546/1546/1546 1610/1610/1610
f 1545/1545/1545 1610/1610/1610 1609/1609/1609
f 1546/1546/1546 1547/1547/1547 1611/1611/1611
f 1546/1546/1546 1611/1611/1611 1610/1610/1610
f 1547/1547/1547 1548/1548/1548 1612/1612/1612
f 1547/1547/1547 1612/1612/1612 1611/1611/1611
f 1548/1548/1548 1549/1549/1549 1613/1613/1613
f 1548/1548/1548 1613/1613/1613 1612/1612/1612
f 1549/1549/1549 1550/1550/1550 1614/1614/1614
f 1549/1549/1549 1614/1614/1614 1613/1613/1613
f 1550/1550/1550 1551/1551/1551 1615/1615/1615
f 1550/1550/1550 1615/1615/1615 1614/1614/1614
f 1551/1551/1551 1552/1552/1552 1616/1616/1616
f 1551/1551/1551 1616/1616/1616 1615/1615/1615
f 1552/1552/1552 1553/1553/1553 1617/1617/1617
f 1552/1552/1552 1617/1617/1617 1616/1616/1616
f 1553/1553/1553 1554/1554/1554 1618/1618/1618
f 1553/1553/1553 1618/1618/1618 1617/1617/1617
f 1554/1554/1554 1555/1555/1555 1619/1619/1619
f 1554/1554/1554 1619/1619/1619 1618/1618/1618
f 1555/1555/1555 1556/1556/1556 1620/1620/1620
f 1555/1555/1555 1620/1620/1620 1619/1619/1619
f 1556/1556/1556 1557/1557/1557 1621/1621/1621
f 1556/1556/1556 1621/1621/1621 1620/1620/1620
f 1557/1557/1557 1558/1558/1558 1622/1622/1622
f 1557/1557/1557 1622/1622/1622 1621/1621/1621
f 1558/1558/1558 1559/1559/1559 1623/1623/1623
f 1558/1558/1558 1623/1623/1623 1622/1622/1622
f 1559/1559/1559 1560/1560/1560 1624/1624/1624
f 1559/1559/1559 1624/1624/1624 1623/1623/1623
f 1560/1560/1560 1561/1561/1561 1625/1625/1625
f 1560/1560/1560 1625/1625/1625 1624/1624/1624
f 1561/1561/1561 1562/1562/1562 1626/1626/1626
f 1561/1561/1561 1626/1626/1626 1625/1625/1625
f 1562/1562/1562 1563/1563/1563 1627/1627/1627
f 1562/1562/1562 1627/1627/1627 1626/1626/1626
f 1563/1563/1563 1564/1564/1564 1628/1628/1628
f 1563/1563/1563 1628/1628/1628 1627/1627/1627
f 1564/1564/1564 1565/1565/1565 1629/1629/1629
f 1564/1564/1564 1629/1629/1629 1628/1628/1628
f 1565/1565/1565 1566/1566/1566 1630/1630/1630
f 1565/1565/1565 1630/1630/1630 1629/1629/1629
f 1566/1566/1566 1567/1567/1567 1631/1631/1631
f 1566/1566/1566 1631/1631/1631 1630/1630/1630
f 1567/1567/1567 1568/1568/1568 1632/1632/1632
f 1567/1567/1567 1632/1632/1632 1631/1631/1631
f 1568/1568/1568 1569/1569/1569 1633/1633/1633
f 1568/1568/1568 1633/1633/1633 1632/1632/1632
f 1569/1569/1569 1570/1570/1570 1634/1634/1634
f 1569/1569/1569 1634/1634/1634 1633/1633/1633
f 1570/1570/1570 1571/1571/1571 1635/1635/1635
f 1570/1570/1570 1635/1635/1635 1634/1634/1634
f 1571/1571/1571 1572/1572/1572 1636/1636/1636
f 1571/1571/1571 1636/1636/1636 1635/1635/1635
f 1572/1572/1572 1573/1573/1573 1637/1637/1637
f 1572/1572/1572 1637/1637/1637 1636/1636/1636
f 1573/1573/1573 1574/1574/1574 1638/1638/1638
f 1573/1573/1573 1638/1638/1638 1637/1637/1637
f 1574/1574/1574 1575/1575/1575 1639/1639/1639
f 1574/1574/1574 1639/1639/1639 1638/1638/1638
f 1575/1575/1575 1576/1576/1576 1640/1640/1640
f 1575/1575/1575 1640/1640/1640 1639/1639/1639
f 1576/1576/1576 1577/1577/1577 1641/1641/1641
f 1576/1576/1576 1641/1641/1641 1640/1640/1640
f 1577/1577/1577 1578/1578/1578 1642/1642/1642
f 1577/1577/1577 1642/1642/1642 1641/1641/1641
f 1578/1578/1578 1579/1579/1579 1643/1643/1643
f 1578/1578/1578 1643/1643/1643 1642/1642/1642
f 1579/1579/1579 1580/1580/1580 1644/1644/1644
f 1579/1579/1579 1644/1644/1644 1643/1643/1643
f 1580/1580/1580 1581/1581/1581 1645/1645/1645
f 1580/1580/1580 1645/1645/1645 1644/1644/1644
f 1581/1581/1581 1582/1582/1582 1646/1646/1646
f 1581/1581/1581 1646/1646/1646 1645/1645/1645
f 1582/1582/1582 1583/1583/1583 1647/1647/1647
f 1582/1582/1582 1647/1647/1647 1646/1646/1646
f 1583/1583/1583 1584/1584/1584 1648/1648/1648
f 1583/1583/1583 1648/1648/1648 1647/1647/1647
f 1584/1584/1584 1585/1585/1585 1649/1649/1649
f 1584/1584/1584 1649/1649/1649 1648/1648/1648
f 1585/1585/1585 1586/1586/1586 1650/1650/1650
f 1585/1585/1585 1650/1650/1650 1649/1649/1649
f 1586/1586/1586 1587/1587/1587 1651/1651/1651
f 1586/1586/1586 1651/1651/1651 1650/1650/1650
f 1587/1587/1587 1588/1588/1588 1652/1652/1652
f 1587/1587/1587 1652/1652/1652 1651/1651/1651
f 1588/1588/1588 1589/1589/1589 1653/1653/1653
f 1588/1588/1588 1653/1653/1653 1652/1652/1652
f 1589/1589/1589 1590/1590/1590 1654/1654/1654
f 1589/1589/1589 1654/1654/1654 1653/1653/1653
f 1590/1590/1590 1591/1591/1591 1655/1655/1655
f 1590/1590/1590 1655/1655/1655 1654/1654/1654
f 1591/1591/1591 1592/1592/1592 1656/1656/1656
f 1591/1591/1591 1656/1656/1656 1655/1655/1655
f 1592/1592/1592 1593/1593/1593 1657/1657/1657
f 1592/1592/1592 1657/1657/1657 1656/1656/1656
f 1593/1593/1593 1594/1594/1594 1658/1658/1658
f 1593/1593/1593 1658/1658/1658 1657/1657/1657
f 1594/1594/1594 1595/1595/1595 1659/1659/1659
f 1594/1594/1594 1659/1659/1659 1658/1658/1658
f 1595/1595/1595 1596/1596/1596 1660/1660/1660
f 1595/1595/1595 1660/1660/1660 1659/1659/1659
f 1596/1596/1596 1597/1597/1597 1661/1661/1661
f 1596/1596/1596 1661/1661/1661 1660/1660/1660
f 1597/1597/1597 1598/1598/1598 1662/1662/1662
f 1597/1597/1597 1662/1662/1662 1661/1661/1661
f 1598/1598/1598 1599/1599/1599 1663/1663/1663
f 1598/1598/1598 1663/1663/1663 1662/1662/1662
f 1599/1599/1599 1600/1600/1600 1664/1664/1664
f 1599/1599/1599 1664/1664/1664 1663/1663/1663
f 1600/1600/1600 1537/1537/1537 1601/1601/1601
f 1600/1600/1600 1601/1601/1601 1664/1664/1664
f 1601/1601/1601 1602/1602/1602 1666/1666/1666
f 1601/1601/1601 1666/1666/1666 1665/1665/1665
f 1602/1602/1602 1603/1603/1603 1667/1667/1667
f 1602/1602/1602 1667/1667/1667 1666/1666/1666
f 1603/1603/1603 1604/1604/1604 1668/1668/1668
f 1603/1603/1603 1668/1668/1668 1667/1667/1667
f 1604/1604/1604 1605/1605/1605 1669/1669/1669
f 1604/1604/1604 1669/1669/1669 1668/1668/1668
f 1605/1605/1605 1606/1606/1606 1670/1670/1670
f 1605/1605/1605 1670/1670/1670 1669/1669/1669
f 1606/1606/1606 1607/1607/1607 1671/1671/1671
f 1606/1606/1606 1671/1671/1671 1670/1670/1670
f 1607/1607/1607 1608/1608/1608 1672/1672/1672
f 1607/1607/1607 1672/1672/1672 1671/1671/1671
f 1608/1608/1608 1609/1609/1609 1673/1673/1673
f 1608/1608/1608 1673/1673/1673 1672/1672/1672
f 1609/1609/1609 1610/1610/1610 1674/1674/1674
f 1609/1609/1609 1674/1674/1674 1673/1673/1673
f 1610/1610/1610 1611/1611/1611 1675/1675/1675
f 1610/1610/1610 1675/1675/1675 1674/1674/1674
f 1611/1611/1611 1612/1612/1612 1676/1676/1676
f 1611/1611/1611 1676/1676/1676 1675/1675/1675
f 1612/1612/1612 1613/1613/1613 1677/1677/1677
f 1612/1612/1612 1677/1677/1677 1676/1676/1676
f 1613/1613/1613 1614/1614/1614 1678/1678/1678
f 1613/1613/1613 1678/1678/1678 1677/1677/1677
f 1614/1614/1614 1615/1615/1615 1679/1679/1679
f 1614/1614/1614 1679/1679/1679 1678/1678/1678
f 1615/1615/1615 1616/1616/1616 1680/1680/1680
f 1615/1615/1615 1680/1680/1680 1679/1679/1679
f 1616/1616/1616 1617/1617/1617 1681/1681/1681
f 1616/1616/1616 1681/1681/1681 1680/1680/1680
f 1617/1617/1617 1618/1618/1618 1682/1682/1682
f 1617/1617/1617 1682/1682/1682 1681/1681/1681
f 1618/1618/1618 1619/1619/1619 1683/1683/1683
f 1618/1618/1618 1683/1683/1683 1682/1682/1682
f 1619/1619/1619 1620/1620/1620 1684/1684/1684
f 1619/1619/1619 1684/1684/1684 1683/1683/1683
f 1620/1620/1620 1621/1621/1621 1685/1685/1685
f 1620/1620/1620 1685/1685/1685 1684/1684/1684
f 1621/1621/1621 1622/1622/1622 1686/1686/1686
f 1621/1621/1621 1686/1686/1686 1685/1685/1685
f 1622/1622/1622 1623/1623/1623 1687/1687/1687
f 1622/1622/1622 1687/1687/1687 1686/1686/1686
f 1623/1623/1623 1624/1624/1624 1688/1688/1688
f 1623/1623/1623 1688/1688/1688 1687/1687/1687
f 1624/1624/1624 1625/1625/1625 1689/1689/1689
f 1624/1624/1624 1689/1689/1689 1688/1688/1688
f 1625/1625/1625 1626/1626/1626 1690/1690/1690
f 1625/1625/1625 1690/1690/1690 1689/1689/1689
f 1626/1626/1626 1627/1627/1627 1691/1691/1691
f 1626/1626/1626 1691/1691/1691 1690/1690/1690
f 1627/1627/1627 1628/1628/1628 1692/1692/1692
f 1627/1627/1627 1692/1692/1692 1691/1691/1691
f 1628/1628/1628 1629/1629/1629 1693/1693/1693
f 1628/1628/1628 1693/1693/1693 1692/1692/1692
f 1629/1629/1629 1630/1630/1630 1694/1694/1694
f 1629/1629/1629 1694/1694/1694 1693/1693/1693
f 1630/1630/1630 1631/1631/1631 1695/1695/1695
f 1630/1630/1630 1695/1695/1695 1694/1694/1694
f 1631/1631/1631 1632/1632/1632 1696/1696/1696
f 1631/1631/1631 1696/1696/1696 1695/1695/1695
f 1632/1632/1632 1633/1633/1633 1697/1697/1697
f 1632/1632/1632 1697/1697/1697 1696/1696/1696
f 1633/1633/1633 1634/1634/1634 1698/1698/1698
f 1633/1633/1633 1698/1698/1698 1697/1697/1697
f 1634/1634/1634 1635/1635/1635 1699/1699/1699
f 1634/1634/1634 1699/1699/1699 1698/1698/1698
f 1635/1635/1635 1636/1636/1636 1700/1700/1700
f 1635/1635/1635 1700/1700/1700 1699/1699/1699
f 1636/1636/1636 1637/1637/1637 1701/1701/1701
f 1636/1636/1636 1701/1701/1701 1700/1700/1700
f 1637/1637/1637 1638/1638/1638 1702/1702/1702
f 1637/1637/1637 1702/1702/1702 1701/1701/1701
f 1638/1638/1638 1639/1639/1639 1703/1703/1703
f 1638/1638/1638 1703/1703/1703 1702/1702/1702
f 1639/1639/1639 1640/1640/1640 1704/1704/1704
f 1639/1639/1639 1704/1704/1704 1703/1703/1703
f 1640/1640/1640 1641/1641/1641 1705/1705/1705
f 1640/1640/1640 1705/1705/1705 1704/1704/1704
f 1641/1641/1641 1642/1642/1642 1706/1706/1706
f 1641/1641/1641 1706/1706/1706 1705/1705/1705
f 1642/1642/1642 1643/1643/1643 1707/1707/1707
f 1642/1642/1642 1707/1707/1707 1706/1706/1706
f 1643/1643/1643 1644/1644/1644 1708/1708/1708
f 1643/1643/1643 1708/1708/1708 1707/1707/1707
f 1644/1644/1644 1645/1645/1645 1709/1709/1709
f 1644/1644/1644 1709/1709/1709 1708/1708/1708
f 1645/1645/1645 1646/1646/1646 1710/1710/1710
f 1645/1645/1645 1710/1710/1710 1709/1709/1709
f 1646/1646/1646 1647/1647/1647 1711/1711/1711
f 1646/1646/1646 1711/1711/1711 1710/1710/1710
f 1647/1647/1647 1648/1648/1648 1712/1712/1712
f 1647/1647/1647 1712/1712/1712 1711/1711/1711
f 1648/1648/1648 1649/1649/1649 1713/1713/1713
f 1648/1648/1648 1713/1713/1713 1712/1712/1712
f 1649/1649/1649 1650/1650/1650 1714/1714/1714
f 1649/1649/1649 1714/1714/1714 1713/1713/1713
f 1650/1650/1650 1651/1651/1651 1715/1715/1715
f 1650/1650/1650 1715/1715/1715 1714/1714/1714
f 1651/1651/1651 1652/1652/1652 1716/1716/1716
f 1651/1651/1651 1716/1716/1716 1715/1715/1715
f 1652/1652/1652 1653/1653/1653 1717/1717/1717
f 1652/1652/1652 1717/1717/1717 1716/1716/1716
f 1653/1653/1653 1654/1654/1654 1718/1718/1718
f 1653/1653/1653 1718/1718/1718 1717/1717/1717
f 1654/1654/1654 1655/1655/1655 1719/1719/1719
f 1654/1654/1654 1719/1719/1719 1718/1718/1718
f 1655/1655/1655 1656/1656/1656 1720/1720/1720
f 1655/1655/1655 1720/1720/1720 1719/1719/1719
f 1656/1656/1656 1657/1657/1657 1721/1721/1721
f 1656/1656/1656 1721/1721/1721 1720/1720/1720
f 1657/1657/1657 1658/1658/1658 1722/1722/1722
f 1657/1657/1657 1722/1722/1722 1721/1721/1721
f 1658/1658/1658 1659/1659/1659 1723/1723/1723
f 1658/1658/1658 1723/1723/1723 1722/1722/1722
f 1659/1659/1659 1660/1660/1660 1724/1724/1724
f 1659/1659/1659 1724/1724/1724 1723/1723/1723
f 1660/1660/1660 1661/1661/1661 1725/1725/1725
f 1660/1660/1660 1725/1725/1725 1724/1724/1724
f 1661/1661/1661 1662/1662/1662 1726/1726/1726
f 1661/1661/1661 1726/1726/1726 1725/1725/1725
f 1662/1662/1662 1663/1663/1663 1727/1727/1727
f 1662/1662/1662 1727/1727/1727 1726/1726/1726
f 1663/1663/1663 1664/1664/1664 1728/1728/1728
f 1663/1663/1663 1728/1728/1728 1727/1727/1727
f 1664/1664/1664 1601/1601/1601 1665/1665/1665
f 1664/1664/1664 1665/1665/1665 1728/1728/1728
f 1665/1665/1665 1666/1666/1666 1730/1730/1730
f 1665/1665/1665 1730/1730/1730 1729/1729/1729
f 1666/1666/1666 1667/1667/1667 1731/1731/1731
f 1666/1666/1666 1731/1731/1731 1730/1730/1730
f 1667/1667/1667 1668/1668/1668 1732/1732/1732
f 1667/1667/1667 1732/1732/1732 1731/1731/1731
f 1668/1668/1668 1669/1669/1669 1733/1733/1733
f 1668/1668/1668 1733/1733/1733 1732/1732/1732
f 1669/1669/1669 1670/1670/1670 1734/1734/1734
f 1669/1669/1669 1734/1734/1734 1733/1733/1733
f 1670/1670/1670 1671/1671/1671 1735/1735/1735
f 1670/1670/1670 1735/1735/1735 1734/1734/1734
f 1671/1671/1671 1672/1672/1672 1736/1736/1736
f 1671/1671/1671 1736/1736/1736 1735/1735/1735
f 1672/1672/1672 1673/1673/1673 1737/1737/1737
f 1672/1672/1672 1737/1737/1737 1736/1736/1736
f 1673/1673/1673 1674/1674/1674 1738/1738/1738
f 1673/1673/1673 1738/1738/1738 1737/1737/1737
f 1674/1674/1674 1675/1675/1675 1739/1739/1739
f 1674/1674/1674 1739/1739/1739 1738/1738/1738
f 1675/1675/1675 1676/1676/1676 1740/1740/1740
f 1675/1675/1675 1740/1740/1740 1739/1739/1739
f 1676/1676/1676 1677/1677/1677 1741/1741/1741
f 1676/1676/1676 1741/1741/1741 1740/1740/1740
f 1677/1677/1677 1678/1678/1678 1742/1742/1742
f 1677/1677/1677 1742/1742/1742 1741/1741/1741
f 1678/1678/1678 1679/1679/1679 1743/1743/1743
f 1678/1678/1678 1743/1743/1743 1742/1742/1742
f 1679/1679/1679 1680/1680/1680 1744/1744/1744
f 1679/1679/1679 1744/1744/1744 1743/1743/1743
f 1680/1680/1680 1681/1681/1681 1745/1745/1745
f 1680/1680/1680 1745/1745/1745 1744/1744/1744
f 1681/1681/1681 1682/1682/1682 1746/1746/1746
f 1681/1681/1681 1746/1746/1746 1745/1745/1745
f 1682/1682/1682 1683/1683/1683 1747/1747/1747
f 1682/1682/1682 1747/1747/1747 1746/1746/1746
f 1683/1683/1683 1684/1684/1684 1748/1748/1748
f 1683/1683/1683 1748/1748/1748 1747/1747/1747
f 1684/1684/1684 1685/1685/1685 1749/1749/1749
f 1684/1684/1684 1749/1749/1749 1748/1748/1748
f 1685/1685/1685 1686/1686/1686 1750/1750/1750
f 1685/1685/1685 1750/1750/1750 1749/1749/1749
f 1686/1686/1686 1687/1687/1687 1751/1751/1751
f 1686/1686/1686 1751/1751/1751 1750/1750/1750
f 1687/1687/1687 1688/1688/1688 1752/1752/1752
f 1687/1687/1687 1752/1752/1752 1751/1751/1751
f 1688/1688/1688 1689/1689/1689 1753/1753/1753
f 1688/1688/1688 1753/1753/1753 1752/1752/1752
f 1689/1689/1689 1690/1690/1690 1754/1754/1754
f 1689/1689/1689 1754/1754/1754 1753/1753/1753
f 1690/1690/1690 1691/1691/1691 1755/1755/1755
f 1690/1690/1690 1755/1755/1755 1754/1754/1754
f 1691/1691/1691 1692/1692/1692 1756/1756/1756
f 1691/1691/1691 1756/1756/1756 1755/1755/1755
f 1692/1692/1692 1693/1693/1693 1757/1757/1757
f 1692/1692/1692 1757/1757/1757 1756/1756/1756
f 1693/1693/1693 1694/1694/1694 1758/1758/1758
f 1693/1693/1693 1758/1758/1758 1757/1757/1757
f 1694/1694/1694 1695/1695/1695 1759/1759/1759
f 1694/1694/1694 1759/1759/1759 1758/1758/1758
f 1695/1695/1695 1696/1696/1696 1760/1760/1760
f 1695/1695/1695 1760/1760/1760 1759/1759/1759
f 1696/1696/1696 1697/1697/1697 1761/1761/1761
f 1696/1696/1696 1761/1761/1761 1760/1760/1760
f 1697/1697/1697 1698/1698/1698 1762/1762/1762
f 1697/1697/1697 1762/1762/1762 1761/1761/1761
f 1698/1698/1698 1699/1699/1699 1763/1763/1763
f 1698/1698/1698 1763/1763/1763 1762/1762/1762
f 1699/1699/1699 1700/1700/1700 1764/1764/1764
f 1699/1699/1699 1764/1764/1764 1763/1763/1763
f 1700/1700/1700 1701/1701/1701 1765/1765/1765
f 1700/1700/1700 1765/1765/1765 1764/1764/1764
f 1701/1701/1701 1702/1702/1702 1766/1766/1766
f 1701/1701/1701 1766/1766/1766 1765/1765/1765
f 1702/1702/1702 1703/1703/1703 1767/1767/1767
f 1702/1702/1702 1767/1767/1767 1766/1766/1766
f 1703/1703/1703 1704/1704/1704 1768/1768/1768
f 1703/1703/1703 1768/1768/1768 1767/1767/1767
f 1704/1704/1704 1705/1705/1705 1769/1769/1769
f 1704/1704/1704 1769/1769/1769 1768/1768/1768
f 1705/1705/1705 1706/1706/1706 1770/1770/1770
f 1705/1705/1705 1770/1770/1770 1769/1769/1769
f 1706/1706/1706 1707/1707/1707 1771/1771/1771
f 1706/1706/1706 1771/1771/1771 1770/1770/1770
f 1707/1707/1707 1708/1708/1708 1772/1772/1772
f 1707/1707/1707 1772/1772/1772 1771/1771/1771
f 1708/1708/1708 1709/1709/1709 1773/1773/1773
f 1708/1708/1708 1773/1773/1773 1772/1772/1772
f 1709/1709/1709 1710/1710/1710 1774/1774/1774
f 1709/1709/1709 1774/1774/1774 1773/1773/1773
f 1710/1710/1710 1711/1711/1711 1775/1775/1775
f 1710/1710/1710 1775/1775/1775 1774/1774/1774
f 1711/1711/1711 1712/1712/1712 1776/1776/1776
f 1711/1711/1711 1776/1776/1776 1775/1775/1775
f 1712/1712/1712 1713/1713/1713 1777/1777/1777
f 1712/1712/1712 1777/1777/1777 1776/1776/1776
f 1713/1713/1713 1714/1714/1714 1778/1778/1778
f 1713/1713/1713 1778/1778/1778 1777/1777/1777
f 1714/1714/1714 1715/1715/1715 1779/1779/1779
f 1714/1714/1714 1779/1779/1779 1778/1778/1778
f 1715/1715/1715 1716/1716/1716 1780/1780/1780
f 1715/1715/1715 1780/1780/1780 1779/1779/1779
f 1716/1716/1716 1717/1717/1717 1781/1781/1781
f 1716/1716/1716 1781/1781/1781 1780/1780/1780
f 1717/1717/1717 1718/1718/1718 1782/1782/1782
f 1717/1717/1717 1782/1782/1782 1781/1781/1781
f 1718/1718/1718 1719/1719/1719 1783/1783/1783
f 1718/1718/1718 1783/1783/1783 1782/1782/1782
f 1719/1719/1719 1720/1720/1720 1784/1784/1784
f 1719/1719/1719 1784/1784/1784 1783/1783/1783
f 1720/1720/1720 1721/1721/1721 1785/1785/1785
f 1720/1720/1720 1785/1785/1785 1784/1784/1784
f 1721/1721/1721 1722/1722/1722 1786/1786/1786
f 1721/1721/1721 1786/1786/1786 1785/1785/1785
f 1722/1722/1722 1723/1723/1723 1787/1787/1787
f 1722/1722/1722 1787/1787/1787 1786/1786/1786
f 1723/1723/1723 1724/1724/1724 1788/1788/1788
f 1723/1723/1723 1788/1788/1788 1787/1787/1787
f 1724/1724/1724 1725/1725/1725 1789/1789/1789
f 1724/1724/1724 1789/1789/1789 1788/1788/1788
f 1725/1725/1725 1726/1726/1726 1790/1790/1790
f 1725/1725/1725 1790/1790/1790 1789/1789/1789
f 1726/1726/1726 1727/1727/1727 1791/1791/1791
f 1726/1726/1726 1791/1791/1791 1790/1790/1790
f 1727/1727/1727 1728/1728/1728 1792/1792/1792
f 1727/1727/1727 1792/1792/1792 1791/1791/1791
f 1728/1728/1728 1665/1665/1665 1729/1729/1729
f 1728/1728/1728 1729/1729/1729 1792/1792/1792
f 1729/1729/1729 1730/1730/1730 1794/1794/1794
f 1729/1729/1729 1794/1794/1794 1793/1793/1793
f 1730/1730/1730 1731/1731/1731 1795/1795/1795
f 1730/1730/1730 1795/1795/1795 1794/1794/1794
f 1731/1731/1731 1732/1732/1732 1796/1796/1796
f 1731/1731/1731 1796/1796/1796 1795/1795/1795
f 1732/1732/1732 1733/1733/1733 1797/1797/1797
f 1732/1732/1732 1797/1797/1797 1796/1796/1796
f 1733/1733/1733 1734/1734/1734 1798/1798/1798
f 1733/1733/1733 1798/1798/1798 1797/1797/1797
f 1734/1734/1734 1735/1735/1735 1799/1799/1799
f 1734/1734/1734 1799/1799/1799 1798/1798/1798
f 1735/1735/1735 1736/1736/1736 1800/1800/1800
f 1735/1735/1735 1800/1800/1800 1799/1799/1799
f 1736/1736/1736 1737/1737/1737 1801/1801/1801
f 1736/1736/1736 1801/1801/1801 1800/1800/1800
f 1737/1737/1737 1738/1738/1738 1802/1802/1802
f 1737/1737/1737 1802/1802/1802 1801/1801/1801
f 1738/1738/1738 1739/1739/1739 1803/1803/1803
f 1738/1738/1738 1803/1803/1803 1802/1802/1802
f 1739/1739/1739 1740/1740/1740 1804/1804/1804
f 1739/1739/1739 1804/1804/1804 1803/1803/1803
f 1740/1740/1740 1741/1741/1741 1805/1805/1805
f 1740/1740/1740 1805/1805/1805 1804/1804/1804
f 1741/1741/1741 1742/1742/1742 1806/1806/1806
f 1741/1741/1741 1806/1806/1806 1805/1805/1805
f 1742/1742/1742 1743/1743/1743 1807/1807/1807
f 1742/1742/1742 1807/1807/1807 1806/1806/1806
f 1743/1743/1743 1744/1744/1744 1808/1808/1808
f 1743/1743/1743 1808/1808/1808 1807/1807/1807
f 1744/1744/1744 1745/1745/1745 1809/1809/1809
f 1744/1744/1744 1809/1809/1809 1808/1808/1808
f 1745/1745/1745 1746/1746/1746 1810/1810/1810
f 1745/1745/1745 1810/1810/1810 1809/1809/1809
f 1746/1746/1746 1747/1747/1747 1811/1811/1811
f 1746/1746/1746 1811/1811/1811 1810/1810/1810
f 1747/1747/1747 1748/1748/1748 1812/1812/1812
f 1747/1747/1747 1812/1812/1812 1811/1811/1811
f 1748/1748/1748 1749/1749/1749 1813/1813/1813
f 1748/1748/1748 1813/1813/1813 1812/1812/1812
f 1749/1749/1749 1750/1750/1750 1814/1814/1814
f 1749/1749/1749 1814/1814/1814 1813/1813/1813
f 1750/1750/1750 1751/1751/1751 1815/1815/1815
f 1750/1750/1750 1815/1815/1815 1814/1814/1814
f 1751/1751/1751 1752/1752/1752 1816/1816/1816
f 1751/1751/1751 1816/1816/1816 1815/1815/1815
f 1752/1752/1752 1753/1753/1753 1817/1817/1817
f 1752/1752/1752 1817/1817/1817 1816/1816/1816
f 1753/1753/1753 1754/1754/1754 1818/1818/1818
f 1753/1753/1753 1818/1818/1818 1817/1817/1817
f 1754/1754/1754 1755/1755/1755 1819/1819/1819
f 1754/1754/1754 1819/1819/1819 1818/1818/1818
f 1755/1755/1755 1756/1756/1756 1820/1820/1820
f 1755/1755/1755 1820/1820/1820 1819/1819/1819
f 1756/1756/1756 1757/1757/1757 1821/1821/1821
f 1756/1756/1756 1821/1821/1821 1820/1820/1820
f 1757/1757/1757 1758/1758/1758 1822/1822/1822
f 1757/1757/1757 1822/1822/1822 1821/1821/1821
f 1758/1758/1758 1759/1759/1759 1823/1823/1823
f 1758/1758/1758 1823/1823/1823 1822/1822/1822
f 1759/1759/1759 1760/1760/1760 1824/1824/1824
f 1759/1759/1759 1824/1824/1824 1823/1823/1823
f 1760/1760/1760 1761/1761/1761 1825/1825/1825
f 1760/1760/1760 1825/1825/1825 1824/1824/1824
f 1761/1761/1761 1762/1762/1762 1826/1826/1826
f 1761/1761/1761 1826/1826/1826 1825/1825/1825
f 1762/1762/1762 1763/1763/1763 1827/1827/1827
f 1762/1762/1762 1827/1827/1827 1826/1826/1826
f 1763/1763/1763 1764/1764/1764 1828/1828/1828
f 1763/1763/1763 1828/1828/1828 1827/1827/1827
f 1764/1764/1764 1765/1765/1765 1829/1829/1829
f 1764/1764/1764 1829/1829/1829 1828/1828/1828
f 1765/1765/1765 1766/1766/1766 1830/1830/1830
f 1765/1765/1765 1830/1830/1830 1829/1829/1829
f 1766/1766/1766 1767/1767/1767 1831/1831/1831
f 1766/1766/1766 1831/1831/1831 1830/1830/1830
f 1767/1767/1767 1768/1768/1768 1832/1832/1832
f 1767/1767/1767 1832/1832/1832 1831/1831/1831
f 1768/1768/1768 1769/1769/1769 1833/1833/1833
f 1768/1768/1768 1833/1833/1833 1832/1832/1832
f 1769/1769/1769 1770/1770/1770 1834/1834/1834
f 1769/1769/1769 1834/1834/1834 1833/1833/1833
f 1770/1770/1770 1771/1771/1771 1835/1835/1835
f 1770/1770/1770 1835/1835/1835 1834/1834/1834
f 1771/1771/1771 1772/1772/1772 1836/1836/1836
f 1771/1771/1771 1836/1836/1836 1835/1835/1835
f 1772/1772/1772 1773/1773/1773 1837/1837/1837
f 1772/1772/1772 1837/1837/1837 1836/1836/1836
f 1773/1773/1773 1774/1774/1774 1838/1838/1838
f 1773/1773/1773 1838/1838/1838 1837/1837/1837
f 1774/1774/1774 1775/1775/1775 1839/1839/1839
f 1774/1774/1774 1839/1839/1839 1838/1838/1838
f 1775/1775/1775 1776/1776/1776 1840/1840/1840
f 1775/1775/1775 1840/1840/1840 1839/1839/1839
f 1776/1776/1776 1777/1777/1777 1841/1841/1841
f 1776/1776/1776 1841/1841/1841 1840/1840/1840
f 1777/1777/1777 1778/1778/1778 1842/1842/1842
f 1777/1777/1777 1842/1842/1842 1841/1841/1841
f 1778/1778/1778 1779/1779/1779 1843/1843/1843
f 1778/1778/1778 1843/1843/1843 1842/1842/1842
f 1779/1779/1779 1780/1780/1780 1844/1844/1844
f 1779/1779/1779 1844/1844/1844 1843/1843/1843
f 1780/1780/1780 1781/1781/1781 1845/1845/1845
f 1780/1780/1780 1845/1845/1845 1844/1844/1844
f 1781/1781/1781 1782/1782/1782 1846/1846/1846
f 1781/1781/1781 1846/1846/1846 1845/1845/1845
f 1782/1782/1782 1783/1783/1783 1847/1847/1847
f 1782/1782/1782 1847/1847/1847 1846/1846/1846
f 1783/1783/1783 1784/1784/1784 1848/1848/1848
f 1783/1783/1783 1848/1848/1848 1847/1847/1847
f 1784/1784/1784 1785/1785/1785 1849/1849/1849
f 1784/1784/1784 1849/1849/1849 1848/1848/1848
f 1785/1785/1785 1786/1786/1786 1850/1850/1850
f 1785/1785/1785 1850/1850/1850 1849/1849/1849
f 1786/1786/1786 1787/1787/1787 1851/1851/1851
f 1786/1786/1786 1851/1851/1851 1850/1850/1850
f 1787/1787/1787 1788/1788/1788 1852/1852/1852
f 1787/1787/1787 1852/1852/1852 1851/1851/1851
f 1788/1788/1788 1789/1789/1789 1853/1853/1853
f 1788/1788/1788 1853/1853/1853 1852/1852/1852
f 1789/1789/1789 1790/1790/1790 1854/1854/1854
f 1789/1789/1789 1854/1854/1854 1853/1853/1853
f 1790/1790/1790 1791/1791/1791 1855/1855/1855
f 1790/1790/1790 1855/1855/1855 1854/1854/1854
f 1791/1791/1791 1792/1792/1792 1856/1856/1856
f 1791/1791/1791 1856/1856/1856 1855/1855/1855
f 1792/1792/1792 1729/1729/1729 1793/1793/1793
f 1792/1792/1792 1793/1793/1793 1856/1856/1856
f 1793/1793/1793 1794/1794/1794 1858/1858/1858
f 1793/1793/1793 1858/1858/1858 1857/1857/1857
f 1794/1794/1794 1795/1795/1795 1859/1859/1859
f 1794/1794/1794 1859/1859/1859 1858/1858/1858
f 1795/1795/1795 1796/1796/1796 1860/1860/1860
f 1795/1795/1795 1860/1860/1860 1859/1859/1859
f 1796/1796/1796 1797/1797/1797 1861/1861/1861
f 1796/1796/1796 1861/1861/1861 1860/1860/1860
f 1797/1797/1797 1798/1798/1798 1862/1862/1862
f 1797/1797/1797 1862/1862/1862 1861/1861/1861
f 1798/1798/1798 1799/1799/1799 1863/1863/1863
f 1798/1798/1798 1863/1863/1863 1862/1862/1862
f 1799/1799/1799 1800/1800/1800 1864/1864/1864
f 1799/1799/1799 1864/1864/1864 1863/1863/1863
f 1800/1800/1800 1801/1801/1801 1865/1865/1865
f 1800/1800/1800 1865/1865/1865 1864/1864/1864
f 1801/1801/1801 1802/1802/1802 1866/1866/1866
f 1801/1801/1801 1866/1866/1866 1865/1865/1865
f 1802/1802/1802 1803/1803/1803 1867/1867/1867
f 1802/1802/1802 1867/1867/1867 1866/1866/1866
f 1803/1803/1803 1804/1804/1804 1868/1868/1868
f 1803/1803/1803 1868/1868/1868 1867/1867/1867
f 1804/1804/1804 1805/1805/1805 1869/1869/1869
f 1804/1804/1804 1869/1869/1869 1868/1868/1868
f 1805/1805/1805 1806/1806/1806 1870/1870/1870
f 1805/1805/1805 1870/1870/1870 1869/1869/1869
f 1806/1806/1806 1807/1807/1807 1871/1871/1871
f 1806/1806/1806 1871/1871/1871 1870/1870/1870
f 1807/1807/1807 1808/1808/1808 1872/1872/1872
f 1807/1807/1807 1872/1872/1872 1871/1871/1871
f 1808/1808/1808 1809/1809/1809 1873/1873/1873
f 1808/1808/1808 1873/1873/1873 1872/1872/1872
f 1809/1809/1809 1810/1810/1810 1874/1874/1874
f 1809/1809/1809 1874/1874/1874 1873/1873/1873
f 1810/1810/1810 1811/1811/1811 1875/1875/1875
f 1810/1810/1810 1875/1875/1875 1874/1874/1874
f 1811/1811/1811 1812/1812/1812 1876/1876/1876
f 1811/1811/1811 1876/1876/1876 1875/1875/1875
f 1812/1812/1812 1813/1813/1813 1877/1877/1877
f 1812/1812/1812 1877/1877/1877 1876/1876/1876
f 1813/1813/1813 1814/1814/1814 1878/1878/1878
f 1813/1813/1813 1878/1878/1878 1877/1877/1877
f 1814/1814/1814 1815/1815/1815 1879/1879/1879
f 1814/1814/1814 1879/1879/1879 1878/1878/1878
f 1815/1815/1815 1816/1816/1816 1880/1880/1880
f 1815/1815/1815 1880/1880/1880 1879/1879/1879
f 1816/1816/1816 1817/1817/1817 1881/1881/1881
f 1816/1816/1816 1881/1881/1881 1880/1880/1880
f 1817/1817/1817 1818/1818/1818 1882/1882/1882
f 1817/1817/1817 1882/1882/1882 1881/1881/1881
f 1818/1818/1818 1819/1819/1819 1883/1883/1883
f 1818/1818/1818 1883/1883/1883 1882/1882/1882
f 1819/1819/1819 1820/1820/1820 1884/1884/1884
f 1819/1819/1819 1884/1884/1884 1883/1883/1883
f 1820/1820/1820 1821/1821/1821 1885/1885/1885
f 1820/1820/1820 1885/1885/1885 1884/1884/1884
f 1821/1821/1821 1822/1822/1822 1886/1886/1886
f 1821/1821/1821 1886/1886/1886 1885/1885/1885
f 1822/1822/1822 1823/1823/1823 1887/1887/1887
f 1822/1822/1822 1887/1887/1887 1886/1886/1886
f 1823/1823/1823 1824/1824/1824 1888/1888/1888
f 1823/1823/1823 1888/1888/1888 1887/1887/1887
f 1824/1824/1824 1825/1825/1825 1889/1889/1889
f 1824/1824/1824 1889/1889/1889 1888/1888/1888
f 1825/1825/1825 1826/1826/1826 1890/1890/1890
f 1825/1825/1825 1890/1890/1890 1889/1889/1889
f 1826/1826/1826 1827/1827/1827 1891/1891/1891
f 1826/1826/1826 1891/1891/1891 1890/1890/1890
f 1827/1827/1827 1828/1828/1828 1892/1892/1892
f 1827/1827/1827 1892/1892/1892 1891/1891/1891
f 1828/1828/1828 1829/1829/1829 1893/1893/1893
f 1828/1828/1828 1893/1893/1893 1892/1892/1892
f 1829/1829/1829 1830/1830/1830 1894/1894/1894
f 1829/1829/1829 1894/1894/1894 1893/1893/1893
f 1830/1830/1830 1831/1831/1831 1895/1895/1895
f 1830/1830/1830 1895/1895/1895 1894/1894/1894
f 1831/1831/1831 1832/1832/1832 1896/1896/1896
f 1831/1831/1831 1896/1896/1896 1895/1895/1895
f 1832/1832/1832 1833/1833/1833 1897/1897/1897
f 1832/1832/1832 1897/1897/1897 1896/1896/1896
f 1833/1833/1833 1834/1834/1834 1898/1898/1898
f 1833/1833/1833 1898/1898/1898 1897/1897/1897
f 1834/1834/1834 1835/1835/1835 1899/1899/1899
f 1834/1834/1834 1899/1899/1899 1898/1898/1898
f 1835/1835/1835 1836/1836/1836 1900/1900/1900
f 1835/1835/1835 1900/1900/1900 1899/1899/1899
f 1836/1836/1836 1837/1837/1837 1901/1901/1901
f 1836/1836/1836 1901/1901/1901 1900/1900/1900
f 1837/1837/1837 1838/1838/1838 1902/1902/1902
f 1837/1837/1837 1902/1902/1902 1901/1901/1901
f 1838/1838/1838 1839/1839/1839 1903/1903/1903
f 1838/1838/1838 1903/1903/1903 1902/1902/1902
f 1839/1839/1839 1840/1840/1840 1904/1904/1904
f 1839/1839/1839 1904/1904/1904 1903/1903/1903
f 1840/1840/1840 1841/1841/1841 1905/1905/1905
f 1840/1840/1840 1905/1905/1905 1904/1904/1904
f 1841/1841/1841 1842/1842/1842 1906/1906/1906
f 1841/1841/1841 1906/1906/1906 1905/1905/1905
f 1842/1842/1842 1843/1843/1843 1907/1907/1907
f 1842/1842/1842 1907/1907/1907 1906/1906/1906
f 1843/1843/1843 1844/1844/1844 1908/1908/1908
f 1843/1843/1843 1908/1908/1908 1907/1907/1907
f 1844/1844/1844 1845/1845/1845 1909/1909/1909
f 1844/1844/1844 1909/1909/1909 1908/1908/1908
f 1845/1845/1845 1846/1846/1846 1910/1910/1910
f 1845/1845/1845 1910/1910/1910 1909/1909/1909
f 1846/1846/1846 1847/1847/1847 1911/1911/1911
f 1846/1846/1846 1911/1911/1911 1910/1910/1910
f 1847/1847/1847 1848/1848/1848 1912/1912/1912
f 1847/1847/1847 1912/1912/1912 1911/1911/1911
f 1848/1848/1848 1849/1849/1849 1913/1913/1913
f 1848/1848/1848 1913/1913/1913 1912/1912/1912
f 1849/1849/1849 1850/1850/1850 1914/1914/1914
f 1849/1849/1849 1914/1914/1914 1913/1913/1913
f 1850/1850/1850 1851/1851/1851 1915/1915/1915
f 1850/1850/1850 1915/1915/1915 1914/1914/1914
f 1851/1851/1851 1852/1852/1852 1916/1916/1916
f 1851/1851/1851 1916/1916/1916 1915/1915/1915
f 1852/1852/1852 1853/1853/1853 1917/1917/1917
f 1852/1852/1852 1917/1917/1917 1916/1916/1916
f 1853/1853/1853 1854/1854/1854 1918/1918/1918
f 1853/1853/1853 1918/1918/1918 1917/1917/1917
f 1854/1854/1854 1855/1855/1855 1919/1919/1919
f 1854/1854/1854 1919/1919/1919 1918/1918/1918
f 1855/1855/1855 1856/1856/1856 1920/1920/1920
f 1855/1855/1855 1920/1920/1920 1919/1919/1919
f 1856/1856/1856 1793/1793/1793 1857/1857/1857
f 1856/1856/1856 1857/1857/1857 1920/1920/1920
f 1857/1857/1857 1858/1858/1858 1922/1922/1922
f 1857/1857/1857 1922/1922/1922 1921/1921/1921
f 1858/1858/1858 1859/1859/1859 1923/1923/1923
f 1858/1858/1858 1923/1923/1923 1922/1922/1922
f 1859/1859/1859 1860/1860/1860 1924/1924/1924
f 1859/1859/1859 1924/1924/1924 1923/1923/1923
f 1860/1860/1860 1861/1861/1861 1925/1925/1925
f 1860/1860/1860 1925/1925/1925 1924/1924/1924
f 1861/1861/1861 1862/1862/1862 1926/1926/1926
f 1861/1861/1861 1926/1926/1926 1925/1925/1925
f 1862/1862/1862 1863/1863/1863 1927/1927/1927
f 1862/1862/1862 1927/1927/1927 1926/1926/1926
f 1863/1863/1863 1864/1864/1864 1928/1928/1928
f 1863/1863/1863 1928/1928/1928 1927/1927/1927
f 1864/1864/1864 1865/1865/1865 1929/1929/1929
f 1864/1864/1864 1929/1929/1929 1928/1928/1928
f 1865/1865/1865 1866/1866/1866 1930/1930/1930
f 1865/1865/1865 1930/1930/1930 1929/1929/1929
f 1866/1866/1866 1867/1867/1867 1931/1931/1931
f 1866/1866/1866 1931/1931/1931 1930/1930/1930
f 1867/1867/1867 1868/1868/1868 1932/1932/1932
f 1867/1867/1867 1932/1932/1932 1931/1931/1931
f 1868/1868/1868 1869/1869/1869 1933/1933/1933
f 1868/1868/1868 1933/1933/1933 1932/1932/1932
f 1869/1869/1869 1870/1870/1870 1934/1934/1934
f 1869/1869/1869 1934/1934/1934 1933/1933/1933
f 1870/1870/1870 1871/1871/1871 1935/1935/1935
f 1870/1870/1870 1935/1935/1935 1934/1934/1934
f 1871/1871/1871 1872/1872/1872 1936/1936/1936
f 1871/1871/1871 1936/1936/1936 1935/1935/1935
f 1872/1872/1872 1873/1873/1873 1937/1937/1937
f 1872/1872/1872 1937/1937/1937 1936/1936/1936
f 1873/1873/1873 1874/1874/1874 1938/1938/1938
f 1873/1873/1873 1938/1938/1938 1937/1937/1937
f 1874/1874/1874 1875/1875/1875 1939/1939/1939
f 1874/1874/1874 1939/1939/1939 1938/1938/1938
f 1875/1875/1875 1876/1876/1876 1940/1940/1940
f 1875/1875/1875 1940/1940/1940 1939/1939/1939
f 1876/1876/1876 1877/1877/1877 1941/1941/1941
f 1876/1876/1876 1941/1941/1941 1940/1940/1940
f 1877/1877/1877 1878/1878/1878 1942/1942/1942
f 1877/1877/1877 1942/1942/1942 1941/1941/1941
f 1878/1878/1878 1879/1879/1879 1943/1943/1943
f 1878/1878/1878 1943/1943/1943 1942/1942/1942
f 1879/1879/1879 1880/1880/1880 1944/1944/1944
f 1879/1879/1879 1944/1944/1944 1943/1943/1943
f 1880/1880/1880 1881/1881/1881 1945/1945/1945
f 1880/1880/1880 1945/1945/1945 1944/1944/1944
f 1881/1881/1881 1882/1882/1882 1946/1946/1946
f 1881/1881/1881 1946/1946/1946 1945/1945/1945
f 1882/1882/1882 1883/1883/1883 1947/1947/1947
f 1882/1882/1882 1947/1947/1947 1946/1946/1946
f 1883/1883/1883 1884/1884/1884 1948/1948/1948
f 1883/1883/1883 1948/1948/1948 1947/1947/1947
f 1884/1884/1884 1885/1885/1885 1949/1949/1949
f 1884/1884/1884 1949/1949/1949 1948/1948/1948
f 1885/1885/1885 1886/1886/1886 1950/1950/1950
f 1885/1885/1885 1950/1950/1950 1949/1949/1949
f 1886/1886/1886 1887/1887/1887 1951/1951/1951
f 1886/1886/1886 1951/1951/1951 1950/1950/1950
f 1887/1887/1887 1888/1888/1888 1952/1952/1952
f 1887/1887/1887 1952/1952/1952 1951/1951/1951
f 1888/1888/1888 1889/1889/1889 1953/1953/1953
f 1888/1888/1888 1953/1953/1953 1952/1952/1952
f 1889/1889/1889 1890/1890/1890 1954/1954/1954
f 1889/1889/1889 1954/1954/1954 1953/1953/1953
f 1890/1890/1890 1891/1891/1891 1955/1955/1955
f 1890/1890/1890 1955/1955/1955 1954/1954/1954
f 1891/1891/1891 1892/1892/1892 1956/1956/1956
f 1891/1891/1891 1956/1956/1956 1955/1955/1955
f 1892/1892/1892 1893/1893/1893 1957/1957/1957
f 1892/1892/1892 1957/1957/1957 1956/1956/1956
f 1893/1893/1893 1894/1894/1894 1958/1958/1958
f 1893/1893/1893 1958/1958/1958 1957/1957/1957
f 1894/1894/1894 1895/1895/1895 1959/1959/1959
f 1894/1894/1894 1959/1959/1959 1958/1958/1958
f 1895/1895/1895 1896/1896/1896 1960/1960/1960
f 1895/1895/1895 1960/1960/1960 1959/1959/1959
f 1896/1896/1896 1897/1897/1897 1961/1961/1961
f 1896/1896/1896 1961/1961/1961 1960/1960/1960
f 1897/1897/1897 1898/1898/1898 1962/1962/1962
f 1897/1897/1897 1962/1962/1962 1961/1961/1961
f 1898/1898/1898 1899/1899/1899 1963/1963/1963
f 1898/1898/1898 1963/1963/1963 1962/1962/1962
f 1899/1899/1899 1900/1900/1900 1964/1964/1964
f 1899/1899/1899 1964/1964/1964 1963/1963/1963
f 1900/1900/1900 1901/1901/1901 1965/1965/1965
f 1900/1900/1900 1965/1965/1965 1964/1964/1964
f 1901/1901/1901 1902/1902/1902 1966/1966/1966
f 1901/1901/1901 1966/1966/1966 1965/1965/1965
f 1902/1902/1902 1903/1903/1903 1967/1967/1967
f 1902/1902/1902 1967/1967/1967 1966/1966/1966
f 1903/1903/1903 1904/1904/1904 1968/1968/1968
f 1903/1903/1903 1968/1968/1968 1967/1967/1967
f 1904/1904/1904 1905/1905/1905 1969/1969/1969
f 1904/1904/1904 1969/1969/1969 1968/1968/1968
f 1905/1905/1905 1906/1906/1906 1970/1970/1970
f 1905/1905/1905 1970/1970/1970 1969/1969/1969
f 1906/1906/1906 1907/1907/1907 1971/1971/1971
f 1906/1906/1906 1971/1971/1971 1970/1970/1970
f 1907/1907/1907 1908/1908/1908 1972/1972/1972
f 1907/1907/1907 1972/1972/1972 1971/1971/1971
f 1908/1908/1908 1909/1909/1909 1973/1973/1973
f 1908/1908/1908 1973/1973/1973 1972/1972/1972
f 1909/1909/1909 1910/1910/1910 1974/1974/1974
f 1909/1909/1909 1974/1974/1974 1973/1973/1973
f 1910/1910/1910 1911/1911/1911 1975/1975/1975
f 1910/1910/1910 1975/1975/1975 1974/1974/1974
f 1911/1911/1911 1912/1912/1912 1976/1976/1976
f 1911/1911/1911 1976/1976/1976 1975/1975/1975
f 1912/1912/1912 1913/1913/1913 1977/1977/1977
f 1912/1912/1912 1977/1977/1977 1976/1976/1976
f 1913/1913/1913 1914/1914/1914 1978/1978/1978
f 1913/1913/1913 1978/1978/1978 1977/1977/1977
f 1914/1914/1914 1915/1915/1915 1979/1979/1979
f 1914/1914/1914 1979/1979/1979 1978/1978/1978
f 1915/1915/1915 1916/1916/1916 1980/1980/1980
f 1915/1915/1915 1980/1980/1980 1979/1979/1979
f 1916/1916/1916 1917/1917/1917 1981/1981/1981
f 1916/1916/1916 1981/1981/1981 1980/1980/1980
f 1917/1917/1917 1918/1918/1918 1982/1982/1982
f 1917/1917/1917 1982/1982/1982 1981/1981/1981
f 1918/1918/1918 1919/1919/1919 1983/1983/1983
f 1918/1918/1918 1983/1983/1983 1982/1982/1982
f 1919/1919/1919 1920/1920/1920 1984/1984/1984
f 1919/1919/1919 1984/1984/1984 1983/1983/1983
f 1920/1920/1920 1857/1857/1857 1921/1921/1921
f 1920/1920/1920 1921/1921/1921 1984/1984/1984
f 1921/1921/1921 1922/1922/1922 1986/1986/1986
f 1921/1921/1921 1986/1986/1986 1985/1985/1985
f 1922/1922/1922 1923/1923/1923 1987/1987/1987
f 1922/1922/1922 1987/1987/1987 1986/1986/1986
f 1923/1923/1923 1924/1924/1924 1988/1988/1988
f 1923/1923/1923 1988/1988/1988 1987/1987/1987
f 1924/1924/1924 1925/1925/1925 1989/1989/1989
f 1924/1924/1924 1989/1989/1989 1988/1988/1988
f 1925/1925/1925 1926/1926/1926 1990/1990/1990
f 1925/1925/1925 1990/1990/1990 1989/1989/1989
f 1926/1926/1926 1927/1927/1927 1991/1991/1991
f 1926/1926/1926 1991/1991/1991 1990/1990/1990
f 1927/1927/1927 1928/1928/1928 1992/1992/1992
f 1927/1927/1927 1992/1992/1992 1991/1991/1991
f 1928/1928/1928 1929/1929/1929 1993/1993/1993
f 1928/1928/1928 1993/1993/1993 1992/1992/1992
f 1929/1929/1929 1930/1930/1930 1994/1994/1994
f 1929/1929/1929 1994/1994/1994 1993/1993/1993
f 1930/1930/1930 1931/1931/1931 1995/1995/1995
f 1930/1930/1930 1995/1995/1995 1994/1994/1994
f 1931/1931/1931 1932/1932/1932 1996/1996/1996
f 1931/1931/1931 1996/1996/1996 1995/1995/1995
f 1932/1932/1932 1933/1933/1933 1997/1997/1997
f 1932/1932/1932 1997/1997/1997 1996/1996/1996
f 1933/1933/1933 1934/1934/1934 1998/1998/1998
f 1933/1933/1933 1998/1998/1998 1997/1997/1997
f 1934/1934/1934 1935/1935/1935 1999/1999/1999
f 1934/1934/1934 1999/1999/1999 1998/1998/1998
f 1935/1935/1935 1936/1936/1936 2000/2000/2000
f 1935/1935/1935 2000/2000/2000 1999/1999/1999
f 1936/1936/1936 1937/1937/1937 2001/2001/2001
f 1936/1936/1936 2001/2001/2001 2000/2000/2000
f 1937/1937/1937 1938/1938/1938 2002/2002/2002
f 1937/1937/1937 2002/2002/2002 2001/2001/2001
f 1938/1938/1938 1939/1939/1939 2003/2003/2003
f 1938/1938/1938 2003/2003/2003 2002/2002/2002
f 1939/1939/1939 1940/1940/1940 2004/2004/2004
f 1939/1939/1939 2004/2004/2004 2003/2003/2003
f 1940/1940/1940 1941/1941/1941 2005/2005/2005
f 1940/1940/1940 2005/2005/2005 2004/2004/2004
f 1941/1941/1941 1942/1942/1942 2006/2006/2006
f 1941/1941/1941 2006/2006/2006 2005/2005/2005
f 1942/1942/1942 1943/1943/1943 2007/2007/2007
f 1942/1942/1942 2007/2007/2007 2006/2006/2006
f 1943/1943/1943 1944/1944/1944 2008/2008/2008
f 1943/1943/1943 2008/2008/2008 2007/2007/2007
f 1944/1944/1944 1945/1945/1945 2009/2009/2009
f 1944/1944/1944 2009/2009/2009 2008/2008/2008
f 1945/1945/1945 1946/1946/1946 2010/2010/2010
f 1945/1945/1945 2010/2010/2010 2009/2009/2009
f 1946/1946/1946 1947/1947/1947 2011/2011/2011
f 1946/1946/1946 2011/2011/2011 2010/2010/2010
f 1947/1947/1947 1948/1948/1948 2012/2012/2012
f 1947/1947/1947 2012/2012/2012 2011/2011/2011
f 1948/1948/1948 1949/1949/1949 2013/2013/2013
f 1948/1948/1948 2013/2013/2013 2012/2012/2012
f 1949/1949/1949 1950/1950/1950 2014/2014/2014
f 1949/1949/1949 2014/2014/2014 2013/2013/2013
f 1950/1950/1950 1951/1951/1951 2015/2015/2015
f 1950/1950/1950 2015/2015/2015 2014/2014/2014
f 1951/1951/1951 1952/1952/1952 2016/2016/2016
f 1951/1951/1951 2016/2016/2016 2015/2015/2015
f 1952/1952/1952 1953/1953/1953 2017/2017/2017
f 1952/1952/1952 2017/2017/2017 2016/2016/2016
f 1953/1953/1953 1954/1954/1954 2018/2018/2018
f 1953/1953/1953 2018/2018/2018 2017/2017/2017
f 1954/1954/1954 1955/1955/1955 2019/2019/2019
f 1954/1954/1954 2019/2019/2019 2018/2018/2018
f 1955/1955/1955 1956/1956/1956 2020/2020/2020
f 1955/1955/1955 2020/2020/2020 2019/2019/2019
f 1956/1956/1956 1957/1957/1957 2021/2021/2021
f 1956/1956/1956 2021/2021/2021 2020/2020/2020
f 1957/1957/1957 1958/1958/1958 2022/2022/2022
f 1957/1957/1957 2022/2022/2022 2021/2021/2021
f 1958/1958/1958 1959/1959/1959 2023/2023/2023
f 1958/1958/1958 2023/2023/2023 2022/2022/2022
f 1959/1959/1959 1960/1960/1960 2024/2024/2024
f 1959/1959/1959 2024/2024/2024 2023/2023/2023
f 1960/1960/1960 1961/1961/1961 2025/2025/2025
f 1960/1960/1960 2025/2025/2025 2024/2024/2024
f 1961/1961/1961 1962/1962/1962 2026/2026/2026
f 1961/1961/1961 2026/2026/2026 2025/2025/2025
f 1962/1962/1962 1963/1963/1963 2027/2027/2027
f 1962/1962/1962 2027/2027/2027 2026/2026/2026
f 1963/1963/1963 1964/1964/1964 2028/2028/2028
f 1963/1963/1963 2028/2028/2028 2027/2027/2027
f 1964/1964/1964 1965/1965/1965 2029/2029/2029
f 1964/1964/1964 2029/2029/2029 2028/2028/2028
f 1965/1965/1965 1966/1966/1966 2030/2030/2030
f 1965/1965/1965 2030/2030/2030 2029/2029/2029
f 1966/1966/1966 1967/1967/1967 2031/2031/2031
f 1966/1966/1966 2031/2031/2031 2030/2030/2030
f 1967/1967/1967 1968/1968/1968 2032/2032/2032
f 1967/1967/1967 2032/2032/2032 2031/2031/2031
f 1968/1968/1968 1969/1969/1969 2033/2033/2033
f 1968/1968/1968 2033/2033/2033 2032/2032/2032
f 1969/1969/1969 1970/1970/1970 2034/2034/2034
f 1969/1969/1969 2034/2034/2034 2033/2033/2033
f 1970/1970/1970 1971/1971/1971 2035/2035/2035
f 1970/1970/1970 2035/2035/2035 2034/2034/2034
f 1971/1971/1971 1972/1972/1972 2036/2036/2036
f 1971/1971/1971 2036/2036/2036 2035/2035/2035
f 1972/1972/1972 1973/1973/1973 2037/2037/2037
f 1972/1972/1972 2037/2037/2037 2036/2036/2036
f 1973/1973/1973 1974/1974/1974 2038/2038/2038
f 1973/1973/1973 2038/2038/2038 2037/2037/2037
f 1974/1974/1974 1975/1975/1975 2039/2039/2039
f 1974/1974/1974 2039/2039/2039 2038/2038/2038
f 1975/1975/1975 1976/1976/1976 2040/2040/2040
f 1975/1975/1975 2040/2040/2040 2039/2039/2039
f 1976/1976/1976 1977/1977/1977 2041/2041/2041
f 1976/1976/1976 2041/2041/2041 2040/2040/2040
f 1977/1977/1977 1978/1978/1978 2042/2042/2042
f 1977/1977/1977 2042/2042/2042 2041/2041/2041
f 1978/1978/1978 1979/1979/1979 2043/2043/2043
f 1978/1978/1978 2043/2043/2043 2042/2042/2042
f 1979/1979/1979 1980/1980/1980 2044/2044/2044
f 1979/1979/1979 2044/2044/2044 2043/2043/2043
f 1980/1980/1980 1981/1981/1981 2045/2045/2045
f 1980/1980/1980 2045/2045/2045 2044/2044/2044
f 1981/1981/1981 1982/1982/1982 2046/2046/2046
f 1981/1981/1981 2046/2046/2046 2045/2045/2045
f 1982/1982/1982 1983/1983/1983 2047/2047/2047
f 1982/1982/1982 2047/2047/2047 2046/2046/2046
f 1983/1983/1983 1984/1984/1984 2048/2048/2048
f 1983/1983/1983 2048/2048/2048 2047/2047/2047
f 1984/1984/1984 1921/1921/1921 1985/1985/1985
f 1984/1984/1984 1985/1985/1985 2048/2048/2048
f 1985/1985/1985 1986/1986/1986 2049/2049/2049
f 1986/1986/1986 1987/1987/1987 2049/2049/2049
f 1987/1987/1987 1988/1988/1988 2049/2049/2049
f 1988/1988/1988 1989/1989/1989 2049/2049/2049
f 1989/1989/1989 1990/1990/1990 2049/2049/2049
f 1990/1990/1990 1991/1991/1991 2049/2049/2049
f 1991/1991/1991 1992/1992/1992 2049/2049/2049
f 1992/1992/1992 1993/1993/1993 2049/2049/2049
f 1993/1993/1993 1994/1994/1994 2049/2049/2049
f 1994/1994/1994 1995/1995/1995 2049/2049/2049
f 1995/1995/1995 1996/1996/1996 2049/2049/2049
f 1996/1996/1996 1997/1997/1997 2049/2049/2049
f 1997/1997/1997 1998/1998/1998 2049/2049/2049
f 1998/1998/1998 1999/1999/1999 2049/2049/2049
f 1999/1999/1999 2000/2000/2000 2049/2049/2049
f 2000/2000/2000 2001/2001/2001 2049/2049/2049
f 2001/2001/2001 2002/2002/2002 2049/2049/2049
f 2002/2002/2002 2003/2003/2003 2049/2049/2049
f 2003/2003/2003 2004/2004/2004 2049/2049/2049
f 2004/2004/2004 2005/2005/2005 2049/2049/2049
f 2005/2005/2005 2006/2006/2006 2049/2049/2049
f 2006/2006/2006 2007/2007/2007 2049/2049/2049
f 2007/2007/2007 2008/2008/2008 2049/2049/2049
f 2008/2008/2008 2009/2009/2009 2049/2049/2049
f 2009/2009/2009 2010/2010/2010 2049/2049/2049
f 2010/2010/2010 2011/2011/2011 2049/2049/2049
f 2011/2011/2011 2012/2012/2012 2049/2049/2049
f 2012/2012/2012 2013/2013/2013 2049/2049/2049
f 2013/2013/2013 2014/2014/2014 2049/2049/2049
f 2014/2014/2014 2015/2015/2015 2049/2049/2049
f 2015/2015/2015 2016/2016/2016 2049/2049/2049
f 2016/2016/2016 2017/2017/2017 2049/2049/2049
f 2017/2017/2017 2018/2018/2018 2049/2049/2049
f 2018/2018/2018 2019/2019/2019 2049/2049/2049
f 2019/2019/2019 2020/2020/2020 2049/2049/2049
f 2020/2020/2020 2021/2021/2021 2049/2049/2049
f 2021/2021/2021 2022/2022/2022 2049/2049/2049
f 2022/2022/2022 2023/2023/2023 2049/2049/2049
f 2023/2023/2023 2024/2024/2024 2049/2049/2049
f 2024/2024/2024 2025/2025/2025 2049/2049/2049
f 2025/2025/2025 2026/2026/2026 2049/2049/2049
f 2026/2026/2026 2027/2027/2027 2049/2049/2049
f 2027/2027/2027 2028/2028/2028 2049/2049/2049
f 2028/2028/2028 2029/2029/2029 2049/2049/2049
f 2029/2029/2029 2030/2030/2030 2049/2049/2049
f 2030/2030/2030 2031/2031/2031 2049/2049/2049
f 2031/2031/2031 2032/2032/2032 2049/2049/2049
f 2032/2032/2032 2033/2033/2033 2049/2049/2049
f 2033/2033/2033 2034/2034/2034 2049/2049/2049
f 2034/2034/2034 2035/2035/2035 2049/2049/2049
f 2035/2035/2035 2036/2036/2036 2049/2049/2049
f 2036/2036/2036 2037/2037/2037 2049/2049/2049
f 2037/2037/2037 2038/2038/2038 2049/2049/2049
f 2038/2038/2038 2039/2039/2039 2049/2049/2049
f 2039/2039/2039 2040/2040/2040 2049/2049/2049
f 2040/2040/2040 2041/2041/2041 2049/2049/2049
f 2041/2041/2041 2042/2042/2042 2049/2049/2049
f 2042/2042/2042 2043/2043/2043 2049/2049/2049
f 2043/2043/2043 2044/2044/2044 2049/2049/2049
f 2044/2044/2044 2045/2045/2045 2049/2049/2049
f 2045/2045/2045 2046/2046/2046 2049/2049/2049
f 2046/2046/2046 2047/2047/2047 2049/2049/2049
f 2047/2047/2047 2048/2048/2048 2049/2049/2049
f 2048/2048/2048 1985/1985/1985 2049/2049/2049
f 2/2/2 1/1/1 2050/2050/2050
f 3/3/3 2/2/2 2050/2050/2050
f 4/4/4 3/3/3 2050/2050/2050
f 5/5/5 4/4/4 2050/2050/2050
f 6/6/6 5/5/5 2050/2050/2050
f 7/7/7 6/6/6 2050/2050/2050
f 8/8/8 7/7/7 2050/2050/2050
f 9/9/9 8/8/8 2050/2050/2050
f 10/10/10 9/9/9 2050/2050/2050
f 11/11/11 10/10/10 2050/2050/2050
f 12/12/12 11/11/11 2050/2050/2050
f 13/13/13 12/12/12 2050/2050/2050
f 14/14/14 13/13/13 2050/2050/2050
f 15/15/15 14/14/14 2050/2050/2050
f 16/16/16 15/15/15 2050/2050/2050
f 17/17/17 16/16/16 2050/2050/2050
f 18/18/18 17/17/17 2050/2050/2050
f 19/19/19 18/18/18 2050/2050/2050
f 20/20/20 19/19/19 2050/2050/2050
f 21/21/21 20/20/20 2050/2050/2050
f 22/22/22 21/21/21 2050/2050/2050
f 23/23/23 22/22/22 2050/2050/2050
f 24/24/24 23/23/23 2050/2050/2050
f 25/25/25 24/24/24 2050/2050/2050
f 26/26/26 25/25/25 2050/2050/2050
f 27/27/27 26/26/26 2050/2050/2050
f 28/28/28 27/27/27 2050/2050/2050
f 29/29/29 28/28/28 2050/2050/2050
f 30/30/30 29/29/29 2050/2050/2050
f 31/31/31 30/30/30 2050/2050/2050
f 32/32/32 31/31/31 2050/2050/2050
f 33/33/33 32/32/32 2050/2050/2050
f 34/34/34 33/33/33 2050/2050/2050
f 35/35/35 34/34/34 2050/2050/2050
f 36/36/36 35/35/35 2050/2050/2050
f 37/37/37 36/36/36 2050/2050/2050
f 38/38/38 37/37/37 2050/2050/2050
f 39/39/39 38/38/38 2050/2050/2050
f 40/40/40 39/39/39 2050/2050/2050
f 41/41/41 40/40/40 2050/2050/2050
f 42/42/42 41/41/41 2050/2050/2050
f 43/43/43 42/42/42 2050/2050/2050
f 44/44/44 43/43/43 2050/2050/2050
f 45/45/45 44/44/44 2050/2050/2050
f 46/46/46 45/45/45 2050/2050/2050
f 47/47/47 46/46/46 2050/2050/2050
f 48/48/48 47/47/47 2050/2050/2050
f 49/49/49 48/48/48 2050/2050/2050
f 50/50/50 49/49/49 2050/2050/2050
f 51/51/51 50/50/50 2050/2050/2050
f 52/52/52 51/51/51 2050/2050/2050
f 53/53/53 52/52/52 2050/2050/2050
f 54/54/54 53/53/53 2050/2050/2050
f 55/55/55 54/54/54 2050/2050/2050
f 56/56/56 55/55/55 2050/2050/2050
f 57/57/57 56/56/56 2050/2050/2050
f 58/58/58 57/57/57 2050/2050/2050
f 59/59/59 58/58/58 2050/2050/2050
f 60/60/60 59/59/59 2050/2050/2050
f 61/61/61 60/60/60 2050/2050/2050
f 62/62/62 61/61/61 2050/2050/2050
f 63/63/63 62/62/62 2050/2050/2050
f 64/64/64 63/63/63 2050/2050/2050
f 1/1/1 64/64/64 2050/2050/2050