# 3D Model V:3074 F:6144

v -0.321496 -0.500000 -0.313470
v -0.321912 -0.500000 -0.311864
v -0.323027 -0.500000 -0.310546
v -0.324491 -0.500000 -0.309371
v -0.325951 -0.500000 -0.308195
v -0.352852 -0.500000 -0.230418
v -0.357351 -0.500000 -0.148728
v -0.359993 -0.500000 -0.066273
v -0.358999 -0.500000 0.017681
v -0.362911 -0.500000 0.099613
v -0.359650 -0.500000 0.264925
v -0.315907 -0.500000 0.328632
v -0.242231 -0.500000 0.353428
v -0.160284 -0.500000 0.362162
v -0.075557 -0.500000 0.356658
v 0.089328 -0.500000 0.349161
v 0.172578 -0.500000 0.347351
v 0.254199 -0.500000 0.341630
v 0.323112 -0.500000 0.306796
v 0.354596 -0.500000 0.155489
v 0.350624 -0.500000 0.073582
v 0.346412 -0.500000 -0.008226
v 0.342178 -0.500000 -0.090026
v 0.337104 -0.500000 -0.171479
v 0.300327 -0.500000 -0.323354
v 0.299031 -0.500000 -0.324039
v 0.297845 -0.500000 -0.325098
v 0.296553 -0.500000 -0.326191
v 0.295092 -0.500000 -0.327127
v 0.218887 -0.500000 -0.356699
v 0.134108 -0.500000 -0.362522
v 0.052154 -0.500000 -0.359457
v -0.029281 -0.500000 -0.355225
v -0.110876 -0.500000 -0.352623
v -0.273558 -0.500000 -0.343710
v -0.334233 -0.500000 -0.296558
v -0.353793 -0.500000 -0.221874
v -0.356946 -0.500000 -0.140432
v -0.356990 -0.500000 0.025033
v -0.361596 -0.500000 0.105877
v -0.359378 -0.500000 0.189553
v -0.358401 -0.500000 0.268529
v -0.313417 -0.500000 0.330663
v -0.158379 -0.500000 0.362522
v -0.074803 -0.500000 0.356273
v 0.005342 -0.500000 0.348945
v 0.088648 -0.500000 0.349206
v 0.171051 -0.500000 0.347299
v 0.321620 -0.500000 0.309347
v 0.322203 -0.500000 0.307370
v 0.323651 -0.500000 0.305748
v 0.325508 -0.500000 0.304296
v 0.327323 -0.500000 0.302826
v 0.362942 -0.500000 0.225675
v 0.353446 -0.500000 0.144295
v 0.350341 -0.500000 0.063499
v 0.345876 -0.500000 -0.016737
v 0.337171 -0.500000 -0.177302
v 0.332284 -0.500000 -0.257364
v 0.298201 -0.500000 -0.325115
v 0.228885 -0.500000 -0.355965
v 0.145957 -0.500000 -0.360373
v -0.019201 -0.500000 -0.360568
v -0.099308 -0.500000 -0.355977
v -0.179646 -0.500000 -0.350726
v -0.260907 -0.500000 -0.347686
v -0.326184 -0.500000 -0.308132
v -0.354288 -0.500000 -0.155562
v -0.358856 -0.500000 -0.075369
v -0.358372 -0.500000 0.006906
v -0.361098 -0.500000 0.087858
v -0.362942 -0.500000 0.169192
v -0.328353 -0.500000 0.318607
v -0.327064 -0.500000 0.319321
v -0.325826 -0.500000 0.320337
v -0.324414 -0.500000 0.321323
v -0.321858 -0.500000 0.323391
v -0.247774 -0.500000 0.352713
v -0.166756 -0.500000 0.359910
v -0.081996 -0.500000 0.357391
v -0.000742 -0.500000 0.351877
v 0.164981 -0.500000 0.348563
v 0.246273 -0.500000 0.343138
v 0.317219 -0.500000 0.312888
v 0.355576 -0.500000 0.246096
v 0.355298 -0.500000 0.165056
v 0.346064 -0.500000 0.002672
v 0.342744 -0.500000 -0.079054
v 0.337513 -0.500000 -0.159993
v 0.334846 -0.500000 -0.241988
v 0.308956 -0.500000 -0.314399
v 0.161282 -0.500000 -0.355888
v 0.076917 -0.500000 -0.357754
v -0.007573 -0.500000 -0.360385
v -0.087714 -0.500000 -0.353059
v -0.252748 -0.500000 -0.348095
v -0.350059 -0.467742 -0.341320
v -0.350512 -0.467742 -0.339571
v -0.351726 -0.467742 -0.338135
v -0.353319 -0.467742 -0.336856
v -0.354909 -0.467742 -0.335575
v -0.384200 -0.467742 -0.250889
v -0.389099 -0.467742 -0.161941
v -0.391976 -0.467742 -0.072160
v -0.390893 -0.467742 0.019251
v -0.395153 -0.467742 0.108462
v -0.391602 -0.467742 0.288462
v -0.343972 -0.467742 0.357828
v -0.263751 -0.467742 0.384828
v -0.174524 -0.467742 0.394337
v -0.082269 -0.467742 0.388344
v 0.097264 -0.467742 0.380181
v 0.187910 -0.467742 0.378210
v 0.276783 -0.467742 0.371981
v 0.351818 -0.467742 0.334052
v 0.386099 -0.467742 0.169303
v 0.381774 -0.467742 0.080119
v 0.377188 -0.467742 -0.008957
v 0.372578 -0.467742 -0.098024
v 0.367053 -0.467742 -0.186713
v 0.327009 -0.467742 -0.352082
v 0.325598 -0.467742 -0.352828
v 0.324306 -0.467742 -0.353980
v 0.322899 -0.467742 -0.355171
v 0.321309 -0.467742 -0.356190
v 0.238334 -0.467742 -0.388389
v 0.146023 -0.467742 -0.394730
v 0.056787 -0.467742 -0.391392
v -0.031882 -0.467742 -0.386784
v -0.120726 -0.467742 -0.383951
v -0.297861 -0.467742 -0.374246
v -0.363927 -0.467742 -0.322905
v -0.385225 -0.467742 -0.241586
v -0.388658 -0.467742 -0.152908
v -0.388706 -0.467742 0.027257
v -0.393721 -0.467742 0.115283
v -0.391306 -0.467742 0.206394
v -0.390242 -0.467742 0.292386
v -0.341262 -0.467742 0.360040
v -0.172450 -0.467742 0.394730
v -0.081448 -0.467742 0.387926
v 0.005817 -0.467742 0.379946
v 0.096524 -0.467742 0.380230
v 0.186248 -0.467742 0.378154
v 0.350193 -0.467742 0.336830
v 0.350828 -0.467742 0.334677
v 0.352404 -0.467742 0.332912
v 0.354427 -0.467742 0.331330
v 0.356403 -0.467742 0.329729
v 0.395187 -0.467742 0.245724
v 0.384847 -0.467742 0.157115
v 0.381467 -0.467742 0.069140
v 0.376604 -0.467742 -0.018224
v 0.367126 -0.467742 -0.193054
v 0.361805 -0.467742 -0.280229
v 0.324694 -0.467742 -0.353999
v 0.249220 -0.467742 -0.387590
v 0.158924 -0.467742 -0.392389
v -0.020907 -0.467742 -0.392602
v -0.108131 -0.467742 -0.387602
v -0.195606 -0.467742 -0.381885
v -0.284087 -0.467742 -0.378576
v -0.355162 -0.467742 -0.335508
v -0.385763 -0.467742 -0.169383
v -0.390737 -0.467742 -0.082065
v -0.390210 -0.467742 0.007519
v -0.393179 -0.467742 0.095664
v -0.395187 -0.467742 0.184223
v -0.357525 -0.467742 0.346913
v -0.356121 -0.467742 0.347691
v -0.354773 -0.467742 0.348797
v -0.353236 -0.467742 0.349870
v -0.350453 -0.467742 0.352122
v -0.269786 -0.467742 0.384049
v -0.181571 -0.467742 0.391886
v -0.089281 -0.467742 0.389143
v -0.000808 -0.467742 0.383138
v 0.179638 -0.467742 0.379530
v 0.268153 -0.467742 0.373623
v 0.345401 -0.467742 0.340686
v 0.387166 -0.467742 0.267960
v 0.386863 -0.467742 0.179720
v 0.376809 -0.467742 0.002909
v 0.373194 -0.467742 -0.086077
v 0.367499 -0.467742 -0.174207
v 0.364595 -0.467742 -0.263487
v 0.336405 -0.467742 -0.342331
v 0.175611 -0.467742 -0.387505
v 0.083751 -0.467742 -0.389537
v -0.008246 -0.467742 -0.392402
v -0.095506 -0.467742 -0.384425
v -0.275203 -0.467742 -0.379020
v -0.372511 -0.435484 -0.363212
v -0.372994 -0.435484 -0.361351
v -0.374286 -0.435484 -0.359823
v -0.375981 -0.435484 -0.358462
v -0.377673 -0.435484 -0.357099
v -0.408843 -0.435484 -0.266981
v -0.414056 -0.435484 -0.172328
v -0.417117 -0.435484 -0.076789
v -0.415965 -0.435484 0.020486
v -0.420498 -0.435484 0.115419
v -0.416719 -0.435484 0.306964
v -0.366035 -0.435484 0.380779
v -0.280668 -0.435484 0.409510
v -0.185718 -0.435484 0.419630
v -0.087546 -0.435484 0.413253
v 0.103503 -0.435484 0.404565
v 0.199963 -0.435484 0.402469
v 0.294535 -0.435484 0.395840
v 0.374383 -0.435484 0.355478
v 0.410863 -0.435484 0.180163
v 0.406261 -0.435484 0.085258
v 0.401381 -0.435484 -0.009532
v 0.396475 -0.435484 -0.104311
v 0.390595 -0.435484 -0.198689
v 0.347983 -0.435484 -0.374664
v 0.346482 -0.435484 -0.375458
v 0.345107 -0.435484 -0.376684
v 0.343610 -0.435484 -0.377952
v 0.341918 -0.435484 -0.379036
v 0.253620 -0.435484 -0.413300
v 0.155388 -0.435484 -0.420047
v 0.060430 -0.435484 -0.416496
v -0.033927 -0.435484 -0.411592
v -0.128469 -0.435484 -0.408577
v -0.316966 -0.435484 -0.398250
v -0.387269 -0.435484 -0.343616
v -0.409934 -0.435484 -0.257082
v -0.413587 -0.435484 -0.162716
v -0.413638 -0.435484 0.029005
v -0.418974 -0.435484 0.122677
v -0.416404 -0.435484 0.219632
v -0.415272 -0.435484 0.311139
v -0.363151 -0.435484 0.383133
v -0.183511 -0.435484 0.420047
v -0.086672 -0.435484 0.412807
v 0.006190 -0.435484 0.404316
v 0.102715 -0.435484 0.404618
v 0.198194 -0.435484 0.402409
v 0.372654 -0.435484 0.358434
v 0.373330 -0.435484 0.356143
v 0.375008 -0.435484 0.354264
v 0.377160 -0.435484 0.352582
v 0.379262 -0.435484 0.350878
v 0.420534 -0.435484 0.261485
v 0.409531 -0.435484 0.167192
v 0.405934 -0.435484 0.073575
v 0.400760 -0.435484 -0.019393
v 0.390673 -0.435484 -0.205436
v 0.385011 -0.435484 -0.298203
v 0.345519 -0.435484 -0.376705
v 0.265205 -0.435484 -0.412450
v 0.169117 -0.435484 -0.417557
v -0.022248 -0.435484 -0.417783
v -0.115066 -0.435484 -0.412463
v -0.208152 -0.435484 -0.406379
v -0.302308 -0.435484 -0.402857
v -0.377942 -0.435484 -0.357027
v -0.410506 -0.435484 -0.180247
v -0.415799 -0.435484 -0.087328
v -0.415238 -0.435484 0.008002
v -0.418398 -0.435484 0.101799
v -0.420534 -0.435484 0.196039
v -0.380456 -0.435484 0.369164
v -0.378963 -0.435484 0.369991
v -0.377528 -0.435484 0.371168
v -0.375892 -0.435484 0.372311
v -0.372931 -0.435484 0.374707
v -0.287091 -0.435484 0.408682
v -0.193217 -0.435484 0.417021
v -0.095008 -0.435484 0.414102
v -0.000860 -0.435484 0.407713
v 0.191160 -0.435484 0.403873
v 0.285352 -0.435484 0.397587
v 0.367555 -0.435484 0.362538
v 0.411998 -0.435484 0.285147
v 0.411677 -0.435484 0.191247
v 0.400978 -0.435484 0.003096
v 0.397130 -0.435484 -0.091598
v 0.391070 -0.435484 -0.185381
v 0.387980 -0.435484 -0.280387
v 0.357982 -0.435484 -0.364288
v 0.186875 -0.435484 -0.412360
v 0.089123 -0.435484 -0.414522
v -0.008775 -0.435484 -0.417571
v -0.101632 -0.435484 -0.409082
v -0.292854 -0.435484 -0.403331
v -0.373009 -0.403226 -0.363697
v -0.373492 -0.403226 -0.361833
v -0.374785 -0.403226 -0.360304
v -0.376483 -0.403226 -0.358940
v -0.378177 -0.403226 -0.357576
v -0.409389 -0.403226 -0.267337
v -0.414608 -0.403226 -0.172558
v -0.417674 -0.403226 -0.076891
v -0.416520 -0.403226 0.020514
v -0.421059 -0.403226 0.115573
v -0.417275 -0.403226 0.307374
v -0.366524 -0.403226 0.381288
v -0.281042 -0.403226 0.410057
v -0.185966 -0.403226 0.420190
v -0.087663 -0.403226 0.413804
v 0.103641 -0.403226 0.405106
v 0.200230 -0.403226 0.403006
v 0.294929 -0.403226 0.396369
v 0.374883 -0.403226 0.355953
v 0.411412 -0.403226 0.180403
v 0.406804 -0.403226 0.085372
v 0.401917 -0.403226 -0.009544
v 0.397005 -0.403226 -0.104450
v 0.391117 -0.403226 -0.198954
v 0.348448 -0.403226 -0.375165
v 0.346944 -0.403226 -0.375959
v 0.345568 -0.403226 -0.377187
v 0.344069 -0.403226 -0.378456
v 0.342374 -0.403226 -0.379542
v 0.253959 -0.403226 -0.413852
v 0.155596 -0.403226 -0.420608
v 0.060511 -0.403226 -0.417052
v -0.033972 -0.403226 -0.412142
v -0.128641 -0.403226 -0.409123
v -0.317389 -0.403226 -0.398782
v -0.387786 -0.403226 -0.344074
v -0.410481 -0.403226 -0.257425
v -0.414139 -0.403226 -0.162933
v -0.414190 -0.403226 0.029044
v -0.419534 -0.403226 0.122841
v -0.416960 -0.403226 0.219925
v -0.415826 -0.403226 0.311555
v -0.363635 -0.403226 0.383644
v -0.183756 -0.403226 0.420608
v -0.086788 -0.403226 0.413358
v 0.006198 -0.403226 0.404856
v 0.102852 -0.403226 0.405158
v 0.198458 -0.403226 0.402946
v 0.373152 -0.403226 0.358913
v 0.373829 -0.403226 0.356619
v 0.375508 -0.403226 0.354737
v 0.377664 -0.403226 0.353052
v 0.379769 -0.403226 0.351346
v 0.421095 -0.403226 0.261834
v 0.410077 -0.403226 0.167415
v 0.406476 -0.403226 0.073673
v 0.401295 -0.403226 -0.019419
v 0.391195 -0.403226 -0.205711
v 0.385525 -0.403226 -0.298601
v 0.345981 -0.403226 -0.377208
v 0.265559 -0.403226 -0.413000
v 0.169343 -0.403226 -0.418114
v -0.022278 -0.403226 -0.418341
v -0.115220 -0.403226 -0.413014
v -0.208430 -0.403226 -0.406921
v -0.302712 -0.403226 -0.403395
v -0.378447 -0.403226 -0.357504
v -0.411054 -0.403226 -0.180488
v -0.416354 -0.403226 -0.087445
v -0.415792 -0.403226 0.008012
v -0.418956 -0.403226 0.101935
v -0.421095 -0.403226 0.196301
v -0.380964 -0.403226 0.369657
v -0.379469 -0.403226 0.370485
v -0.378032 -0.403226 0.371664
v -0.376394 -0.403226 0.372808
v -0.373429 -0.403226 0.375207
v -0.287474 -0.403226 0.409227
v -0.193475 -0.403226 0.417578
v -0.095134 -0.403226 0.414655
v -0.000861 -0.403226 0.408257
v 0.191416 -0.403226 0.404412
v 0.285733 -0.403226 0.398118
v 0.368046 -0.403226 0.363022
v 0.412548 -0.403226 0.285527
v 0.412226 -0.403226 0.191502
v 0.401513 -0.403226 0.003100
v 0.397661 -0.403226 -0.091721
v 0.391592 -0.403226 -0.185628
v 0.388498 -0.403226 -0.280762
v 0.358460 -0.403226 -0.364774
v 0.187124 -0.403226 -0.412910
v 0.089242 -0.403226 -0.415076
v -0.008787 -0.403226 -0.418128
v -0.101768 -0.403226 -0.409628
v -0.293245 -0.403226 -0.403869
v -0.373506 -0.370968 -0.364182
v -0.373990 -0.370968 -0.362316
v -0.375285 -0.370968 -0.360784
v -0.376985 -0.370968 -0.359419
v -0.378682 -0.370968 -0.358053
v -0.409935 -0.370968 -0.267693
v -0.415161 -0.370968 -0.172788
v -0.418231 -0.370968 -0.076994
v -0.417075 -0.370968 0.020541
v -0.421620 -0.370968 0.115727
v -0.417832 -0.370968 0.307784
v -0.367012 -0.370968 0.381796
v -0.281417 -0.370968 0.410604
v -0.186214 -0.370968 0.420750
v -0.087780 -0.370968 0.414356
v 0.103779 -0.370968 0.405646
v 0.200497 -0.370968 0.403544
v 0.295322 -0.370968 0.396897
v 0.375383 -0.370968 0.356427
v 0.411960 -0.370968 0.180644
v 0.407346 -0.370968 0.085486
v 0.402452 -0.370968 -0.009557
v 0.397534 -0.370968 -0.104590
v 0.391638 -0.370968 -0.199220
v 0.348912 -0.370968 -0.375665
v 0.347407 -0.370968 -0.376460
v 0.346029 -0.370968 -0.377690
v 0.344527 -0.370968 -0.378961
v 0.342831 -0.370968 -0.380048
v 0.254298 -0.370968 -0.414404
v 0.155803 -0.370968 -0.421169
v 0.060591 -0.370968 -0.417608
v -0.034018 -0.370968 -0.412692
v -0.128812 -0.370968 -0.409668
v -0.317812 -0.370968 -0.399314
v -0.388303 -0.370968 -0.344533
v -0.411028 -0.370968 -0.257768
v -0.414691 -0.370968 -0.163150
v -0.414742 -0.370968 0.029082
v -0.420093 -0.370968 0.123005
v -0.417516 -0.370968 0.220218
v -0.416381 -0.370968 0.311970
v -0.364120 -0.370968 0.384156
v -0.184001 -0.370968 0.421169
v -0.086904 -0.370968 0.413909
v 0.006207 -0.370968 0.405396
v 0.102989 -0.370968 0.405698
v 0.198723 -0.370968 0.403483
v 0.373650 -0.370968 0.359391
v 0.374327 -0.370968 0.357094
v 0.376009 -0.370968 0.355210
v 0.378167 -0.370968 0.353523
v 0.380275 -0.370968 0.351815
v 0.421657 -0.370968 0.262183
v 0.410624 -0.370968 0.167638
v 0.407018 -0.370968 0.073771
v 0.401830 -0.370968 -0.019445
v 0.391717 -0.370968 -0.205985
v 0.386039 -0.370968 -0.298999
v 0.346442 -0.370968 -0.377711
v 0.265913 -0.370968 -0.413551
v 0.169569 -0.370968 -0.418672
v -0.022308 -0.370968 -0.418899
v -0.115373 -0.370968 -0.413565
v -0.208708 -0.370968 -0.407464
v -0.303116 -0.370968 -0.403933
v -0.378952 -0.370968 -0.357980
v -0.411602 -0.370968 -0.180728
v -0.416909 -0.370968 -0.087562
v -0.416347 -0.370968 0.008023
v -0.419515 -0.370968 0.102071
v -0.421657 -0.370968 0.196562
v -0.381472 -0.370968 0.370150
v -0.379975 -0.370968 0.370979
v -0.378536 -0.370968 0.372159
v -0.376896 -0.370968 0.373305
v -0.373927 -0.370968 0.375707
v -0.287857 -0.370968 0.409773
v -0.193733 -0.370968 0.418135
v -0.095261 -0.370968 0.415208
v -0.000862 -0.370968 0.408801
v 0.191671 -0.370968 0.404951
v 0.286114 -0.370968 0.398648
v 0.368537 -0.370968 0.363506
v 0.413099 -0.370968 0.285908
v 0.412776 -0.370968 0.191758
v 0.402048 -0.370968 0.003104
v 0.398191 -0.370968 -0.091843
v 0.392114 -0.370968 -0.185876
v 0.389016 -0.370968 -0.281136
v 0.358937 -0.370968 -0.365260
v 0.187374 -0.370968 -0.413461
v 0.089361 -0.370968 -0.415629
v -0.008798 -0.370968 -0.418686
v -0.101904 -0.370968 -0.410174
v -0.293636 -0.370968 -0.404408
v -0.374003 -0.338710 -0.364667
v -0.374488 -0.338710 -0.362798
v -0.375785 -0.338710 -0.361264
v -0.377487 -0.338710 -0.359898
v -0.379186 -0.338710 -0.358529
v -0.410481 -0.338710 -0.268050
v -0.415714 -0.338710 -0.173018
v -0.418788 -0.338710 -0.077096
v -0.417631 -0.338710 0.020568
v -0.422182 -0.338710 0.115881
v -0.418388 -0.338710 0.308193
v -0.367501 -0.338710 0.382304
v -0.281792 -0.338710 0.411151
v -0.186462 -0.338710 0.421311
v -0.087897 -0.338710 0.414908
v 0.103917 -0.338710 0.406186
v 0.200764 -0.338710 0.404081
v 0.295715 -0.338710 0.397426
v 0.375883 -0.338710 0.356902
v 0.412509 -0.338710 0.180884
v 0.407889 -0.338710 0.085600
v 0.402988 -0.338710 -0.009570
v 0.398063 -0.338710 -0.104729
v 0.392160 -0.338710 -0.199485
v 0.349377 -0.338710 -0.376165
v 0.347869 -0.338710 -0.376962
v 0.346490 -0.338710 -0.378193
v 0.344986 -0.338710 -0.379465
v 0.343287 -0.338710 -0.380554
v 0.254636 -0.338710 -0.414955
v 0.156011 -0.338710 -0.421730
v 0.060672 -0.338710 -0.418165
v -0.034063 -0.338710 -0.413241
v -0.128984 -0.338710 -0.410214
v -0.318236 -0.338710 -0.399845
v -0.388820 -0.338710 -0.344992
v -0.411575 -0.338710 -0.258111
v -0.415243 -0.338710 -0.163367
v -0.415294 -0.338710 0.029121
v -0.420652 -0.338710 0.123169
v -0.418072 -0.338710 0.220511
v -0.416935 -0.338710 0.312385
v -0.364605 -0.338710 0.384667
v -0.184246 -0.338710 0.421730
v -0.087019 -0.338710 0.414461
v 0.006215 -0.338710 0.405935
v 0.103126 -0.338710 0.406238
v 0.198987 -0.338710 0.404021
v 0.374147 -0.338710 0.359870
v 0.374826 -0.338710 0.357570
v 0.376510 -0.338710 0.355683
v 0.378671 -0.338710 0.353994
v 0.380781 -0.338710 0.352283
v 0.422218 -0.338710 0.262532
v 0.411171 -0.338710 0.167862
v 0.407560 -0.338710 0.073869
v 0.402365 -0.338710 -0.019471
v 0.392238 -0.338710 -0.206259
v 0.386553 -0.338710 -0.299397
v 0.346903 -0.338710 -0.378213
v 0.266267 -0.338710 -0.414102
v 0.169794 -0.338710 -0.419229
v -0.022337 -0.338710 -0.419456
v -0.115527 -0.338710 -0.414115
v -0.208986 -0.338710 -0.408006
v -0.303519 -0.338710 -0.404471
v -0.379456 -0.338710 -0.358457
v -0.412150 -0.338710 -0.180969
v -0.417464 -0.338710 -0.087678
v -0.416901 -0.338710 0.008034
v -0.420073 -0.338710 0.102207
v -0.422218 -0.338710 0.196824
v -0.381980 -0.338710 0.370643
v -0.380481 -0.338710 0.371473
v -0.379040 -0.338710 0.372655
v -0.377398 -0.338710 0.373802
v -0.374425 -0.338710 0.376208
v -0.288240 -0.338710 0.410318
v -0.193991 -0.338710 0.418691
v -0.095388 -0.338710 0.415761
v -0.000863 -0.338710 0.409346
v 0.191926 -0.338710 0.405490
v 0.286495 -0.338710 0.399179
v 0.369027 -0.338710 0.363990
v 0.413649 -0.338710 0.286289
v 0.413326 -0.338710 0.192013
v 0.402584 -0.338710 0.003108
v 0.398721 -0.338710 -0.091965
v 0.392636 -0.338710 -0.186123
v 0.389534 -0.338710 -0.281510
v 0.359415 -0.338710 -0.365747
v 0.187623 -0.338710 -0.414012
v 0.089480 -0.338710 -0.416183
v -0.008810 -0.338710 -0.419243
v -0.102039 -0.338710 -0.410721
v -0.294027 -0.338710 -0.404946
v -0.374501 -0.306452 -0.365152
v -0.374986 -0.306452 -0.363280
v -0.376284 -0.306452 -0.361745
v -0.377989 -0.306452 -0.360376
v -0.379690 -0.306452 -0.359006
v -0.411026 -0.306452 -0.268406
v -0.416267 -0.306452 -0.173248
v -0.419345 -0.306452 -0.077199
v -0.418186 -0.306452 0.020596
v -0.422743 -0.306452 0.116036
v -0.418945 -0.306452 0.308603
v -0.367990 -0.306452 0.382813
v -0.282167 -0.306452 0.411697
v -0.186710 -0.306452 0.421871
v -0.088014 -0.306452 0.415460
v 0.104055 -0.306452 0.406726
v 0.201031 -0.306452 0.404618
v 0.296108 -0.306452 0.397954
v 0.376382 -0.306452 0.357377
v 0.413057 -0.306452 0.181125
v 0.408431 -0.306452 0.085713
v 0.403524 -0.306452 -0.009582
v 0.398593 -0.306452 -0.104868
v 0.392681 -0.306452 -0.199750
v 0.349841 -0.306452 -0.376665
v 0.348332 -0.306452 -0.377463
v 0.346950 -0.306452 -0.378696
v 0.345445 -0.306452 -0.379970
v 0.343744 -0.306452 -0.381060
v 0.254975 -0.306452 -0.415507
v 0.156218 -0.306452 -0.422291
v 0.060753 -0.306452 -0.418721
v -0.034108 -0.306452 -0.413791
v -0.129155 -0.306452 -0.410759
v -0.318659 -0.306452 -0.400377
v -0.389337 -0.306452 -0.345451
v -0.412123 -0.306452 -0.258454
v -0.415796 -0.306452 -0.163585
v -0.415847 -0.306452 0.029160
v -0.421212 -0.306452 0.123332
v -0.418628 -0.306452 0.220805
v -0.417489 -0.306452 0.312801
v -0.365090 -0.306452 0.385179
v -0.184491 -0.306452 0.422291
v -0.087135 -0.306452 0.415012
v 0.006223 -0.306452 0.406475
v 0.103263 -0.306452 0.406779
v 0.199252 -0.306452 0.404558
v 0.374645 -0.306452 0.360348
v 0.375324 -0.306452 0.358045
v 0.377010 -0.306452 0.356156
v 0.379174 -0.306452 0.354465
v 0.381288 -0.306452 0.352752
v 0.422780 -0.306452 0.262881
v 0.411718 -0.306452 0.168085
v 0.408102 -0.306452 0.073967
v 0.402900 -0.306452 -0.019497
v 0.392760 -0.306452 -0.206533
v 0.387068 -0.306452 -0.299796
v 0.347365 -0.306452 -0.378716
v 0.266621 -0.306452 -0.414652
v 0.170020 -0.306452 -0.419787
v -0.022367 -0.306452 -0.420014
v -0.115681 -0.306452 -0.414666
v -0.209264 -0.306452 -0.408549
v -0.303923 -0.306452 -0.405009
v -0.379961 -0.306452 -0.358934
v -0.412698 -0.306452 -0.181210
v -0.418020 -0.306452 -0.087795
v -0.417456 -0.306452 0.008045
v -0.420632 -0.306452 0.102343
v -0.422780 -0.306452 0.197086
v -0.382488 -0.306452 0.371136
v -0.380986 -0.306452 0.371967
v -0.379544 -0.306452 0.373150
v -0.377900 -0.306452 0.374299
v -0.374923 -0.306452 0.376708
v -0.288624 -0.306452 0.410864
v -0.194249 -0.306452 0.419248
v -0.095515 -0.306452 0.416314
v -0.000864 -0.306452 0.409890
v 0.192181 -0.306452 0.406030
v 0.286876 -0.306452 0.399710
v 0.369518 -0.306452 0.364474
v 0.414199 -0.306452 0.286669
v 0.413875 -0.306452 0.192268
v 0.403119 -0.306452 0.003113
v 0.399251 -0.306452 -0.092087
v 0.393159 -0.306452 -0.186371
v 0.390052 -0.306452 -0.281885
v 0.359893 -0.306452 -0.366233
v 0.187873 -0.306452 -0.414562
v 0.089599 -0.306452 -0.416736
v -0.008822 -0.306452 -0.419801
v -0.102175 -0.306452 -0.411267
v -0.294418 -0.306452 -0.405485
v -0.375247 -0.274194 -0.365879
v -0.375733 -0.274194 -0.364004
v -0.377034 -0.274194 -0.362465
v -0.378742 -0.274194 -0.361094
v -0.380446 -0.274194 -0.359721
v -0.411845 -0.274194 -0.268941
v -0.417096 -0.274194 -0.173593
v -0.420180 -0.274194 -0.077353
v -0.419019 -0.274194 0.020637
v -0.423585 -0.274194 0.116267
v -0.419779 -0.274194 0.309218
v -0.368723 -0.274194 0.383575
v -0.282729 -0.274194 0.412517
v -0.187082 -0.274194 0.422711
v -0.088189 -0.274194 0.416287
v 0.104263 -0.274194 0.407536
v 0.201431 -0.274194 0.405424
v 0.296698 -0.274194 0.398747
v 0.377132 -0.274194 0.358089
v 0.413880 -0.274194 0.181486
v 0.409245 -0.274194 0.085884
v 0.404328 -0.274194 -0.009602
v 0.399387 -0.274194 -0.105077
v 0.393464 -0.274194 -0.200148
v 0.350538 -0.274194 -0.377416
v 0.349026 -0.274194 -0.378215
v 0.347642 -0.274194 -0.379450
v 0.346133 -0.274194 -0.380727
v 0.344428 -0.274194 -0.381819
v 0.255483 -0.274194 -0.416335
v 0.156529 -0.274194 -0.423132
v 0.060874 -0.274194 -0.419555
v -0.034176 -0.274194 -0.414615
v -0.129413 -0.274194 -0.411577
v -0.319294 -0.274194 -0.401175
v -0.390113 -0.274194 -0.346139
v -0.412944 -0.274194 -0.258969
v -0.416624 -0.274194 -0.163911
v -0.416675 -0.274194 0.029218
v -0.422051 -0.274194 0.123578
v -0.419462 -0.274194 0.221245
v -0.418321 -0.274194 0.313424
v -0.365817 -0.274194 0.385946
v -0.184858 -0.274194 0.423132
v -0.087309 -0.274194 0.415838
v 0.006236 -0.274194 0.407285
v 0.103469 -0.274194 0.407589
v 0.199649 -0.274194 0.405364
v 0.375391 -0.274194 0.361066
v 0.376072 -0.274194 0.358758
v 0.377761 -0.274194 0.356866
v 0.379930 -0.274194 0.355171
v 0.382047 -0.274194 0.353455
v 0.423622 -0.274194 0.263405
v 0.412538 -0.274194 0.168420
v 0.408915 -0.274194 0.074115
v 0.403702 -0.274194 -0.019535
v 0.393542 -0.274194 -0.206945
v 0.387839 -0.274194 -0.300393
v 0.348057 -0.274194 -0.379471
v 0.267152 -0.274194 -0.415478
v 0.170359 -0.274194 -0.420623
v -0.022412 -0.274194 -0.420851
v -0.115911 -0.274194 -0.415492
v -0.209680 -0.274194 -0.409363
v -0.304528 -0.274194 -0.405816
v -0.380718 -0.274194 -0.359649
v -0.413521 -0.274194 -0.181571
v -0.418852 -0.274194 -0.087970
v -0.418287 -0.274194 0.008061
v -0.421470 -0.274194 0.102547
v -0.423622 -0.274194 0.197479
v -0.383250 -0.274194 0.371875
v -0.381745 -0.274194 0.372708
v -0.380300 -0.274194 0.373894
v -0.378652 -0.274194 0.375045
v -0.375670 -0.274194 0.377458
v -0.289199 -0.274194 0.411683
v -0.194636 -0.274194 0.420083
v -0.095705 -0.274194 0.417143
v -0.000866 -0.274194 0.410706
v 0.192564 -0.274194 0.406838
v 0.287447 -0.274194 0.400506
v 0.370254 -0.274194 0.365200
v 0.415024 -0.274194 0.287241
v 0.414700 -0.274194 0.192651
v 0.403922 -0.274194 0.003119
v 0.400047 -0.274194 -0.092271
v 0.393942 -0.274194 -0.186742
v 0.390829 -0.274194 -0.282446
v 0.360610 -0.274194 -0.366963
v 0.188247 -0.274194 -0.415388
v 0.089777 -0.274194 -0.417566
v -0.008839 -0.274194 -0.420637
v -0.102379 -0.274194 -0.412086
v -0.295005 -0.274194 -0.406292
v -0.375744 -0.241935 -0.366364
v -0.376231 -0.241935 -0.364487
v -0.377534 -0.241935 -0.362946
v -0.379244 -0.241935 -0.361573
v -0.380951 -0.241935 -0.360198
v -0.412391 -0.241935 -0.269297
v -0.417649 -0.241935 -0.173823
v -0.420737 -0.241935 -0.077455
v -0.419574 -0.241935 0.020664
v -0.424147 -0.241935 0.116421
v -0.420336 -0.241935 0.309628
v -0.369211 -0.241935 0.384084
v -0.283103 -0.241935 0.413064
v -0.187329 -0.241935 0.423271
v -0.088306 -0.241935 0.416839
v 0.104401 -0.241935 0.408076
v 0.201698 -0.241935 0.405962
v 0.297092 -0.241935 0.399275
v 0.377632 -0.241935 0.358563
v 0.414429 -0.241935 0.181726
v 0.409787 -0.241935 0.085998
v 0.404864 -0.241935 -0.009614
v 0.399916 -0.241935 -0.105216
v 0.393985 -0.241935 -0.200413
v 0.351003 -0.241935 -0.377916
v 0.349488 -0.241935 -0.378716
v 0.348102 -0.241935 -0.379953
v 0.346592 -0.241935 -0.381231
v 0.344885 -0.241935 -0.382325
v 0.255821 -0.241935 -0.416887
v 0.156737 -0.241935 -0.423693
v 0.060954 -0.241935 -0.420111
v -0.034221 -0.241935 -0.415164
v -0.129584 -0.241935 -0.412123
v -0.319717 -0.241935 -0.401706
v -0.390630 -0.241935 -0.346598
v -0.413491 -0.241935 -0.259313
v -0.417176 -0.241935 -0.164128
v -0.417227 -0.241935 0.029256
v -0.422610 -0.241935 0.123742
v -0.420018 -0.241935 0.221538
v -0.418876 -0.241935 0.313839
v -0.366302 -0.241935 0.386458
v -0.185103 -0.241935 0.423693
v -0.087424 -0.241935 0.416389
v 0.006244 -0.241935 0.407825
v 0.103606 -0.241935 0.408129
v 0.199914 -0.241935 0.405901
v 0.375888 -0.241935 0.361545
v 0.376570 -0.241935 0.359234
v 0.378262 -0.241935 0.357339
v 0.380433 -0.241935 0.355641
v 0.382554 -0.241935 0.353923
v 0.424183 -0.241935 0.263754
v 0.413085 -0.241935 0.168643
v 0.409457 -0.241935 0.074213
v 0.404238 -0.241935 -0.019561
v 0.394064 -0.241935 -0.207219
v 0.388353 -0.241935 -0.300791
v 0.348518 -0.241935 -0.379974
v 0.267506 -0.241935 -0.416029
v 0.170585 -0.241935 -0.421180
v -0.022441 -0.241935 -0.421409
v -0.116065 -0.241935 -0.416043
v -0.209958 -0.241935 -0.409905
v -0.304932 -0.241935 -0.406353
v -0.381222 -0.241935 -0.360125
v -0.414069 -0.241935 -0.181811
v -0.419407 -0.241935 -0.088086
v -0.418842 -0.241935 0.008071
v -0.422028 -0.241935 0.102683
v -0.424183 -0.241935 0.197740
v -0.383758 -0.241935 0.372368
v -0.382251 -0.241935 0.373202
v -0.380804 -0.241935 0.374389
v -0.379154 -0.241935 0.375542
v -0.376167 -0.241935 0.377959
v -0.289582 -0.241935 0.412228
v -0.194894 -0.241935 0.420640
v -0.095832 -0.241935 0.417696
v -0.000867 -0.241935 0.411251
v 0.192819 -0.241935 0.407378
v 0.287828 -0.241935 0.401037
v 0.370745 -0.241935 0.365684
v 0.415574 -0.241935 0.287621
v 0.415249 -0.241935 0.192907
v 0.404458 -0.241935 0.003123
v 0.400577 -0.241935 -0.092393
v 0.394464 -0.241935 -0.186990
v 0.391347 -0.241935 -0.282821
v 0.361088 -0.241935 -0.367449
v 0.188496 -0.241935 -0.415938
v 0.089896 -0.241935 -0.418120
v -0.008851 -0.241935 -0.421194
v -0.102514 -0.241935 -0.412632
v -0.295396 -0.241935 -0.406831
v -0.376242 -0.209677 -0.366849
v -0.376729 -0.209677 -0.364969
v -0.378033 -0.209677 -0.363426
v -0.379746 -0.209677 -0.362051
v -0.381455 -0.209677 -0.360675
v -0.412937 -0.209677 -0.269654
v -0.418202 -0.209677 -0.174053
v -0.421294 -0.209677 -0.077558
v -0.420130 -0.209677 0.020691
v -0.424708 -0.209677 0.116575
v -0.420892 -0.209677 0.310038
v -0.369700 -0.209677 0.384592
v -0.283478 -0.209677 0.413611
v -0.187577 -0.209677 0.423832
v -0.088423 -0.209677 0.417391
v 0.104539 -0.209677 0.408617
v 0.201965 -0.209677 0.406499
v 0.297485 -0.209677 0.399804
v 0.378132 -0.209677 0.359038
v 0.414977 -0.209677 0.181967
v 0.410329 -0.209677 0.086112
v 0.405400 -0.209677 -0.009627
v 0.400445 -0.209677 -0.105356
v 0.394507 -0.209677 -0.200679
v 0.351468 -0.209677 -0.378416
v 0.349951 -0.209677 -0.379217
v 0.348563 -0.209677 -0.380456
v 0.347051 -0.209677 -0.381736
v 0.345341 -0.209677 -0.382831
v 0.256160 -0.209677 -0.417439
v 0.156944 -0.209677 -0.424253
v 0.061035 -0.209677 -0.420667
v -0.034267 -0.209677 -0.415714
v -0.129756 -0.209677 -0.412668
v -0.320140 -0.209677 -0.402238
v -0.391147 -0.209677 -0.347056
v -0.414038 -0.209677 -0.259656
v -0.417728 -0.209677 -0.164345
v -0.417780 -0.209677 0.029295
v -0.423170 -0.209677 0.123906
v -0.420574 -0.209677 0.221831
v -0.419430 -0.209677 0.314255
v -0.366787 -0.209677 0.386969
v -0.185348 -0.209677 0.424253
v -0.087540 -0.209677 0.416941
v 0.006252 -0.209677 0.408365
v 0.103743 -0.209677 0.408669
v 0.200178 -0.209677 0.406438
v 0.376386 -0.209677 0.362023
v 0.377069 -0.209677 0.359709
v 0.378763 -0.209677 0.357812
v 0.380937 -0.209677 0.356112
v 0.383060 -0.209677 0.354391
v 0.424745 -0.209677 0.264103
v 0.413631 -0.209677 0.168866
v 0.409999 -0.209677 0.074311
v 0.404773 -0.209677 -0.019587
v 0.394585 -0.209677 -0.207493
v 0.388867 -0.209677 -0.301189
v 0.348979 -0.209677 -0.380477
v 0.267860 -0.209677 -0.416580
v 0.170810 -0.209677 -0.421738
v -0.022471 -0.209677 -0.421966
v -0.116218 -0.209677 -0.416593
v -0.210236 -0.209677 -0.410448
v -0.305335 -0.209677 -0.406891
v -0.381727 -0.209677 -0.360602
v -0.414617 -0.209677 -0.182052
v -0.419963 -0.209677 -0.088203
v -0.419396 -0.209677 0.008082
v -0.422587 -0.209677 0.102819
v -0.424745 -0.209677 0.198002
v -0.384266 -0.209677 0.372861
v -0.382757 -0.209677 0.373696
v -0.381308 -0.209677 0.374885
v -0.379656 -0.209677 0.376039
v -0.376665 -0.209677 0.378459
v -0.289965 -0.209677 0.412774
v -0.195152 -0.209677 0.421197
v -0.095959 -0.209677 0.418249
v -0.000868 -0.209677 0.411795
v 0.193074 -0.209677 0.407917
v 0.288209 -0.209677 0.401568
v 0.371236 -0.209677 0.366168
v 0.416124 -0.209677 0.288002
v 0.415799 -0.209677 0.193162
v 0.404993 -0.209677 0.003127
v 0.401107 -0.209677 -0.092515
v 0.394986 -0.209677 -0.187237
v 0.391865 -0.209677 -0.283195
v 0.361566 -0.209677 -0.367935
v 0.188746 -0.209677 -0.416489
v 0.090015 -0.209677 -0.418673
v -0.008863 -0.209677 -0.421752
v -0.102650 -0.209677 -0.413178
v -0.295787 -0.209677 -0.407369
v -0.376739 -0.177419 -0.367334
v -0.377227 -0.177419 -0.365451
v -0.378533 -0.177419 -0.363907
v -0.380248 -0.177419 -0.362530
v -0.381959 -0.177419 -0.361152
v -0.413483 -0.177419 -0.270010
v -0.418755 -0.177419 -0.174283
v -0.421851 -0.177419 -0.077660
v -0.420685 -0.177419 0.020719
v -0.425270 -0.177419 0.116729
v -0.421448 -0.177419 0.310447
v -0.370189 -0.177419 0.385101
v -0.283853 -0.177419 0.414158
v -0.187825 -0.177419 0.424392
v -0.088540 -0.177419 0.417942
v 0.104677 -0.177419 0.409157
v 0.202232 -0.177419 0.407036
v 0.297878 -0.177419 0.400332
v 0.378632 -0.177419 0.359512
v 0.415526 -0.177419 0.182207
v 0.410872 -0.177419 0.086226
v 0.405936 -0.177419 -0.009640
v 0.400975 -0.177419 -0.105495
v 0.395028 -0.177419 -0.200944
v 0.351932 -0.177419 -0.378916
v 0.350414 -0.177419 -0.379719
v 0.349024 -0.177419 -0.380959
v 0.347509 -0.177419 -0.382241
v 0.345798 -0.177419 -0.383337
v 0.256499 -0.177419 -0.417990
v 0.157152 -0.177419 -0.424814
v 0.061116 -0.177419 -0.421223
v -0.034312 -0.177419 -0.416263
v -0.129927 -0.177419 -0.413214
v -0.320563 -0.177419 -0.402770
v -0.391664 -0.177419 -0.347515
v -0.414586 -0.177419 -0.259999
v -0.418281 -0.177419 -0.164562
v -0.418332 -0.177419 0.029334
v -0.423729 -0.177419 0.124069
v -0.421130 -0.177419 0.222124
v -0.419984 -0.177419 0.314670
v -0.367272 -0.177419 0.387481
v -0.185593 -0.177419 0.424814
v -0.087656 -0.177419 0.417492
v 0.006260 -0.177419 0.408904
v 0.103880 -0.177419 0.409210
v 0.200443 -0.177419 0.406976
v 0.376884 -0.177419 0.362502
v 0.377567 -0.177419 0.360185
v 0.379263 -0.177419 0.358285
v 0.381440 -0.177419 0.356583
v 0.383566 -0.177419 0.354860
v 0.425306 -0.177419 0.264452
v 0.414178 -0.177419 0.169089
v 0.410540 -0.177419 0.074410
v 0.405308 -0.177419 -0.019613
v 0.395107 -0.177419 -0.207768
v 0.389381 -0.177419 -0.301587
v 0.349441 -0.177419 -0.380980
v 0.268214 -0.177419 -0.417130
v 0.171036 -0.177419 -0.422295
v -0.022501 -0.177419 -0.422524
v -0.116372 -0.177419 -0.417144
v -0.210514 -0.177419 -0.410991
v -0.305739 -0.177419 -0.407429
v -0.382232 -0.177419 -0.361079
v -0.415165 -0.177419 -0.182293
v -0.420518 -0.177419 -0.088319
v -0.419950 -0.177419 0.008093
v -0.423146 -0.177419 0.102955
v -0.425306 -0.177419 0.198264
v -0.384774 -0.177419 0.373354
v -0.383263 -0.177419 0.374190
v -0.381812 -0.177419 0.375380
v -0.380158 -0.177419 0.376536
v -0.377163 -0.177419 0.378959
v -0.290349 -0.177419 0.413319
v -0.195410 -0.177419 0.421754
v -0.096086 -0.177419 0.418802
v -0.000869 -0.177419 0.412339
v 0.193330 -0.177419 0.408456
v 0.288590 -0.177419 0.402099
v 0.371726 -0.177419 0.366652
v 0.416674 -0.177419 0.288383
v 0.416349 -0.177419 0.193417
v 0.405528 -0.177419 0.003131
v 0.401637 -0.177419 -0.092638
v 0.395508 -0.177419 -0.187485
v 0.392383 -0.177419 -0.283569
v 0.362044 -0.177419 -0.368422
v 0.188995 -0.177419 -0.417040
v 0.090134 -0.177419 -0.419226
v -0.008874 -0.177419 -0.422309
v -0.102786 -0.177419 -0.413725
v -0.296178 -0.177419 -0.407908
v -0.377236 -0.145161 -0.367819
v -0.377724 -0.145161 -0.365934
v -0.379033 -0.145161 -0.364387
v -0.380750 -0.145161 -0.363008
v -0.382463 -0.145161 -0.361628
v -0.414029 -0.145161 -0.270367
v -0.419307 -0.145161 -0.174513
v -0.422408 -0.145161 -0.077763
v -0.421241 -0.145161 0.020746
v -0.425831 -0.145161 0.116883
v -0.422005 -0.145161 0.310857
v -0.370677 -0.145161 0.385609
v -0.284228 -0.145161 0.414704
v -0.188073 -0.145161 0.424952
v -0.088657 -0.145161 0.418494
v 0.104815 -0.145161 0.409697
v 0.202499 -0.145161 0.407574
v 0.298271 -0.145161 0.400861
v 0.379132 -0.145161 0.359987
v 0.416074 -0.145161 0.182448
v 0.411414 -0.145161 0.086339
v 0.406472 -0.145161 -0.009652
v 0.401504 -0.145161 -0.105634
v 0.395550 -0.145161 -0.201209
v 0.352397 -0.145161 -0.379416
v 0.350876 -0.145161 -0.380220
v 0.349485 -0.145161 -0.381462
v 0.347968 -0.145161 -0.382745
v 0.346254 -0.145161 -0.383843
v 0.256837 -0.145161 -0.418542
v 0.157359 -0.145161 -0.425375
v 0.061196 -0.145161 -0.421779
v -0.034357 -0.145161 -0.416813
v -0.130099 -0.145161 -0.413759
v -0.320986 -0.145161 -0.403301
v -0.392181 -0.145161 -0.347974
v -0.415133 -0.145161 -0.260342
v -0.418833 -0.145161 -0.164780
v -0.418884 -0.145161 0.029373
v -0.424288 -0.145161 0.124233
v -0.421686 -0.145161 0.222418
v -0.420539 -0.145161 0.315086
v -0.367757 -0.145161 0.387992
v -0.185838 -0.145161 0.425375
v -0.087772 -0.145161 0.418043
v 0.006269 -0.145161 0.409444
v 0.104018 -0.145161 0.409750
v 0.200707 -0.145161 0.407513
v 0.377381 -0.145161 0.362980
v 0.378066 -0.145161 0.360660
v 0.379764 -0.145161 0.358758
v 0.381944 -0.145161 0.357054
v 0.384073 -0.145161 0.355328
v 0.425868 -0.145161 0.264801
v 0.414725 -0.145161 0.169313
v 0.411082 -0.145161 0.074508
v 0.405843 -0.145161 -0.019639
v 0.395628 -0.145161 -0.208042
v 0.389895 -0.145161 -0.301985
v 0.349902 -0.145161 -0.381483
v 0.268568 -0.145161 -0.417681
v 0.171262 -0.145161 -0.422853
v -0.022530 -0.145161 -0.423082
v -0.116526 -0.145161 -0.417695
v -0.210792 -0.145161 -0.411533
v -0.306143 -0.145161 -0.407967
v -0.382736 -0.145161 -0.361555
v -0.415713 -0.145161 -0.182533
v -0.421073 -0.145161 -0.088436
v -0.420505 -0.145161 0.008103
v -0.423704 -0.145161 0.103091
v -0.425868 -0.145161 0.198525
v -0.385282 -0.145161 0.373846
v -0.383769 -0.145161 0.374684
v -0.382316 -0.145161 0.375876
v -0.380660 -0.145161 0.377033
v -0.377661 -0.145161 0.379459
v -0.290732 -0.145161 0.413865
v -0.195667 -0.145161 0.422310
v -0.096213 -0.145161 0.419355
v -0.000871 -0.145161 0.412884
v 0.193585 -0.145161 0.408995
v 0.288971 -0.145161 0.402630
v 0.372217 -0.145161 0.367136
v 0.417224 -0.145161 0.288763
v 0.416898 -0.145161 0.193673
v 0.406064 -0.145161 0.003135
v 0.402167 -0.145161 -0.092760
v 0.396030 -0.145161 -0.187732
v 0.392901 -0.145161 -0.283944
v 0.362522 -0.145161 -0.368908
v 0.189245 -0.145161 -0.417590
v 0.090253 -0.145161 -0.419780
v -0.008886 -0.145161 -0.422867
v -0.102921 -0.145161 -0.414271
v -0.296569 -0.145161 -0.408446
v -0.377734 -0.112903 -0.368304
v -0.378222 -0.112903 -0.366416
v -0.379533 -0.112903 -0.364867
v -0.381252 -0.112903 -0.363487
v -0.382968 -0.112903 -0.362105
v -0.414574 -0.112903 -0.270723
v -0.419860 -0.112903 -0.174743
v -0.422965 -0.112903 -0.077865
v -0.421796 -0.112903 0.020773
v -0.426392 -0.112903 0.117037
v -0.422561 -0.112903 0.311267
v -0.371166 -0.112903 0.386117
v -0.284602 -0.112903 0.415251
v -0.188321 -0.112903 0.425512
v -0.088773 -0.112903 0.419046
v 0.104954 -0.112903 0.410237
v 0.202766 -0.112903 0.408111
v 0.298665 -0.112903 0.401389
v 0.379631 -0.112903 0.360462
v 0.416623 -0.112903 0.182688
v 0.411957 -0.112903 0.086453
v 0.407008 -0.112903 -0.009665
v 0.402033 -0.112903 -0.105773
v 0.396071 -0.112903 -0.201474
v 0.352861 -0.112903 -0.379917
v 0.351339 -0.112903 -0.380721
v 0.349945 -0.112903 -0.381965
v 0.348427 -0.112903 -0.383250
v 0.346711 -0.112903 -0.384349
v 0.257176 -0.112903 -0.419094
v 0.157567 -0.112903 -0.425936
v 0.061277 -0.112903 -0.422335
v -0.034403 -0.112903 -0.417362
v -0.130270 -0.112903 -0.414305
v -0.321409 -0.112903 -0.403833
v -0.392698 -0.112903 -0.348433
v -0.415680 -0.112903 -0.260685
v -0.419385 -0.112903 -0.164997
v -0.419436 -0.112903 0.029411
v -0.424848 -0.112903 0.124397
v -0.422242 -0.112903 0.222711
v -0.421093 -0.112903 0.315501
v -0.368242 -0.112903 0.388504
v -0.186083 -0.112903 0.425936
v -0.087887 -0.112903 0.418594
v 0.006277 -0.112903 0.409984
v 0.104155 -0.112903 0.410290
v 0.200972 -0.112903 0.408050
v 0.377879 -0.112903 0.363459
v 0.378564 -0.112903 0.361136
v 0.380265 -0.112903 0.359231
v 0.382448 -0.112903 0.357524
v 0.384579 -0.112903 0.355797
v 0.426429 -0.112903 0.265150
v 0.415272 -0.112903 0.169536
v 0.411624 -0.112903 0.074606
v 0.406378 -0.112903 -0.019665
v 0.396150 -0.112903 -0.208316
v 0.390409 -0.112903 -0.302384
v 0.350363 -0.112903 -0.381986
v 0.268923 -0.112903 -0.418232
v 0.171488 -0.112903 -0.423410
v -0.022560 -0.112903 -0.423640
v -0.116679 -0.112903 -0.418245
v -0.211070 -0.112903 -0.412076
v -0.306546 -0.112903 -0.408505
v -0.383241 -0.112903 -0.362032
v -0.416261 -0.112903 -0.182774
v -0.421628 -0.112903 -0.088553
v -0.421059 -0.112903 0.008114
v -0.424263 -0.112903 0.103226
v -0.426429 -0.112903 0.198787
v -0.385790 -0.112903 0.374339
v -0.384275 -0.112903 0.375178
v -0.382820 -0.112903 0.376372
v -0.381162 -0.112903 0.377530
v -0.378159 -0.112903 0.379960
v -0.291115 -0.112903 0.414411
v -0.195925 -0.112903 0.422867
v -0.096339 -0.112903 0.419908
v -0.000872 -0.112903 0.413428
v 0.193840 -0.112903 0.409534
v 0.289352 -0.112903 0.403160
v 0.372708 -0.112903 0.367620
v 0.417774 -0.112903 0.289144
v 0.417448 -0.112903 0.193928
v 0.406599 -0.112903 0.003139
v 0.402698 -0.112903 -0.092882
v 0.396552 -0.112903 -0.187980
v 0.393419 -0.112903 -0.284318
v 0.363000 -0.112903 -0.369394
v 0.189494 -0.112903 -0.418141
v 0.090372 -0.112903 -0.420333
v -0.008898 -0.112903 -0.423424
v -0.103057 -0.112903 -0.414817
v -0.296960 -0.112903 -0.408985
v -0.378231 -0.080645 -0.368789
v -0.378720 -0.080645 -0.366899
v -0.380032 -0.080645 -0.365348
v -0.381754 -0.080645 -0.363966
v -0.383472 -0.080645 -0.362582
v -0.415120 -0.080645 -0.271080
v -0.420413 -0.080645 -0.174974
v -0.423522 -0.080645 -0.077968
v -0.422351 -0.080645 0.020801
v -0.426954 -0.080645 0.117191
v -0.423117 -0.080645 0.311677
v -0.371655 -0.080645 0.386626
v -0.284977 -0.080645 0.415798
v -0.188569 -0.080645 0.426073
v -0.088890 -0.080645 0.419598
v 0.105092 -0.080645 0.410777
v 0.203033 -0.080645 0.408648
v 0.299058 -0.080645 0.401918
v 0.380131 -0.080645 0.360936
v 0.417171 -0.080645 0.182929
v 0.412499 -0.080645 0.086567
v 0.407543 -0.080645 -0.009678
v 0.402563 -0.080645 -0.105913
v 0.396593 -0.080645 -0.201740
v 0.353326 -0.080645 -0.380417
v 0.351801 -0.080645 -0.381223
v 0.350406 -0.080645 -0.382468
v 0.348886 -0.080645 -0.383755
v 0.347167 -0.080645 -0.384856
v 0.257514 -0.080645 -0.419646
v 0.157774 -0.080645 -0.426497
v 0.061358 -0.080645 -0.422891
v -0.034448 -0.080645 -0.417912
v -0.130442 -0.080645 -0.414850
v -0.321833 -0.080645 -0.404365
v -0.393215 -0.080645 -0.348891
v -0.416228 -0.080645 -0.261029
v -0.419937 -0.080645 -0.165214
v -0.419989 -0.080645 0.029450
v -0.425407 -0.080645 0.124561
v -0.422798 -0.080645 0.223004
v -0.421648 -0.080645 0.315916
v -0.368726 -0.080645 0.389015
v -0.186328 -0.080645 0.426497
v -0.088003 -0.080645 0.419145
v 0.006285 -0.080645 0.410524
v 0.104292 -0.080645 0.410830
v 0.201237 -0.080645 0.408587
v 0.378376 -0.080645 0.363937
v 0.379062 -0.080645 0.361611
v 0.380765 -0.080645 0.359704
v 0.382951 -0.080645 0.357995
v 0.385085 -0.080645 0.356265
v 0.426991 -0.080645 0.265499
v 0.415818 -0.080645 0.169759
v 0.412166 -0.080645 0.074704
v 0.406913 -0.080645 -0.019691
v 0.396672 -0.080645 -0.208591
v 0.390923 -0.080645 -0.302782
v 0.350825 -0.080645 -0.382488
v 0.269277 -0.080645 -0.418782
v 0.171714 -0.080645 -0.423968
v -0.022590 -0.080645 -0.424198
v -0.116833 -0.080645 -0.418796
v -0.211348 -0.080645 -0.412618
v -0.306950 -0.080645 -0.409043
v -0.383745 -0.080645 -0.362509
v -0.416809 -0.080645 -0.183015
v -0.422183 -0.080645 -0.088669
v -0.421614 -0.080645 0.008125
v -0.424822 -0.080645 0.103362
v -0.426991 -0.080645 0.199049
v -0.386298 -0.080645 0.374832
v -0.384781 -0.080645 0.375672
v -0.383324 -0.080645 0.376867
v -0.381664 -0.080645 0.378027
v -0.378657 -0.080645 0.380460
v -0.291498 -0.080645 0.414956
v -0.196183 -0.080645 0.423424
v -0.096466 -0.080645 0.420460
v -0.000873 -0.080645 0.413972
v 0.194095 -0.080645 0.410074
v 0.289733 -0.080645 0.403691
v 0.373199 -0.080645 0.368104
v 0.418324 -0.080645 0.289525
v 0.417998 -0.080645 0.194183
v 0.407134 -0.080645 0.003144
v 0.403228 -0.080645 -0.093005
v 0.397074 -0.080645 -0.188227
v 0.393937 -0.080645 -0.284692
v 0.363478 -0.080645 -0.369881
v 0.189744 -0.080645 -0.418691
v 0.090491 -0.080645 -0.420887
v -0.008910 -0.080645 -0.423982
v -0.103193 -0.080645 -0.415363
v -0.297351 -0.080645 -0.409523
v -0.378728 -0.048387 -0.369273
v -0.379218 -0.048387 -0.367381
v -0.380532 -0.048387 -0.365828
v -0.382256 -0.048387 -0.364444
v -0.383976 -0.048387 -0.363059
v -0.415666 -0.048387 -0.271436
v -0.420966 -0.048387 -0.175204
v -0.424079 -0.048387 -0.078070
v -0.422907 -0.048387 0.020828
v -0.427515 -0.048387 0.117345
v -0.423674 -0.048387 0.312087
v -0.372144 -0.048387 0.387134
v -0.285352 -0.048387 0.416345
v -0.188817 -0.048387 0.426633
v -0.089007 -0.048387 0.420149
v 0.105230 -0.048387 0.411317
v 0.203300 -0.048387 0.409186
v 0.299451 -0.048387 0.402446
v 0.380631 -0.048387 0.361411
v 0.417720 -0.048387 0.183169
v 0.413041 -0.048387 0.086681
v 0.408079 -0.048387 -0.009691
v 0.403092 -0.048387 -0.106052
v 0.397114 -0.048387 -0.202005
v 0.353790 -0.048387 -0.380917
v 0.352264 -0.048387 -0.381724
v 0.350867 -0.048387 -0.382971
v 0.349344 -0.048387 -0.384259
v 0.347624 -0.048387 -0.385362
v 0.257853 -0.048387 -0.420198
v 0.157982 -0.048387 -0.427058
v 0.061438 -0.048387 -0.423447
v -0.034493 -0.048387 -0.418462
v -0.130613 -0.048387 -0.415396
v -0.322256 -0.048387 -0.404897
v -0.393732 -0.048387 -0.349350
v -0.416775 -0.048387 -0.261372
v -0.420489 -0.048387 -0.165431
v -0.420541 -0.048387 0.029489
v -0.425966 -0.048387 0.124725
v -0.423354 -0.048387 0.223297
v -0.422202 -0.048387 0.316332
v -0.369211 -0.048387 0.389527
v -0.186573 -0.048387 0.427058
v -0.088119 -0.048387 0.419696
v 0.006294 -0.048387 0.411064
v 0.104429 -0.048387 0.411370
v 0.201501 -0.048387 0.409125
v 0.378874 -0.048387 0.364416
v 0.379561 -0.048387 0.362087
v 0.381266 -0.048387 0.360177
v 0.383455 -0.048387 0.358466
v 0.385592 -0.048387 0.356734
v 0.427552 -0.048387 0.265849
v 0.416365 -0.048387 0.169982
v 0.412708 -0.048387 0.074802
v 0.407448 -0.048387 -0.019717
v 0.397193 -0.048387 -0.208865
v 0.391437 -0.048387 -0.303180
v 0.351286 -0.048387 -0.382991
v 0.269631 -0.048387 -0.419333
v 0.171939 -0.048387 -0.424525
v -0.022620 -0.048387 -0.424755
v -0.116987 -0.048387 -0.419347
v -0.211626 -0.048387 -0.413161
v -0.307354 -0.048387 -0.409581
v -0.384250 -0.048387 -0.362985
v -0.417357 -0.048387 -0.183255
v -0.422738 -0.048387 -0.088786
v -0.422168 -0.048387 0.008135
v -0.425380 -0.048387 0.103498
v -0.427552 -0.048387 0.199311
v -0.386806 -0.048387 0.375325
v -0.385287 -0.048387 0.376166
v -0.383828 -0.048387 0.377363
v -0.382165 -0.048387 0.378524
v -0.379155 -0.048387 0.380960
v -0.291882 -0.048387 0.415502
v -0.196441 -0.048387 0.423981
v -0.096593 -0.048387 0.421013
v -0.000874 -0.048387 0.414517
v 0.194351 -0.048387 0.410613
v 0.290114 -0.048387 0.404222
v 0.373689 -0.048387 0.368588
v 0.418874 -0.048387 0.289905
v 0.418547 -0.048387 0.194439
v 0.407670 -0.048387 0.003148
v 0.403758 -0.048387 -0.093127
v 0.397597 -0.048387 -0.188475
v 0.394455 -0.048387 -0.285067
v 0.363956 -0.048387 -0.370367
v 0.189993 -0.048387 -0.419242
v 0.090610 -0.048387 -0.421440
v -0.008921 -0.048387 -0.424539
v -0.103328 -0.048387 -0.415909
v -0.297742 -0.048387 -0.410062
v -0.379226 -0.016129 -0.369758
v -0.379716 -0.016129 -0.367864
v -0.381032 -0.016129 -0.366309
v -0.382758 -0.016129 -0.364923
v -0.384480 -0.016129 -0.363535
v -0.416212 -0.016129 -0.271793
v -0.421519 -0.016129 -0.175434
v -0.424635 -0.016129 -0.078173
v -0.423462 -0.016129 0.020856
v -0.428077 -0.016129 0.117499
v -0.424230 -0.016129 0.312497
v -0.372632 -0.016129 0.387643
v -0.285727 -0.016129 0.416891
v -0.189065 -0.016129 0.427193
v -0.089124 -0.016129 0.420701
v 0.105368 -0.016129 0.411857
v 0.203567 -0.016129 0.409723
v 0.299844 -0.016129 0.402975
v 0.381131 -0.016129 0.361885
v 0.418269 -0.016129 0.183410
v 0.413584 -0.016129 0.086795
v 0.408615 -0.016129 -0.009703
v 0.403621 -0.016129 -0.106191
v 0.397636 -0.016129 -0.202270
v 0.354255 -0.016129 -0.381417
v 0.352727 -0.016129 -0.382225
v 0.351328 -0.016129 -0.383473
v 0.349803 -0.016129 -0.384764
v 0.348080 -0.016129 -0.385868
v 0.258192 -0.016129 -0.420749
v 0.158189 -0.016129 -0.427618
v 0.061519 -0.016129 -0.424003
v -0.034538 -0.016129 -0.419011
v -0.130785 -0.016129 -0.415941
v -0.322679 -0.016129 -0.405428
v -0.394249 -0.016129 -0.349809
v -0.417322 -0.016129 -0.261715
v -0.421041 -0.016129 -0.165649
v -0.421093 -0.016129 0.029528
v -0.426526 -0.016129 0.124888
v -0.423910 -0.016129 0.223590
v -0.422757 -0.016129 0.316747
v -0.369696 -0.016129 0.390038
v -0.186818 -0.016129 0.427618
v -0.088234 -0.016129 0.420248
v 0.006302 -0.016129 0.411603
v 0.104566 -0.016129 0.411911
v 0.201766 -0.016129 0.409662
v 0.379371 -0.016129 0.364895
v 0.380059 -0.016129 0.362562
v 0.381767 -0.016129 0.360650
v 0.383958 -0.016129 0.358937
v 0.386098 -0.016129 0.357202
v 0.428114 -0.016129 0.266198
v 0.416912 -0.016129 0.170205
v 0.413250 -0.016129 0.074901
v 0.407983 -0.016129 -0.019743
v 0.397715 -0.016129 -0.209139
v 0.391951 -0.016129 -0.303578
v 0.351747 -0.016129 -0.383494
v 0.269985 -0.016129 -0.419884
v 0.172165 -0.016129 -0.425083
v -0.022649 -0.016129 -0.425313
v -0.117140 -0.016129 -0.419897
v -0.211904 -0.016129 -0.413703
v -0.307757 -0.016129 -0.410118
v -0.384755 -0.016129 -0.363462
v -0.417905 -0.016129 -0.183496
v -0.423293 -0.016129 -0.088902
v -0.422722 -0.016129 0.008146
v -0.425939 -0.016129 0.103634
v -0.428114 -0.016129 0.199572
v -0.387314 -0.016129 0.375818
v -0.385793 -0.016129 0.376660
v -0.384332 -0.016129 0.377858
v -0.382667 -0.016129 0.379021
v -0.379653 -0.016129 0.381460
v -0.292265 -0.016129 0.416048
v -0.196699 -0.016129 0.424538
v -0.096720 -0.016129 0.421566
v -0.000875 -0.016129 0.415061
v 0.194606 -0.016129 0.411152
v 0.290495 -0.016129 0.404753
v 0.374180 -0.016129 0.369072
v 0.419424 -0.016129 0.290286
v 0.419097 -0.016129 0.194694
v 0.408205 -0.016129 0.003152
v 0.404288 -0.016129 -0.093249
v 0.398119 -0.016129 -0.188722
v 0.394973 -0.016129 -0.285441
v 0.364434 -0.016129 -0.370854
v 0.190243 -0.016129 -0.419792
v 0.090729 -0.016129 -0.421994
v -0.008933 -0.016129 -0.425097
v -0.103464 -0.016129 -0.416455
v -0.298133 -0.016129 -0.410600
v -0.379723 0.016129 -0.370243
v -0.380214 0.016129 -0.368346
v -0.381531 0.016129 -0.366789
v -0.383260 0.016129 -0.365401
v -0.384984 0.016129 -0.364012
v -0.416758 0.016129 -0.272149
v -0.422071 0.016129 -0.175664
v -0.425192 0.016129 -0.078275
v -0.424017 0.016129 0.020883
v -0.428638 0.016129 0.117654
v -0.424786 0.016129 0.312906
v -0.373121 0.016129 0.388151
v -0.286101 0.016129 0.417438
v -0.189313 0.016129 0.427753
v -0.089241 0.016129 0.421253
v 0.105506 0.016129 0.412398
v 0.203834 0.016129 0.410260
v 0.300237 0.016129 0.403503
v 0.381631 0.016129 0.362360
v 0.418817 0.016129 0.183650
v 0.414126 0.016129 0.086909
v 0.409151 0.016129 -0.009716
v 0.404151 0.016129 -0.106330
v 0.398157 0.016129 -0.202535
v 0.354720 0.016129 -0.381917
v 0.353189 0.016129 -0.382726
v 0.351788 0.016129 -0.383976
v 0.350262 0.016129 -0.385268
v 0.348537 0.016129 -0.386374
v 0.258530 0.016129 -0.421301
v 0.158397 0.016129 -0.428179
v 0.061600 0.016129 -0.424559
v -0.034584 0.016129 -0.419561
v -0.130956 0.016129 -0.416487
v -0.323102 0.016129 -0.405960
v -0.394766 0.016129 -0.350268
v -0.417870 0.016129 -0.262058
v -0.421594 0.016129 -0.165866
v -0.421645 0.016129 0.029566
v -0.427085 0.016129 0.125052
v -0.424466 0.016129 0.223884
v -0.423311 0.016129 0.317163
v -0.370181 0.016129 0.390550
v -0.187063 0.016129 0.428179
v -0.088350 0.016129 0.420799
v 0.006310 0.016129 0.412143
v 0.104703 0.016129 0.412451
v 0.202030 0.016129 0.410199
v 0.379869 0.016129 0.365373
v 0.380558 0.016129 0.363038
v 0.382267 0.016129 0.361123
v 0.384462 0.016129 0.359407
v 0.386604 0.016129 0.357671
v 0.428675 0.016129 0.266547
v 0.417459 0.016129 0.170429
v 0.413792 0.016129 0.074999
v 0.408518 0.016129 -0.019769
v 0.398236 0.016129 -0.209413
v 0.392465 0.016129 -0.303976
v 0.352208 0.016129 -0.383997
v 0.270339 0.016129 -0.420434
v 0.172391 0.016129 -0.425640
v -0.022679 0.016129 -0.425871
v -0.117294 0.016129 -0.420448
v -0.212182 0.016129 -0.414246
v -0.308161 0.016129 -0.410656
v -0.385259 0.016129 -0.363939
v -0.418453 0.016129 -0.183737
v -0.423849 0.016129 -0.089019
v -0.423277 0.016129 0.008157
v -0.426497 0.016129 0.103770
v -0.428675 0.016129 0.199834
v -0.387822 0.016129 0.376311
v -0.386299 0.016129 0.377154
v -0.384837 0.016129 0.378354
v -0.383169 0.016129 0.379518
v -0.380151 0.016129 0.381961
v -0.292648 0.016129 0.416593
v -0.196957 0.016129 0.425094
v -0.096847 0.016129 0.422119
v -0.000876 0.016129 0.415606
v 0.194861 0.016129 0.411691
v 0.290876 0.016129 0.405284
v 0.374671 0.016129 0.369556
v 0.419974 0.016129 0.290667
v 0.419647 0.016129 0.194949
v 0.408740 0.016129 0.003156
v 0.404818 0.016129 -0.093372
v 0.398641 0.016129 -0.188970
v 0.395491 0.016129 -0.285815
v 0.364912 0.016129 -0.371340
v 0.190492 0.016129 -0.420343
v 0.090848 0.016129 -0.422547
v -0.008945 0.016129 -0.425654
v -0.103600 0.016129 -0.417002
v -0.298524 0.016129 -0.411139
v -0.380220 0.048387 -0.370728
v -0.380712 0.048387 -0.368829
v -0.382031 0.048387 -0.367269
v -0.383761 0.048387 -0.365880
v -0.385489 0.048387 -0.364489
v -0.417304 0.048387 -0.272505
v -0.422624 0.048387 -0.175894
v -0.425749 0.048387 -0.078378
v -0.424573 0.048387 0.020910
v -0.429199 0.048387 0.117808
v -0.425343 0.048387 0.313316
v -0.373610 0.048387 0.388659
v -0.286476 0.048387 0.417985
v -0.189561 0.048387 0.428314
v -0.089358 0.048387 0.421805
v 0.105644 0.048387 0.412938
v 0.204101 0.048387 0.410798
v 0.300631 0.048387 0.404032
v 0.382131 0.048387 0.362835
v 0.419366 0.048387 0.183891
v 0.414669 0.048387 0.087022
v 0.409687 0.048387 -0.009729
v 0.404680 0.048387 -0.106470
v 0.398679 0.048387 -0.202801
v 0.355184 0.048387 -0.382418
v 0.353652 0.048387 -0.383228
v 0.352249 0.048387 -0.384479
v 0.350721 0.048387 -0.385773
v 0.348993 0.048387 -0.386880
v 0.258869 0.048387 -0.421853
v 0.158604 0.048387 -0.428740
v 0.061680 0.048387 -0.425115
v -0.034629 0.048387 -0.420110
v -0.131128 0.048387 -0.417032
v -0.323525 0.048387 -0.406492
v -0.395283 0.048387 -0.350726
v -0.418417 0.048387 -0.262402
v -0.422146 0.048387 -0.166083
v -0.422198 0.048387 0.029605
v -0.427645 0.048387 0.125216
v -0.425021 0.048387 0.224177
v -0.423865 0.048387 0.317578
v -0.370666 0.048387 0.391061
v -0.187308 0.048387 0.428740
v -0.088466 0.048387 0.421350
v 0.006318 0.048387 0.412683
v 0.104840 0.048387 0.412991
v 0.202295 0.048387 0.410736
v 0.380366 0.048387 0.365852
v 0.381056 0.048387 0.363513
v 0.382768 0.048387 0.361596
v 0.384965 0.048387 0.359878
v 0.387111 0.048387 0.358139
v 0.429237 0.048387 0.266896
v 0.418005 0.048387 0.170652
v 0.414334 0.048387 0.075097
v 0.409053 0.048387 -0.019794
v 0.398758 0.048387 -0.209688
v 0.392979 0.048387 -0.304374
v 0.352670 0.048387 -0.384500
v 0.270693 0.048387 -0.420985
v 0.172617 0.048387 -0.426198
v -0.022709 0.048387 -0.426429
v -0.117447 0.048387 -0.420999
v -0.212459 0.048387 -0.414788
v -0.308564 0.048387 -0.411194
v -0.385764 0.048387 -0.364415
v -0.419001 0.048387 -0.183977
v -0.424404 0.048387 -0.089136
v -0.423831 0.048387 0.008167
v -0.427056 0.048387 0.103906
v -0.429237 0.048387 0.200096
v -0.388330 0.048387 0.376804
v -0.386805 0.048387 0.377648
v -0.385341 0.048387 0.378849
v -0.383671 0.048387 0.380016
v -0.380649 0.048387 0.382461
v -0.293032 0.048387 0.417139
v -0.197215 0.048387 0.425651
v -0.096974 0.048387 0.422672
v -0.000877 0.048387 0.416150
v 0.195116 0.048387 0.412231
v 0.291257 0.048387 0.405815
v 0.375162 0.048387 0.370040
v 0.420524 0.048387 0.291048
v 0.420196 0.048387 0.195205
v 0.409276 0.048387 0.003160
v 0.405349 0.048387 -0.093494
v 0.399163 0.048387 -0.189217
v 0.396009 0.048387 -0.286190
v 0.365390 0.048387 -0.371826
v 0.190742 0.048387 -0.420893
v 0.090967 0.048387 -0.423100
v -0.008957 0.048387 -0.426212
v -0.103735 0.048387 -0.417548
v -0.298915 0.048387 -0.411677
v -0.380966 0.080645 -0.371456
v -0.381459 0.080645 -0.369552
v -0.382781 0.080645 -0.367990
v -0.384514 0.080645 -0.366598
v -0.386245 0.080645 -0.365204
v -0.418122 0.080645 -0.273040
v -0.423453 0.080645 -0.176239
v -0.426585 0.080645 -0.078532
v -0.425406 0.080645 0.020951
v -0.430042 0.080645 0.118039
v -0.426177 0.080645 0.313931
v -0.374343 0.080645 0.389422
v -0.287038 0.080645 0.418805
v -0.189933 0.080645 0.429154
v -0.089533 0.080645 0.422632
v 0.105852 0.080645 0.413748
v 0.204501 0.080645 0.411604
v 0.301221 0.080645 0.404825
v 0.382880 0.080645 0.363546
v 0.420188 0.080645 0.184252
v 0.415482 0.080645 0.087193
v 0.410491 0.080645 -0.009748
v 0.405474 0.080645 -0.106679
v 0.399461 0.080645 -0.203199
v 0.355881 0.080645 -0.383168
v 0.354346 0.080645 -0.383980
v 0.352940 0.080645 -0.385234
v 0.351409 0.080645 -0.386530
v 0.349678 0.080645 -0.387639
v 0.259377 0.080645 -0.422681
v 0.158915 0.080645 -0.429581
v 0.061801 0.080645 -0.425950
v -0.034697 0.080645 -0.420934
v -0.131385 0.080645 -0.417851
v -0.324160 0.080645 -0.407289
v -0.396059 0.080645 -0.351415
v -0.419238 0.080645 -0.262916
v -0.422974 0.080645 -0.166409
v -0.423026 0.080645 0.029663
v -0.428484 0.080645 0.125462
v -0.425855 0.080645 0.224617
v -0.424697 0.080645 0.318201
v -0.371393 0.080645 0.391829
v -0.187676 0.080645 0.429581
v -0.088639 0.080645 0.422177
v 0.006331 0.080645 0.413493
v 0.105046 0.080645 0.413801
v 0.202692 0.080645 0.411542
v 0.381113 0.080645 0.366569
v 0.381804 0.080645 0.364226
v 0.383519 0.080645 0.362305
v 0.385721 0.080645 0.360584
v 0.387870 0.080645 0.358842
v 0.430079 0.080645 0.267420
v 0.418826 0.080645 0.170987
v 0.415147 0.080645 0.075244
v 0.409856 0.080645 -0.019833
v 0.399540 0.080645 -0.210099
v 0.393750 0.080645 -0.304971
v 0.353362 0.080645 -0.385255
v 0.271224 0.080645 -0.421811
v 0.172955 0.080645 -0.427034
v -0.022753 0.080645 -0.427265
v -0.117678 0.080645 -0.421825
v -0.212876 0.080645 -0.415602
v -0.309170 0.080645 -0.412001
v -0.386521 0.080645 -0.365130
v -0.419823 0.080645 -0.184338
v -0.425236 0.080645 -0.089310
v -0.424663 0.080645 0.008183
v -0.427894 0.080645 0.104110
v -0.430079 0.080645 0.200488
v -0.389092 0.080645 0.377543
v -0.387564 0.080645 0.378389
v -0.386097 0.080645 0.379593
v -0.384424 0.080645 0.380761
v -0.381395 0.080645 0.383211
v -0.293607 0.080645 0.417957
v -0.197602 0.080645 0.426486
v -0.097164 0.080645 0.423501
v -0.000879 0.080645 0.416966
v 0.195499 0.080645 0.413039
v 0.291829 0.080645 0.406611
v 0.375898 0.080645 0.370766
v 0.421350 0.080645 0.291619
v 0.421021 0.080645 0.195588
v 0.410079 0.080645 0.003166
v 0.406144 0.080645 -0.093677
v 0.399946 0.080645 -0.189589
v 0.396786 0.080645 -0.286751
v 0.366107 0.080645 -0.372556
v 0.191116 0.080645 -0.421719
v 0.091146 0.080645 -0.423931
v -0.008974 0.080645 -0.427048
v -0.103939 0.080645 -0.418367
v -0.299501 0.080645 -0.412485
v -0.381464 0.112903 -0.371941
v -0.381957 0.112903 -0.370035
v -0.383280 0.112903 -0.368470
v -0.385016 0.112903 -0.367076
v -0.386749 0.112903 -0.365681
v -0.418668 0.112903 -0.273397
v -0.424006 0.112903 -0.176469
v -0.427141 0.112903 -0.078634
v -0.425961 0.112903 0.020979
v -0.430603 0.112903 0.118193
v -0.426734 0.112903 0.314341
v -0.374831 0.112903 0.389930
v -0.287413 0.112903 0.419352
v -0.190181 0.112903 0.429714
v -0.089650 0.112903 0.423184
v 0.105990 0.112903 0.414288
v 0.204768 0.112903 0.412141
v 0.301614 0.112903 0.405353
v 0.383380 0.112903 0.364021
v 0.420737 0.112903 0.184492
v 0.416025 0.112903 0.087307
v 0.411027 0.112903 -0.009761
v 0.406004 0.112903 -0.106818
v 0.399982 0.112903 -0.203464
v 0.356346 0.112903 -0.383668
v 0.354808 0.112903 -0.384481
v 0.353401 0.112903 -0.385737
v 0.351867 0.112903 -0.387035
v 0.350135 0.112903 -0.388145
v 0.259715 0.112903 -0.423232
v 0.159123 0.112903 -0.430142
v 0.061882 0.112903 -0.426506
v -0.034742 0.112903 -0.421484
v -0.131557 0.112903 -0.418396
v -0.324583 0.112903 -0.407821
v -0.396576 0.112903 -0.351873
v -0.419785 0.112903 -0.263260
v -0.423526 0.112903 -0.166626
v -0.423578 0.112903 0.029702
v -0.429043 0.112903 0.125625
v -0.426411 0.112903 0.224910
v -0.425252 0.112903 0.318617
v -0.371878 0.112903 0.392340
v -0.187921 0.112903 0.430142
v -0.088755 0.112903 0.422728
v 0.006339 0.112903 0.414033
v 0.105183 0.112903 0.414342
v 0.202957 0.112903 0.412080
v 0.381610 0.112903 0.367048
v 0.382302 0.112903 0.364702
v 0.384020 0.112903 0.362778
v 0.386224 0.112903 0.361055
v 0.388377 0.112903 0.359310
v 0.430640 0.112903 0.267769
v 0.419372 0.112903 0.171210
v 0.415689 0.112903 0.075343
v 0.410391 0.112903 -0.019859
v 0.400062 0.112903 -0.210373
v 0.394264 0.112903 -0.305370
v 0.353823 0.112903 -0.385758
v 0.271578 0.112903 -0.422362
v 0.173181 0.112903 -0.427591
v -0.022783 0.112903 -0.427823
v -0.117831 0.112903 -0.422375
v -0.213154 0.112903 -0.416145
v -0.309573 0.112903 -0.412539
v -0.387025 0.112903 -0.365607
v -0.420371 0.112903 -0.184579
v -0.425791 0.112903 -0.089427
v -0.425217 0.112903 0.008194
v -0.428452 0.112903 0.104246
v -0.430640 0.112903 0.200750
v -0.389600 0.112903 0.378036
v -0.388070 0.112903 0.378883
v -0.386601 0.112903 0.380088
v -0.384926 0.112903 0.381258
v -0.381893 0.112903 0.383712
v -0.293990 0.112903 0.418503
v -0.197860 0.112903 0.427043
v -0.097291 0.112903 0.424054
v -0.000880 0.112903 0.417511
v 0.195754 0.112903 0.413579
v 0.292209 0.112903 0.407142
v 0.376388 0.112903 0.371250
v 0.421900 0.112903 0.291999
v 0.421570 0.112903 0.195843
v 0.410614 0.112903 0.003170
v 0.406674 0.112903 -0.093800
v 0.400468 0.112903 -0.189836
v 0.397304 0.112903 -0.287126
v 0.366585 0.112903 -0.373042
v 0.191366 0.112903 -0.422270
v 0.091265 0.112903 -0.424484
v -0.008986 0.112903 -0.427606
v -0.104075 0.112903 -0.418913
v -0.299892 0.112903 -0.413024
v -0.381961 0.145161 -0.372425
v -0.382455 0.145161 -0.370517
v -0.383780 0.145161 -0.368951
v -0.385518 0.145161 -0.367555
v -0.387254 0.145161 -0.366158
v -0.419214 0.145161 -0.273753
v -0.424559 0.145161 -0.176699
v -0.427698 0.145161 -0.078737
v -0.426517 0.145161 0.021006
v -0.431164 0.145161 0.118347
v -0.427290 0.145161 0.314751
v -0.375320 0.145161 0.390439
v -0.287787 0.145161 0.419898
v -0.190429 0.145161 0.430275
v -0.089767 0.145161 0.423736
v 0.106128 0.145161 0.414828
v 0.205035 0.145161 0.412678
v 0.302007 0.145161 0.405882
v 0.383880 0.145161 0.364496
v 0.421286 0.145161 0.184733
v 0.416567 0.145161 0.087421
v 0.411563 0.145161 -0.009773
v 0.406533 0.145161 -0.106957
v 0.400504 0.145161 -0.203729
v 0.356810 0.145161 -0.384168
v 0.355271 0.145161 -0.384982
v 0.353862 0.145161 -0.386240
v 0.352326 0.145161 -0.387539
v 0.350591 0.145161 -0.388651
v 0.260054 0.145161 -0.423784
v 0.159330 0.145161 -0.430703
v 0.061963 0.145161 -0.427062
v -0.034788 0.145161 -0.422033
v -0.131728 0.145161 -0.418942
v -0.325007 0.145161 -0.408353
v -0.397093 0.145161 -0.352332
v -0.420332 0.145161 -0.263603
v -0.424078 0.145161 -0.166843
v -0.424130 0.145161 0.029741
v -0.429602 0.145161 0.125789
v -0.426967 0.145161 0.225203
v -0.425806 0.145161 0.319032
v -0.372363 0.145161 0.392852
v -0.188166 0.145161 0.430703
v -0.088871 0.145161 0.423279
v 0.006347 0.145161 0.414572
v 0.105320 0.145161 0.414882
v 0.203221 0.145161 0.412617
v 0.382108 0.145161 0.367527
v 0.382801 0.145161 0.365177
v 0.384521 0.145161 0.363251
v 0.386728 0.145161 0.361526
v 0.388883 0.145161 0.359779
v 0.431202 0.145161 0.268118
v 0.419919 0.145161 0.171433
v 0.416231 0.145161 0.075441
v 0.410926 0.145161 -0.019885
v 0.400584 0.145161 -0.210648
v 0.394778 0.145161 -0.305768
v 0.354284 0.145161 -0.386261
v 0.271932 0.145161 -0.422912
v 0.173407 0.145161 -0.428149
v -0.022813 0.145161 -0.428381
v -0.117985 0.145161 -0.422926
v -0.213432 0.145161 -0.416687
v -0.309977 0.145161 -0.413077
v -0.387530 0.145161 -0.366084
v -0.420919 0.145161 -0.184820
v -0.426347 0.145161 -0.089544
v -0.425772 0.145161 0.008205
v -0.429011 0.145161 0.104382
v -0.431202 0.145161 0.201012
v -0.390107 0.145161 0.378529
v -0.388576 0.145161 0.379377
v -0.387105 0.145161 0.380584
v -0.385427 0.145161 0.381755
v -0.382391 0.145161 0.384212
v -0.294373 0.145161 0.419049
v -0.198118 0.145161 0.427600
v -0.097418 0.145161 0.424607
v -0.000881 0.145161 0.418055
v 0.196009 0.145161 0.414118
v 0.292590 0.145161 0.407672
v 0.376879 0.145161 0.371734
v 0.422450 0.145161 0.292380
v 0.422120 0.145161 0.196098
v 0.411149 0.145161 0.003175
v 0.407204 0.145161 -0.093922
v 0.400990 0.145161 -0.190084
v 0.397822 0.145161 -0.287500
v 0.367063 0.145161 -0.373529
v 0.191615 0.145161 -0.422820
v 0.091384 0.145161 -0.425037
v -0.008998 0.145161 -0.428163
v -0.104210 0.145161 -0.419459
v -0.300283 0.145161 -0.413562
v -0.382458 0.177419 -0.372910
v -0.382953 0.177419 -0.371000
v -0.384280 0.177419 -0.369431
v -0.386020 0.177419 -0.368033
v -0.387758 0.177419 -0.366634
v -0.419760 0.177419 -0.274110
v -0.425112 0.177419 -0.176929
v -0.428255 0.177419 -0.078839
v -0.427072 0.177419 0.021033
v -0.431726 0.177419 0.118501
v -0.427846 0.177419 0.315161
v -0.375809 0.177419 0.390947
v -0.288162 0.177419 0.420445
v -0.190677 0.177419 0.430835
v -0.089884 0.177419 0.424287
v 0.106266 0.177419 0.415368
v 0.205302 0.177419 0.413216
v 0.302400 0.177419 0.406410
v 0.384380 0.177419 0.364970
v 0.421834 0.177419 0.184973
v 0.417109 0.177419 0.087535
v 0.412098 0.177419 -0.009786
v 0.407062 0.177419 -0.107096
v 0.401025 0.177419 -0.203994
v 0.357275 0.177419 -0.384669
v 0.355734 0.177419 -0.385483
v 0.354323 0.177419 -0.386742
v 0.352785 0.177419 -0.388044
v 0.351048 0.177419 -0.389157
v 0.260393 0.177419 -0.424336
v 0.159538 0.177419 -0.431264
v 0.062043 0.177419 -0.427618
v -0.034833 0.177419 -0.422583
v -0.131900 0.177419 -0.419487
v -0.325430 0.177419 -0.408884
v -0.397610 0.177419 -0.352791
v -0.420880 0.177419 -0.263946
v -0.424631 0.177419 -0.167061
v -0.424683 0.177419 0.029779
v -0.430162 0.177419 0.125953
v -0.427523 0.177419 0.225496
v -0.426360 0.177419 0.319447
v -0.372848 0.177419 0.393363
v -0.188411 0.177419 0.431264
v -0.088987 0.177419 0.423830
v 0.006355 0.177419 0.415112
v 0.105457 0.177419 0.415422
v 0.203486 0.177419 0.413154
v 0.382605 0.177419 0.368005
v 0.383299 0.177419 0.365653
v 0.385021 0.177419 0.363724
v 0.387231 0.177419 0.361996
v 0.389389 0.177419 0.360247
v 0.431763 0.177419 0.268467
v 0.420466 0.177419 0.171656
v 0.416773 0.177419 0.075539
v 0.411461 0.177419 -0.019911
v 0.401105 0.177419 -0.210922
v 0.395292 0.177419 -0.306166
v 0.354746 0.177419 -0.386764
v 0.272286 0.177419 -0.423463
v 0.173633 0.177419 -0.428706
v -0.022842 0.177419 -0.428939
v -0.118139 0.177419 -0.423477
v -0.213710 0.177419 -0.417230
v -0.310381 0.177419 -0.413615
v -0.388034 0.177419 -0.366560
v -0.421468 0.177419 -0.185060
v -0.426902 0.177419 -0.089660
v -0.426326 0.177419 0.008215
v -0.429570 0.177419 0.104518
v -0.431763 0.177419 0.201274
v -0.390615 0.177419 0.379022
v -0.389082 0.177419 0.379871
v -0.387609 0.177419 0.381079
v -0.385929 0.177419 0.382252
v -0.382889 0.177419 0.384712
v -0.294756 0.177419 0.419594
v -0.198376 0.177419 0.428157
v -0.097545 0.177419 0.425160
v -0.000883 0.177419 0.418599
v 0.196265 0.177419 0.414657
v 0.292971 0.177419 0.408203
v 0.377370 0.177419 0.372218
v 0.423000 0.177419 0.292761
v 0.422670 0.177419 0.196354
v 0.411685 0.177419 0.003179
v 0.407735 0.177419 -0.094044
v 0.401513 0.177419 -0.190331
v 0.398340 0.177419 -0.287874
v 0.367540 0.177419 -0.374015
v 0.191865 0.177419 -0.423371
v 0.091503 0.177419 -0.425591
v -0.009009 0.177419 -0.428721
v -0.104346 0.177419 -0.420006
v -0.300674 0.177419 -0.414101
v -0.382956 0.209677 -0.373395
v -0.383451 0.209677 -0.371482
v -0.384780 0.209677 -0.369912
v -0.386522 0.209677 -0.368512
v -0.388262 0.209677 -0.367111
v -0.420306 0.209677 -0.274466
v -0.425665 0.209677 -0.177159
v -0.428812 0.209677 -0.078942
v -0.427627 0.209677 0.021061
v -0.432287 0.209677 0.118655
v -0.428403 0.209677 0.315570
v -0.376297 0.209677 0.391455
v -0.288537 0.209677 0.420992
v -0.190925 0.209677 0.431395
v -0.090001 0.209677 0.424839
v 0.106404 0.209677 0.415908
v 0.205569 0.209677 0.413753
v 0.302794 0.209677 0.406939
v 0.384880 0.209677 0.365445
v 0.422383 0.209677 0.185214
v 0.417652 0.209677 0.087648
v 0.412634 0.209677 -0.009799
v 0.407592 0.209677 -0.107236
v 0.401547 0.209677 -0.204260
v 0.357740 0.209677 -0.385169
v 0.356196 0.209677 -0.385985
v 0.354783 0.209677 -0.387245
v 0.353244 0.209677 -0.388548
v 0.351504 0.209677 -0.389663
v 0.260731 0.209677 -0.424888
v 0.159745 0.209677 -0.431824
v 0.062124 0.209677 -0.428174
v -0.034878 0.209677 -0.423132
v -0.132071 0.209677 -0.420033
v -0.325853 0.209677 -0.409416
v -0.398127 0.209677 -0.353250
v -0.421427 0.209677 -0.264289
v -0.425183 0.209677 -0.167278
v -0.425235 0.209677 0.029818
v -0.430721 0.209677 0.126117
v -0.428079 0.209677 0.225790
v -0.426915 0.209677 0.319863
v -0.373332 0.209677 0.393875
v -0.188656 0.209677 0.431824
v -0.089102 0.209677 0.424381
v 0.006364 0.209677 0.415652
v 0.105595 0.209677 0.415962
v 0.203750 0.209677 0.413691
v 0.383103 0.209677 0.368484
v 0.383798 0.209677 0.366128
v 0.385522 0.209677 0.364197
v 0.387735 0.209677 0.362467
v 0.389896 0.209677 0.360716
v 0.432325 0.209677 0.268816
v 0.421013 0.209677 0.171880
v 0.417315 0.209677 0.075637
v 0.411996 0.209677 -0.019937
v 0.401627 0.209677 -0.211196
v 0.395806 0.209677 -0.306564
v 0.355207 0.209677 -0.387266
v 0.272640 0.209677 -0.424014
v 0.173859 0.209677 -0.429264
v -0.022872 0.209677 -0.429497
v -0.118292 0.209677 -0.424028
v -0.213988 0.209677 -0.417773
v -0.310784 0.209677 -0.414152
v -0.388539 0.209677 -0.367037
v -0.422016 0.209677 -0.185301
v -0.427457 0.209677 -0.089777
v -0.426880 0.209677 0.008226
v -0.430128 0.209677 0.104654
v -0.432325 0.209677 0.201535
v -0.391123 0.209677 0.379515
v -0.389588 0.209677 0.380365
v -0.388113 0.209677 0.381575
v -0.386431 0.209677 0.382749
v -0.383387 0.209677 0.385213
v -0.295140 0.209677 0.420140
v -0.198634 0.209677 0.428713
v -0.097671 0.209677 0.425713
v -0.000884 0.209677 0.419144
v 0.196520 0.209677 0.415196
v 0.293352 0.209677 0.408734
v 0.377861 0.209677 0.372702
v 0.423550 0.209677 0.293141
v 0.423219 0.209677 0.196609
v 0.412220 0.209677 0.003183
v 0.408265 0.209677 -0.094166
v 0.402035 0.209677 -0.190579
v 0.398858 0.209677 -0.288249
v 0.368018 0.209677 -0.374501
v 0.192114 0.209677 -0.423921
v 0.091622 0.209677 -0.426144
v -0.009021 0.209677 -0.429278
v -0.104482 0.209677 -0.420552
v -0.301065 0.209677 -0.414639
v -0.383453 0.241935 -0.373880
v -0.383949 0.241935 -0.371964
v -0.385279 0.241935 -0.370392
v -0.387024 0.241935 -0.368991
v -0.388766 0.241935 -0.367588
v -0.420852 0.241935 -0.274822
v -0.426217 0.241935 -0.177389
v -0.429369 0.241935 -0.079044
v -0.428183 0.241935 0.021088
v -0.432849 0.241935 0.118809
v -0.428959 0.241935 0.315980
v -0.376786 0.241935 0.391964
v -0.288912 0.241935 0.421539
v -0.191173 0.241935 0.431955
v -0.090118 0.241935 0.425391
v 0.106543 0.241935 0.416449
v 0.205836 0.241935 0.414290
v 0.303187 0.241935 0.407467
v 0.385380 0.241935 0.365920
v 0.422931 0.241935 0.185454
v 0.418194 0.241935 0.087762
v 0.413170 0.241935 -0.009812
v 0.408121 0.241935 -0.107375
v 0.402068 0.241935 -0.204525
v 0.358204 0.241935 -0.385669
v 0.356659 0.241935 -0.386486
v 0.355244 0.241935 -0.387748
v 0.353703 0.241935 -0.389053
v 0.351961 0.241935 -0.390169
v 0.261070 0.241935 -0.425440
v 0.159953 0.241935 -0.432385
v 0.062205 0.241935 -0.428730
v -0.034924 0.241935 -0.423682
v -0.132243 0.241935 -0.420578
v -0.326276 0.241935 -0.409948
v -0.398644 0.241935 -0.353708
v -0.421974 0.241935 -0.264633
v -0.425735 0.241935 -0.167495
v -0.425787 0.241935 0.029857
v -0.431281 0.241935 0.126280
v -0.428635 0.241935 0.226083
v -0.427469 0.241935 0.320278
v -0.373817 0.241935 0.394386
v -0.188901 0.241935 0.432385
v -0.089218 0.241935 0.424932
v 0.006372 0.241935 0.416192
v 0.105732 0.241935 0.416502
v 0.204015 0.241935 0.414229
v 0.383600 0.241935 0.368962
v 0.384296 0.241935 0.366604
v 0.386023 0.241935 0.364670
v 0.388238 0.241935 0.362938
v 0.390402 0.241935 0.361184
v 0.432886 0.241935 0.269165
v 0.421560 0.241935 0.172103
v 0.417857 0.241935 0.075736
v 0.412531 0.241935 -0.019963
v 0.402148 0.241935 -0.211471
v 0.396320 0.241935 -0.306962
v 0.355668 0.241935 -0.387769
v 0.272994 0.241935 -0.424564
v 0.174084 0.241935 -0.429821
v -0.022902 0.241935 -0.430054
v -0.118446 0.241935 -0.424578
v -0.214266 0.241935 -0.418315
v -0.311188 0.241935 -0.414690
v -0.389044 0.241935 -0.367514
v -0.422564 0.241935 -0.185541
v -0.428012 0.241935 -0.089893
v -0.427435 0.241935 0.008237
v -0.430687 0.241935 0.104790
v -0.432886 0.241935 0.201797
v -0.391631 0.241935 0.380007
v -0.390094 0.241935 0.380859
v -0.388617 0.241935 0.382070
v -0.386933 0.241935 0.383247
v -0.383885 0.241935 0.385713
v -0.295523 0.241935 0.420686
v -0.198892 0.241935 0.429270
v -0.097798 0.241935 0.426266
v -0.000885 0.241935 0.419688
v 0.196775 0.241935 0.415735
v 0.293733 0.241935 0.409265
v 0.378351 0.241935 0.373186
v 0.424100 0.241935 0.293522
v 0.423769 0.241935 0.196864
v 0.412755 0.241935 0.003187
v 0.408795 0.241935 -0.094289
v 0.402557 0.241935 -0.190826
v 0.399376 0.241935 -0.288623
v 0.368496 0.241935 -0.374988
v 0.192364 0.241935 -0.424472
v 0.091741 0.241935 -0.426698
v -0.009033 0.241935 -0.429836
v -0.104617 0.241935 -0.421098
v -0.301456 0.241935 -0.415178
v -0.387183 0.274194 -0.377517
v -0.387684 0.274194 -0.375583
v -0.389027 0.274194 -0.373995
v -0.390789 0.274194 -0.372580
v -0.392548 0.274194 -0.371164
v -0.424946 0.274194 -0.277496
v -0.430364 0.274194 -0.179115
v -0.433546 0.274194 -0.079813
v -0.432348 0.274194 0.021293
v -0.437059 0.274194 0.119965
v -0.433132 0.274194 0.319054
v -0.380451 0.274194 0.395777
v -0.291722 0.274194 0.425639
v -0.193032 0.274194 0.436157
v -0.090994 0.274194 0.429529
v 0.107579 0.274194 0.420500
v 0.207839 0.274194 0.418320
v 0.306136 0.274194 0.411431
v 0.389129 0.274194 0.369479
v 0.427045 0.274194 0.187258
v 0.422262 0.274194 0.088616
v 0.417189 0.274194 -0.009907
v 0.412091 0.274194 -0.108419
v 0.405979 0.274194 -0.206515
v 0.361689 0.274194 -0.389421
v 0.360128 0.274194 -0.390246
v 0.358700 0.274194 -0.391520
v 0.357143 0.274194 -0.392837
v 0.355384 0.274194 -0.393965
v 0.263609 0.274194 -0.429578
v 0.161509 0.274194 -0.436591
v 0.062810 0.274194 -0.432900
v -0.035263 0.274194 -0.427803
v -0.133529 0.274194 -0.424669
v -0.329450 0.274194 -0.413936
v -0.402522 0.274194 -0.357149
v -0.426079 0.274194 -0.267207
v -0.429876 0.274194 -0.169124
v -0.429929 0.274194 0.030147
v -0.435476 0.274194 0.127509
v -0.432805 0.274194 0.228282
v -0.431628 0.274194 0.323394
v -0.377454 0.274194 0.398223
v -0.190738 0.274194 0.436591
v -0.090086 0.274194 0.429066
v 0.006434 0.274194 0.420240
v 0.106760 0.274194 0.420554
v 0.206000 0.274194 0.418258
v 0.387332 0.274194 0.372551
v 0.388034 0.274194 0.370170
v 0.389778 0.274194 0.368217
v 0.392015 0.274194 0.366468
v 0.394200 0.274194 0.364698
v 0.437097 0.274194 0.271783
v 0.425660 0.274194 0.173777
v 0.421922 0.274194 0.076472
v 0.416544 0.274194 -0.020157
v 0.406060 0.274194 -0.213528
v 0.400175 0.274194 -0.309948
v 0.359128 0.274194 -0.391541
v 0.275650 0.274194 -0.428694
v 0.175778 0.274194 -0.434003
v -0.023125 0.274194 -0.434238
v -0.119598 0.274194 -0.428708
v -0.216350 0.274194 -0.422384
v -0.314215 0.274194 -0.418724
v -0.392828 0.274194 -0.371089
v -0.426674 0.274194 -0.187346
v -0.432176 0.274194 -0.090768
v -0.431593 0.274194 0.008317
v -0.434876 0.274194 0.105809
v -0.437097 0.274194 0.203760
v -0.395441 0.274194 0.383704
v -0.393888 0.274194 0.384564
v -0.392397 0.274194 0.385787
v -0.390697 0.274194 0.386975
v -0.387619 0.274194 0.389465
v -0.298398 0.274194 0.424778
v -0.200827 0.274194 0.433446
v -0.098750 0.274194 0.430412
v -0.000894 0.274194 0.423771
v 0.198689 0.274194 0.419780
v 0.296591 0.274194 0.413246
v 0.382032 0.274194 0.376817
v 0.428225 0.274194 0.296377
v 0.427891 0.274194 0.198779
v 0.416771 0.274194 0.003218
v 0.412772 0.274194 -0.095206
v 0.406473 0.274194 -0.192682
v 0.403261 0.274194 -0.291431
v 0.372081 0.274194 -0.378635
v 0.194235 0.274194 -0.428601
v 0.092633 0.274194 -0.430849
v -0.009121 0.274194 -0.434017
v -0.105635 0.274194 -0.425194
v -0.304389 0.274194 -0.419216
v -0.391659 0.306452 -0.381882
v -0.392166 0.306452 -0.379925
v -0.393525 0.306452 -0.378319
v -0.395307 0.306452 -0.376887
v -0.397086 0.306452 -0.375455
v -0.429858 0.306452 -0.280704
v -0.435339 0.306452 -0.181186
v -0.438558 0.306452 -0.080736
v -0.437346 0.306452 0.021539
v -0.442112 0.306452 0.121352
v -0.438139 0.306452 0.322742
v -0.384850 0.306452 0.400352
v -0.295095 0.306452 0.430560
v -0.195264 0.306452 0.441200
v -0.092046 0.306452 0.434495
v 0.108823 0.306452 0.425361
v 0.210241 0.306452 0.423156
v 0.309675 0.306452 0.416187
v 0.393627 0.306452 0.373750
v 0.431982 0.306452 0.189423
v 0.427144 0.306452 0.089640
v 0.422012 0.306452 -0.010022
v 0.416855 0.306452 -0.109673
v 0.410673 0.306452 -0.208902
v 0.365870 0.306452 -0.393923
v 0.364291 0.306452 -0.394757
v 0.362847 0.306452 -0.396046
v 0.361272 0.306452 -0.397379
v 0.359493 0.306452 -0.398519
v 0.266657 0.306452 -0.434544
v 0.163376 0.306452 -0.441639
v 0.063536 0.306452 -0.437905
v -0.035671 0.306452 -0.432749
v -0.135073 0.306452 -0.429579
v -0.333259 0.306452 -0.418721
v -0.407175 0.306452 -0.361278
v -0.431005 0.306452 -0.270296
v -0.434846 0.306452 -0.171080
v -0.434899 0.306452 0.030496
v -0.440510 0.306452 0.128983
v -0.437808 0.306452 0.230921
v -0.436617 0.306452 0.327132
v -0.381817 0.306452 0.402827
v -0.192944 0.306452 0.441639
v -0.091127 0.306452 0.434026
v 0.006508 0.306452 0.425099
v 0.107995 0.306452 0.425416
v 0.208381 0.306452 0.423093
v 0.391810 0.306452 0.376858
v 0.392520 0.306452 0.374449
v 0.394284 0.306452 0.372474
v 0.396547 0.306452 0.370705
v 0.398757 0.306452 0.368914
v 0.442150 0.306452 0.274925
v 0.430581 0.306452 0.175786
v 0.426800 0.306452 0.077356
v 0.421359 0.306452 -0.020390
v 0.410755 0.306452 -0.215996
v 0.404802 0.306452 -0.313531
v 0.363280 0.306452 -0.396068
v 0.278837 0.306452 -0.433650
v 0.177810 0.306452 -0.439020
v -0.023392 0.306452 -0.439258
v -0.120981 0.306452 -0.433665
v -0.218851 0.306452 -0.427267
v -0.317848 0.306452 -0.423565
v -0.397369 0.306452 -0.375379
v -0.431607 0.306452 -0.189512
v -0.437172 0.306452 -0.091817
v -0.436582 0.306452 0.008413
v -0.439904 0.306452 0.107032
v -0.442150 0.306452 0.206116
v -0.400013 0.306452 0.388140
v -0.398442 0.306452 0.389010
v -0.396934 0.306452 0.390247
v -0.395214 0.306452 0.391448
v -0.392100 0.306452 0.393967
v -0.301847 0.306452 0.429689
v -0.203148 0.306452 0.438457
v -0.099891 0.306452 0.435388
v -0.000904 0.306452 0.428670
v 0.200986 0.306452 0.424632
v 0.300020 0.306452 0.418024
v 0.386448 0.306452 0.381173
v 0.433176 0.306452 0.299804
v 0.432838 0.306452 0.201077
v 0.421589 0.306452 0.003255
v 0.417544 0.306452 -0.096307
v 0.411172 0.306452 -0.194910
v 0.407923 0.306452 -0.294800
v 0.376382 0.306452 -0.383013
v 0.196480 0.306452 -0.433556
v 0.093704 0.306452 -0.435829
v -0.009226 0.306452 -0.439035
v -0.106856 0.306452 -0.430110
v -0.307908 0.306452 -0.424063
v -0.391162 0.338710 -0.381397
v -0.391668 0.338710 -0.379442
v -0.393025 0.338710 -0.377838
v -0.394805 0.338710 -0.376409
v -0.396582 0.338710 -0.374978
v -0.429312 0.338710 -0.280347
v -0.434786 0.338710 -0.180956
v -0.438001 0.338710 -0.080633
v -0.436791 0.338710 0.021512
v -0.441551 0.338710 0.121198
v -0.437583 0.338710 0.322333
v -0.384361 0.338710 0.399844
v -0.294720 0.338710 0.430013
v -0.195016 0.338710 0.440639
v -0.091929 0.338710 0.433943
v 0.108685 0.338710 0.424821
v 0.209974 0.338710 0.422619
v 0.309282 0.338710 0.415659
v 0.393127 0.338710 0.373276
v 0.431434 0.338710 0.189183
v 0.426602 0.338710 0.089527
v 0.421477 0.338710 -0.010009
v 0.416326 0.338710 -0.109534
v 0.410151 0.338710 -0.208637
v 0.365405 0.338710 -0.393423
v 0.363829 0.338710 -0.394256
v 0.362386 0.338710 -0.395543
v 0.360813 0.338710 -0.396874
v 0.359036 0.338710 -0.398013
v 0.266318 0.338710 -0.433993
v 0.163168 0.338710 -0.441078
v 0.063455 0.338710 -0.437349
v -0.035626 0.338710 -0.432200
v -0.134901 0.338710 -0.429033
v -0.332835 0.338710 -0.418189
v -0.406658 0.338710 -0.360819
v -0.430458 0.338710 -0.269953
v -0.434294 0.338710 -0.170862
v -0.434347 0.338710 0.030457
v -0.439951 0.338710 0.128819
v -0.437252 0.338710 0.230628
v -0.436063 0.338710 0.326717
v -0.381332 0.338710 0.402315
v -0.192699 0.338710 0.441078
v -0.091012 0.338710 0.433475
v 0.006500 0.338710 0.424559
v 0.107857 0.338710 0.424876
v 0.208117 0.338710 0.422556
v 0.391312 0.338710 0.376380
v 0.392022 0.338710 0.373974
v 0.393783 0.338710 0.372001
v 0.396043 0.338710 0.370234
v 0.398251 0.338710 0.368445
v 0.441589 0.338710 0.274576
v 0.430034 0.338710 0.175563
v 0.426258 0.338710 0.077258
v 0.420824 0.338710 -0.020364
v 0.410233 0.338710 -0.215722
v 0.404288 0.338710 -0.313133
v 0.362819 0.338710 -0.395565
v 0.278483 0.338710 -0.433100
v 0.177584 0.338710 -0.438462
v -0.023362 0.338710 -0.438700
v -0.120827 0.338710 -0.433114
v -0.218573 0.338710 -0.426725
v -0.317444 0.338710 -0.423027
v -0.396865 0.338710 -0.374902
v -0.431059 0.338710 -0.189272
v -0.436617 0.338710 -0.091701
v -0.436028 0.338710 0.008402
v -0.439345 0.338710 0.106896
v -0.441589 0.338710 0.205854
v -0.399505 0.338710 0.387647
v -0.397936 0.338710 0.388516
v -0.396430 0.338710 0.389751
v -0.394712 0.338710 0.390951
v -0.391602 0.338710 0.393467
v -0.301464 0.338710 0.429143
v -0.202891 0.338710 0.437900
v -0.099764 0.338710 0.434835
v -0.000903 0.338710 0.428125
v 0.200731 0.338710 0.424093
v 0.299639 0.338710 0.417493
v 0.385958 0.338710 0.380689
v 0.432626 0.338710 0.299423
v 0.432288 0.338710 0.200822
v 0.421053 0.338710 0.003251
v 0.417013 0.338710 -0.096184
v 0.410650 0.338710 -0.194662
v 0.407405 0.338710 -0.294425
v 0.375905 0.338710 -0.382526
v 0.196231 0.338710 -0.433005
v 0.093585 0.338710 -0.435276
v -0.009214 0.338710 -0.438477
v -0.106721 0.338710 -0.429564
v -0.307517 0.338710 -0.423524
v -0.385579 0.370968 -0.375953
v -0.386078 0.370968 -0.374027
v -0.387415 0.370968 -0.372445
v -0.389170 0.370968 -0.371036
v -0.390921 0.370968 -0.369626
v -0.423185 0.370968 -0.276346
v -0.428580 0.370968 -0.178373
v -0.431749 0.370968 -0.079482
v -0.430556 0.370968 0.021205
v -0.435248 0.370968 0.119468
v -0.431337 0.370968 0.317732
v -0.378875 0.370968 0.394137
v -0.290513 0.370968 0.423876
v -0.192233 0.370968 0.434350
v -0.090617 0.370968 0.427749
v 0.107133 0.370968 0.418757
v 0.206977 0.370968 0.416587
v 0.304868 0.370968 0.409726
v 0.387516 0.370968 0.367948
v 0.425276 0.370968 0.186482
v 0.420513 0.370968 0.088249
v 0.415461 0.370968 -0.009866
v 0.410383 0.370968 -0.107970
v 0.404297 0.370968 -0.205659
v 0.360190 0.370968 -0.387807
v 0.358636 0.370968 -0.388629
v 0.357213 0.370968 -0.389898
v 0.355663 0.370968 -0.391210
v 0.353912 0.370968 -0.392332
v 0.262517 0.370968 -0.427798
v 0.160839 0.370968 -0.434782
v 0.062550 0.370968 -0.431107
v -0.035117 0.370968 -0.426031
v -0.132976 0.370968 -0.422910
v -0.328085 0.370968 -0.412220
v -0.400854 0.370968 -0.355669
v -0.424314 0.370968 -0.266100
v -0.428095 0.370968 -0.168424
v -0.428148 0.370968 0.030022
v -0.433671 0.370968 0.126981
v -0.431011 0.370968 0.227336
v -0.429839 0.370968 0.322054
v -0.375890 0.370968 0.396573
v -0.189948 0.370968 0.434782
v -0.089713 0.370968 0.427288
v 0.006407 0.370968 0.418499
v 0.106318 0.370968 0.418811
v 0.205146 0.370968 0.416525
v 0.385727 0.370968 0.371008
v 0.386426 0.370968 0.368636
v 0.388163 0.370968 0.366692
v 0.390391 0.370968 0.364950
v 0.392566 0.370968 0.363186
v 0.435286 0.370968 0.270657
v 0.423897 0.370968 0.173057
v 0.420174 0.370968 0.076155
v 0.414818 0.370968 -0.020073
v 0.404378 0.370968 -0.212643
v 0.398517 0.370968 -0.308664
v 0.357640 0.370968 -0.389919
v 0.274508 0.370968 -0.426918
v 0.175049 0.370968 -0.432204
v -0.023029 0.370968 -0.432438
v -0.119103 0.370968 -0.426932
v -0.215454 0.370968 -0.420634
v -0.312913 0.370968 -0.416989
v -0.391200 0.370968 -0.369551
v -0.424906 0.370968 -0.186570
v -0.430385 0.370968 -0.090392
v -0.429804 0.370968 0.008282
v -0.433075 0.370968 0.105370
v -0.435286 0.370968 0.202916
v -0.393802 0.370968 0.382114
v -0.392256 0.370968 0.382970
v -0.390771 0.370968 0.384189
v -0.389078 0.370968 0.385371
v -0.386013 0.370968 0.387851
v -0.297161 0.370968 0.423018
v -0.199995 0.370968 0.431650
v -0.098340 0.370968 0.428629
v -0.000890 0.370968 0.422015
v 0.197866 0.370968 0.418040
v 0.295362 0.370968 0.411534
v 0.380449 0.370968 0.375255
v 0.426451 0.370968 0.295149
v 0.426118 0.370968 0.197956
v 0.415044 0.370968 0.003205
v 0.411061 0.370968 -0.094811
v 0.404788 0.370968 -0.191884
v 0.401590 0.370968 -0.290223
v 0.370539 0.370968 -0.377067
v 0.193430 0.370968 -0.426825
v 0.092249 0.370968 -0.429063
v -0.009083 0.370968 -0.432219
v -0.105197 0.370968 -0.423432
v -0.303127 0.370968 -0.417479
v -0.379763 0.403226 -0.370282
v -0.380255 0.403226 -0.368385
v -0.381572 0.403226 -0.366828
v -0.383300 0.403226 -0.365440
v -0.385025 0.403226 -0.364051
v -0.416802 0.403226 -0.272178
v -0.422116 0.403226 -0.175682
v -0.425237 0.403226 -0.078284
v -0.424062 0.403226 0.020885
v -0.428683 0.403226 0.117666
v -0.424831 0.403226 0.312939
v -0.373160 0.403226 0.388192
v -0.286131 0.403226 0.417482
v -0.189333 0.403226 0.427799
v -0.089250 0.403226 0.421297
v 0.105517 0.403226 0.412441
v 0.203855 0.403226 0.410304
v 0.300269 0.403226 0.403546
v 0.381671 0.403226 0.362398
v 0.418861 0.403226 0.183670
v 0.414170 0.403226 0.086918
v 0.409194 0.403226 -0.009717
v 0.404193 0.403226 -0.106342
v 0.398199 0.403226 -0.202557
v 0.354757 0.403226 -0.381958
v 0.353227 0.403226 -0.382767
v 0.351826 0.403226 -0.384017
v 0.350299 0.403226 -0.385309
v 0.348574 0.403226 -0.386415
v 0.258558 0.403226 -0.421346
v 0.158413 0.403226 -0.428224
v 0.061606 0.403226 -0.424604
v -0.034587 0.403226 -0.419605
v -0.130970 0.403226 -0.416531
v -0.323136 0.403226 -0.406003
v -0.394808 0.403226 -0.350305
v -0.417914 0.403226 -0.262086
v -0.421638 0.403226 -0.165883
v -0.421690 0.403226 0.029569
v -0.427130 0.403226 0.125065
v -0.424510 0.403226 0.223907
v -0.423356 0.403226 0.317196
v -0.370220 0.403226 0.390591
v -0.187083 0.403226 0.428224
v -0.088359 0.403226 0.420843
v 0.006311 0.403226 0.412187
v 0.104714 0.403226 0.412494
v 0.202052 0.403226 0.410242
v 0.379909 0.403226 0.365412
v 0.380598 0.403226 0.363076
v 0.382308 0.403226 0.361161
v 0.384502 0.403226 0.359445
v 0.386645 0.403226 0.357708
v 0.428720 0.403226 0.266575
v 0.417503 0.403226 0.170447
v 0.413836 0.403226 0.075007
v 0.408561 0.403226 -0.019771
v 0.398279 0.403226 -0.209436
v 0.392506 0.403226 -0.304008
v 0.352246 0.403226 -0.384038
v 0.270367 0.403226 -0.420479
v 0.172409 0.403226 -0.425685
v -0.022681 0.403226 -0.425916
v -0.117306 0.403226 -0.420492
v -0.212204 0.403226 -0.414290
v -0.308193 0.403226 -0.410700
v -0.385300 0.403226 -0.363977
v -0.418497 0.403226 -0.183756
v -0.423893 0.403226 -0.089028
v -0.423321 0.403226 0.008158
v -0.426542 0.403226 0.103781
v -0.428720 0.403226 0.199855
v -0.387863 0.403226 0.376351
v -0.386340 0.403226 0.377194
v -0.384877 0.403226 0.378394
v -0.383210 0.403226 0.379559
v -0.380191 0.403226 0.382001
v -0.292679 0.403226 0.416637
v -0.196978 0.403226 0.425139
v -0.096857 0.403226 0.422164
v -0.000876 0.403226 0.415649
v 0.194882 0.403226 0.411735
v 0.290907 0.403226 0.405327
v 0.374710 0.403226 0.369595
v 0.420019 0.403226 0.290698
v 0.419691 0.403226 0.194970
v 0.408783 0.403226 0.003156
v 0.404861 0.403226 -0.093381
v 0.398683 0.403226 -0.188990
v 0.395533 0.403226 -0.285845
v 0.364950 0.403226 -0.371379
v 0.190512 0.403226 -0.420387
v 0.090858 0.403226 -0.422592
v -0.008946 0.403226 -0.425699
v -0.103611 0.403226 -0.417046
v -0.298555 0.403226 -0.411182
v -0.374196 0.435484 -0.364854
v -0.374680 0.435484 -0.362985
v -0.375978 0.435484 -0.361450
v -0.377681 0.435484 -0.360083
v -0.379381 0.435484 -0.358714
v -0.410692 0.435484 -0.268188
v -0.415928 0.435484 -0.173107
v -0.419004 0.435484 -0.077136
v -0.417846 0.435484 0.020579
v -0.422399 0.435484 0.115941
v -0.418604 0.435484 0.308352
v -0.367690 0.435484 0.382501
v -0.281937 0.435484 0.411362
v -0.186558 0.435484 0.421527
v -0.087942 0.435484 0.415122
v 0.103971 0.435484 0.406395
v 0.200867 0.435484 0.404289
v 0.295867 0.435484 0.397630
v 0.376076 0.435484 0.357086
v 0.412721 0.435484 0.180977
v 0.408099 0.435484 0.085644
v 0.403196 0.435484 -0.009575
v 0.398268 0.435484 -0.104783
v 0.392362 0.435484 -0.199588
v 0.349557 0.435484 -0.376359
v 0.348049 0.435484 -0.377156
v 0.346668 0.435484 -0.378388
v 0.345164 0.435484 -0.379661
v 0.343464 0.435484 -0.380750
v 0.254767 0.435484 -0.415169
v 0.156091 0.435484 -0.421947
v 0.060703 0.435484 -0.418380
v -0.034080 0.435484 -0.413454
v -0.129050 0.435484 -0.410425
v -0.318399 0.435484 -0.400051
v -0.389020 0.435484 -0.345169
v -0.411787 0.435484 -0.258244
v -0.415457 0.435484 -0.163452
v -0.415508 0.435484 0.029136
v -0.420869 0.435484 0.123232
v -0.418287 0.435484 0.220625
v -0.417150 0.435484 0.312546
v -0.364793 0.435484 0.384865
v -0.184341 0.435484 0.421947
v -0.087064 0.435484 0.414674
v 0.006218 0.435484 0.406144
v 0.103179 0.435484 0.406448
v 0.199090 0.435484 0.404229
v 0.374340 0.435484 0.360055
v 0.375019 0.435484 0.357754
v 0.376704 0.435484 0.355866
v 0.378866 0.435484 0.354176
v 0.380977 0.435484 0.352465
v 0.422436 0.435484 0.262667
v 0.411383 0.435484 0.167948
v 0.407769 0.435484 0.073907
v 0.402572 0.435484 -0.019481
v 0.392440 0.435484 -0.206365
v 0.386752 0.435484 -0.299552
v 0.347082 0.435484 -0.378408
v 0.266404 0.435484 -0.414315
v 0.169882 0.435484 -0.419445
v -0.022349 0.435484 -0.419672
v -0.115587 0.435484 -0.414328
v -0.209093 0.435484 -0.408216
v -0.303675 0.435484 -0.404679
v -0.379652 0.435484 -0.358641
v -0.412362 0.435484 -0.181062
v -0.417679 0.435484 -0.087723
v -0.417116 0.435484 0.008038
v -0.420290 0.435484 0.102260
v -0.422436 0.435484 0.196925
v -0.382177 0.435484 0.370834
v -0.380676 0.435484 0.371665
v -0.379235 0.435484 0.372847
v -0.377592 0.435484 0.373994
v -0.374617 0.435484 0.376401
v -0.288389 0.435484 0.410530
v -0.194091 0.435484 0.418907
v -0.095437 0.435484 0.415975
v -0.000864 0.435484 0.409556
v 0.192025 0.435484 0.405699
v 0.286642 0.435484 0.399385
v 0.369217 0.435484 0.364177
v 0.413862 0.435484 0.286436
v 0.413539 0.435484 0.192112
v 0.402791 0.435484 0.003110
v 0.398926 0.435484 -0.092012
v 0.392839 0.435484 -0.186219
v 0.389735 0.435484 -0.281655
v 0.359600 0.435484 -0.365935
v 0.187720 0.435484 -0.414225
v 0.089526 0.435484 -0.416397
v -0.008815 0.435484 -0.419459
v -0.102092 0.435484 -0.410932
v -0.294179 0.435484 -0.405155
v -0.368533 0.467742 -0.359332
v -0.369010 0.467742 -0.357491
v -0.370288 0.467742 -0.355980
v -0.371965 0.467742 -0.354633
v -0.373639 0.467742 -0.353285
v -0.404476 0.467742 -0.264129
v -0.409633 0.467742 -0.170487
v -0.412662 0.467742 -0.075969
v -0.411522 0.467742 0.020267
v -0.416006 0.467742 0.114186
v -0.412268 0.467742 0.303685
v -0.362125 0.467742 0.376712
v -0.277670 0.467742 0.405136
v -0.183734 0.467742 0.415148
v -0.086611 0.467742 0.408839
v 0.102397 0.467742 0.400244
v 0.197827 0.467742 0.398170
v 0.291390 0.467742 0.391612
v 0.370384 0.467742 0.351681
v 0.406475 0.467742 0.178238
v 0.401922 0.467742 0.084347
v 0.397094 0.467742 -0.009430
v 0.392241 0.467742 -0.103197
v 0.386424 0.467742 -0.196567
v 0.344266 0.467742 -0.370663
v 0.342781 0.467742 -0.371448
v 0.341421 0.467742 -0.372661
v 0.339940 0.467742 -0.373915
v 0.338266 0.467742 -0.374987
v 0.250912 0.467742 -0.408886
v 0.153729 0.467742 -0.415561
v 0.059784 0.467742 -0.412048
v -0.033565 0.467742 -0.407196
v -0.127097 0.467742 -0.404213
v -0.313581 0.467742 -0.393997
v -0.383133 0.467742 -0.339945
v -0.405555 0.467742 -0.254336
v -0.409169 0.467742 -0.160978
v -0.409220 0.467742 0.028695
v -0.414499 0.467742 0.121367
v -0.411957 0.467742 0.217286
v -0.410836 0.467742 0.307816
v -0.359272 0.467742 0.379041
v -0.181551 0.467742 0.415561
v -0.085747 0.467742 0.408398
v 0.006124 0.467742 0.399998
v 0.101618 0.467742 0.400296
v 0.196077 0.467742 0.398111
v 0.368674 0.467742 0.354606
v 0.369343 0.467742 0.352339
v 0.371002 0.467742 0.350481
v 0.373132 0.467742 0.348816
v 0.375211 0.467742 0.347130
v 0.416042 0.467742 0.258692
v 0.405156 0.467742 0.165406
v 0.401598 0.467742 0.072789
v 0.396479 0.467742 -0.019186
v 0.386501 0.467742 -0.203242
v 0.380899 0.467742 -0.295018
v 0.341829 0.467742 -0.372681
v 0.262372 0.467742 -0.408044
v 0.167311 0.467742 -0.413097
v -0.022011 0.467742 -0.413321
v -0.113837 0.467742 -0.408058
v -0.205929 0.467742 -0.402038
v -0.299079 0.467742 -0.398554
v -0.373906 0.467742 -0.353214
v -0.406122 0.467742 -0.178322
v -0.411358 0.467742 -0.086396
v -0.410803 0.467742 0.007916
v -0.413929 0.467742 0.100712
v -0.416042 0.467742 0.193945
v -0.376393 0.467742 0.365221
v -0.374915 0.467742 0.366040
v -0.373496 0.467742 0.367204
v -0.371877 0.467742 0.368334
v -0.368948 0.467742 0.370705
v -0.284024 0.467742 0.404316
v -0.191153 0.467742 0.412567
v -0.093993 0.467742 0.409679
v -0.000850 0.467742 0.403358
v 0.189119 0.467742 0.399559
v 0.282304 0.467742 0.393340
v 0.363629 0.467742 0.358665
v 0.407598 0.467742 0.282101
v 0.407280 0.467742 0.189204
v 0.396695 0.467742 0.003063
v 0.392889 0.467742 -0.090620
v 0.386893 0.467742 -0.183401
v 0.383836 0.467742 -0.277392
v 0.354158 0.467742 -0.360397
v 0.184879 0.467742 -0.407956
v 0.088171 0.467742 -0.410095
v -0.008681 0.467742 -0.413111
v -0.100547 0.467742 -0.404713
v -0.289726 0.467742 -0.399023
v -0.321496 0.500000 -0.313470
v -0.321912 0.500000 -0.311864
v -0.323027 0.500000 -0.310546
v -0.324491 0.500000 -0.309371
v -0.325951 0.500000 -0.308195
v -0.352852 0.500000 -0.230418
v -0.357351 0.500000 -0.148728
v -0.359993 0.500000 -0.066273
v -0.358999 0.500000 0.017681
v -0.362911 0.500000 0.099613
v -0.359650 0.500000 0.264925
v -0.315907 0.500000 0.328632
v -0.242231 0.500000 0.353428
v -0.160284 0.500000 0.362162
v -0.075557 0.500000 0.356658
v 0.089328 0.500000 0.349161
v 0.172578 0.500000 0.347351
v 0.254199 0.500000 0.341630
v 0.323112 0.500000 0.306796
v 0.354596 0.500000 0.155489
v 0.350624 0.500000 0.073582
v 0.346412 0.500000 -0.008226
v 0.342178 0.500000 -0.090026
v 0.337104 0.500000 -0.171479
v 0.300327 0.500000 -0.323354
v 0.299031 0.500000 -0.324039
v 0.297845 0.500000 -0.325098
v 0.296553 0.500000 -0.326191
v 0.295092 0.500000 -0.327127
v 0.218887 0.500000 -0.356699
v 0.134108 0.500000 -0.362522
v 0.052154 0.500000 -0.359457
v -0.029281 0.500000 -0.355225
v -0.110876 0.500000 -0.352623
v -0.273558 0.500000 -0.343710
v -0.334233 0.500000 -0.296558
v -0.353793 0.500000 -0.221874
v -0.356946 0.500000 -0.140432
v -0.356990 0.500000 0.025033
v -0.361596 0.500000 0.105877
v -0.359378 0.500000 0.189553
v -0.358401 0.500000 0.268529
v -0.313417 0.500000 0.330663
v -0.158379 0.500000 0.362522
v -0.074803 0.500000 0.356273
v 0.005342 0.500000 0.348945
v 0.088648 0.500000 0.349206
v 0.171051 0.500000 0.347299
v 0.321620 0.500000 0.309347
v 0.322203 0.500000 0.307370
v 0.323651 0.500000 0.305748
v 0.325508 0.500000 0.304296
v 0.327323 0.500000 0.302826
v 0.362942 0.500000 0.225675
v 0.353446 0.500000 0.144295
v 0.350341 0.500000 0.063499
v 0.345876 0.500000 -0.016737
v 0.337171 0.500000 -0.177302
v 0.332284 0.500000 -0.257364
v 0.298201 0.500000 -0.325115
v 0.228885 0.500000 -0.355965
v 0.145957 0.500000 -0.360373
v -0.019201 0.500000 -0.360568
v -0.099308 0.500000 -0.355977
v -0.179646 0.500000 -0.350726
v -0.260907 0.500000 -0.347686
v -0.326184 0.500000 -0.308132
v -0.354288 0.500000 -0.155562
v -0.358856 0.500000 -0.075369
v -0.358372 0.500000 0.006906
v -0.361098 0.500000 0.087858
v -0.362942 0.500000 0.169192
v -0.328353 0.500000 0.318607
v -0.327064 0.500000 0.319321
v -0.325826 0.500000 0.320337
v -0.324414 0.500000 0.321323
v -0.321858 0.500000 0.323391
v -0.247774 0.500000 0.352713
v -0.166756 0.500000 0.359910
v -0.081996 0.500000 0.357391
v -0.000742 0.500000 0.351877
v 0.164981 0.500000 0.348563
v 0.246273 0.500000 0.343138
v 0.317219 0.500000 0.312888
v 0.355576 0.500000 0.246096
v 0.355298 0.500000 0.165056
v 0.346064 0.500000 0.002672
v 0.342744 0.500000 -0.079054
v 0.337513 0.500000 -0.159993
v 0.334846 0.500000 -0.241988
v 0.308956 0.500000 -0.314399
v 0.161282 0.500000 -0.355888
v 0.076917 0.500000 -0.357754
v -0.007573 0.500000 -0.360385
v -0.087714 0.500000 -0.353059
v -0.252748 0.500000 -0.348095
v 0.000000 0.500000 0.000000
v 0.000000 -0.500000 0.000000

vt 0.123532 0.132506
vt 0.123045 0.134389
vt 0.121740 0.135934
vt 0.120026 0.137312
vt 0.118316 0.138691
vt 0.086815 0.229872
vt 0.081547 0.325640
vt 0.078453 0.422306
vt 0.079618 0.520728
vt 0.075037 0.616780
vt 0.078855 0.810583
vt 0.130078 0.885269
vt 0.216352 0.914339
vt 0.312310 0.924577
vt 0.411524 0.918125
vt 0.604602 0.909335
vt 0.702086 0.907214
vt 0.797664 0.900507
vt 0.878359 0.859670
vt 0.915227 0.682287
vt 0.910576 0.586263
vt 0.905643 0.490356
vt 0.900686 0.394459
vt 0.894744 0.298968
vt 0.851679 0.120918
vt 0.850161 0.120115
vt 0.848772 0.118875
vt 0.847259 0.117592
vt 0.845549 0.116495
vt 0.756314 0.081827
vt 0.657039 0.075000
vt 0.561072 0.078593
vt 0.465713 0.083555
vt 0.370166 0.086606
vt 0.179668 0.097054
vt 0.108618 0.152333
vt 0.085713 0.239887
vt 0.082021 0.335366
vt 0.081970 0.529347
vt 0.076576 0.624124
vt 0.079173 0.722221
vt 0.080318 0.814808
vt 0.132993 0.887650
vt 0.314540 0.925000
vt 0.412407 0.917674
vt 0.506256 0.909083
vt 0.603806 0.909388
vt 0.700298 0.907153
vt 0.876612 0.862660
vt 0.877295 0.860342
vt 0.878990 0.858441
vt 0.881166 0.856739
vt 0.883290 0.855015
vt 0.925000 0.764568
vt 0.913880 0.669163
vt 0.910245 0.574442
vt 0.905016 0.480378
vt 0.894822 0.292141
vt 0.889100 0.198281
vt 0.849189 0.118854
vt 0.768021 0.082687
vt 0.670913 0.077520
vt 0.477515 0.077291
vt 0.383712 0.082674
vt 0.289637 0.088830
vt 0.194481 0.092393
vt 0.118044 0.138764
vt 0.085134 0.317628
vt 0.079785 0.411642
vt 0.080352 0.508096
vt 0.077159 0.603000
vt 0.075000 0.698350
vt 0.115503 0.873517
vt 0.117013 0.874354
vt 0.118463 0.875545
vt 0.120116 0.876701
vt 0.123108 0.879125
vt 0.209861 0.913500
vt 0.304731 0.921938
vt 0.403983 0.918985
vt 0.499131 0.912520
vt 0.693190 0.908635
vt 0.788382 0.902275
vt 0.871459 0.866812
vt 0.916374 0.788509
vt 0.916049 0.693502
vt 0.905236 0.503133
vt 0.901348 0.407322
vt 0.895223 0.312433
vt 0.892100 0.216307
vt 0.861783 0.131417
vt 0.688859 0.082778
vt 0.590069 0.080590
vt 0.491132 0.077506
vt 0.397288 0.086095
vt 0.204035 0.091914
vt 0.090086 0.099857
vt 0.089556 0.101907
vt 0.088134 0.103590
vt 0.086268 0.105090
vt 0.084406 0.106591
vt 0.794127 0.032258
vt 0.689850 0.032258
vt 0.584597 0.032258
vt 0.477431 0.032258
vt 0.372845 0.032258
vt 0.041440 0.838176
vt 0.097213 0.919497
vt 0.191152 0.032258
vt 0.295635 0.032258
vt 0.403664 0.032258
vt 0.613895 0.032258
vt 0.720040 0.032258
vt 0.824109 0.032258
vt 0.911973 0.891623
vt 0.698482 0.032258
vt 0.593927 0.032258
vt 0.489499 0.032258
vt 0.385083 0.032258
vt 0.281108 0.032258
vt 0.882923 0.087240
vt 0.881270 0.086365
vt 0.879758 0.085015
vt 0.878110 0.083618
vt 0.876248 0.082424
vt 0.220915 0.032258
vt 0.329010 0.032258
vt 0.433503 0.032258
vt 0.537333 0.032258
vt 0.641368 0.032258
vt 0.151209 0.061256
vt 0.073847 0.121445
vt 0.783222 0.032258
vt 0.679261 0.032258
vt 0.468046 0.032258
vt 0.364849 0.032258
vt 0.258036 0.032258
vt 0.043033 0.842776
vt 0.100387 0.922090
vt 0.298064 0.032258
vt 0.404625 0.032258
vt 0.506812 0.032258
vt 0.613028 0.032258
vt 0.718093 0.032258
vt 0.910071 0.894880
vt 0.910815 0.892356
vt 0.912661 0.890286
vt 0.915029 0.888432
vt 0.917342 0.886555
vt 0.788072 0.032258
vt 0.684192 0.032258
vt 0.581056 0.032258
vt 0.478635 0.032258
vt 0.273675 0.032258
vt 0.171476 0.032258
vt 0.880212 0.084992
vt 0.208167 0.032258
vt 0.313903 0.032258
vt 0.524482 0.032258
vt 0.626620 0.032258
vt 0.729052 0.032258
vt 0.167338 0.056180
vt 0.084110 0.106670
vt 0.698575 0.032258
vt 0.596208 0.032258
vt 0.491185 0.032258
vt 0.387850 0.032258
vt 0.284028 0.032258
vt 0.081344 0.906701
vt 0.082987 0.907612
vt 0.084566 0.908909
vt 0.086366 0.910168
vt 0.089625 0.912807
vt 0.184084 0.032258
vt 0.287383 0.032258
vt 0.395453 0.032258
vt 0.499054 0.032258
vt 0.710354 0.032258
vt 0.814003 0.032258
vt 0.904460 0.899401
vt 0.953365 0.814140
vt 0.710693 0.032258
vt 0.503411 0.032258
vt 0.399088 0.032258
vt 0.295769 0.032258
vt 0.191103 0.032258
vt 0.893925 0.098671
vt 0.294362 0.032258
vt 0.401929 0.032258
vt 0.509656 0.032258
vt 0.611837 0.032258
vt 0.822259 0.032258
vt 0.925808 0.064516
vt 0.923627 0.064516
vt 0.921836 0.064516
vt 0.920240 0.064516
vt 0.918642 0.064516
vt 0.812992 0.064516
vt 0.702027 0.064516
vt 0.590023 0.064516
vt 0.475983 0.064516
vt 0.364689 0.064516
vt 0.140133 0.064516
vt 0.071378 0.064516
vt 0.171342 0.064516
vt 0.282527 0.064516
vt 0.397485 0.064516
vt 0.621200 0.064516
vt 0.734154 0.064516
vt 0.844897 0.064516
vt 0.916742 0.064516
vt 0.711212 0.064516
vt 0.599952 0.064516
vt 0.488826 0.064516
vt 0.377712 0.064516
vt 0.267069 0.064516
vt 0.092517 0.064516
vt 0.094275 0.064516
vt 0.095884 0.064516
vt 0.097638 0.064516
vt 0.099619 0.064516
vt 0.203014 0.064516
vt 0.318042 0.064516
vt 0.429238 0.064516
vt 0.539728 0.064516
vt 0.650436 0.064516
vt 0.871163 0.064516
vt 0.902835 0.064516
vt 0.801387 0.064516
vt 0.690759 0.064516
vt 0.465996 0.064516
vt 0.356180 0.064516
vt 0.242516 0.064516
vt 0.135238 0.064516
vt 0.074756 0.064516
vt 0.285112 0.064516
vt 0.398508 0.064516
vt 0.507249 0.064516
vt 0.620278 0.064516
vt 0.732082 0.064516
vt 0.920207 0.064516
vt 0.917521 0.064516
vt 0.915319 0.064516
vt 0.913346 0.064516
vt 0.911349 0.064516
vt 0.806549 0.064516
vt 0.696006 0.064516
vt 0.586255 0.064516
vt 0.477265 0.064516
vt 0.259158 0.064516
vt 0.150404 0.064516
vt 0.095402 0.064516
vt 0.189449 0.064516
vt 0.301966 0.064516
vt 0.526052 0.064516
vt 0.634741 0.064516
vt 0.743743 0.064516
vt 0.853999 0.064516
vt 0.918558 0.064516
vt 0.711311 0.064516
vt 0.602379 0.064516
vt 0.490619 0.064516
vt 0.380656 0.064516
vt 0.270175 0.064516
vt 0.067213 0.064516
vt 0.066243 0.064516
vt 0.064864 0.064516
vt 0.063524 0.064516
vt 0.063303 0.064516
vt 0.163821 0.064516
vt 0.273746 0.064516
vt 0.388747 0.064516
vt 0.498993 0.064516
vt 0.723846 0.064516
vt 0.834143 0.064516
vt 0.925018 0.064516
vt 0.834289 0.064516
vt 0.724207 0.064516
vt 0.503630 0.064516
vt 0.392616 0.064516
vt 0.282670 0.064516
vt 0.171290 0.064516
vt 0.080809 0.064516
vt 0.281173 0.064516
vt 0.395638 0.064516
vt 0.510275 0.064516
vt 0.619010 0.064516
vt 0.842928 0.064516
vt 0.926377 0.096774
vt 0.924192 0.096774
vt 0.922399 0.096774
vt 0.920801 0.096774
vt 0.919201 0.096774
vt 0.813410 0.096774
vt 0.702297 0.096774
vt 0.590143 0.096774
vt 0.475951 0.096774
vt 0.364509 0.096774
vt 0.139653 0.096774
vt 0.070806 0.096774
vt 0.170903 0.096774
vt 0.282237 0.096774
vt 0.397348 0.096774
vt 0.621362 0.096774
vt 0.734466 0.096774
vt 0.845357 0.096774
vt 0.917298 0.096774
vt 0.711494 0.096774
vt 0.600085 0.096774
vt 0.488811 0.096774
vt 0.377549 0.096774
vt 0.266758 0.096774
vt 0.091973 0.096774
vt 0.093733 0.096774
vt 0.095345 0.096774
vt 0.097101 0.096774
vt 0.099085 0.096774
vt 0.202618 0.096774
vt 0.317799 0.096774
vt 0.429143 0.096774
vt 0.539781 0.096774
vt 0.650637 0.096774
vt 0.871658 0.096774
vt 0.903373 0.096774
vt 0.801790 0.096774
vt 0.691013 0.096774
vt 0.465951 0.096774
vt 0.355988 0.096774
vt 0.242173 0.096774
vt 0.134751 0.096774
vt 0.074188 0.096774
vt 0.284825 0.096774
vt 0.398373 0.096774
vt 0.507258 0.096774
vt 0.620438 0.096774
vt 0.732392 0.096774
vt 0.920768 0.096774
vt 0.918079 0.096774
vt 0.915874 0.096774
vt 0.913898 0.096774
vt 0.911898 0.096774
vt 0.806959 0.096774
vt 0.696268 0.096774
vt 0.586370 0.096774
vt 0.477234 0.096774
vt 0.258837 0.096774
vt 0.149937 0.096774
vt 0.094861 0.096774
vt 0.189034 0.096774
vt 0.301702 0.096774
vt 0.526087 0.096774
vt 0.634921 0.096774
vt 0.744068 0.096774
vt 0.854471 0.096774
vt 0.919116 0.096774
vt 0.711593 0.096774
vt 0.602515 0.096774
vt 0.490607 0.096774
vt 0.380497 0.096774
vt 0.269868 0.096774
vt 0.066636 0.096774
vt 0.065664 0.096774
vt 0.064283 0.096774
vt 0.062942 0.096774
vt 0.062720 0.096774
vt 0.163372 0.096774
vt 0.273444 0.096774
vt 0.388599 0.096774
vt 0.498992 0.096774
vt 0.724145 0.096774
vt 0.834589 0.096774
vt 0.925586 0.096774
vt 0.834736 0.096774
vt 0.724506 0.096774
vt 0.503634 0.096774
vt 0.392472 0.096774
vt 0.282380 0.096774
vt 0.170851 0.096774
vt 0.080249 0.096774
vt 0.280880 0.096774
vt 0.395499 0.096774
vt 0.510289 0.096774
vt 0.619169 0.096774
vt 0.843386 0.096774
vt 0.926945 0.129032
vt 0.924758 0.129032
vt 0.922962 0.129032
vt 0.921362 0.129032
vt 0.919760 0.129032
vt 0.813828 0.129032
vt 0.702566 0.129032
vt 0.590263 0.129032
vt 0.475919 0.129032
vt 0.364328 0.129032
vt 0.139172 0.129032
vt 0.070234 0.129032
vt 0.170465 0.129032
vt 0.281946 0.129032
vt 0.397211 0.129032
vt 0.621524 0.129032
vt 0.734779 0.129032
vt 0.845818 0.129032
vt 0.917855 0.129032
vt 0.711776 0.129032
vt 0.600218 0.129032
vt 0.488796 0.129032
vt 0.377385 0.129032
vt 0.266447 0.129032
vt 0.091429 0.129032
vt 0.093192 0.129032
vt 0.094805 0.129032
vt 0.096563 0.129032
vt 0.098550 0.129032
vt 0.202221 0.129032
vt 0.317557 0.129032
vt 0.429049 0.129032
vt 0.539834 0.129032
vt 0.650837 0.129032
vt 0.872154 0.129032
vt 0.903911 0.129032
vt 0.802192 0.129032
vt 0.691268 0.129032
vt 0.465906 0.129032
vt 0.355796 0.129032
vt 0.241829 0.129032
vt 0.134264 0.129032
vt 0.073620 0.129032
vt 0.284538 0.129032
vt 0.398237 0.129032
vt 0.507268 0.129032
vt 0.620599 0.129032
vt 0.732702 0.129032
vt 0.921329 0.129032
vt 0.918636 0.129032
vt 0.916428 0.129032
vt 0.914450 0.129032
vt 0.912447 0.129032
vt 0.807368 0.129032
vt 0.696530 0.129032
vt 0.586485 0.129032
vt 0.477204 0.129032
vt 0.258515 0.129032
vt 0.149471 0.129032
vt 0.094321 0.129032
vt 0.188620 0.129032
vt 0.301438 0.129032
vt 0.526122 0.129032
vt 0.635101 0.129032
vt 0.744394 0.129032
vt 0.854944 0.129032
vt 0.919675 0.129032
vt 0.711876 0.129032
vt 0.602652 0.129032
vt 0.490594 0.129032
vt 0.380338 0.129032
vt 0.269562 0.129032
vt 0.066058 0.129032
vt 0.065085 0.129032
vt 0.063702 0.129032
vt 0.062359 0.129032
vt 0.062137 0.129032
vt 0.162923 0.129032
vt 0.273142 0.129032
vt 0.388450 0.129032
vt 0.498991 0.129032
vt 0.724444 0.129032
vt 0.835035 0.129032
vt 0.926153 0.129032
vt 0.835182 0.129032
vt 0.724806 0.129032
vt 0.503639 0.129032
vt 0.392329 0.129032
vt 0.282090 0.129032
vt 0.170413 0.129032
vt 0.079689 0.129032
vt 0.280588 0.129032
vt 0.395360 0.129032
vt 0.510303 0.129032
vt 0.619328 0.129032
vt 0.843844 0.129032
vt 0.927514 0.161290
vt 0.925323 0.161290
vt 0.923525 0.161290
vt 0.921923 0.161290
vt 0.920319 0.161290
vt 0.814246 0.161290
vt 0.702836 0.161290
vt 0.590383 0.161290
vt 0.475887 0.161290
vt 0.364147 0.161290
vt 0.138692 0.161290
vt 0.069662 0.161290
vt 0.170026 0.161290
vt 0.281656 0.161290
vt 0.397074 0.161290
vt 0.621685 0.161290
vt 0.735091 0.161290
vt 0.846278 0.161290
vt 0.918411 0.161290
vt 0.712058 0.161290
vt 0.600352 0.161290
vt 0.488781 0.161290
vt 0.377222 0.161290
vt 0.266136 0.161290
vt 0.090885 0.161290
vt 0.092650 0.161290
vt 0.094266 0.161290
vt 0.096026 0.161290
vt 0.098016 0.161290
vt 0.201825 0.161290
vt 0.317314 0.161290
vt 0.428954 0.161290
vt 0.539887 0.161290
vt 0.651038 0.161290
vt 0.872649 0.161290
vt 0.904448 0.161290
vt 0.802595 0.161290
vt 0.691523 0.161290
vt 0.465860 0.161290
vt 0.355604 0.161290
vt 0.241485 0.161290
vt 0.133777 0.161290
vt 0.073053 0.161290
vt 0.284251 0.161290
vt 0.398102 0.161290
vt 0.507278 0.161290
vt 0.620759 0.161290
vt 0.733011 0.161290
vt 0.921890 0.161290
vt 0.919194 0.161290
vt 0.916983 0.161290
vt 0.915002 0.161290
vt 0.912997 0.161290
vt 0.807777 0.161290
vt 0.696791 0.161290
vt 0.586600 0.161290
vt 0.477174 0.161290
vt 0.258194 0.161290
vt 0.149004 0.161290
vt 0.093781 0.161290
vt 0.188205 0.161290
vt 0.301173 0.161290
vt 0.526157 0.161290
vt 0.635281 0.161290
vt 0.744719 0.161290
vt 0.855417 0.161290
vt 0.920234 0.161290
vt 0.712158 0.161290
vt 0.602789 0.161290
vt 0.490582 0.161290
vt 0.380178 0.161290
vt 0.269255 0.161290
vt 0.065480 0.161290
vt 0.064506 0.161290
vt 0.063121 0.161290
vt 0.061776 0.161290
vt 0.061554 0.161290
vt 0.162475 0.161290
vt 0.272840 0.161290
vt 0.388302 0.161290
vt 0.498989 0.161290
vt 0.724743 0.161290
vt 0.835481 0.161290
vt 0.926720 0.161290
vt 0.835628 0.161290
vt 0.725105 0.161290
vt 0.503644 0.161290
vt 0.392185 0.161290
vt 0.281800 0.161290
vt 0.169974 0.161290
vt 0.079130 0.161290
vt 0.280296 0.161290
vt 0.395220 0.161290
vt 0.510316 0.161290
vt 0.619487 0.161290
vt 0.844302 0.161290
vt 0.928082 0.193548
vt 0.925889 0.193548
vt 0.924089 0.193548
vt 0.922484 0.193548
vt 0.920878 0.193548
vt 0.814664 0.193548
vt 0.703106 0.193548
vt 0.590503 0.193548
vt 0.475855 0.193548
vt 0.363967 0.193548
vt 0.138212 0.193548
vt 0.069089 0.193548
vt 0.169587 0.193548
vt 0.281366 0.193548
vt 0.396937 0.193548
vt 0.621847 0.193548
vt 0.735404 0.193548
vt 0.846739 0.193548
vt 0.918968 0.193548
vt 0.712340 0.193548
vt 0.600485 0.193548
vt 0.488766 0.193548
vt 0.377059 0.193548
vt 0.265825 0.193548
vt 0.090341 0.193548
vt 0.092108 0.193548
vt 0.093726 0.193548
vt 0.095489 0.193548
vt 0.097481 0.193548
vt 0.201428 0.193548
vt 0.317071 0.193548
vt 0.428860 0.193548
vt 0.539940 0.193548
vt 0.651239 0.193548
vt 0.873145 0.193548
vt 0.904986 0.193548
vt 0.802997 0.193548
vt 0.691777 0.193548
vt 0.465815 0.193548
vt 0.355412 0.193548
vt 0.241141 0.193548
vt 0.133290 0.193548
vt 0.072485 0.193548
vt 0.283964 0.193548
vt 0.397966 0.193548
vt 0.507287 0.193548
vt 0.620920 0.193548
vt 0.733321 0.193548
vt 0.922451 0.193548
vt 0.919751 0.193548
vt 0.917537 0.193548
vt 0.915554 0.193548
vt 0.913546 0.193548
vt 0.808187 0.193548
vt 0.697053 0.193548
vt 0.586715 0.193548
vt 0.477143 0.193548
vt 0.257872 0.193548
vt 0.148537 0.193548
vt 0.093241 0.193548
vt 0.187791 0.193548
vt 0.300909 0.193548
vt 0.526191 0.193548
vt 0.635460 0.193548
vt 0.745045 0.193548
vt 0.855889 0.193548
vt 0.920793 0.193548
vt 0.712440 0.193548
vt 0.602925 0.193548
vt 0.490569 0.193548
vt 0.380019 0.193548
vt 0.268948 0.193548
vt 0.064902 0.193548
vt 0.063927 0.193548
vt 0.062540 0.193548
vt 0.061193 0.193548
vt 0.060971 0.193548
vt 0.162026 0.193548
vt 0.272538 0.193548
vt 0.388153 0.193548
vt 0.498988 0.193548
vt 0.725041 0.193548
vt 0.835927 0.193548
vt 0.927288 0.193548
vt 0.836075 0.193548
vt 0.725404 0.193548
vt 0.503649 0.193548
vt 0.392042 0.193548
vt 0.281510 0.193548
vt 0.169535 0.193548
vt 0.078570 0.193548
vt 0.280004 0.193548
vt 0.395081 0.193548
vt 0.510330 0.193548
vt 0.619645 0.193548
vt 0.844760 0.193548
vt 0.928935 0.225806
vt 0.926737 0.225806
vt 0.924933 0.225806
vt 0.923326 0.225806
vt 0.921716 0.225806
vt 0.815291 0.225806
vt 0.703510 0.225806
vt 0.590684 0.225806
vt 0.475807 0.225806
vt 0.363696 0.225806
vt 0.137491 0.225806
vt 0.068231 0.225806
vt 0.168929 0.225806
vt 0.280930 0.225806
vt 0.396732 0.225806
vt 0.622090 0.225806
vt 0.735873 0.225806
vt 0.847429 0.225806
vt 0.919802 0.225806
vt 0.712763 0.225806
vt 0.600686 0.225806
vt 0.488744 0.225806
vt 0.376814 0.225806
vt 0.265358 0.225806
vt 0.089525 0.225806
vt 0.091296 0.225806
vt 0.092917 0.225806
vt 0.094683 0.225806
vt 0.096679 0.225806
vt 0.200833 0.225806
vt 0.316706 0.225806
vt 0.428718 0.225806
vt 0.540020 0.225806
vt 0.651540 0.225806
vt 0.873888 0.225806
vt 0.905793 0.225806
vt 0.803601 0.225806
vt 0.692159 0.225806
vt 0.465747 0.225806
vt 0.355124 0.225806
vt 0.240626 0.225806
vt 0.132560 0.225806
vt 0.071633 0.225806
vt 0.283534 0.225806
vt 0.397763 0.225806
vt 0.507302 0.225806
vt 0.621161 0.225806
vt 0.733786 0.225806
vt 0.923293 0.225806
vt 0.920587 0.225806
vt 0.918369 0.225806
vt 0.916381 0.225806
vt 0.914370 0.225806
vt 0.808800 0.225806
vt 0.697446 0.225806
vt 0.586888 0.225806
vt 0.477098 0.225806
vt 0.257390 0.225806
vt 0.147837 0.225806
vt 0.092431 0.225806
vt 0.187169 0.225806
vt 0.300512 0.225806
vt 0.526244 0.225806
vt 0.635730 0.225806
vt 0.745533 0.225806
vt 0.856598 0.225806
vt 0.921631 0.225806
vt 0.712863 0.225806
vt 0.603131 0.225806
vt 0.490550 0.225806
vt 0.379780 0.225806
vt 0.268488 0.225806
vt 0.064035 0.225806
vt 0.063058 0.225806
vt 0.061669 0.225806
vt 0.060319 0.225806
vt 0.060096 0.225806
vt 0.161353 0.225806
vt 0.272084 0.225806
vt 0.387931 0.225806
vt 0.498986 0.225806
vt 0.725490 0.225806
vt 0.836597 0.225806
vt 0.928139 0.225806
vt 0.836744 0.225806
vt 0.725853 0.225806
vt 0.503656 0.225806
vt 0.391827 0.225806
vt 0.281074 0.225806
vt 0.168877 0.225806
vt 0.077731 0.225806
vt 0.279566 0.225806
vt 0.394872 0.225806
vt 0.510351 0.225806
vt 0.619884 0.225806
vt 0.845447 0.225806
vt 0.929504 0.258065
vt 0.927303 0.258065
vt 0.925497 0.258065
vt 0.923887 0.258065
vt 0.922275 0.258065
vt 0.815709 0.258065
vt 0.703780 0.258065
vt 0.590804 0.258065
vt 0.475775 0.258065
vt 0.363515 0.258065
vt 0.137010 0.258065
vt 0.067659 0.258065
vt 0.168490 0.258065
vt 0.280640 0.258065
vt 0.396595 0.258065
vt 0.622252 0.258065
vt 0.736186 0.258065
vt 0.847890 0.258065
vt 0.920359 0.258065
vt 0.713045 0.258065
vt 0.600819 0.258065
vt 0.488729 0.258065
vt 0.376651 0.258065
vt 0.265047 0.258065
vt 0.088981 0.258065
vt 0.090754 0.258065
vt 0.092377 0.258065
vt 0.094146 0.258065
vt 0.096145 0.258065
vt 0.200437 0.258065
vt 0.316463 0.258065
vt 0.428623 0.258065
vt 0.540073 0.258065
vt 0.651741 0.258065
vt 0.874384 0.258065
vt 0.906331 0.258065
vt 0.804003 0.258065
vt 0.692414 0.258065
vt 0.465701 0.258065
vt 0.354932 0.258065
vt 0.240282 0.258065
vt 0.132073 0.258065
vt 0.071065 0.258065
vt 0.283247 0.258065
vt 0.397627 0.258065
vt 0.507312 0.258065
vt 0.621321 0.258065
vt 0.734096 0.258065
vt 0.923854 0.258065
vt 0.921145 0.258065
vt 0.918923 0.258065
vt 0.916933 0.258065
vt 0.914919 0.258065
vt 0.809210 0.258065
vt 0.697707 0.258065
vt 0.587003 0.258065
vt 0.477067 0.258065
vt 0.257068 0.258065
vt 0.147370 0.258065
vt 0.091890 0.258065
vt 0.186754 0.258065
vt 0.300248 0.258065
vt 0.526278 0.258065
vt 0.635910 0.258065
vt 0.745858 0.258065
vt 0.857071 0.258065
vt 0.922190 0.258065
vt 0.713145 0.258065
vt 0.603267 0.258065
vt 0.490538 0.258065
vt 0.379621 0.258065
vt 0.268181 0.258065
vt 0.063458 0.258065
vt 0.062479 0.258065
vt 0.061088 0.258065
vt 0.059737 0.258065
vt 0.059513 0.258065
vt 0.160904 0.258065
vt 0.271782 0.258065
vt 0.387782 0.258065
vt 0.498985 0.258065
vt 0.725789 0.258065
vt 0.837043 0.258065
vt 0.928707 0.258065
vt 0.837190 0.258065
vt 0.726153 0.258065
vt 0.503661 0.258065
vt 0.391684 0.258065
vt 0.280784 0.258065
vt 0.168438 0.258065
vt 0.077171 0.258065
vt 0.279273 0.258065
vt 0.394733 0.258065
vt 0.510364 0.258065
vt 0.620043 0.258065
vt 0.845904 0.258065
vt 0.930072 0.290323
vt 0.927868 0.290323
vt 0.926060 0.290323
vt 0.924448 0.290323
vt 0.922834 0.290323
vt 0.816127 0.290323
vt 0.704050 0.290323
vt 0.590924 0.290323
vt 0.475743 0.290323
vt 0.363334 0.290323
vt 0.136530 0.290323
vt 0.067087 0.290323
vt 0.168051 0.290323
vt 0.280349 0.290323
vt 0.396458 0.290323
vt 0.622414 0.290323
vt 0.736498 0.290323
vt 0.848350 0.290323
vt 0.920915 0.290323
vt 0.713327 0.290323
vt 0.600952 0.290323
vt 0.488714 0.290323
vt 0.376487 0.290323
vt 0.264736 0.290323
vt 0.088437 0.290323
vt 0.090212 0.290323
vt 0.091838 0.290323
vt 0.093609 0.290323
vt 0.095610 0.290323
vt 0.200040 0.290323
vt 0.316220 0.290323
vt 0.428529 0.290323
vt 0.540126 0.290323
vt 0.651942 0.290323
vt 0.874879 0.290323
vt 0.906869 0.290323
vt 0.804405 0.290323
vt 0.692669 0.290323
vt 0.465656 0.290323
vt 0.354740 0.290323
vt 0.239938 0.290323
vt 0.131586 0.290323
vt 0.070498 0.290323
vt 0.282960 0.290323
vt 0.397492 0.290323
vt 0.507321 0.290323
vt 0.621482 0.290323
vt 0.734406 0.290323
vt 0.924415 0.290323
vt 0.921702 0.290323
vt 0.919478 0.290323
vt 0.917485 0.290323
vt 0.915468 0.290323
vt 0.809619 0.290323
vt 0.697969 0.290323
vt 0.587118 0.290323
vt 0.477037 0.290323
vt 0.256747 0.290323
vt 0.146903 0.290323
vt 0.091350 0.290323
vt 0.186339 0.290323
vt 0.299983 0.290323
vt 0.526313 0.290323
vt 0.636090 0.290323
vt 0.746184 0.290323
vt 0.857543 0.290323
vt 0.922749 0.290323
vt 0.713427 0.290323
vt 0.603404 0.290323
vt 0.490525 0.290323
vt 0.379461 0.290323
vt 0.267874 0.290323
vt 0.062880 0.290323
vt 0.061900 0.290323
vt 0.060507 0.290323
vt 0.059154 0.290323
vt 0.058930 0.290323
vt 0.160455 0.290323
vt 0.271480 0.290323
vt 0.387633 0.290323
vt 0.498983 0.290323
vt 0.726087 0.290323
vt 0.837489 0.290323
vt 0.929274 0.290323
vt 0.837637 0.290323
vt 0.726452 0.290323
vt 0.503666 0.290323
vt 0.391540 0.290323
vt 0.280494 0.290323
vt 0.167999 0.290323
vt 0.076611 0.290323
vt 0.278981 0.290323
vt 0.394593 0.290323
vt 0.510378 0.290323
vt 0.620202 0.290323
vt 0.846362 0.290323
vt 0.930641 0.322581
vt 0.928434 0.322581
vt 0.926623 0.322581
vt 0.925009 0.322581
vt 0.923393 0.322581
vt 0.816544 0.322581
vt 0.704320 0.322581
vt 0.591044 0.322581
vt 0.475711 0.322581
vt 0.363154 0.322581
vt 0.136049 0.322581
vt 0.066514 0.322581
vt 0.167612 0.322581
vt 0.280059 0.322581
vt 0.396321 0.322581
vt 0.622575 0.322581
vt 0.736811 0.322581
vt 0.848811 0.322581
vt 0.921471 0.322581
vt 0.713609 0.322581
vt 0.601086 0.322581
vt 0.488699 0.322581
vt 0.376324 0.322581
vt 0.264425 0.322581
vt 0.087893 0.322581
vt 0.089671 0.322581
vt 0.091298 0.322581
vt 0.093072 0.322581
vt 0.095076 0.322581
vt 0.199644 0.322581
vt 0.315977 0.322581
vt 0.428434 0.322581
vt 0.540179 0.322581
vt 0.652143 0.322581
vt 0.875375 0.322581
vt 0.907407 0.322581
vt 0.804808 0.322581
vt 0.692923 0.322581
vt 0.465611 0.322581
vt 0.354548 0.322581
vt 0.239594 0.322581
vt 0.131099 0.322581
vt 0.069930 0.322581
vt 0.282673 0.322581
vt 0.397356 0.322581
vt 0.507331 0.322581
vt 0.621642 0.322581
vt 0.734716 0.322581
vt 0.924976 0.322581
vt 0.922260 0.322581
vt 0.920032 0.322581
vt 0.918037 0.322581
vt 0.916017 0.322581
vt 0.810028 0.322581
vt 0.698231 0.322581
vt 0.587233 0.322581
vt 0.477007 0.322581
vt 0.256425 0.322581
vt 0.146437 0.322581
vt 0.090810 0.322581
vt 0.185925 0.322581
vt 0.299719 0.322581
vt 0.526348 0.322581
vt 0.636270 0.322581
vt 0.746509 0.322581
vt 0.858016 0.322581
vt 0.923308 0.322581
vt 0.713709 0.322581
vt 0.603541 0.322581
vt 0.490513 0.322581
vt 0.379302 0.322581
vt 0.267567 0.322581
vt 0.062302 0.322581
vt 0.061321 0.322581
vt 0.059926 0.322581
vt 0.058571 0.322581
vt 0.058347 0.322581
vt 0.160006 0.322581
vt 0.271178 0.322581
vt 0.387485 0.322581
vt 0.498982 0.322581
vt 0.726386 0.322581
vt 0.837935 0.322581
vt 0.929841 0.322581
vt 0.838083 0.322581
vt 0.726751 0.322581
vt 0.503671 0.322581
vt 0.391397 0.322581
vt 0.280204 0.322581
vt 0.167560 0.322581
vt 0.076052 0.322581
vt 0.278689 0.322581
vt 0.394454 0.322581
vt 0.510392 0.322581
vt 0.620360 0.322581
vt 0.846820 0.322581
vt 0.931209 0.354839
vt 0.929000 0.354839
vt 0.927186 0.354839
vt 0.925570 0.354839
vt 0.923952 0.354839
vt 0.816962 0.354839
vt 0.704589 0.354839
vt 0.591164 0.354839
vt 0.475678 0.354839
vt 0.362973 0.354839
vt 0.135569 0.354839
vt 0.065942 0.354839
vt 0.167174 0.354839
vt 0.279769 0.354839
vt 0.396184 0.354839
vt 0.622737 0.354839
vt 0.737123 0.354839
vt 0.849271 0.354839
vt 0.922028 0.354839
vt 0.713891 0.354839
vt 0.601219 0.354839
vt 0.488684 0.354839
vt 0.376161 0.354839
vt 0.264114 0.354839
vt 0.087349 0.354839
vt 0.089129 0.354839
vt 0.090759 0.354839
vt 0.092534 0.354839
vt 0.094541 0.354839
vt 0.199247 0.354839
vt 0.315735 0.354839
vt 0.428340 0.354839
vt 0.540232 0.354839
vt 0.652344 0.354839
vt 0.875870 0.354839
vt 0.907944 0.354839
vt 0.805210 0.354839
vt 0.693178 0.354839
vt 0.465565 0.354839
vt 0.354356 0.354839
vt 0.239251 0.354839
vt 0.130612 0.354839
vt 0.069362 0.354839
vt 0.282386 0.354839
vt 0.397221 0.354839
vt 0.507341 0.354839
vt 0.621803 0.354839
vt 0.735026 0.354839
vt 0.925537 0.354839
vt 0.922817 0.354839
vt 0.920587 0.354839
vt 0.918589 0.354839
vt 0.916566 0.354839
vt 0.810438 0.354839
vt 0.698492 0.354839
vt 0.587349 0.354839
vt 0.476976 0.354839
vt 0.256104 0.354839
vt 0.145970 0.354839
vt 0.090270 0.354839
vt 0.185510 0.354839
vt 0.299455 0.354839
vt 0.526383 0.354839
vt 0.636450 0.354839
vt 0.746834 0.354839
vt 0.858489 0.354839
vt 0.923866 0.354839
vt 0.713991 0.354839
vt 0.603677 0.354839
vt 0.490500 0.354839
vt 0.379143 0.354839
vt 0.267260 0.354839
vt 0.061724 0.354839
vt 0.060742 0.354839
vt 0.059345 0.354839
vt 0.057988 0.354839
vt 0.057764 0.354839
vt 0.159557 0.354839
vt 0.270876 0.354839
vt 0.387336 0.354839
vt 0.498981 0.354839
vt 0.726685 0.354839
vt 0.838381 0.354839
vt 0.930409 0.354839
vt 0.838529 0.354839
vt 0.727051 0.354839
vt 0.503676 0.354839
vt 0.391254 0.354839
vt 0.279914 0.354839
vt 0.167121 0.354839
vt 0.075492 0.354839
vt 0.278397 0.354839
vt 0.394315 0.354839
vt 0.510406 0.354839
vt 0.620519 0.354839
vt 0.847278 0.354839
vt 0.931778 0.387097
vt 0.929565 0.387097
vt 0.927749 0.387097
vt 0.926131 0.387097
vt 0.924511 0.387097
vt 0.817380 0.387097
vt 0.704859 0.387097
vt 0.591285 0.387097
vt 0.475646 0.387097
vt 0.362792 0.387097
vt 0.135089 0.387097
vt 0.065370 0.387097
vt 0.166735 0.387097
vt 0.279478 0.387097
vt 0.396048 0.387097
vt 0.622899 0.387097
vt 0.737436 0.387097
vt 0.849732 0.387097
vt 0.922584 0.387097
vt 0.714173 0.387097
vt 0.601353 0.387097
vt 0.488669 0.387097
vt 0.375997 0.387097
vt 0.263803 0.387097
vt 0.086804 0.387097
vt 0.088587 0.387097
vt 0.090219 0.387097
vt 0.091997 0.387097
vt 0.094007 0.387097
vt 0.198851 0.387097
vt 0.315492 0.387097
vt 0.428246 0.387097
vt 0.540285 0.387097
vt 0.652545 0.387097
vt 0.876366 0.387097
vt 0.908482 0.387097
vt 0.805613 0.387097
vt 0.693433 0.387097
vt 0.465520 0.387097
vt 0.354164 0.387097
vt 0.238907 0.387097
vt 0.130125 0.387097
vt 0.068794 0.387097
vt 0.282099 0.387097
vt 0.397085 0.387097
vt 0.507350 0.387097
vt 0.621964 0.387097
vt 0.735335 0.387097
vt 0.926098 0.387097
vt 0.923375 0.387097
vt 0.921141 0.387097
vt 0.919141 0.387097
vt 0.917116 0.387097
vt 0.810847 0.387097
vt 0.698754 0.387097
vt 0.587464 0.387097
vt 0.476946 0.387097
vt 0.255782 0.387097
vt 0.145503 0.387097
vt 0.089730 0.387097
vt 0.185096 0.387097
vt 0.299190 0.387097
vt 0.526418 0.387097
vt 0.636630 0.387097
vt 0.747160 0.387097
vt 0.858961 0.387097
vt 0.924425 0.387097
vt 0.714274 0.387097
vt 0.603814 0.387097
vt 0.490488 0.387097
vt 0.378983 0.387097
vt 0.266953 0.387097
vt 0.061146 0.387097
vt 0.060163 0.387097
vt 0.058764 0.387097
vt 0.057406 0.387097
vt 0.057181 0.387097
vt 0.159108 0.387097
vt 0.270574 0.387097
vt 0.387188 0.387097
vt 0.498979 0.387097
vt 0.726984 0.387097
vt 0.838827 0.387097
vt 0.930976 0.387097
vt 0.838976 0.387097
vt 0.727350 0.387097
vt 0.503681 0.387097
vt 0.391110 0.387097
vt 0.279623 0.387097
vt 0.166682 0.387097
vt 0.074932 0.387097
vt 0.278105 0.387097
vt 0.394175 0.387097
vt 0.510419 0.387097
vt 0.620678 0.387097
vt 0.847736 0.387097
vt 0.932346 0.419355
vt 0.930131 0.419355
vt 0.928313 0.419355
vt 0.926692 0.419355
vt 0.925070 0.419355
vt 0.817798 0.419355
vt 0.705129 0.419355
vt 0.591405 0.419355
vt 0.475614 0.419355
vt 0.362612 0.419355
vt 0.134608 0.419355
vt 0.064798 0.419355
vt 0.166296 0.419355
vt 0.279188 0.419355
vt 0.395911 0.419355
vt 0.623061 0.419355
vt 0.737749 0.419355
vt 0.850192 0.419355
vt 0.923141 0.419355
vt 0.714455 0.419355
vt 0.601486 0.419355
vt 0.488654 0.419355
vt 0.375834 0.419355
vt 0.263492 0.419355
vt 0.086260 0.419355
vt 0.088046 0.419355
vt 0.089679 0.419355
vt 0.091460 0.419355
vt 0.093472 0.419355
vt 0.198454 0.419355
vt 0.315249 0.419355
vt 0.428151 0.419355
vt 0.540338 0.419355
vt 0.652746 0.419355
vt 0.876861 0.419355
vt 0.909020 0.419355
vt 0.806015 0.419355
vt 0.693687 0.419355
vt 0.465474 0.419355
vt 0.353972 0.419355
vt 0.238563 0.419355
vt 0.129638 0.419355
vt 0.068227 0.419355
vt 0.281812 0.419355
vt 0.396950 0.419355
vt 0.507360 0.419355
vt 0.622124 0.419355
vt 0.735645 0.419355
vt 0.926659 0.419355
vt 0.923932 0.419355
vt 0.921696 0.419355
vt 0.919693 0.419355
vt 0.917665 0.419355
vt 0.811256 0.419355
vt 0.699016 0.419355
vt 0.587579 0.419355
vt 0.476916 0.419355
vt 0.255461 0.419355
vt 0.145036 0.419355
vt 0.089190 0.419355
vt 0.184681 0.419355
vt 0.298926 0.419355
vt 0.526452 0.419355
vt 0.636810 0.419355
vt 0.747485 0.419355
vt 0.859434 0.419355
vt 0.924984 0.419355
vt 0.714556 0.419355
vt 0.603951 0.419355
vt 0.490475 0.419355
vt 0.378824 0.419355
vt 0.266647 0.419355
vt 0.060568 0.419355
vt 0.059584 0.419355
vt 0.058183 0.419355
vt 0.056823 0.419355
vt 0.056598 0.419355
vt 0.158660 0.419355
vt 0.270272 0.419355
vt 0.387039 0.419355
vt 0.498978 0.419355
vt 0.727283 0.419355
vt 0.839273 0.419355
vt 0.931544 0.419355
vt 0.839422 0.419355
vt 0.727649 0.419355
vt 0.503685 0.419355
vt 0.390967 0.419355
vt 0.279333 0.419355
vt 0.166243 0.419355
vt 0.074373 0.419355
vt 0.277813 0.419355
vt 0.394036 0.419355
vt 0.510433 0.419355
vt 0.620837 0.419355
vt 0.848194 0.419355
vt 0.932915 0.451613
vt 0.930696 0.451613
vt 0.928876 0.451613
vt 0.927253 0.451613
vt 0.925629 0.451613
vt 0.818216 0.451613
vt 0.705399 0.451613
vt 0.591525 0.451613
vt 0.475582 0.451613
vt 0.362431 0.451613
vt 0.134128 0.451613
vt 0.064225 0.451613
vt 0.165857 0.451613
vt 0.278898 0.451613
vt 0.395774 0.451613
vt 0.623223 0.451613
vt 0.738061 0.451613
vt 0.850653 0.451613
vt 0.923697 0.451613
vt 0.714737 0.451613
vt 0.601620 0.451613
vt 0.488639 0.451613
vt 0.375671 0.451613
vt 0.263181 0.451613
vt 0.085716 0.451613
vt 0.087504 0.451613
vt 0.089140 0.451613
vt 0.090923 0.451613
vt 0.092937 0.451613
vt 0.198058 0.451613
vt 0.315006 0.451613
vt 0.428057 0.451613
vt 0.540391 0.451613
vt 0.652946 0.451613
vt 0.877357 0.451613
vt 0.909558 0.451613
vt 0.806417 0.451613
vt 0.693942 0.451613
vt 0.465429 0.451613
vt 0.353780 0.451613
vt 0.238219 0.451613
vt 0.129151 0.451613
vt 0.067659 0.451613
vt 0.281525 0.451613
vt 0.396814 0.451613
vt 0.507370 0.451613
vt 0.622285 0.451613
vt 0.735955 0.451613
vt 0.927220 0.451613
vt 0.924489 0.451613
vt 0.922250 0.451613
vt 0.920245 0.451613
vt 0.918214 0.451613
vt 0.811665 0.451613
vt 0.699277 0.451613
vt 0.587694 0.451613
vt 0.476885 0.451613
vt 0.255139 0.451613
vt 0.144570 0.451613
vt 0.088649 0.451613
vt 0.184266 0.451613
vt 0.298661 0.451613
vt 0.526487 0.451613
vt 0.636990 0.451613
vt 0.747811 0.451613
vt 0.859907 0.451613
vt 0.925543 0.451613
vt 0.714838 0.451613
vt 0.604087 0.451613
vt 0.490463 0.451613
vt 0.378665 0.451613
vt 0.266340 0.451613
vt 0.059991 0.451613
vt 0.059005 0.451613
vt 0.057602 0.451613
vt 0.056240 0.451613
vt 0.056015 0.451613
vt 0.158211 0.451613
vt 0.269970 0.451613
vt 0.386891 0.451613
vt 0.498977 0.451613
vt 0.727582 0.451613
vt 0.839719 0.451613
vt 0.932111 0.451613
vt 0.839868 0.451613
vt 0.727949 0.451613
vt 0.503690 0.451613
vt 0.390823 0.451613
vt 0.279043 0.451613
vt 0.165804 0.451613
vt 0.073813 0.451613
vt 0.277521 0.451613
vt 0.393897 0.451613
vt 0.510447 0.451613
vt 0.620996 0.451613
vt 0.848651 0.451613
vt 0.933483 0.483871
vt 0.931262 0.483871
vt 0.929439 0.483871
vt 0.927814 0.483871
vt 0.926188 0.483871
vt 0.818634 0.483871
vt 0.705668 0.483871
vt 0.591645 0.483871
vt 0.475550 0.483871
vt 0.362250 0.483871
vt 0.133647 0.483871
vt 0.063653 0.483871
vt 0.165418 0.483871
vt 0.278607 0.483871
vt 0.395637 0.483871
vt 0.623385 0.483871
vt 0.738374 0.483871
vt 0.851113 0.483871
vt 0.924253 0.483871
vt 0.715019 0.483871
vt 0.601753 0.483871
vt 0.488624 0.483871
vt 0.375508 0.483871
vt 0.262870 0.483871
vt 0.085172 0.483871
vt 0.086962 0.483871
vt 0.088600 0.483871
vt 0.090386 0.483871
vt 0.092403 0.483871
vt 0.197661 0.483871
vt 0.314763 0.483871
vt 0.427962 0.483871
vt 0.540444 0.483871
vt 0.653147 0.483871
vt 0.877852 0.483871
vt 0.910096 0.483871
vt 0.806820 0.483871
vt 0.694197 0.483871
vt 0.465384 0.483871
vt 0.353588 0.483871
vt 0.237876 0.483871
vt 0.128664 0.483871
vt 0.067091 0.483871
vt 0.281238 0.483871
vt 0.396679 0.483871
vt 0.507379 0.483871
vt 0.622445 0.483871
vt 0.736265 0.483871
vt 0.927781 0.483871
vt 0.925047 0.483871
vt 0.922805 0.483871
vt 0.920796 0.483871
vt 0.918763 0.483871
vt 0.812075 0.483871
vt 0.699539 0.483871
vt 0.587809 0.483871
vt 0.476855 0.483871
vt 0.254817 0.483871
vt 0.144103 0.483871
vt 0.088109 0.483871
vt 0.183852 0.483871
vt 0.298397 0.483871
vt 0.526522 0.483871
vt 0.637169 0.483871
vt 0.748136 0.483871
vt 0.860379 0.483871
vt 0.926102 0.483871
vt 0.715120 0.483871
vt 0.604224 0.483871
vt 0.490450 0.483871
vt 0.378505 0.483871
vt 0.266033 0.483871
vt 0.059413 0.483871
vt 0.058425 0.483871
vt 0.057021 0.483871
vt 0.055657 0.483871
vt 0.055432 0.483871
vt 0.157762 0.483871
vt 0.269668 0.483871
vt 0.386742 0.483871
vt 0.498975 0.483871
vt 0.727881 0.483871
vt 0.840166 0.483871
vt 0.932679 0.483871
vt 0.840315 0.483871
vt 0.728248 0.483871
vt 0.503695 0.483871
vt 0.390680 0.483871
vt 0.278753 0.483871
vt 0.165366 0.483871
vt 0.073253 0.483871
vt 0.277228 0.483871
vt 0.393757 0.483871
vt 0.510460 0.483871
vt 0.621155 0.483871
vt 0.849109 0.483871
vt 0.934052 0.516129
vt 0.931828 0.516129
vt 0.930002 0.516129
vt 0.928375 0.516129
vt 0.926747 0.516129
vt 0.819052 0.516129
vt 0.705938 0.516129
vt 0.591765 0.516129
vt 0.475518 0.516129
vt 0.362070 0.516129
vt 0.133167 0.516129
vt 0.063081 0.516129
vt 0.164980 0.516129
vt 0.278317 0.516129
vt 0.395500 0.516129
vt 0.623546 0.516129
vt 0.738687 0.516129
vt 0.851574 0.516129
vt 0.924810 0.516129
vt 0.715301 0.516129
vt 0.601887 0.516129
vt 0.488609 0.516129
vt 0.375344 0.516129
vt 0.262559 0.516129
vt 0.084628 0.516129
vt 0.086420 0.516129
vt 0.088061 0.516129
vt 0.089848 0.516129
vt 0.091868 0.516129
vt 0.197265 0.516129
vt 0.314520 0.516129
vt 0.427868 0.516129
vt 0.540497 0.516129
vt 0.653348 0.516129
vt 0.878348 0.516129
vt 0.910634 0.516129
vt 0.807222 0.516129
vt 0.694451 0.516129
vt 0.465338 0.516129
vt 0.353396 0.516129
vt 0.237532 0.516129
vt 0.128177 0.516129
vt 0.066523 0.516129
vt 0.280951 0.516129
vt 0.396543 0.516129
vt 0.507389 0.516129
vt 0.622606 0.516129
vt 0.736575 0.516129
vt 0.928342 0.516129
vt 0.925604 0.516129
vt 0.923359 0.516129
vt 0.921348 0.516129
vt 0.919312 0.516129
vt 0.812484 0.516129
vt 0.699801 0.516129
vt 0.587924 0.516129
vt 0.476825 0.516129
vt 0.254496 0.516129
vt 0.143636 0.516129
vt 0.087569 0.516129
vt 0.183437 0.516129
vt 0.298133 0.516129
vt 0.526557 0.516129
vt 0.637349 0.516129
vt 0.748462 0.516129
vt 0.860852 0.516129
vt 0.926661 0.516129
vt 0.715402 0.516129
vt 0.604361 0.516129
vt 0.490438 0.516129
vt 0.378346 0.516129
vt 0.265726 0.516129
vt 0.058835 0.516129
vt 0.057846 0.516129
vt 0.056440 0.516129
vt 0.055075 0.516129
vt 0.054849 0.516129
vt 0.157313 0.516129
vt 0.269366 0.516129
vt 0.386594 0.516129
vt 0.498974 0.516129
vt 0.728179 0.516129
vt 0.840612 0.516129
vt 0.933246 0.516129
vt 0.840761 0.516129
vt 0.728547 0.516129
vt 0.503700 0.516129
vt 0.390537 0.516129
vt 0.278463 0.516129
vt 0.164927 0.516129
vt 0.072694 0.516129
vt 0.276936 0.516129
vt 0.393618 0.516129
vt 0.510474 0.516129
vt 0.621314 0.516129
vt 0.849567 0.516129
vt 0.934620 0.548387
vt 0.932393 0.548387
vt 0.930565 0.548387
vt 0.928936 0.548387
vt 0.927306 0.548387
vt 0.819470 0.548387
vt 0.706208 0.548387
vt 0.591886 0.548387
vt 0.475486 0.548387
vt 0.361889 0.548387
vt 0.132686 0.548387
vt 0.062509 0.548387
vt 0.164541 0.548387
vt 0.278027 0.548387
vt 0.395363 0.548387
vt 0.623708 0.548387
vt 0.738999 0.548387
vt 0.852034 0.548387
vt 0.925366 0.548387
vt 0.715583 0.548387
vt 0.602020 0.548387
vt 0.488595 0.548387
vt 0.375181 0.548387
vt 0.262248 0.548387
vt 0.084084 0.548387
vt 0.085879 0.548387
vt 0.087521 0.548387
vt 0.089311 0.548387
vt 0.091334 0.548387
vt 0.196868 0.548387
vt 0.314277 0.548387
vt 0.427773 0.548387
vt 0.540550 0.548387
vt 0.653549 0.548387
vt 0.878844 0.548387
vt 0.911171 0.548387
vt 0.807624 0.548387
vt 0.694706 0.548387
vt 0.465293 0.548387
vt 0.353204 0.548387
vt 0.237188 0.548387
vt 0.127690 0.548387
vt 0.065956 0.548387
vt 0.280665 0.548387
vt 0.396408 0.548387
vt 0.507399 0.548387
vt 0.622767 0.548387
vt 0.736885 0.548387
vt 0.928903 0.548387
vt 0.926162 0.548387
vt 0.923914 0.548387
vt 0.921900 0.548387
vt 0.919862 0.548387
vt 0.812893 0.548387
vt 0.700062 0.548387
vt 0.588040 0.548387
vt 0.476794 0.548387
vt 0.254174 0.548387
vt 0.143169 0.548387
vt 0.087029 0.548387
vt 0.183022 0.548387
vt 0.297868 0.548387
vt 0.526591 0.548387
vt 0.637529 0.548387
vt 0.748787 0.548387
vt 0.861324 0.548387
vt 0.927219 0.548387
vt 0.715684 0.548387
vt 0.604497 0.548387
vt 0.490425 0.548387
vt 0.378187 0.548387
vt 0.265419 0.548387
vt 0.058257 0.548387
vt 0.057267 0.548387
vt 0.055859 0.548387
vt 0.054492 0.548387
vt 0.054266 0.548387
vt 0.156864 0.548387
vt 0.269064 0.548387
vt 0.386445 0.548387
vt 0.498973 0.548387
vt 0.728478 0.548387
vt 0.841058 0.548387
vt 0.933814 0.548387
vt 0.841207 0.548387
vt 0.728847 0.548387
vt 0.503705 0.548387
vt 0.390393 0.548387
vt 0.278173 0.548387
vt 0.164488 0.548387
vt 0.072134 0.548387
vt 0.276644 0.548387
vt 0.393479 0.548387
vt 0.510488 0.548387
vt 0.621473 0.548387
vt 0.850025 0.548387
vt 0.935473 0.580645
vt 0.933242 0.580645
vt 0.931410 0.580645
vt 0.929778 0.580645
vt 0.928144 0.580645
vt 0.820096 0.580645
vt 0.706612 0.580645
vt 0.592066 0.580645
vt 0.475438 0.580645
vt 0.361618 0.580645
vt 0.131966 0.580645
vt 0.061650 0.580645
vt 0.163883 0.580645
vt 0.277591 0.580645
vt 0.395158 0.580645
vt 0.623951 0.580645
vt 0.739468 0.580645
vt 0.852725 0.580645
vt 0.926201 0.580645
vt 0.716006 0.580645
vt 0.602220 0.580645
vt 0.488572 0.580645
vt 0.374936 0.580645
vt 0.261782 0.580645
vt 0.083268 0.580645
vt 0.085066 0.580645
vt 0.086712 0.580645
vt 0.088505 0.580645
vt 0.090532 0.580645
vt 0.196273 0.580645
vt 0.313913 0.580645
vt 0.427631 0.580645
vt 0.540630 0.580645
vt 0.653850 0.580645
vt 0.879587 0.580645
vt 0.911978 0.580645
vt 0.808228 0.580645
vt 0.695088 0.580645
vt 0.465225 0.580645
vt 0.352916 0.580645
vt 0.236672 0.580645
vt 0.126960 0.580645
vt 0.065104 0.580645
vt 0.280234 0.580645
vt 0.396205 0.580645
vt 0.507413 0.580645
vt 0.623007 0.580645
vt 0.737349 0.580645
vt 0.929745 0.580645
vt 0.926998 0.580645
vt 0.924746 0.580645
vt 0.922728 0.580645
vt 0.920685 0.580645
vt 0.813507 0.580645
vt 0.700455 0.580645
vt 0.588212 0.580645
vt 0.476749 0.580645
vt 0.253692 0.580645
vt 0.142469 0.580645
vt 0.086219 0.580645
vt 0.182401 0.580645
vt 0.297472 0.580645
vt 0.526644 0.580645
vt 0.637799 0.580645
vt 0.749275 0.580645
vt 0.862033 0.580645
vt 0.928058 0.580645
vt 0.716107 0.580645
vt 0.604702 0.580645
vt 0.490406 0.580645
vt 0.377948 0.580645
vt 0.264959 0.580645
vt 0.057390 0.580645
vt 0.056399 0.580645
vt 0.054988 0.580645
vt 0.053618 0.580645
vt 0.053391 0.580645
vt 0.156191 0.580645
vt 0.268611 0.580645
vt 0.386222 0.580645
vt 0.498971 0.580645
vt 0.728927 0.580645
vt 0.841727 0.580645
vt 0.934665 0.580645
vt 0.841877 0.580645
vt 0.729296 0.580645
vt 0.503712 0.580645
vt 0.390178 0.580645
vt 0.277737 0.580645
vt 0.163830 0.580645
vt 0.071294 0.580645
vt 0.276206 0.580645
vt 0.393270 0.580645
vt 0.510509 0.580645
vt 0.621711 0.580645
vt 0.850712 0.580645
vt 0.936041 0.612903
vt 0.933807 0.612903
vt 0.931973 0.612903
vt 0.930339 0.612903
vt 0.928703 0.612903
vt 0.820514 0.612903
vt 0.706882 0.612903
vt 0.592186 0.612903
vt 0.475406 0.612903
vt 0.361438 0.612903
vt 0.131485 0.612903
vt 0.061078 0.612903
vt 0.163444 0.612903
vt 0.277301 0.612903
vt 0.395021 0.612903
vt 0.624113 0.612903
vt 0.739781 0.612903
vt 0.853185 0.612903
vt 0.926757 0.612903
vt 0.716288 0.612903
vt 0.602354 0.612903
vt 0.488557 0.612903
vt 0.374773 0.612903
vt 0.261471 0.612903
vt 0.082724 0.612903
vt 0.084525 0.612903
vt 0.086172 0.612903
vt 0.087968 0.612903
vt 0.089997 0.612903
vt 0.195877 0.612903
vt 0.313670 0.612903
vt 0.427537 0.612903
vt 0.540683 0.612903
vt 0.654051 0.612903
vt 0.880082 0.612903
vt 0.912516 0.612903
vt 0.808630 0.612903
vt 0.695343 0.612903
vt 0.465179 0.612903
vt 0.352724 0.612903
vt 0.236329 0.612903
vt 0.126473 0.612903
vt 0.064536 0.612903
vt 0.279947 0.612903
vt 0.396069 0.612903
vt 0.507423 0.612903
vt 0.623168 0.612903
vt 0.737659 0.612903
vt 0.930306 0.612903
vt 0.927555 0.612903
vt 0.925300 0.612903
vt 0.923280 0.612903
vt 0.921235 0.612903
vt 0.813916 0.612903
vt 0.700717 0.612903
vt 0.588327 0.612903
vt 0.476718 0.612903
vt 0.253370 0.612903
vt 0.142003 0.612903
vt 0.085678 0.612903
vt 0.181986 0.612903
vt 0.297207 0.612903
vt 0.526678 0.612903
vt 0.637979 0.612903
vt 0.749601 0.612903
vt 0.862506 0.612903
vt 0.928616 0.612903
vt 0.716390 0.612903
vt 0.604839 0.612903
vt 0.490394 0.612903
vt 0.377788 0.612903
vt 0.264652 0.612903
vt 0.056813 0.612903
vt 0.055819 0.612903
vt 0.054407 0.612903
vt 0.053035 0.612903
vt 0.052808 0.612903
vt 0.155742 0.612903
vt 0.268309 0.612903
vt 0.386074 0.612903
vt 0.498969 0.612903
vt 0.729225 0.612903
vt 0.842173 0.612903
vt 0.935232 0.612903
vt 0.842323 0.612903
vt 0.729595 0.612903
vt 0.503717 0.612903
vt 0.390035 0.612903
vt 0.277447 0.612903
vt 0.163391 0.612903
vt 0.070735 0.612903
vt 0.275914 0.612903
vt 0.393130 0.612903
vt 0.510522 0.612903
vt 0.621870 0.612903
vt 0.851170 0.612903
vt 0.936610 0.645161
vt 0.934373 0.645161
vt 0.932537 0.645161
vt 0.930900 0.645161
vt 0.929262 0.645161
vt 0.820932 0.645161
vt 0.707152 0.645161
vt 0.592306 0.645161
vt 0.475374 0.645161
vt 0.361257 0.645161
vt 0.131005 0.645161
vt 0.060506 0.645161
vt 0.163005 0.645161
vt 0.277010 0.645161
vt 0.394884 0.645161
vt 0.624274 0.645161
vt 0.740093 0.645161
vt 0.853646 0.645161
vt 0.927314 0.645161
vt 0.716570 0.645161
vt 0.602487 0.645161
vt 0.488542 0.645161
vt 0.374610 0.645161
vt 0.261160 0.645161
vt 0.082180 0.645161
vt 0.083983 0.645161
vt 0.085633 0.645161
vt 0.087431 0.645161
vt 0.089463 0.645161
vt 0.195480 0.645161
vt 0.313427 0.645161
vt 0.427442 0.645161
vt 0.540736 0.645161
vt 0.654252 0.645161
vt 0.880578 0.645161
vt 0.913054 0.645161
vt 0.809033 0.645161
vt 0.695598 0.645161
vt 0.465134 0.645161
vt 0.352532 0.645161
vt 0.235985 0.645161
vt 0.125986 0.645161
vt 0.063969 0.645161
vt 0.279660 0.645161
vt 0.395933 0.645161
vt 0.507433 0.645161
vt 0.623329 0.645161
vt 0.737969 0.645161
vt 0.930867 0.645161
vt 0.928113 0.645161
vt 0.925855 0.645161
vt 0.923832 0.645161
vt 0.921784 0.645161
vt 0.814326 0.645161
vt 0.700978 0.645161
vt 0.588443 0.645161
vt 0.476688 0.645161
vt 0.253049 0.645161
vt 0.141536 0.645161
vt 0.085138 0.645161
vt 0.181571 0.645161
vt 0.296943 0.645161
vt 0.526713 0.645161
vt 0.638159 0.645161
vt 0.749926 0.645161
vt 0.862979 0.645161
vt 0.929175 0.645161
vt 0.716672 0.645161
vt 0.604976 0.645161
vt 0.490381 0.645161
vt 0.377629 0.645161
vt 0.264345 0.645161
vt 0.056235 0.645161
vt 0.055240 0.645161
vt 0.053826 0.645161
vt 0.052452 0.645161
vt 0.052225 0.645161
vt 0.155293 0.645161
vt 0.268006 0.645161
vt 0.385925 0.645161
vt 0.498968 0.645161
vt 0.729524 0.645161
vt 0.842619 0.645161
vt 0.935800 0.645161
vt 0.842769 0.645161
vt 0.729894 0.645161
vt 0.503722 0.645161
vt 0.389892 0.645161
vt 0.277157 0.645161
vt 0.162952 0.645161
vt 0.070175 0.645161
vt 0.275621 0.645161
vt 0.392991 0.645161
vt 0.510536 0.645161
vt 0.622029 0.645161
vt 0.851627 0.645161
vt 0.937178 0.677419
vt 0.934938 0.677419
vt 0.933100 0.677419
vt 0.931461 0.677419
vt 0.929821 0.677419
vt 0.821350 0.677419
vt 0.707422 0.677419
vt 0.592426 0.677419
vt 0.475342 0.677419
vt 0.361076 0.677419
vt 0.130524 0.677419
vt 0.059933 0.677419
vt 0.162566 0.677419
vt 0.276720 0.677419
vt 0.394747 0.677419
vt 0.624436 0.677419
vt 0.740406 0.677419
vt 0.854106 0.677419
vt 0.927870 0.677419
vt 0.716852 0.677419
vt 0.602621 0.677419
vt 0.488527 0.677419
vt 0.374446 0.677419
vt 0.260849 0.677419
vt 0.081636 0.677419
vt 0.083441 0.677419
vt 0.085093 0.677419
vt 0.086894 0.677419
vt 0.088928 0.677419
vt 0.195084 0.677419
vt 0.313184 0.677419
vt 0.427348 0.677419
vt 0.540789 0.677419
vt 0.654453 0.677419
vt 0.881074 0.677419
vt 0.913592 0.677419
vt 0.809435 0.677419
vt 0.695852 0.677419
vt 0.465089 0.677419
vt 0.352340 0.677419
vt 0.235641 0.677419
vt 0.125499 0.677419
vt 0.063401 0.677419
vt 0.279374 0.677419
vt 0.395798 0.677419
vt 0.507442 0.677419
vt 0.623489 0.677419
vt 0.738279 0.677419
vt 0.931428 0.677419
vt 0.928670 0.677419
vt 0.926409 0.677419
vt 0.924384 0.677419
vt 0.922333 0.677419
vt 0.814735 0.677419
vt 0.701240 0.677419
vt 0.588558 0.677419
vt 0.476658 0.677419
vt 0.252727 0.677419
vt 0.141069 0.677419
vt 0.084598 0.677419
vt 0.181157 0.677419
vt 0.296678 0.677419
vt 0.526748 0.677419
vt 0.638339 0.677419
vt 0.750251 0.677419
vt 0.863451 0.677419
vt 0.929734 0.677419
vt 0.716954 0.677419
vt 0.605112 0.677419
vt 0.490369 0.677419
vt 0.377470 0.677419
vt 0.264038 0.677419
vt 0.055657 0.677419
vt 0.054661 0.677419
vt 0.053245 0.677419
vt 0.051870 0.677419
vt 0.051642 0.677419
vt 0.154844 0.677419
vt 0.267704 0.677419
vt 0.385777 0.677419
vt 0.498966 0.677419
vt 0.729823 0.677419
vt 0.843065 0.677419
vt 0.936367 0.677419
vt 0.843216 0.677419
vt 0.730194 0.677419
vt 0.503727 0.677419
vt 0.389748 0.677419
vt 0.276867 0.677419
vt 0.162513 0.677419
vt 0.069615 0.677419
vt 0.275329 0.677419
vt 0.392852 0.677419
vt 0.510550 0.677419
vt 0.622188 0.677419
vt 0.852085 0.677419
vt 0.937747 0.709677
vt 0.935504 0.709677
vt 0.933663 0.709677
vt 0.932022 0.709677
vt 0.930380 0.709677
vt 0.821768 0.709677
vt 0.707691 0.709677
vt 0.592547 0.709677
vt 0.475310 0.709677
vt 0.360896 0.709677
vt 0.130044 0.709677
vt 0.059361 0.709677
vt 0.162127 0.709677
vt 0.276430 0.709677
vt 0.394610 0.709677
vt 0.624598 0.709677
vt 0.740719 0.709677
vt 0.854567 0.709677
vt 0.928426 0.709677
vt 0.717134 0.709677
vt 0.602754 0.709677
vt 0.488512 0.709677
vt 0.374283 0.709677
vt 0.260538 0.709677
vt 0.081092 0.709677
vt 0.082899 0.709677
vt 0.084554 0.709677
vt 0.086357 0.709677
vt 0.088394 0.709677
vt 0.194687 0.709677
vt 0.312941 0.709677
vt 0.427254 0.709677
vt 0.540842 0.709677
vt 0.654654 0.709677
vt 0.881569 0.709677
vt 0.914129 0.709677
vt 0.809838 0.709677
vt 0.696107 0.709677
vt 0.465043 0.709677
vt 0.352148 0.709677
vt 0.235297 0.709677
vt 0.125012 0.709677
vt 0.062833 0.709677
vt 0.279087 0.709677
vt 0.395662 0.709677
vt 0.507452 0.709677
vt 0.623650 0.709677
vt 0.738589 0.709677
vt 0.931989 0.709677
vt 0.929228 0.709677
vt 0.926964 0.709677
vt 0.924935 0.709677
vt 0.922882 0.709677
vt 0.815144 0.709677
vt 0.701502 0.709677
vt 0.588673 0.709677
vt 0.476627 0.709677
vt 0.252406 0.709677
vt 0.140602 0.709677
vt 0.084058 0.709677
vt 0.180742 0.709677
vt 0.296414 0.709677
vt 0.526783 0.709677
vt 0.638519 0.709677
vt 0.750577 0.709677
vt 0.863924 0.709677
vt 0.930293 0.709677
vt 0.717236 0.709677
vt 0.605249 0.709677
vt 0.490356 0.709677
vt 0.377310 0.709677
vt 0.263732 0.709677
vt 0.055079 0.709677
vt 0.054082 0.709677
vt 0.052664 0.709677
vt 0.051287 0.709677
vt 0.051059 0.709677
vt 0.154396 0.709677
vt 0.267402 0.709677
vt 0.385628 0.709677
vt 0.498965 0.709677
vt 0.730122 0.709677
vt 0.843511 0.709677
vt 0.936935 0.709677
vt 0.843662 0.709677
vt 0.730493 0.709677
vt 0.503731 0.709677
vt 0.389605 0.709677
vt 0.276577 0.709677
vt 0.162074 0.709677
vt 0.069056 0.709677
vt 0.275037 0.709677
vt 0.392712 0.709677
vt 0.510563 0.709677
vt 0.622347 0.709677
vt 0.852543 0.709677
vt 0.938316 0.741935
vt 0.936069 0.741935
vt 0.934226 0.741935
vt 0.932583 0.741935
vt 0.930939 0.741935
vt 0.822186 0.741935
vt 0.707961 0.741935
vt 0.592667 0.741935
vt 0.475278 0.741935
vt 0.360715 0.741935
vt 0.129563 0.741935
vt 0.058789 0.741935
vt 0.161689 0.741935
vt 0.276139 0.741935
vt 0.394474 0.741935
vt 0.624760 0.741935
vt 0.741031 0.741935
vt 0.855027 0.741935
vt 0.928983 0.741935
vt 0.717416 0.741935
vt 0.602887 0.741935
vt 0.488498 0.741935
vt 0.374120 0.741935
vt 0.260227 0.741935
vt 0.080548 0.741935
vt 0.082358 0.741935
vt 0.084014 0.741935
vt 0.085819 0.741935
vt 0.087859 0.741935
vt 0.194291 0.741935
vt 0.312698 0.741935
vt 0.427159 0.741935
vt 0.540895 0.741935
vt 0.654854 0.741935
vt 0.882065 0.741935
vt 0.914667 0.741935
vt 0.810240 0.741935
vt 0.696362 0.741935
vt 0.464998 0.741935
vt 0.351956 0.741935
vt 0.234954 0.741935
vt 0.124525 0.741935
vt 0.062265 0.741935
vt 0.278800 0.741935
vt 0.395527 0.741935
vt 0.507462 0.741935
vt 0.623810 0.741935
vt 0.738899 0.741935
vt 0.932550 0.741935
vt 0.929785 0.741935
vt 0.927518 0.741935
vt 0.925487 0.741935
vt 0.923431 0.741935
vt 0.815554 0.741935
vt 0.701763 0.741935
vt 0.588788 0.741935
vt 0.476597 0.741935
vt 0.252084 0.741935
vt 0.140135 0.741935
vt 0.083518 0.741935
vt 0.180327 0.741935
vt 0.296150 0.741935
vt 0.526818 0.741935
vt 0.638699 0.741935
vt 0.750902 0.741935
vt 0.864397 0.741935
vt 0.930852 0.741935
vt 0.717518 0.741935
vt 0.605386 0.741935
vt 0.490344 0.741935
vt 0.377151 0.741935
vt 0.263425 0.741935
vt 0.054501 0.741935
vt 0.053503 0.741935
vt 0.052083 0.741935
vt 0.050704 0.741935
vt 0.050476 0.741935
vt 0.153947 0.741935
vt 0.267100 0.741935
vt 0.385480 0.741935
vt 0.498964 0.741935
vt 0.730421 0.741935
vt 0.843958 0.741935
vt 0.937502 0.741935
vt 0.844108 0.741935
vt 0.730792 0.741935
vt 0.503736 0.741935
vt 0.389461 0.741935
vt 0.276287 0.741935
vt 0.161635 0.741935
vt 0.068496 0.741935
vt 0.274745 0.741935
vt 0.392573 0.741935
vt 0.510577 0.741935
vt 0.622505 0.741935
vt 0.853001 0.741935
vt 0.942579 0.774194
vt 0.940311 0.774194
vt 0.938450 0.774194
vt 0.936791 0.774194
vt 0.935131 0.774194
vt 0.825320 0.774194
vt 0.709984 0.774194
vt 0.593568 0.774194
vt 0.475037 0.774194
vt 0.359360 0.774194
vt 0.125960 0.774194
vt 0.054497 0.774194
vt 0.158398 0.774194
vt 0.273962 0.774194
vt 0.393447 0.774194
vt 0.625974 0.774194
vt 0.743376 0.774194
vt 0.858481 0.774194
vt 0.933156 0.774194
vt 0.719531 0.774194
vt 0.603888 0.774194
vt 0.488386 0.774194
vt 0.372895 0.774194
vt 0.257894 0.774194
vt 0.076468 0.774194
vt 0.078295 0.774194
vt 0.079968 0.774194
vt 0.081790 0.774194
vt 0.083850 0.774194
vt 0.191317 0.774194
vt 0.310876 0.774194
vt 0.426451 0.774194
vt 0.541293 0.774194
vt 0.656361 0.774194
vt 0.885781 0.774194
vt 0.918701 0.774194
vt 0.813258 0.774194
vt 0.698272 0.774194
vt 0.464657 0.774194
vt 0.350516 0.774194
vt 0.232375 0.774194
vt 0.120872 0.774194
vt 0.058007 0.774194
vt 0.276648 0.774194
vt 0.394511 0.774194
vt 0.507534 0.774194
vt 0.625015 0.774194
vt 0.741223 0.774194
vt 0.936758 0.774194
vt 0.933966 0.774194
vt 0.931677 0.774194
vt 0.929626 0.774194
vt 0.927550 0.774194
vt 0.818623 0.774194
vt 0.703726 0.774194
vt 0.589652 0.774194
vt 0.476369 0.774194
vt 0.249673 0.774194
vt 0.136635 0.774194
vt 0.079466 0.774194
vt 0.177218 0.774194
vt 0.294167 0.774194
vt 0.527078 0.774194
vt 0.640048 0.774194
vt 0.753343 0.774194
vt 0.867941 0.774194
vt 0.935043 0.774194
vt 0.719634 0.774194
vt 0.606411 0.774194
vt 0.490250 0.774194
vt 0.375956 0.774194
vt 0.261123 0.774194
vt 0.050168 0.774194
vt 0.049160 0.774194
vt 0.047726 0.774194
vt 0.046333 0.774194
vt 0.046103 0.774194
vt 0.150580 0.774194
vt 0.264835 0.774194
vt 0.384366 0.774194
vt 0.498954 0.774194
vt 0.732662 0.774194
vt 0.847303 0.774194
vt 0.941758 0.774194
vt 0.847456 0.774194
vt 0.733037 0.774194
vt 0.503773 0.774194
vt 0.388386 0.774194
vt 0.274110 0.774194
vt 0.158344 0.774194
vt 0.064299 0.774194
vt 0.272554 0.774194
vt 0.391528 0.774194
vt 0.510680 0.774194
vt 0.623697 0.774194
vt 0.856435 0.774194
vt 0.947696 0.806452
vt 0.945402 0.806452
vt 0.943519 0.806452
vt 0.941841 0.806452
vt 0.940161 0.806452
vt 0.829081 0.806452
vt 0.712412 0.806452
vt 0.594650 0.806452
vt 0.474749 0.806452
vt 0.357734 0.806452
vt 0.121636 0.806452
vt 0.049347 0.806452
vt 0.154448 0.806452
vt 0.271349 0.806452
vt 0.392215 0.806452
vt 0.627430 0.806452
vt 0.746189 0.806452
vt 0.862625 0.806452
vt 0.938163 0.806452
vt 0.722069 0.806452
vt 0.605089 0.806452
vt 0.488251 0.806452
vt 0.371426 0.806452
vt 0.255095 0.806452
vt 0.071571 0.806452
vt 0.073420 0.806452
vt 0.075112 0.806452
vt 0.076956 0.806452
vt 0.079039 0.806452
vt 0.187748 0.806452
vt 0.308689 0.806452
vt 0.425600 0.806452
vt 0.541770 0.806452
vt 0.658168 0.806452
vt 0.890241 0.806452
vt 0.923541 0.806452
vt 0.816879 0.806452
vt 0.700564 0.806452
vt 0.464249 0.806452
vt 0.348788 0.806452
vt 0.229281 0.806452
vt 0.116489 0.806452
vt 0.052897 0.806452
vt 0.274066 0.806452
vt 0.393291 0.806452
vt 0.507621 0.806452
vt 0.626460 0.806452
vt 0.744011 0.806452
vt 0.941807 0.806452
vt 0.938983 0.806452
vt 0.936667 0.806452
vt 0.934593 0.806452
vt 0.932493 0.806452
vt 0.822307 0.806452
vt 0.706081 0.806452
vt 0.590688 0.806452
vt 0.476096 0.806452
vt 0.246779 0.806452
vt 0.132434 0.806452
vt 0.074605 0.806452
vt 0.173486 0.806452
vt 0.291787 0.806452
vt 0.527391 0.806452
vt 0.641667 0.806452
vt 0.756272 0.806452
vt 0.872195 0.806452
vt 0.940072 0.806452
vt 0.722173 0.806452
vt 0.607641 0.806452
vt 0.490137 0.806452
vt 0.374522 0.806452
vt 0.258362 0.806452
vt 0.044967 0.806452
vt 0.043948 0.806452
vt 0.042497 0.806452
vt 0.041089 0.806452
vt 0.040856 0.806452
vt 0.146541 0.806452
vt 0.262116 0.806452
vt 0.383029 0.806452
vt 0.498942 0.806452
vt 0.735352 0.806452
vt 0.851319 0.806452
vt 0.946865 0.806452
vt 0.851472 0.806452
vt 0.735732 0.806452
vt 0.503816 0.806452
vt 0.387096 0.806452
vt 0.271499 0.806452
vt 0.154394 0.806452
vt 0.059262 0.806452
vt 0.269924 0.806452
vt 0.390274 0.806452
vt 0.510803 0.806452
vt 0.625127 0.806452
vt 0.860556 0.806452
vt 0.947127 0.838710
vt 0.944836 0.838710
vt 0.942956 0.838710
vt 0.941280 0.838710
vt 0.939602 0.838710
vt 0.828663 0.838710
vt 0.712142 0.838710
vt 0.594530 0.838710
vt 0.474781 0.838710
vt 0.357915 0.838710
vt 0.122116 0.838710
vt 0.049919 0.838710
vt 0.154887 0.838710
vt 0.271639 0.838710
vt 0.392352 0.838710
vt 0.627268 0.838710
vt 0.745877 0.838710
vt 0.862165 0.838710
vt 0.937607 0.838710
vt 0.721787 0.838710
vt 0.604956 0.838710
vt 0.488266 0.838710
vt 0.371589 0.838710
vt 0.255406 0.838710
vt 0.072116 0.838710
vt 0.073962 0.838710
vt 0.075651 0.838710
vt 0.077493 0.838710
vt 0.079574 0.838710
vt 0.188145 0.838710
vt 0.308932 0.838710
vt 0.425695 0.838710
vt 0.541717 0.838710
vt 0.657968 0.838710
vt 0.889746 0.838710
vt 0.923004 0.838710
vt 0.816477 0.838710
vt 0.700309 0.838710
vt 0.464294 0.838710
vt 0.348980 0.838710
vt 0.229625 0.838710
vt 0.116976 0.838710
vt 0.053465 0.838710
vt 0.274353 0.838710
vt 0.393427 0.838710
vt 0.507612 0.838710
vt 0.626299 0.838710
vt 0.743702 0.838710
vt 0.941246 0.838710
vt 0.938425 0.838710
vt 0.936113 0.838710
vt 0.934041 0.838710
vt 0.931944 0.838710
vt 0.821897 0.838710
vt 0.705820 0.838710
vt 0.590573 0.838710
vt 0.476126 0.838710
vt 0.247100 0.838710
vt 0.132901 0.838710
vt 0.075145 0.838710
vt 0.173901 0.838710
vt 0.292051 0.838710
vt 0.527357 0.838710
vt 0.641487 0.838710
vt 0.755946 0.838710
vt 0.871722 0.838710
vt 0.939513 0.838710
vt 0.721891 0.838710
vt 0.607504 0.838710
vt 0.490149 0.838710
vt 0.374681 0.838710
vt 0.258669 0.838710
vt 0.045545 0.838710
vt 0.044527 0.838710
vt 0.043078 0.838710
vt 0.041671 0.838710
vt 0.041439 0.838710
vt 0.146990 0.838710
vt 0.262418 0.838710
vt 0.383177 0.838710
vt 0.498943 0.838710
vt 0.735053 0.838710
vt 0.850872 0.838710
vt 0.946297 0.838710
vt 0.851026 0.838710
vt 0.735432 0.838710
vt 0.503811 0.838710
vt 0.387239 0.838710
vt 0.271789 0.838710
vt 0.154833 0.838710
vt 0.059821 0.838710
vt 0.270217 0.838710
vt 0.390413 0.838710
vt 0.510790 0.838710
vt 0.624968 0.838710
vt 0.860098 0.838710
vt 0.940745 0.870968
vt 0.938487 0.870968
vt 0.936633 0.870968
vt 0.934981 0.870968
vt 0.933328 0.870968
vt 0.823972 0.870968
vt 0.709114 0.870968
vt 0.593181 0.870968
vt 0.475141 0.870968
vt 0.359943 0.870968
vt 0.127510 0.870968
vt 0.056343 0.870968
vt 0.159813 0.870968
vt 0.274898 0.870968
vt 0.393889 0.870968
vt 0.625452 0.870968
vt 0.742367 0.870968
vt 0.856995 0.870968
vt 0.931361 0.870968
vt 0.718621 0.870968
vt 0.603458 0.870968
vt 0.488434 0.870968
vt 0.373422 0.870968
vt 0.258898 0.870968
vt 0.078223 0.870968
vt 0.080043 0.870968
vt 0.081708 0.870968
vt 0.083523 0.870968
vt 0.085574 0.870968
vt 0.192596 0.870968
vt 0.311660 0.870968
vt 0.426755 0.870968
vt 0.541122 0.870968
vt 0.655713 0.870968
vt 0.884183 0.870968
vt 0.916966 0.870968
vt 0.811960 0.870968
vt 0.697450 0.870968
vt 0.464804 0.870968
vt 0.351135 0.870968
vt 0.233484 0.870968
vt 0.122443 0.870968
vt 0.059839 0.870968
vt 0.277573 0.870968
vt 0.394948 0.870968
vt 0.507503 0.870968
vt 0.624497 0.870968
vt 0.740223 0.870968
vt 0.934948 0.870968
vt 0.932168 0.870968
vt 0.929888 0.870968
vt 0.927846 0.870968
vt 0.925779 0.870968
vt 0.817303 0.870968
vt 0.702882 0.870968
vt 0.589280 0.870968
vt 0.476467 0.870968
vt 0.250710 0.870968
vt 0.138141 0.870968
vt 0.081209 0.870968
vt 0.178555 0.870968
vt 0.295020 0.870968
vt 0.526966 0.870968
vt 0.639467 0.870968
vt 0.752293 0.870968
vt 0.866417 0.870968
vt 0.933240 0.870968
vt 0.718724 0.870968
vt 0.605970 0.870968
vt 0.490290 0.870968
vt 0.376470 0.870968
vt 0.262113 0.870968
vt 0.052032 0.870968
vt 0.051028 0.870968
vt 0.049600 0.870968
vt 0.048213 0.870968
vt 0.047984 0.870968
vt 0.152028 0.870968
vt 0.265809 0.870968
vt 0.384845 0.870968
vt 0.498958 0.870968
vt 0.731698 0.870968
vt 0.845864 0.870968
vt 0.939927 0.870968
vt 0.846016 0.870968
vt 0.732072 0.870968
vt 0.503757 0.870968
vt 0.388849 0.870968
vt 0.275046 0.870968
vt 0.159759 0.870968
vt 0.066104 0.870968
vt 0.273496 0.870968
vt 0.391978 0.870968
vt 0.510636 0.870968
vt 0.623185 0.870968
vt 0.854958 0.870968
vt 0.934098 0.903226
vt 0.931873 0.903226
vt 0.930048 0.903226
vt 0.928420 0.903226
vt 0.926792 0.903226
vt 0.819085 0.903226
vt 0.705960 0.903226
vt 0.591775 0.903226
vt 0.475516 0.903226
vt 0.362055 0.903226
vt 0.133128 0.903226
vt 0.063035 0.903226
vt 0.164944 0.903226
vt 0.278294 0.903226
vt 0.395489 0.903226
vt 0.623559 0.903226
vt 0.738712 0.903226
vt 0.851611 0.903226
vt 0.924855 0.903226
vt 0.715324 0.903226
vt 0.601897 0.903226
vt 0.488608 0.903226
vt 0.375331 0.903226
vt 0.262534 0.903226
vt 0.084584 0.903226
vt 0.086377 0.903226
vt 0.088017 0.903226
vt 0.089805 0.903226
vt 0.091825 0.903226
vt 0.197233 0.903226
vt 0.314500 0.903226
vt 0.427860 0.903226
vt 0.540501 0.903226
vt 0.653364 0.903226
vt 0.878388 0.903226
vt 0.910677 0.903226
vt 0.807254 0.903226
vt 0.694472 0.903226
vt 0.465335 0.903226
vt 0.353381 0.903226
vt 0.237504 0.903226
vt 0.128138 0.903226
vt 0.066478 0.903226
vt 0.280928 0.903226
vt 0.396532 0.903226
vt 0.507390 0.903226
vt 0.622619 0.903226
vt 0.736600 0.903226
vt 0.928387 0.903226
vt 0.925649 0.903226
vt 0.923404 0.903226
vt 0.921393 0.903226
vt 0.919357 0.903226
vt 0.812517 0.903226
vt 0.699822 0.903226
vt 0.587934 0.903226
vt 0.476822 0.903226
vt 0.254470 0.903226
vt 0.143598 0.903226
vt 0.087525 0.903226
vt 0.183404 0.903226
vt 0.298111 0.903226
vt 0.526560 0.903226
vt 0.637364 0.903226
vt 0.748488 0.903226
vt 0.860890 0.903226
vt 0.926706 0.903226
vt 0.715425 0.903226
vt 0.604372 0.903226
vt 0.490437 0.903226
vt 0.378333 0.903226
vt 0.265701 0.903226
vt 0.058788 0.903226
vt 0.057800 0.903226
vt 0.056393 0.903226
vt 0.055028 0.903226
vt 0.054802 0.903226
vt 0.157277 0.903226
vt 0.269341 0.903226
vt 0.386582 0.903226
vt 0.498974 0.903226
vt 0.728204 0.903226
vt 0.840648 0.903226
vt 0.933292 0.903226
vt 0.840797 0.903226
vt 0.728571 0.903226
vt 0.503700 0.903226
vt 0.390525 0.903226
vt 0.278439 0.903226
vt 0.164891 0.903226
vt 0.072648 0.903226
vt 0.276913 0.903226
vt 0.393607 0.903226
vt 0.510475 0.903226
vt 0.621327 0.903226
vt 0.849604 0.903226
vt 0.927734 0.935484
vt 0.925542 0.935484
vt 0.923743 0.935484
vt 0.922140 0.935484
vt 0.920535 0.935484
vt 0.814408 0.935484
vt 0.702941 0.935484
vt 0.590430 0.935484
vt 0.475874 0.935484
vt 0.364077 0.935484
vt 0.138506 0.935484
vt 0.069440 0.935484
vt 0.169856 0.935484
vt 0.281544 0.935484
vt 0.397021 0.935484
vt 0.621748 0.935484
vt 0.735212 0.935484
vt 0.846457 0.935484
vt 0.918627 0.935484
vt 0.712167 0.935484
vt 0.600404 0.935484
vt 0.488775 0.935484
vt 0.377159 0.935484
vt 0.266015 0.935484
vt 0.090674 0.935484
vt 0.092440 0.935484
vt 0.094057 0.935484
vt 0.095818 0.935484
vt 0.097809 0.935484
vt 0.201671 0.935484
vt 0.317220 0.935484
vt 0.428918 0.935484
vt 0.539908 0.935484
vt 0.651116 0.935484
vt 0.872841 0.935484
vt 0.904657 0.935484
vt 0.802750 0.935484
vt 0.691621 0.935484
vt 0.465843 0.935484
vt 0.355530 0.935484
vt 0.241352 0.935484
vt 0.133589 0.935484
vt 0.072833 0.935484
vt 0.284140 0.935484
vt 0.398049 0.935484
vt 0.507281 0.935484
vt 0.620821 0.935484
vt 0.733131 0.935484
vt 0.922108 0.935484
vt 0.919410 0.935484
vt 0.917197 0.935484
vt 0.915215 0.935484
vt 0.913209 0.935484
vt 0.807936 0.935484
vt 0.696893 0.935484
vt 0.586645 0.935484
vt 0.477162 0.935484
vt 0.258069 0.935484
vt 0.148823 0.935484
vt 0.093572 0.935484
vt 0.188045 0.935484
vt 0.301071 0.935484
vt 0.526170 0.935484
vt 0.635350 0.935484
vt 0.744845 0.935484
vt 0.855600 0.935484
vt 0.920450 0.935484
vt 0.712267 0.935484
vt 0.602842 0.935484
vt 0.490577 0.935484
vt 0.380117 0.935484
vt 0.269136 0.935484
vt 0.065256 0.935484
vt 0.064282 0.935484
vt 0.062896 0.935484
vt 0.061551 0.935484
vt 0.061328 0.935484
vt 0.162301 0.935484
vt 0.272723 0.935484
vt 0.388244 0.935484
vt 0.498989 0.935484
vt 0.724858 0.935484
vt 0.835654 0.935484
vt 0.926940 0.935484
vt 0.835801 0.935484
vt 0.725221 0.935484
vt 0.503646 0.935484
vt 0.392130 0.935484
vt 0.281687 0.935484
vt 0.169804 0.935484
vt 0.078913 0.935484
vt 0.280183 0.935484
vt 0.395167 0.935484
vt 0.510322 0.935484
vt 0.619548 0.935484
vt 0.844479 0.935484
vt 0.921260 0.967742
vt 0.919102 0.967742
vt 0.917330 0.967742
vt 0.915751 0.967742
vt 0.914171 0.967742
vt 0.809649 0.967742
vt 0.699869 0.967742
vt 0.589061 0.967742
vt 0.476240 0.967742
vt 0.366135 0.967742
vt 0.143977 0.967742
vt 0.075957 0.967742
vt 0.174852 0.967742
vt 0.284850 0.967742
vt 0.398580 0.967742
vt 0.619905 0.967742
vt 0.731653 0.967742
vt 0.841213 0.967742
vt 0.912291 0.967742
vt 0.708956 0.967742
vt 0.598884 0.967742
vt 0.488945 0.967742
vt 0.379018 0.967742
vt 0.269556 0.967742
vt 0.096869 0.967742
vt 0.098608 0.967742
vt 0.100200 0.967742
vt 0.101935 0.967742
vt 0.103896 0.967742
vt 0.206186 0.967742
vt 0.319986 0.967742
vt 0.429993 0.967742
vt 0.539304 0.967742
vt 0.648829 0.967742
vt 0.867198 0.967742
vt 0.898532 0.967742
vt 0.798168 0.967742
vt 0.688721 0.967742
vt 0.466360 0.967742
vt 0.357717 0.967742
vt 0.245267 0.967742
vt 0.139134 0.967742
vt 0.079298 0.967742
vt 0.287407 0.967742
vt 0.399592 0.967742
vt 0.507171 0.967742
vt 0.618993 0.967742
vt 0.729603 0.967742
vt 0.915719 0.967742
vt 0.913062 0.967742
vt 0.910883 0.967742
vt 0.908931 0.967742
vt 0.906955 0.967742
vt 0.803275 0.967742
vt 0.693913 0.967742
vt 0.585333 0.967742
vt 0.477508 0.967742
vt 0.261731 0.967742
vt 0.154138 0.967742
vt 0.099723 0.967742
vt 0.192766 0.967742
vt 0.304082 0.967742
vt 0.525774 0.967742
vt 0.633302 0.967742
vt 0.741140 0.967742
vt 0.850218 0.967742
vt 0.914087 0.967742
vt 0.709054 0.967742
vt 0.601285 0.967742
vt 0.490719 0.967742
vt 0.381931 0.967742
vt 0.272630 0.967742
vt 0.071836 0.967742
vt 0.070876 0.967742
vt 0.069512 0.967742
vt 0.068186 0.967742
vt 0.067967 0.967742
vt 0.167412 0.967742
vt 0.276163 0.967742
vt 0.389936 0.967742
vt 0.499004 0.967742
vt 0.721455 0.967742
vt 0.830574 0.967742
vt 0.920479 0.967742
vt 0.830719 0.967742
vt 0.721812 0.967742
vt 0.503591 0.967742
vt 0.393762 0.967742
vt 0.284991 0.967742
vt 0.174801 0.967742
vt 0.085286 0.967742
vt 0.283510 0.967742
vt 0.396753 0.967742
vt 0.510166 0.967742
vt 0.617739 0.967742
vt 0.839266 0.967742
vt 0.123532 0.132506
vt 0.123045 0.134389
vt 0.121740 0.135934
vt 0.120026 0.137312
vt 0.118316 0.138691
vt 0.086815 0.229872
vt 0.081547 0.325640
vt 0.078453 0.422306
vt 0.079618 0.520728
vt 0.075037 0.616780
vt 0.078855 0.810583
vt 0.130078 0.885269
vt 0.216352 0.914339
vt 0.312310 0.924577
vt 0.411524 0.918125
vt 0.604602 0.909335
vt 0.702086 0.907214
vt 0.797664 0.900507
vt 0.878359 0.859670
vt 0.915227 0.682287
vt 0.910576 0.586263
vt 0.905643 0.490356
vt 0.900686 0.394459
vt 0.894744 0.298968
vt 0.851679 0.120918
vt 0.850161 0.120115
vt 0.848772 0.118875
vt 0.847259 0.117592
vt 0.845549 0.116495
vt 0.756314 0.081827
vt 0.657039 0.075000
vt 0.561072 0.078593
vt 0.465713 0.083555
vt 0.370166 0.086606
vt 0.179668 0.097054
vt 0.108618 0.152333
vt 0.085713 0.239887
vt 0.082021 0.335366
vt 0.081970 0.529347
vt 0.076576 0.624124
vt 0.079173 0.722221
vt 0.080318 0.814808
vt 0.132993 0.887650
vt 0.314540 0.925000
vt 0.412407 0.917674
vt 0.506256 0.909083
vt 0.603806 0.909388
vt 0.700298 0.907153
vt 0.876612 0.862660
vt 0.877295 0.860342
vt 0.878990 0.858441
vt 0.881166 0.856739
vt 0.883290 0.855015
vt 0.925000 0.764568
vt 0.913880 0.669163
vt 0.910245 0.574442
vt 0.905016 0.480378
vt 0.894822 0.292141
vt 0.889100 0.198281
vt 0.849189 0.118854
vt 0.768021 0.082687
vt 0.670913 0.077520
vt 0.477515 0.077291
vt 0.383712 0.082674
vt 0.289637 0.088830
vt 0.194481 0.092393
vt 0.118044 0.138764
vt 0.085134 0.317628
vt 0.079785 0.411642
vt 0.080352 0.508096
vt 0.077159 0.603000
vt 0.075000 0.698350
vt 0.115503 0.873517
vt 0.117013 0.874354
vt 0.118463 0.875545
vt 0.120116 0.876701
vt 0.123108 0.879125
vt 0.209861 0.913500
vt 0.304731 0.921938
vt 0.403983 0.918985
vt 0.499131 0.912520
vt 0.693190 0.908635
vt 0.788382 0.902275
vt 0.871459 0.866812
vt 0.916374 0.788509
vt 0.916049 0.693502
vt 0.905236 0.503133
vt 0.901348 0.407322
vt 0.895223 0.312433
vt 0.892100 0.216307
vt 0.861783 0.131417
vt 0.688859 0.082778
vt 0.590069 0.080590
vt 0.491132 0.077506
vt 0.397288 0.086095
vt 0.204035 0.091914
vt 0.500000 0.500000
vt 0.500000 0.500000

vn -0.349371 -0.915412 -0.199903
vn -0.346216 -0.914302 -0.210206
vn -0.269880 -0.916486 -0.295328
vn -0.251981 -0.915646 -0.313207
vn -0.353665 -0.914082 -0.198432
vn -0.438241 -0.896617 -0.063419
vn -0.457381 -0.889085 -0.018156
vn -0.459843 -0.887999 -0.001261
vn -0.461026 -0.887294 -0.012860
vn -0.457961 -0.888971 -0.001327
vn -0.374484 -0.913978 0.156225
vn -0.201859 -0.916610 0.345077
vn -0.076788 -0.899358 0.430418
vn 0.004259 -0.888341 0.459164
vn 0.024184 -0.884819 0.465307
vn 0.013813 -0.884574 0.466196
vn 0.024886 -0.886395 0.462260
vn 0.137418 -0.904785 0.403089
vn 0.359112 -0.914069 0.188456
vn 0.459382 -0.888106 0.015347
vn 0.469856 -0.882424 -0.023723
vn 0.469900 -0.882386 -0.024278
vn 0.469326 -0.882594 -0.027588
vn 0.450804 -0.888928 -0.081132
vn 0.279160 -0.917227 -0.284190
vn 0.244138 -0.914283 -0.323238
vn 0.263874 -0.914623 -0.306325
vn 0.233964 -0.913776 -0.332077
vn 0.175638 -0.909110 -0.377716
vn 0.072070 -0.898630 -0.432747
vn -0.001152 -0.888837 -0.458222
vn -0.021771 -0.886574 -0.462073
vn -0.017849 -0.886369 -0.462635
vn -0.021749 -0.886914 -0.461422
vn -0.176490 -0.912449 -0.369171
vn -0.364191 -0.913463 -0.181524
vn -0.445118 -0.894155 -0.048556
vn -0.460898 -0.887433 -0.005998
vn -0.462854 -0.886259 -0.017627
vn -0.458836 -0.888521 -0.000704
vn -0.457985 -0.888926 0.007820
vn -0.371213 -0.914571 0.160501
vn -0.169520 -0.913864 0.368938
vn -0.006557 -0.890181 0.455560
vn 0.040115 -0.883300 0.467088
vn 0.013267 -0.883510 0.468225
vn 0.006711 -0.884078 0.467291
vn 0.076556 -0.892515 0.444473
vn 0.320859 -0.918606 0.230680
vn 0.339451 -0.914436 0.220407
vn 0.266158 -0.915454 0.301835
vn 0.252612 -0.914701 0.315450
vn 0.337089 -0.915048 0.221489
vn 0.446166 -0.894675 0.022196
vn 0.471823 -0.881164 -0.030539
vn 0.469652 -0.882540 -0.023443
vn 0.469904 -0.882343 -0.025701
vn 0.469234 -0.882643 -0.027571
vn 0.409183 -0.902071 -0.137250
vn 0.241414 -0.915713 -0.321229
vn 0.073432 -0.899351 -0.431016
vn 0.008409 -0.889107 -0.457623
vn -0.017338 -0.888345 -0.458848
vn -0.028704 -0.888507 -0.457965
vn -0.021491 -0.887420 -0.460461
vn -0.148824 -0.909075 -0.389146
vn -0.368732 -0.913110 -0.173976
vn -0.451768 -0.891027 -0.044458
vn -0.459948 -0.887919 -0.006882
vn -0.461290 -0.887199 -0.009454
vn -0.460856 -0.887392 -0.012141
vn -0.437794 -0.896901 0.062484
vn -0.276167 -0.921267 0.273861
vn -0.233179 -0.917334 0.322685
vn -0.236083 -0.917466 0.320190
vn -0.242359 -0.917819 0.314437
vn -0.186132 -0.913256 0.362378
vn -0.078262 -0.899846 0.429130
vn -0.004148 -0.888549 0.458763
vn 0.025668 -0.884855 0.465158
vn 0.016754 -0.884570 0.466106
vn 0.023579 -0.886551 0.462029
vn 0.121468 -0.902410 0.413403
vn 0.295052 -0.917175 0.267832
vn 0.430215 -0.900136 0.068336
vn 0.468420 -0.883315 -0.018355
vn 0.470655 -0.882051 -0.021669
vn 0.469542 -0.882510 -0.026579
vn 0.471869 -0.881434 -0.020369
vn 0.430569 -0.896657 -0.103038
vn 0.219571 -0.915402 -0.337384
vn 0.046757 -0.892342 -0.448931
vn 0.012939 -0.887833 -0.459984
vn -0.023171 -0.888119 -0.459029
vn -0.023265 -0.886761 -0.461641
vn -0.130162 -0.906059 -0.402635
vn -0.533796 -0.737030 -0.414546
vn -0.614823 -0.722682 -0.315789
vn -0.470133 -0.737770 -0.484429
vn -0.424793 -0.735200 -0.528234
vn -0.559757 -0.734547 -0.383553
vn -0.711212 -0.689883 -0.135054
vn -0.746912 -0.664135 -0.032362
vn -0.750138 -0.661241 -0.007256
vn -0.751872 -0.659163 -0.013893
vn -0.749382 -0.662060 -0.010152
vn -0.665501 -0.717063 0.207192
vn -0.397165 -0.741090 0.541337
vn -0.150391 -0.695849 0.702265
vn -0.013270 -0.665922 0.745904
vn 0.041672 -0.652180 0.756918
vn 0.025292 -0.652205 0.757620
vn 0.034857 -0.655246 0.754611
vn 0.188581 -0.694981 0.693858
vn 0.547740 -0.733945 0.401629
vn 0.743821 -0.666123 0.054869
vn 0.762062 -0.646382 -0.038114
vn 0.762126 -0.646232 -0.039344
vn 0.761561 -0.646632 -0.043495
vn 0.743409 -0.659291 -0.112597
vn 0.544404 -0.727712 -0.417205
vn 0.391336 -0.729295 -0.561235
vn 0.446474 -0.732405 -0.514046
vn 0.404657 -0.730713 -0.549828
vn 0.312107 -0.720114 -0.619698
vn 0.151869 -0.694618 -0.703165
vn 0.010623 -0.665208 -0.746582
vn -0.033740 -0.657243 -0.752923
vn -0.031465 -0.656584 -0.753596
vn -0.032755 -0.657566 -0.752685
vn -0.239605 -0.712339 -0.659668
vn -0.573246 -0.733251 -0.365695
vn -0.723439 -0.682485 -0.104166
vn -0.750966 -0.660185 -0.014334
vn -0.753939 -0.656577 -0.021953
vn -0.750772 -0.660469 -0.011044
vn -0.747915 -0.663638 0.014438
vn -0.663198 -0.717830 0.211871
vn -0.354040 -0.736896 0.575882
vn -0.043199 -0.672225 0.739086
vn 0.063121 -0.648901 0.758250
vn 0.032906 -0.648881 0.760178
vn 0.007755 -0.650188 0.759733
vn 0.100327 -0.667559 0.737766
vn 0.470948 -0.736541 0.485505
vn 0.603154 -0.724303 0.334052
vn 0.462342 -0.735172 0.495744
vn 0.424113 -0.732440 0.532597
vn 0.538192 -0.735062 0.412351
vn 0.715796 -0.691220 0.099251
vn 0.765652 -0.640541 -0.059038
vn 0.761745 -0.646879 -0.035944
vn 0.762086 -0.646122 -0.041856
vn 0.761480 -0.646699 -0.043921
vn 0.702833 -0.686501 -0.186392
vn 0.466666 -0.732784 -0.495228
vn 0.160999 -0.697805 -0.697960
vn 0.019845 -0.664859 -0.746706
vn -0.021397 -0.661564 -0.749584
vn -0.045938 -0.661996 -0.748098
vn -0.038330 -0.660047 -0.750246
vn -0.199097 -0.704214 -0.681500
vn -0.568236 -0.733821 -0.372311
vn -0.736366 -0.670940 -0.087201
vn -0.749925 -0.661260 -0.018662
vn -0.752273 -0.658765 -0.010715
vn -0.751840 -0.659007 -0.021114
vn -0.730821 -0.678440 0.074966
vn -0.536589 -0.742002 0.401877
vn -0.379747 -0.737763 0.558120
vn -0.405052 -0.740886 0.535744
vn -0.404274 -0.740692 0.536599
vn -0.339383 -0.732731 0.589851
vn -0.160266 -0.698579 0.697353
vn -0.020708 -0.665268 0.746318
vn 0.037165 -0.653273 0.756210
vn 0.032972 -0.651714 0.757748
vn 0.032921 -0.655755 0.754256
vn 0.166824 -0.689860 0.704459
vn 0.451604 -0.735370 0.505257
vn 0.690362 -0.703208 0.169995
vn 0.759320 -0.650299 -0.023331
vn 0.763019 -0.645311 -0.037090
vn 0.762040 -0.646279 -0.040242
vn 0.763614 -0.644620 -0.036843
vn 0.726232 -0.673785 -0.136381
vn 0.457719 -0.732558 -0.503837
vn 0.105469 -0.676175 -0.729153
vn 0.020050 -0.660239 -0.750788
vn -0.023332 -0.661042 -0.749986
vn -0.045149 -0.658235 -0.751457
vn -0.172705 -0.697050 -0.695913
vn -0.729054 -0.395788 -0.558420
vn -0.820903 -0.371561 -0.433659
vn -0.640418 -0.386101 -0.663921
vn -0.578745 -0.383622 -0.719645
vn -0.762258 -0.389590 -0.516897
vn -0.917871 -0.357135 -0.173111
vn -0.941076 -0.335756 -0.040546
vn -0.942576 -0.333879 -0.008685
vn -0.942956 -0.332429 -0.018018
vn -0.942695 -0.333441 -0.011988
vn -0.883466 -0.366406 0.291950
vn -0.538950 -0.395364 0.743787
vn -0.194057 -0.360007 0.912544
vn -0.015703 -0.339418 0.940504
vn 0.051739 -0.327631 0.943388
vn 0.031292 -0.328024 0.944151
vn 0.044120 -0.329012 0.943294
vn 0.254311 -0.351242 0.901085
vn 0.743885 -0.394946 0.539123
vn 0.937812 -0.340432 0.067933
vn 0.944811 -0.324186 -0.047283
vn 0.944777 -0.324064 -0.048776
vn 0.944430 -0.324240 -0.054042
vn 0.932814 -0.330448 -0.143740
vn 0.721914 -0.379711 -0.578498
vn 0.532717 -0.378752 -0.756809
vn 0.605813 -0.381662 -0.698087
vn 0.546559 -0.381108 -0.745674
vn 0.415172 -0.375351 -0.828700
vn 0.195487 -0.360125 -0.912192
vn 0.012526 -0.337576 -0.941215
vn -0.042386 -0.331135 -0.942631
vn -0.039169 -0.330646 -0.942942
vn -0.041266 -0.331023 -0.942720
vn -0.333579 -0.363238 -0.869933
vn -0.778513 -0.390355 -0.491469
vn -0.926866 -0.351292 -0.132334
vn -0.942607 -0.333439 -0.017631
vn -0.943273 -0.330834 -0.028019
vn -0.943117 -0.332211 -0.012880
vn -0.941908 -0.335387 0.018042
vn -0.880658 -0.366864 0.299755
vn -0.478918 -0.396208 0.783363
vn -0.053572 -0.344967 0.937085
vn 0.078584 -0.325923 0.942125
vn 0.039959 -0.325695 0.944630
vn 0.009916 -0.326333 0.945203
vn 0.130362 -0.335293 0.933051
vn 0.651800 -0.393813 0.648127
vn 0.806650 -0.373427 0.458114
vn 0.627814 -0.384351 0.676849
vn 0.576012 -0.381560 0.722926
vn 0.735055 -0.387213 0.556561
vn 0.922024 -0.364596 0.130157
vn 0.944969 -0.319149 -0.071958
vn 0.944788 -0.324614 -0.044742
vn 0.944636 -0.323995 -0.051868
vn 0.944399 -0.324248 -0.054538
vn 0.904786 -0.345044 -0.249614
vn 0.625175 -0.386186 -0.678245
vn 0.208192 -0.363579 -0.908001
vn 0.024534 -0.336637 -0.941315
vn -0.027508 -0.333768 -0.942254
vn -0.057856 -0.334012 -0.940792
vn -0.047841 -0.333282 -0.941612
vn -0.274503 -0.357098 -0.892821
vn -0.769800 -0.395315 -0.501132
vn -0.933538 -0.341348 -0.109492
vn -0.942280 -0.334047 -0.022845
vn -0.943156 -0.332064 -0.013835
vn -0.942892 -0.332052 -0.026365
vn -0.934341 -0.342034 0.100099
vn -0.725057 -0.391692 0.566454
vn -0.521988 -0.384439 0.761403
vn -0.554890 -0.388212 0.735791
vn -0.555695 -0.387255 0.735687
vn -0.457845 -0.385789 0.800965
vn -0.207467 -0.363167 0.908332
vn -0.025237 -0.338119 0.940765
vn 0.046709 -0.328904 0.943207
vn 0.040598 -0.327458 0.943993
vn 0.041697 -0.329393 0.943272
vn 0.222961 -0.348103 0.910556
vn 0.622998 -0.386402 0.680123
vn 0.901555 -0.371026 0.222573
vn 0.944355 -0.327607 -0.029452
vn 0.945135 -0.323454 -0.045787
vn 0.944746 -0.323947 -0.050126
vn 0.945130 -0.323534 -0.045322
vn 0.924115 -0.337058 -0.180012
vn 0.610918 -0.391969 -0.687852
vn 0.132709 -0.346390 -0.928656
vn 0.025267 -0.332887 -0.942628
vn -0.030565 -0.333609 -0.942216
vn -0.055992 -0.332101 -0.941581
vn -0.235735 -0.352152 -0.905769
vn -0.778116 -0.021434 -0.627754
vn -0.887843 -0.020581 -0.459685
vn -0.697895 -0.021472 -0.715878
vn -0.626523 -0.021308 -0.779112
vn -0.817786 -0.021283 -0.575130
vn -0.981068 -0.018731 -0.192755
vn -0.998901 -0.017429 -0.043505
vn -0.999800 -0.017292 -0.010092
vn -0.999691 -0.017195 -0.017928
vn -0.999752 -0.017333 -0.013992
vn -0.951923 -0.020302 0.305663
vn -0.602548 -0.021702 0.797788
vn -0.213710 -0.019037 0.976712
vn -0.020649 -0.017520 0.999633
vn 0.055118 -0.016876 0.998337
vn 0.033575 -0.016877 0.999294
vn 0.045831 -0.017017 0.998804
vn 0.265716 -0.019031 0.963863
vn 0.793507 -0.021244 0.608191
vn 0.996779 -0.017534 0.078258
vn 0.998615 -0.016615 -0.049920
vn 0.998533 -0.016609 -0.051547
vn 0.998240 -0.016626 -0.056926
vn 0.988640 -0.017210 -0.149316
vn 0.789173 -0.020885 -0.613815
vn 0.570607 -0.020940 -0.820956
vn 0.655811 -0.021132 -0.754630
vn 0.593947 -0.021027 -0.804230
vn 0.452812 -0.020392 -0.891373
vn 0.217576 -0.018977 -0.975859
vn 0.015598 -0.017481 -0.999726
vn -0.044630 -0.017107 -0.998857
vn -0.041886 -0.017077 -0.998976
vn -0.043287 -0.017122 -0.998916
vn -0.350026 -0.020029 -0.936526
vn -0.834543 -0.021206 -0.550534
vn -0.988986 -0.018342 -0.146869
vn -0.999662 -0.017243 -0.019476
vn -0.999446 -0.017076 -0.028579
vn -0.999735 -0.017259 -0.015202
vn -0.999660 -0.017405 0.019434
vn -0.949198 -0.020358 0.314019
vn -0.542372 -0.021470 0.839864
vn -0.063965 -0.017833 0.997793
vn 0.082799 -0.016727 0.996426
vn 0.044008 -0.016727 0.998891
vn 0.010001 -0.016786 0.999809
vn 0.134592 -0.017605 0.990745
vn 0.692678 -0.021379 0.720930
vn 0.873605 -0.020665 0.486197
vn 0.683485 -0.021307 0.729653
vn 0.622653 -0.021134 0.782213
vn 0.789132 -0.021302 0.613854
vn 0.987341 -0.018889 0.157483
vn 0.996881 -0.016363 -0.077198
vn 0.998757 -0.016637 -0.046976
vn 0.998357 -0.016604 -0.054845
vn 0.998206 -0.016630 -0.057520
vn 0.965311 -0.018597 -0.260440
vn 0.690011 -0.021148 -0.723489
vn 0.233690 -0.019160 -0.972122
vn 0.027133 -0.017463 -0.999479
vn -0.028027 -0.017308 -0.999457
vn -0.061214 -0.017328 -0.997974
vn -0.051296 -0.017237 -0.998535
vn -0.286926 -0.019559 -0.957753
vn -0.822841 -0.021263 -0.567874
vn -0.992708 -0.017756 -0.119228
vn -0.999525 -0.017293 -0.025502
vn -0.999756 -0.017177 -0.013891
vn -0.999456 -0.017189 -0.028160
vn -0.994597 -0.018141 0.102213
vn -0.798176 -0.021767 0.602031
vn -0.561518 -0.021474 0.827186
vn -0.603712 -0.021675 0.796908
vn -0.601054 -0.021662 0.798915
vn -0.504189 -0.021171 0.863334
vn -0.230598 -0.019196 0.972860
vn -0.029438 -0.017485 0.999414
vn 0.048712 -0.016924 0.998669
vn 0.043860 -0.016854 0.998896
vn 0.043295 -0.017040 0.998917
vn 0.232636 -0.018749 0.972383
vn 0.663934 -0.021316 0.747487
vn 0.966483 -0.019502 0.255988
vn 0.999406 -0.016790 -0.030105
vn 0.998677 -0.016568 -0.048679
vn 0.998481 -0.016611 -0.052538
vn 0.998686 -0.016537 -0.048496
vn 0.982232 -0.017940 -0.186810
vn 0.681960 -0.021127 -0.731084
vn 0.147437 -0.018018 -0.988907
vn 0.026615 -0.017246 -0.999497
vn -0.030007 -0.017283 -0.999400
vn -0.060568 -0.017153 -0.998017
vn -0.245718 -0.019156 -0.969152
vn -0.778114 -0.021434 -0.627757
vn -0.887845 -0.020581 -0.459681
vn -0.697894 -0.021472 -0.715879
vn -0.626527 -0.021309 -0.779108
vn -0.817787 -0.021283 -0.575128
vn -0.981068 -0.018731 -0.192755
vn -0.998901 -0.017429 -0.043505
vn -0.999800 -0.017293 -0.010091
vn -0.999691 -0.017196 -0.017928
vn -0.999752 -0.017332 -0.013992
vn -0.951923 -0.020302 0.305663
vn -0.602548 -0.021701 0.797788
vn -0.213710 -0.019037 0.976712
vn -0.020649 -0.017520 0.999633
vn 0.055118 -0.016876 0.998337
vn 0.033575 -0.016877 0.999294
vn 0.045831 -0.017017 0.998804
vn 0.265716 -0.019030 0.963863
vn 0.793507 -0.021244 0.608191
vn 0.996779 -0.017534 0.078258
vn 0.998615 -0.016615 -0.049920
vn 0.998533 -0.016608 -0.051547
vn 0.998240 -0.016626 -0.056926
vn 0.988640 -0.017210 -0.149316
vn 0.789171 -0.020884 -0.613818
vn 0.570607 -0.020940 -0.820956
vn 0.655812 -0.021133 -0.754628
vn 0.593943 -0.021028 -0.804232
vn 0.452812 -0.020392 -0.891373
vn 0.217576 -0.018977 -0.975859
vn 0.015598 -0.017481 -0.999726
vn -0.044630 -0.017107 -0.998857
vn -0.041886 -0.017076 -0.998976
vn -0.043287 -0.017122 -0.998916
vn -0.350026 -0.020029 -0.936526
vn -0.834543 -0.021206 -0.550534
vn -0.988986 -0.018342 -0.146869
vn -0.999662 -0.017243 -0.019476
vn -0.999446 -0.017076 -0.028579
vn -0.999735 -0.017259 -0.015202
vn -0.999660 -0.017405 0.019434
vn -0.949199 -0.020358 0.314019
vn -0.542372 -0.021470 0.839864
vn -0.063965 -0.017833 0.997793
vn 0.082799 -0.016728 0.996426
vn 0.044008 -0.016727 0.998891
vn 0.010001 -0.016786 0.999809
vn 0.134592 -0.017605 0.990745
vn 0.692678 -0.021379 0.720930
vn 0.873608 -0.020665 0.486191
vn 0.683484 -0.021307 0.729655
vn 0.622654 -0.021134 0.782212
vn 0.789132 -0.021302 0.613854
vn 0.987341 -0.018889 0.157483
vn 0.996881 -0.016363 -0.077198
vn 0.998757 -0.016637 -0.046976
vn 0.998357 -0.016603 -0.054845
vn 0.998206 -0.016629 -0.057520
vn 0.965311 -0.018597 -0.260440
vn 0.690012 -0.021148 -0.723489
vn 0.233690 -0.019160 -0.972122
vn 0.027133 -0.017463 -0.999479
vn -0.028027 -0.017308 -0.999457
vn -0.061214 -0.017328 -0.997974
vn -0.051296 -0.017237 -0.998535
vn -0.286926 -0.019560 -0.957753
vn -0.822841 -0.021263 -0.567874
vn -0.992708 -0.017756 -0.119228
vn -0.999525 -0.017293 -0.025502
vn -0.999756 -0.017177 -0.013891
vn -0.999456 -0.017189 -0.028160
vn -0.994597 -0.018141 0.102213
vn -0.798176 -0.021767 0.602031
vn -0.561522 -0.021474 0.827183
vn -0.603714 -0.021675 0.796906
vn -0.601055 -0.021662 0.798914
vn -0.504187 -0.021171 0.863335
vn -0.230598 -0.019196 0.972860
vn -0.029438 -0.017485 0.999414
vn 0.048712 -0.016925 0.998669
vn 0.043860 -0.016854 0.998896
vn 0.043295 -0.017040 0.998917
vn 0.232636 -0.018749 0.972383
vn 0.663934 -0.021316 0.747488
vn 0.966483 -0.019502 0.255988
vn 0.999406 -0.016791 -0.030105
vn 0.998677 -0.016568 -0.048679
vn 0.998481 -0.016611 -0.052538
vn 0.998686 -0.016537 -0.048496
vn 0.982232 -0.017941 -0.186810
vn 0.681960 -0.021127 -0.731084
vn 0.147437 -0.018018 -0.988907
vn 0.026615 -0.017246 -0.999497
vn -0.030007 -0.017283 -0.999400
vn -0.060568 -0.017153 -0.998017
vn -0.245718 -0.019157 -0.969152
vn -0.778114 -0.021434 -0.627758
vn -0.887844 -0.020581 -0.459684
vn -0.697897 -0.021472 -0.715876
vn -0.626523 -0.021308 -0.779111
vn -0.817788 -0.021284 -0.575126
vn -0.981068 -0.018731 -0.192755
vn -0.998901 -0.017428 -0.043505
vn -0.999800 -0.017292 -0.010091
vn -0.999691 -0.017196 -0.017928
vn -0.999752 -0.017332 -0.013992
vn -0.951923 -0.020302 0.305663
vn -0.602548 -0.021701 0.797788
vn -0.213710 -0.019037 0.976712
vn -0.020649 -0.017520 0.999633
vn 0.055118 -0.016876 0.998337
vn 0.033575 -0.016876 0.999294
vn 0.045831 -0.017017 0.998804
vn 0.265716 -0.019030 0.963863
vn 0.793507 -0.021244 0.608191
vn 0.996779 -0.017534 0.078258
vn 0.998615 -0.016615 -0.049920
vn 0.998533 -0.016609 -0.051547
vn 0.998240 -0.016626 -0.056926
vn 0.988640 -0.017210 -0.149316
vn 0.789172 -0.020884 -0.613816
vn 0.570607 -0.020940 -0.820956
vn 0.655816 -0.021132 -0.754625
vn 0.593943 -0.021027 -0.804233
vn 0.452811 -0.020392 -0.891373
vn 0.217576 -0.018977 -0.975859
vn 0.015598 -0.017481 -0.999726
vn -0.044630 -0.017107 -0.998857
vn -0.041886 -0.017077 -0.998976
vn -0.043287 -0.017122 -0.998916
vn -0.350026 -0.020029 -0.936526
vn -0.834543 -0.021206 -0.550534
vn -0.988986 -0.018342 -0.146869
vn -0.999662 -0.017243 -0.019476
vn -0.999446 -0.017076 -0.028579
vn -0.999736 -0.017259 -0.015202
vn -0.999660 -0.017405 0.019434
vn -0.949198 -0.020358 0.314019
vn -0.542372 -0.021470 0.839864
vn -0.063965 -0.017832 0.997793
vn 0.082799 -0.016727 0.996426
vn 0.044008 -0.016727 0.998891
vn 0.010001 -0.016786 0.999809
vn 0.134592 -0.017605 0.990745
vn 0.692676 -0.021379 0.720932
vn 0.873607 -0.020665 0.486193
vn 0.683485 -0.021307 0.729653
vn 0.622651 -0.021134 0.782214
vn 0.789133 -0.021302 0.613853
vn 0.987341 -0.018889 0.157483
vn 0.996881 -0.016363 -0.077198
vn 0.998757 -0.016637 -0.046976
vn 0.998357 -0.016604 -0.054845
vn 0.998206 -0.016629 -0.057520
vn 0.965311 -0.018596 -0.260440
vn 0.690012 -0.021148 -0.723489
vn 0.233691 -0.019160 -0.972122
vn 0.027133 -0.017463 -0.999479
vn -0.028027 -0.017308 -0.999457
vn -0.061214 -0.017328 -0.997974
vn -0.051296 -0.017237 -0.998535
vn -0.286926 -0.019559 -0.957753
vn -0.822841 -0.021263 -0.567874
vn -0.992708 -0.017756 -0.119228
vn -0.999525 -0.017293 -0.025502
vn -0.999756 -0.017177 -0.013891
vn -0.999456 -0.017189 -0.028160
vn -0.994597 -0.018141 0.102213
vn -0.798174 -0.021767 0.602034
vn -0.561524 -0.021474 0.827182
vn -0.603716 -0.021675 0.796905
vn -0.601057 -0.021662 0.798912
vn -0.504186 -0.021171 0.863335
vn -0.230598 -0.019196 0.972860
vn -0.029438 -0.017485 0.999414
vn 0.048712 -0.016925 0.998669
vn 0.043860 -0.016854 0.998896
vn 0.043295 -0.017040 0.998917
vn 0.232636 -0.018749 0.972383
vn 0.663934 -0.021316 0.747488
vn 0.966483 -0.019501 0.255988
vn 0.999406 -0.016790 -0.030105
vn 0.998677 -0.016568 -0.048679
vn 0.998481 -0.016611 -0.052538
vn 0.998686 -0.016537 -0.048496
vn 0.982232 -0.017941 -0.186810
vn 0.681960 -0.021127 -0.731084
vn 0.147437 -0.018018 -0.988907
vn 0.026615 -0.017246 -0.999497
vn -0.030007 -0.017283 -0.999400
vn -0.060568 -0.017152 -0.998017
vn -0.245718 -0.019157 -0.969152
vn -0.778008 -0.026712 -0.627686
vn -0.887741 -0.025840 -0.459617
vn -0.697811 -0.026831 -0.715779
vn -0.626440 -0.026631 -0.779014
vn -0.817677 -0.026526 -0.575065
vn -0.980973 -0.023323 -0.192740
vn -0.998816 -0.021777 -0.043502
vn -0.999716 -0.021608 -0.010091
vn -0.999608 -0.021489 -0.017926
vn -0.999667 -0.021677 -0.013992
vn -0.951815 -0.025543 0.305608
vn -0.602478 -0.027051 0.797677
vn -0.213692 -0.023723 0.976613
vn -0.020649 -0.021846 0.999548
vn 0.055114 -0.021097 0.998257
vn 0.033573 -0.021090 0.999214
vn 0.045826 -0.021284 0.998723
vn 0.265678 -0.023909 0.963765
vn 0.793400 -0.026460 0.608125
vn 0.996694 -0.021850 0.078254
vn 0.998538 -0.020766 -0.049916
vn 0.998455 -0.020759 -0.051543
vn 0.998162 -0.020783 -0.056922
vn 0.988557 -0.021553 -0.149300
vn 0.789088 -0.026229 -0.613720
vn 0.570530 -0.026201 -0.820859
vn 0.655736 -0.026410 -0.754528
vn 0.593871 -0.026268 -0.804131
vn 0.452761 -0.025440 -0.891269
vn 0.217558 -0.023636 -0.975761
vn 0.015598 -0.021822 -0.999640
vn -0.044626 -0.021379 -0.998775
vn -0.041883 -0.021343 -0.998895
vn -0.043283 -0.021405 -0.998833
vn -0.349967 -0.025202 -0.936423
vn -0.834434 -0.026418 -0.550474
vn -0.988894 -0.022852 -0.146858
vn -0.999578 -0.021542 -0.019475
vn -0.999364 -0.021339 -0.028575
vn -0.999651 -0.021590 -0.015202
vn -0.999575 -0.021749 0.019432
vn -0.949090 -0.025624 0.313961
vn -0.542311 -0.026703 0.839753
vn -0.063963 -0.022213 0.997705
vn 0.082792 -0.020904 0.996348
vn 0.044006 -0.020909 0.998812
vn 0.010000 -0.020985 0.999730
vn 0.134576 -0.022059 0.990658
vn 0.692569 -0.026759 0.720855
vn 0.873505 -0.025928 0.486124
vn 0.683403 -0.026620 0.729556
vn 0.622573 -0.026416 0.782116
vn 0.789026 -0.026588 0.613785
vn 0.987246 -0.023423 0.157471
vn 0.996806 -0.020478 -0.077193
vn 0.998680 -0.020792 -0.046972
vn 0.998279 -0.020753 -0.054841
vn 0.998128 -0.020787 -0.057516
vn 0.965217 -0.023376 -0.260403
vn 0.689936 -0.026443 -0.723388
vn 0.233671 -0.023844 -0.972023
vn 0.027132 -0.021812 -0.999394
vn -0.028024 -0.021634 -0.999373
vn -0.061208 -0.021659 -0.997890
vn -0.051292 -0.021535 -0.998451
vn -0.286879 -0.024601 -0.957651
vn -0.822733 -0.026452 -0.567812
vn -0.992621 -0.022164 -0.119219
vn -0.999441 -0.021606 -0.025501
vn -0.999673 -0.021468 -0.013889
vn -0.999373 -0.021486 -0.028158
vn -0.994504 -0.022739 0.102198
vn -0.798077 -0.027305 0.601936
vn -0.561443 -0.026872 0.827079
vn -0.603639 -0.027080 0.796797
vn -0.600974 -0.027082 0.798810
vn -0.504129 -0.026390 0.863225
vn -0.230578 -0.023899 0.972760
vn -0.029437 -0.021817 0.999329
vn 0.048708 -0.021146 0.998589
vn 0.043857 -0.021068 0.998816
vn 0.043291 -0.021312 0.998835
vn 0.232604 -0.023541 0.972286
vn 0.663836 -0.026680 0.747402
vn 0.966382 -0.024216 0.255966
vn 0.999327 -0.020967 -0.030102
vn 0.998600 -0.020708 -0.048676
vn 0.998403 -0.020765 -0.052533
vn 0.998610 -0.020659 -0.048493
vn 0.982142 -0.022533 -0.186785
vn 0.681888 -0.026381 -0.730981
vn 0.147427 -0.022466 -0.988818
vn 0.026613 -0.021556 -0.999413
vn -0.030003 -0.021601 -0.999316
vn -0.060564 -0.021430 -0.997934
vn -0.245680 -0.024084 -0.969052
vn -0.778027 -0.026864 -0.627657
vn -0.887737 -0.025605 -0.459638
vn -0.697802 -0.026842 -0.715787
vn -0.626446 -0.026632 -0.779010
vn -0.817688 -0.026674 -0.575044
vn -0.980971 -0.023499 -0.192729
vn -0.998816 -0.021790 -0.043501
vn -0.999715 -0.021619 -0.010090
vn -0.999608 -0.021495 -0.017928
vn -0.999668 -0.021649 -0.013990
vn -0.951816 -0.025203 0.305633
vn -0.602452 -0.027194 0.797691
vn -0.213683 -0.023863 0.976612
vn -0.020644 -0.021950 0.999546
vn 0.055113 -0.021089 0.998257
vn 0.033572 -0.021097 0.999214
vn 0.045828 -0.021254 0.998723
vn 0.265694 -0.023661 0.963767
vn 0.793419 -0.026641 0.608093
vn 0.996692 -0.021980 0.078246
vn 0.998538 -0.020767 -0.049916
vn 0.998455 -0.020758 -0.051542
vn 0.998162 -0.020779 -0.056922
vn 0.988558 -0.021469 -0.149305
vn 0.789075 -0.025974 -0.613748
vn 0.570536 -0.026142 -0.820857
vn 0.655731 -0.026412 -0.754532
vn 0.593871 -0.026292 -0.804131
vn 0.452752 -0.025532 -0.891271
vn 0.217547 -0.023801 -0.975760
vn 0.015594 -0.021876 -0.999639
vn -0.044627 -0.021384 -0.998775
vn -0.041882 -0.021344 -0.998895
vn -0.043284 -0.021396 -0.998834
vn -0.349993 -0.024863 -0.936422
vn -0.834446 -0.026589 -0.550448
vn -0.988891 -0.022998 -0.146850
vn -0.999578 -0.021562 -0.019474
vn -0.999364 -0.021347 -0.028577
vn -0.999652 -0.021553 -0.015199
vn -0.999574 -0.021760 0.019432
vn -0.949091 -0.025264 0.313988
vn -0.542280 -0.026963 0.839765
vn -0.063953 -0.022363 0.997702
vn 0.082793 -0.020911 0.996347
vn 0.044003 -0.020905 0.998813
vn 0.010001 -0.020976 0.999730
vn 0.134584 -0.021949 0.990659
vn 0.692599 -0.026679 0.720829
vn 0.873499 -0.025727 0.486145
vn 0.683394 -0.026639 0.729563
vn 0.622574 -0.026412 0.782115
vn 0.789037 -0.026658 0.613767
vn 0.987240 -0.023794 0.157450
vn 0.996807 -0.020425 -0.077191
vn 0.998680 -0.020797 -0.046973
vn 0.998279 -0.020753 -0.054841
vn 0.998128 -0.020783 -0.057516
vn 0.965219 -0.023111 -0.260419
vn 0.689915 -0.026419 -0.723409
vn 0.233656 -0.024050 -0.972022
vn 0.027130 -0.021840 -0.999393
vn -0.028026 -0.021631 -0.999373
vn -0.061209 -0.021657 -0.997890
vn -0.051291 -0.021553 -0.998451
vn -0.286900 -0.024291 -0.957652
vn -0.822748 -0.026696 -0.567779
vn -0.992620 -0.022221 -0.119215
vn -0.999441 -0.021623 -0.025499
vn -0.999673 -0.021470 -0.013891
vn -0.999373 -0.021481 -0.028158
vn -0.994506 -0.022607 0.102207
vn -0.798061 -0.027104 0.601966
vn -0.561450 -0.026806 0.827076
vn -0.603637 -0.027100 0.796799
vn -0.600977 -0.027064 0.798808
vn -0.504114 -0.026530 0.863230
vn -0.230566 -0.024084 0.972759
vn -0.029434 -0.021891 0.999327
vn 0.048709 -0.021162 0.998589
vn 0.043856 -0.021064 0.998816
vn 0.043293 -0.021284 0.998836
vn 0.232617 -0.023325 0.972289
vn 0.663859 -0.026602 0.747385
vn 0.966380 -0.024531 0.255945
vn 0.999326 -0.021004 -0.030104
vn 0.998600 -0.020707 -0.048675
vn 0.998403 -0.020759 -0.052534
vn 0.998609 -0.020678 -0.048492
vn 0.982145 -0.022313 -0.186796
vn 0.681859 -0.026428 -0.731006
vn 0.147419 -0.022574 -0.988817
vn 0.026613 -0.021554 -0.999413
vn -0.030007 -0.021603 -0.999316
vn -0.060562 -0.021447 -0.997934
vn -0.245697 -0.023802 -0.969054
vn -0.778116 -0.021434 -0.627755
vn -0.887846 -0.020581 -0.459680
vn -0.697895 -0.021472 -0.715878
vn -0.626522 -0.021309 -0.779112
vn -0.817786 -0.021283 -0.575129
vn -0.981068 -0.018731 -0.192755
vn -0.998901 -0.017429 -0.043505
vn -0.999800 -0.017293 -0.010092
vn -0.999691 -0.017196 -0.017928
vn -0.999752 -0.017333 -0.013992
vn -0.951923 -0.020301 0.305663
vn -0.602548 -0.021701 0.797788
vn -0.213710 -0.019037 0.976712
vn -0.020649 -0.017520 0.999633
vn 0.055118 -0.016876 0.998337
vn 0.033575 -0.016876 0.999294
vn 0.045831 -0.017017 0.998804
vn 0.265716 -0.019031 0.963863
vn 0.793507 -0.021244 0.608191
vn 0.996779 -0.017534 0.078258
vn 0.998615 -0.016615 -0.049920
vn 0.998533 -0.016609 -0.051547
vn 0.998240 -0.016626 -0.056926
vn 0.988640 -0.017211 -0.149316
vn 0.789175 -0.020884 -0.613813
vn 0.570607 -0.020940 -0.820956
vn 0.655810 -0.021132 -0.754630
vn 0.593945 -0.021027 -0.804230
vn 0.452813 -0.020391 -0.891372
vn 0.217576 -0.018977 -0.975859
vn 0.015598 -0.017481 -0.999726
vn -0.044630 -0.017107 -0.998857
vn -0.041886 -0.017077 -0.998976
vn -0.043287 -0.017122 -0.998916
vn -0.350026 -0.020029 -0.936526
vn -0.834543 -0.021206 -0.550534
vn -0.988986 -0.018342 -0.146869
vn -0.999662 -0.017243 -0.019476
vn -0.999446 -0.017076 -0.028579
vn -0.999735 -0.017259 -0.015202
vn -0.999660 -0.017405 0.019434
vn -0.949199 -0.020358 0.314019
vn -0.542372 -0.021470 0.839864
vn -0.063965 -0.017833 0.997793
vn 0.082799 -0.016727 0.996426
vn 0.044008 -0.016727 0.998891
vn 0.010001 -0.016786 0.999809
vn 0.134592 -0.017605 0.990745
vn 0.692676 -0.021379 0.720932
vn 0.873606 -0.020665 0.486194
vn 0.683486 -0.021307 0.729652
vn 0.622649 -0.021134 0.782216
vn 0.789130 -0.021302 0.613857
vn 0.987341 -0.018889 0.157483
vn 0.996882 -0.016363 -0.077198
vn 0.998757 -0.016637 -0.046976
vn 0.998357 -0.016604 -0.054845
vn 0.998206 -0.016629 -0.057520
vn 0.965311 -0.018597 -0.260440
vn 0.690011 -0.021148 -0.723489
vn 0.233690 -0.019160 -0.972122
vn 0.027133 -0.017463 -0.999479
vn -0.028027 -0.017308 -0.999457
vn -0.061214 -0.017328 -0.997974
vn -0.051296 -0.017237 -0.998535
vn -0.286926 -0.019560 -0.957753
vn -0.822841 -0.021263 -0.567874
vn -0.992708 -0.017756 -0.119228
vn -0.999525 -0.017293 -0.025502
vn -0.999756 -0.017177 -0.013891
vn -0.999456 -0.017189 -0.028160
vn -0.994597 -0.018141 0.102213
vn -0.798174 -0.021767 0.602034
vn -0.561521 -0.021474 0.827184
vn -0.603717 -0.021675 0.796904
vn -0.601055 -0.021662 0.798914
vn -0.504185 -0.021171 0.863336
vn -0.230598 -0.019196 0.972860
vn -0.029438 -0.017485 0.999414
vn 0.048712 -0.016925 0.998669
vn 0.043860 -0.016854 0.998896
vn 0.043295 -0.017040 0.998917
vn 0.232636 -0.018749 0.972383
vn 0.663934 -0.021316 0.747488
vn 0.966483 -0.019502 0.255988
vn 0.999406 -0.016790 -0.030105
vn 0.998677 -0.016567 -0.048679
vn 0.998481 -0.016611 -0.052538
vn 0.998686 -0.016537 -0.048496
vn 0.982232 -0.017940 -0.186810
vn 0.681960 -0.021127 -0.731084
vn 0.147437 -0.018018 -0.988907
vn 0.026615 -0.017246 -0.999497
vn -0.030007 -0.017283 -0.999400
vn -0.060568 -0.017153 -0.998017
vn -0.245718 -0.019157 -0.969152
vn -0.778116 -0.021433 -0.627755
vn -0.887843 -0.020581 -0.459685
vn -0.697898 -0.021473 -0.715875
vn -0.626521 -0.021309 -0.779113
vn -0.817785 -0.021283 -0.575131
vn -0.981068 -0.018731 -0.192755
vn -0.998901 -0.017429 -0.043505
vn -0.999800 -0.017292 -0.010092
vn -0.999691 -0.017196 -0.017928
vn -0.999752 -0.017333 -0.013992
vn -0.951923 -0.020302 0.305663
vn -0.602548 -0.021702 0.797787
vn -0.213710 -0.019037 0.976712
vn -0.020649 -0.017520 0.999633
vn 0.055118 -0.016876 0.998337
vn 0.033575 -0.016876 0.999294
vn 0.045831 -0.017017 0.998804
vn 0.265716 -0.019031 0.963863
vn 0.793507 -0.021244 0.608190
vn 0.996779 -0.017534 0.078258
vn 0.998615 -0.016615 -0.049920
vn 0.998533 -0.016609 -0.051546
vn 0.998240 -0.016627 -0.056926
vn 0.988640 -0.017211 -0.149316
vn 0.789173 -0.020885 -0.613815
vn 0.570604 -0.020940 -0.820958
vn 0.655812 -0.021132 -0.754628
vn 0.593944 -0.021027 -0.804232
vn 0.452810 -0.020392 -0.891374
vn 0.217576 -0.018977 -0.975859
vn 0.015598 -0.017481 -0.999726
vn -0.044630 -0.017107 -0.998857
vn -0.041886 -0.017077 -0.998976
vn -0.043287 -0.017122 -0.998916
vn -0.350026 -0.020028 -0.936526
vn -0.834543 -0.021206 -0.550534
vn -0.988986 -0.018343 -0.146869
vn -0.999662 -0.017243 -0.019476
vn -0.999446 -0.017076 -0.028579
vn -0.999735 -0.017259 -0.015202
vn -0.999660 -0.017405 0.019434
vn -0.949198 -0.020358 0.314019
vn -0.542372 -0.021470 0.839864
vn -0.063965 -0.017833 0.997793
vn 0.082799 -0.016728 0.996426
vn 0.044008 -0.016727 0.998891
vn 0.010001 -0.016786 0.999809
vn 0.134592 -0.017605 0.990745
vn 0.692675 -0.021379 0.720933
vn 0.873607 -0.020665 0.486193
vn 0.683488 -0.021307 0.729651
vn 0.622650 -0.021134 0.782215
vn 0.789129 -0.021302 0.613858
vn 0.987341 -0.018889 0.157483
vn 0.996881 -0.016363 -0.077198
vn 0.998757 -0.016637 -0.046976
vn 0.998357 -0.016604 -0.054845
vn 0.998206 -0.016629 -0.057520
vn 0.965311 -0.018597 -0.260440
vn 0.690011 -0.021148 -0.723489
vn 0.233691 -0.019160 -0.972122
vn 0.027133 -0.017463 -0.999479
vn -0.028027 -0.017308 -0.999457
vn -0.061214 -0.017328 -0.997974
vn -0.051296 -0.017236 -0.998535
vn -0.286926 -0.019559 -0.957753
vn -0.822841 -0.021263 -0.567874
vn -0.992708 -0.017756 -0.119228
vn -0.999525 -0.017293 -0.025502
vn -0.999756 -0.017177 -0.013891
vn -0.999456 -0.017189 -0.028160
vn -0.994597 -0.018141 0.102213
vn -0.798177 -0.021767 0.602029
vn -0.561521 -0.021474 0.827184
vn -0.603716 -0.021675 0.796904
vn -0.601054 -0.021662 0.798914
vn -0.504186 -0.021171 0.863335
vn -0.230598 -0.019196 0.972860
vn -0.029438 -0.017485 0.999414
vn 0.048712 -0.016924 0.998669
vn 0.043860 -0.016854 0.998896
vn 0.043295 -0.017040 0.998917
vn 0.232636 -0.018749 0.972383
vn 0.663934 -0.021316 0.747488
vn 0.966483 -0.019502 0.255988
vn 0.999406 -0.016791 -0.030105
vn 0.998677 -0.016568 -0.048679
vn 0.998481 -0.016611 -0.052538
vn 0.998686 -0.016537 -0.048496
vn 0.982232 -0.017941 -0.186810
vn 0.681960 -0.021127 -0.731084
vn 0.147437 -0.018018 -0.988907
vn 0.026615 -0.017246 -0.999497
vn -0.030007 -0.017283 -0.999400
vn -0.060568 -0.017152 -0.998017
vn -0.245718 -0.019156 -0.969152
vn -0.778117 -0.021434 -0.627754
vn -0.887844 -0.020581 -0.459684
vn -0.697893 -0.021472 -0.715880
vn -0.626525 -0.021309 -0.779110
vn -0.817787 -0.021283 -0.575128
vn -0.981068 -0.018731 -0.192755
vn -0.998901 -0.017429 -0.043505
vn -0.999800 -0.017292 -0.010091
vn -0.999691 -0.017195 -0.017928
vn -0.999752 -0.017333 -0.013992
vn -0.951923 -0.020301 0.305663
vn -0.602548 -0.021701 0.797788
vn -0.213710 -0.019037 0.976712
vn -0.020649 -0.017520 0.999633
vn 0.055118 -0.016876 0.998337
vn 0.033575 -0.016876 0.999294
vn 0.045831 -0.017017 0.998804
vn 0.265716 -0.019030 0.963863
vn 0.793507 -0.021244 0.608191
vn 0.996779 -0.017534 0.078258
vn 0.998615 -0.016615 -0.049920
vn 0.998533 -0.016608 -0.051546
vn 0.998240 -0.016626 -0.056926
vn 0.988640 -0.017210 -0.149316
vn 0.789174 -0.020884 -0.613814
vn 0.570606 -0.020940 -0.820957
vn 0.655813 -0.021132 -0.754628
vn 0.593946 -0.021027 -0.804230
vn 0.452811 -0.020392 -0.891373
vn 0.217576 -0.018977 -0.975859
vn 0.015598 -0.017481 -0.999726
vn -0.044630 -0.017107 -0.998857
vn -0.041886 -0.017077 -0.998976
vn -0.043287 -0.017122 -0.998916
vn -0.350026 -0.020028 -0.936526
vn -0.834543 -0.021206 -0.550534
vn -0.988986 -0.018342 -0.146869
vn -0.999662 -0.017243 -0.019476
vn -0.999446 -0.017076 -0.028579
vn -0.999736 -0.017259 -0.015202
vn -0.999660 -0.017405 0.019434
vn -0.949198 -0.020358 0.314019
vn -0.542372 -0.021470 0.839864
vn -0.063965 -0.017832 0.997793
vn 0.082799 -0.016727 0.996426
vn 0.044008 -0.016727 0.998891
vn 0.010001 -0.016786 0.999809
vn 0.134592 -0.017605 0.990745
vn 0.692675 -0.021379 0.720933
vn 0.873606 -0.020665 0.486195
vn 0.683487 -0.021307 0.729652
vn 0.622652 -0.021135 0.782214
vn 0.789130 -0.021302 0.613857
vn 0.987341 -0.018889 0.157483
vn 0.996881 -0.016363 -0.077198
vn 0.998757 -0.016637 -0.046976
vn 0.998357 -0.016604 -0.054845
vn 0.998206 -0.016630 -0.057520
vn 0.965311 -0.018597 -0.260440
vn 0.690011 -0.021148 -0.723489
vn 0.233690 -0.019160 -0.972122
vn 0.027133 -0.017463 -0.999479
vn -0.028027 -0.017308 -0.999457
vn -0.061214 -0.017328 -0.997974
vn -0.051296 -0.017237 -0.998535
vn -0.286926 -0.019559 -0.957753
vn -0.822841 -0.021263 -0.567874
vn -0.992708 -0.017756 -0.119228
vn -0.999525 -0.017293 -0.025502
vn -0.999756 -0.017177 -0.013891
vn -0.999456 -0.017189 -0.028160
vn -0.994597 -0.018141 0.102213
vn -0.798178 -0.021767 0.602029
vn -0.561521 -0.021474 0.827184
vn -0.603712 -0.021675 0.796907
vn -0.601056 -0.021662 0.798913
vn -0.504187 -0.021171 0.863335
vn -0.230598 -0.019196 0.972860
vn -0.029438 -0.017485 0.999414
vn 0.048712 -0.016925 0.998669
vn 0.043860 -0.016854 0.998895
vn 0.043295 -0.017040 0.998917
vn 0.232636 -0.018748 0.972383
vn 0.663934 -0.021316 0.747488
vn 0.966483 -0.019501 0.255988
vn 0.999406 -0.016790 -0.030105
vn 0.998677 -0.016568 -0.048679
vn 0.998481 -0.016611 -0.052538
vn 0.998686 -0.016537 -0.048496
vn 0.982232 -0.017941 -0.186810
vn 0.681960 -0.021127 -0.731084
vn 0.147437 -0.018018 -0.988907
vn 0.026615 -0.017246 -0.999497
vn -0.030007 -0.017283 -0.999400
vn -0.060569 -0.017153 -0.998017
vn -0.245718 -0.019156 -0.969152
vn -0.778114 -0.021434 -0.627757
vn -0.887847 -0.020581 -0.459679
vn -0.697897 -0.021472 -0.715876
vn -0.626522 -0.021308 -0.779113
vn -0.817786 -0.021283 -0.575129
vn -0.981068 -0.018731 -0.192755
vn -0.998901 -0.017428 -0.043505
vn -0.999800 -0.017293 -0.010091
vn -0.999691 -0.017196 -0.017928
vn -0.999752 -0.017333 -0.013992
vn -0.951923 -0.020301 0.305663
vn -0.602548 -0.021701 0.797788
vn -0.213710 -0.019037 0.976712
vn -0.020649 -0.017520 0.999633
vn 0.055118 -0.016876 0.998337
vn 0.033575 -0.016877 0.999294
vn 0.045831 -0.017017 0.998804
vn 0.265716 -0.019030 0.963863
vn 0.793507 -0.021244 0.608191
vn 0.996779 -0.017534 0.078258
vn 0.998615 -0.016616 -0.049920
vn 0.998533 -0.016609 -0.051547
vn 0.998240 -0.016626 -0.056926
vn 0.988640 -0.017211 -0.149316
vn 0.789173 -0.020884 -0.613815
vn 0.570607 -0.020940 -0.820956
vn 0.655812 -0.021133 -0.754628
vn 0.593944 -0.021027 -0.804232
vn 0.452810 -0.020392 -0.891374
vn 0.217576 -0.018977 -0.975859
vn 0.015598 -0.017480 -0.999726
vn -0.044630 -0.017107 -0.998857
vn -0.041886 -0.017077 -0.998976
vn -0.043287 -0.017122 -0.998916
vn -0.350026 -0.020029 -0.936526
vn -0.834543 -0.021206 -0.550534
vn -0.988986 -0.018342 -0.146869
vn -0.999662 -0.017243 -0.019476
vn -0.999446 -0.017076 -0.028579
vn -0.999736 -0.017259 -0.015202
vn -0.999660 -0.017405 0.019434
vn -0.949198 -0.020358 0.314019
vn -0.542372 -0.021470 0.839864
vn -0.063965 -0.017833 0.997793
vn 0.082799 -0.016727 0.996426
vn 0.044008 -0.016727 0.998891
vn 0.010001 -0.016786 0.999809
vn 0.134592 -0.017605 0.990745
vn 0.692677 -0.021379 0.720931
vn 0.873606 -0.020665 0.486194
vn 0.683486 -0.021307 0.729653
vn 0.622649 -0.021134 0.782215
vn 0.789130 -0.021302 0.613856
vn 0.987341 -0.018889 0.157483
vn 0.996881 -0.016363 -0.077198
vn 0.998757 -0.016637 -0.046976
vn 0.998357 -0.016604 -0.054845
vn 0.998206 -0.016629 -0.057520
vn 0.965311 -0.018597 -0.260440
vn 0.690011 -0.021148 -0.723489
vn 0.233690 -0.019160 -0.972122
vn 0.027133 -0.017463 -0.999479
vn -0.028027 -0.017308 -0.999457
vn -0.061214 -0.017328 -0.997974
vn -0.051296 -0.017237 -0.998535
vn -0.286926 -0.019560 -0.957753
vn -0.822841 -0.021263 -0.567874
vn -0.992708 -0.017756 -0.119228
vn -0.999525 -0.017293 -0.025502
vn -0.999756 -0.017177 -0.013891
vn -0.999456 -0.017188 -0.028160
vn -0.994597 -0.018140 0.102213
vn -0.798174 -0.021767 0.602034
vn -0.561521 -0.021474 0.827183
vn -0.603712 -0.021675 0.796908
vn -0.601057 -0.021662 0.798913
vn -0.504188 -0.021171 0.863335
vn -0.230598 -0.019196 0.972860
vn -0.029438 -0.017485 0.999414
vn 0.048712 -0.016925 0.998669
vn 0.043860 -0.016854 0.998896
vn 0.043295 -0.017040 0.998917
vn 0.232636 -0.018749 0.972383
vn 0.663934 -0.021316 0.747487
vn 0.966483 -0.019501 0.255988
vn 0.999406 -0.016790 -0.030105
vn 0.998677 -0.016568 -0.048679
vn 0.998481 -0.016611 -0.052538
vn 0.998686 -0.016537 -0.048496
vn 0.982232 -0.017941 -0.186810
vn 0.681960 -0.021127 -0.731084
vn 0.147437 -0.018018 -0.988907
vn 0.026615 -0.017246 -0.999497
vn -0.030007 -0.017283 -0.999400
vn -0.060568 -0.017152 -0.998017
vn -0.245718 -0.019157 -0.969152
vn -0.778114 -0.021434 -0.627757
vn -0.887844 -0.020581 -0.459684
vn -0.697898 -0.021473 -0.715875
vn -0.626522 -0.021309 -0.779112
vn -0.817784 -0.021283 -0.575131
vn -0.981068 -0.018731 -0.192755
vn -0.998901 -0.017429 -0.043505
vn -0.999800 -0.017293 -0.010092
vn -0.999691 -0.017196 -0.017928
vn -0.999752 -0.017332 -0.013992
vn -0.951923 -0.020302 0.305663
vn -0.602548 -0.021701 0.797788
vn -0.213710 -0.019037 0.976712
vn -0.020649 -0.017520 0.999633
vn 0.055118 -0.016876 0.998337
vn 0.033575 -0.016877 0.999294
vn 0.045831 -0.017017 0.998804
vn 0.265716 -0.019030 0.963863
vn 0.793507 -0.021244 0.608191
vn 0.996779 -0.017534 0.078258
vn 0.998615 -0.016615 -0.049920
vn 0.998533 -0.016609 -0.051547
vn 0.998240 -0.016627 -0.056926
vn 0.988640 -0.017211 -0.149315
vn 0.789173 -0.020885 -0.613816
vn 0.570611 -0.020940 -0.820954
vn 0.655815 -0.021132 -0.754626
vn 0.593942 -0.021027 -0.804233
vn 0.452810 -0.020392 -0.891374
vn 0.217576 -0.018977 -0.975859
vn 0.015598 -0.017481 -0.999726
vn -0.044630 -0.017107 -0.998857
vn -0.041886 -0.017077 -0.998976
vn -0.043287 -0.017122 -0.998916
vn -0.350026 -0.020029 -0.936526
vn -0.834543 -0.021206 -0.550534
vn -0.988986 -0.018342 -0.146869
vn -0.999662 -0.017243 -0.019476
vn -0.999446 -0.017076 -0.028579
vn -0.999736 -0.017259 -0.015202
vn -0.999660 -0.017405 0.019434
vn -0.949198 -0.020358 0.314019
vn -0.542372 -0.021470 0.839864
vn -0.063965 -0.017833 0.997793
vn 0.082799 -0.016728 0.996426
vn 0.044008 -0.016727 0.998891
vn 0.010001 -0.016786 0.999809
vn 0.134592 -0.017605 0.990745
vn 0.692677 -0.021379 0.720931
vn 0.873606 -0.020665 0.486195
vn 0.683486 -0.021307 0.729653
vn 0.622650 -0.021134 0.782215
vn 0.789130 -0.021302 0.613857
vn 0.987341 -0.018889 0.157483
vn 0.996881 -0.016363 -0.077198
vn 0.998757 -0.016637 -0.046976
vn 0.998357 -0.016604 -0.054845
vn 0.998206 -0.016629 -0.057520
vn 0.965311 -0.018597 -0.260440
vn 0.690011 -0.021148 -0.723490
vn 0.233690 -0.019160 -0.972122
vn 0.027133 -0.017463 -0.999479
vn -0.028027 -0.017308 -0.999457
vn -0.061214 -0.017328 -0.997974
vn -0.051296 -0.017236 -0.998535
vn -0.286926 -0.019559 -0.957753
vn -0.822841 -0.021262 -0.567874
vn -0.992708 -0.017756 -0.119228
vn -0.999525 -0.017293 -0.025502
vn -0.999756 -0.017177 -0.013891
vn -0.999456 -0.017189 -0.028160
vn -0.994597 -0.018141 0.102213
vn -0.798172 -0.021767 0.602036
vn -0.561516 -0.021474 0.827187
vn -0.603713 -0.021675 0.796907
vn -0.601057 -0.021662 0.798913
vn -0.504187 -0.021171 0.863335
vn -0.230598 -0.019196 0.972860
vn -0.029438 -0.017485 0.999414
vn 0.048712 -0.016925 0.998669
vn 0.043860 -0.016855 0.998895
vn 0.043295 -0.017040 0.998917
vn 0.232636 -0.018749 0.972383
vn 0.663934 -0.021316 0.747487
vn 0.966483 -0.019502 0.255989
vn 0.999406 -0.016790 -0.030105
vn 0.998677 -0.016568 -0.048679
vn 0.998481 -0.016611 -0.052538
vn 0.998686 -0.016537 -0.048496
vn 0.982232 -0.017940 -0.186810
vn 0.681960 -0.021127 -0.731084
vn 0.147437 -0.018018 -0.988907
vn 0.026615 -0.017246 -0.999497
vn -0.030008 -0.017283 -0.999400
vn -0.060568 -0.017153 -0.998017
vn -0.245718 -0.019157 -0.969152
vn -0.778115 -0.021434 -0.627756
vn -0.887843 -0.020581 -0.459685
vn -0.697896 -0.021472 -0.715877
vn -0.626525 -0.021309 -0.779110
vn -0.817786 -0.021283 -0.575129
vn -0.981068 -0.018731 -0.192755
vn -0.998901 -0.017429 -0.043505
vn -0.999800 -0.017293 -0.010091
vn -0.999691 -0.017196 -0.017928
vn -0.999752 -0.017332 -0.013992
vn -0.951923 -0.020301 0.305663
vn -0.602548 -0.021701 0.797788
vn -0.213710 -0.019037 0.976712
vn -0.020649 -0.017520 0.999633
vn 0.055118 -0.016876 0.998337
vn 0.033575 -0.016876 0.999294
vn 0.045831 -0.017017 0.998804
vn 0.265716 -0.019030 0.963863
vn 0.793507 -0.021244 0.608191
vn 0.996779 -0.017534 0.078258
vn 0.998615 -0.016615 -0.049920
vn 0.998533 -0.016609 -0.051547
vn 0.998240 -0.016626 -0.056926
vn 0.988640 -0.017210 -0.149316
vn 0.789172 -0.020884 -0.613816
vn 0.570607 -0.020940 -0.820956
vn 0.655816 -0.021132 -0.754625
vn 0.593942 -0.021027 -0.804233
vn 0.452808 -0.020392 -0.891375
vn 0.217576 -0.018977 -0.975859
vn 0.015598 -0.017481 -0.999726
vn -0.044630 -0.017107 -0.998857
vn -0.041886 -0.017077 -0.998976
vn -0.043287 -0.017122 -0.998916
vn -0.350026 -0.020029 -0.936526
vn -0.834543 -0.021206 -0.550534
vn -0.988986 -0.018342 -0.146869
vn -0.999662 -0.017243 -0.019476
vn -0.999446 -0.017076 -0.028579
vn -0.999735 -0.017259 -0.015202
vn -0.999660 -0.017405 0.019434
vn -0.949198 -0.020358 0.314019
vn -0.542372 -0.021470 0.839864
vn -0.063965 -0.017833 0.997793
vn 0.082799 -0.016727 0.996426
vn 0.044008 -0.016727 0.998891
vn 0.010001 -0.016786 0.999809
vn 0.134592 -0.017605 0.990745
vn 0.692676 -0.021379 0.720932
vn 0.873606 -0.020665 0.486195
vn 0.683484 -0.021307 0.729655
vn 0.622652 -0.021135 0.782214
vn 0.789130 -0.021302 0.613857
vn 0.987341 -0.018889 0.157483
vn 0.996881 -0.016363 -0.077198
vn 0.998757 -0.016637 -0.046976
vn 0.998357 -0.016604 -0.054845
vn 0.998206 -0.016629 -0.057520
vn 0.965311 -0.018596 -0.260440
vn 0.690011 -0.021148 -0.723490
vn 0.233690 -0.019160 -0.972122
vn 0.027133 -0.017463 -0.999479
vn -0.028027 -0.017308 -0.999457
vn -0.061214 -0.017328 -0.997974
vn -0.051296 -0.017237 -0.998535
vn -0.286926 -0.019559 -0.957753
vn -0.822841 -0.021263 -0.567874
vn -0.992708 -0.017756 -0.119228
vn -0.999525 -0.017293 -0.025502
vn -0.999756 -0.017178 -0.013891
vn -0.999456 -0.017189 -0.028160
vn -0.994597 -0.018141 0.102213
vn -0.798175 -0.021767 0.602033
vn -0.561516 -0.021474 0.827187
vn -0.603713 -0.021675 0.796907
vn -0.601055 -0.021662 0.798914
vn -0.504188 -0.021171 0.863334
vn -0.230598 -0.019196 0.972860
vn -0.029438 -0.017485 0.999414
vn 0.048712 -0.016925 0.998669
vn 0.043860 -0.016855 0.998896
vn 0.043295 -0.017040 0.998917
vn 0.232636 -0.018749 0.972383
vn 0.663934 -0.021316 0.747488
vn 0.966483 -0.019501 0.255988
vn 0.999406 -0.016790 -0.030105
vn 0.998677 -0.016567 -0.048679
vn 0.998481 -0.016611 -0.052538
vn 0.998686 -0.016537 -0.048496
vn 0.982232 -0.017940 -0.186810
vn 0.681960 -0.021127 -0.731084
vn 0.147437 -0.018018 -0.988907
vn 0.026615 -0.017246 -0.999497
vn -0.030007 -0.017283 -0.999400
vn -0.060568 -0.017153 -0.998017
vn -0.245718 -0.019157 -0.969152
vn -0.778114 -0.021434 -0.627757
vn -0.887843 -0.020581 -0.459686
vn -0.697894 -0.021472 -0.715879
vn -0.626525 -0.021309 -0.779110
vn -0.817788 -0.021284 -0.575126
vn -0.981068 -0.018731 -0.192755
vn -0.998901 -0.017429 -0.043505
vn -0.999800 -0.017292 -0.010091
vn -0.999691 -0.017195 -0.017928
vn -0.999752 -0.017333 -0.013992
vn -0.951923 -0.020302 0.305663
vn -0.602548 -0.021701 0.797788
vn -0.213710 -0.019037 0.976712
vn -0.020649 -0.017520 0.999633
vn 0.055118 -0.016876 0.998337
vn 0.033575 -0.016877 0.999294
vn 0.045831 -0.017017 0.998804
vn 0.265716 -0.019030 0.963863
vn 0.793507 -0.021244 0.608191
vn 0.996779 -0.017534 0.078258
vn 0.998615 -0.016615 -0.049920
vn 0.998532 -0.016608 -0.051547
vn 0.998240 -0.016626 -0.056926
vn 0.988640 -0.017210 -0.149316
vn 0.789176 -0.020884 -0.613812
vn 0.570606 -0.020940 -0.820957
vn 0.655813 -0.021132 -0.754628
vn 0.593944 -0.021027 -0.804231
vn 0.452811 -0.020392 -0.891373
vn 0.217576 -0.018977 -0.975859
vn 0.015598 -0.017480 -0.999726
vn -0.044630 -0.017107 -0.998857
vn -0.041886 -0.017077 -0.998976
vn -0.043287 -0.017122 -0.998916
vn -0.350026 -0.020028 -0.936526
vn -0.834543 -0.021206 -0.550534
vn -0.988986 -0.018343 -0.146869
vn -0.999662 -0.017243 -0.019476
vn -0.999446 -0.017076 -0.028579
vn -0.999735 -0.017259 -0.015202
vn -0.999660 -0.017405 0.019434
vn -0.949198 -0.020358 0.314019
vn -0.542372 -0.021470 0.839864
vn -0.063965 -0.017833 0.997793
vn 0.082799 -0.016728 0.996426
vn 0.044008 -0.016727 0.998891
vn 0.010001 -0.016785 0.999809
vn 0.134592 -0.017605 0.990745
vn 0.692674 -0.021379 0.720933
vn 0.873606 -0.020665 0.486194
vn 0.683485 -0.021307 0.729654
vn 0.622651 -0.021134 0.782214
vn 0.789131 -0.021302 0.613856
vn 0.987341 -0.018889 0.157483
vn 0.996881 -0.016363 -0.077198
vn 0.998757 -0.016637 -0.046976
vn 0.998357 -0.016604 -0.054845
vn 0.998206 -0.016630 -0.057520
vn 0.965311 -0.018597 -0.260440
vn 0.690011 -0.021148 -0.723489
vn 0.233690 -0.019160 -0.972122
vn 0.027133 -0.017463 -0.999479
vn -0.028027 -0.017308 -0.999457
vn -0.061214 -0.017328 -0.997974
vn -0.051296 -0.017237 -0.998535
vn -0.286926 -0.019559 -0.957753
vn -0.822841 -0.021263 -0.567874
vn -0.992708 -0.017756 -0.119228
vn -0.999525 -0.017293 -0.025502
vn -0.999756 -0.017177 -0.013891
vn -0.999456 -0.017189 -0.028160
vn -0.994597 -0.018141 0.102213
vn -0.798174 -0.021767 0.602034
vn -0.561517 -0.021474 0.827187
vn -0.603716 -0.021675 0.796905
vn -0.601058 -0.021662 0.798912
vn -0.504187 -0.021171 0.863335
vn -0.230598 -0.019196 0.972860
vn -0.029438 -0.017485 0.999414
vn 0.048712 -0.016925 0.998669
vn 0.043860 -0.016855 0.998896
vn 0.043295 -0.017040 0.998917
vn 0.232636 -0.018749 0.972383
vn 0.663934 -0.021316 0.747487
vn 0.966483 -0.019502 0.255988
vn 0.999406 -0.016790 -0.030105
vn 0.998677 -0.016568 -0.048679
vn 0.998481 -0.016611 -0.052538
vn 0.998686 -0.016537 -0.048496
vn 0.982232 -0.017940 -0.186810
vn 0.681960 -0.021127 -0.731084
vn 0.147437 -0.018018 -0.988907
vn 0.026615 -0.017246 -0.999497
vn -0.030007 -0.017283 -0.999400
vn -0.060569 -0.017152 -0.998017
vn -0.245718 -0.019156 -0.969152
vn -0.778114 -0.021434 -0.627758
vn -0.887843 -0.020581 -0.459687
vn -0.697894 -0.021472 -0.715879
vn -0.626522 -0.021308 -0.779112
vn -0.817786 -0.021283 -0.575129
vn -0.981068 -0.018731 -0.192755
vn -0.998901 -0.017428 -0.043505
vn -0.999800 -0.017293 -0.010091
vn -0.999691 -0.017196 -0.017928
vn -0.999752 -0.017332 -0.013992
vn -0.951923 -0.020302 0.305663
vn -0.602548 -0.021701 0.797788
vn -0.213710 -0.019037 0.976712
vn -0.020649 -0.017520 0.999633
vn 0.055118 -0.016876 0.998337
vn 0.033575 -0.016876 0.999294
vn 0.045831 -0.017017 0.998804
vn 0.265716 -0.019030 0.963863
vn 0.793507 -0.021244 0.608191
vn 0.996779 -0.017534 0.078258
vn 0.998615 -0.016615 -0.049920
vn 0.998533 -0.016609 -0.051547
vn 0.998240 -0.016626 -0.056926
vn 0.988640 -0.017211 -0.149316
vn 0.789178 -0.020884 -0.613809
vn 0.570607 -0.020940 -0.820956
vn 0.655810 -0.021132 -0.754630
vn 0.593943 -0.021027 -0.804232
vn 0.452813 -0.020391 -0.891372
vn 0.217576 -0.018977 -0.975859
vn 0.015598 -0.017481 -0.999726
vn -0.044630 -0.017107 -0.998857
vn -0.041886 -0.017077 -0.998976
vn -0.043287 -0.017122 -0.998916
vn -0.350026 -0.020029 -0.936526
vn -0.834543 -0.021206 -0.550534
vn -0.988986 -0.018342 -0.146869
vn -0.999662 -0.017243 -0.019476
vn -0.999446 -0.017076 -0.028579
vn -0.999735 -0.017259 -0.015202
vn -0.999660 -0.017405 0.019434
vn -0.949198 -0.020358 0.314019
vn -0.542372 -0.021470 0.839864
vn -0.063965 -0.017832 0.997793
vn 0.082799 -0.016727 0.996426
vn 0.044008 -0.016727 0.998891
vn 0.010001 -0.016786 0.999809
vn 0.134592 -0.017605 0.990745
vn 0.692675 -0.021378 0.720933
vn 0.873605 -0.020665 0.486196
vn 0.683488 -0.021307 0.729651
vn 0.622653 -0.021134 0.782212
vn 0.789131 -0.021301 0.613855
vn 0.987341 -0.018889 0.157483
vn 0.996881 -0.016363 -0.077198
vn 0.998757 -0.016637 -0.046976
vn 0.998357 -0.016604 -0.054845
vn 0.998206 -0.016630 -0.057520
vn 0.965311 -0.018597 -0.260440
vn 0.690011 -0.021148 -0.723489
vn 0.233690 -0.019160 -0.972122
vn 0.027133 -0.017463 -0.999479
vn -0.028027 -0.017308 -0.999457
vn -0.061214 -0.017328 -0.997974
vn -0.051296 -0.017237 -0.998535
vn -0.286926 -0.019559 -0.957753
vn -0.822841 -0.021263 -0.567874
vn -0.992708 -0.017756 -0.119228
vn -0.999525 -0.017293 -0.025502
vn -0.999756 -0.017177 -0.013891
vn -0.999456 -0.017188 -0.028160
vn -0.994597 -0.018140 0.102213
vn -0.798174 -0.021767 0.602034
vn -0.561519 -0.021474 0.827185
vn -0.603715 -0.021675 0.796906
vn -0.601060 -0.021662 0.798910
vn -0.504187 -0.021171 0.863335
vn -0.230598 -0.019196 0.972860
vn -0.029438 -0.017485 0.999414
vn 0.048712 -0.016924 0.998669
vn 0.043860 -0.016854 0.998896
vn 0.043295 -0.017040 0.998917
vn 0.232636 -0.018749 0.972383
vn 0.663934 -0.021316 0.747487
vn 0.966483 -0.019502 0.255988
vn 0.999406 -0.016790 -0.030105
vn 0.998677 -0.016568 -0.048679
vn 0.998481 -0.016611 -0.052538
vn 0.998686 -0.016537 -0.048496
vn 0.982232 -0.017940 -0.186810
vn 0.681960 -0.021127 -0.731084
vn 0.147437 -0.018018 -0.988907
vn 0.026615 -0.017246 -0.999497
vn -0.030007 -0.017283 -0.999400
vn -0.060568 -0.017152 -0.998017
vn -0.245718 -0.019157 -0.969152
vn -0.778117 -0.021434 -0.627754
vn -0.887843 -0.020581 -0.459685
vn -0.697896 -0.021473 -0.715877
vn -0.626525 -0.021309 -0.779110
vn -0.817786 -0.021283 -0.575128
vn -0.981068 -0.018731 -0.192755
vn -0.998901 -0.017429 -0.043505
vn -0.999800 -0.017292 -0.010092
vn -0.999691 -0.017196 -0.017928
vn -0.999752 -0.017333 -0.013992
vn -0.951923 -0.020302 0.305663
vn -0.602548 -0.021701 0.797788
vn -0.213710 -0.019037 0.976712
vn -0.020649 -0.017520 0.999633
vn 0.055118 -0.016876 0.998337
vn 0.033575 -0.016876 0.999294
vn 0.045831 -0.017017 0.998804
vn 0.265716 -0.019030 0.963863
vn 0.793507 -0.021244 0.608191
vn 0.996779 -0.017534 0.078258
vn 0.998615 -0.016615 -0.049920
vn 0.998533 -0.016609 -0.051547
vn 0.998240 -0.016627 -0.056926
vn 0.988640 -0.017211 -0.149316
vn 0.789176 -0.020885 -0.613812
vn 0.570605 -0.020940 -0.820957
vn 0.655808 -0.021132 -0.754632
vn 0.593942 -0.021027 -0.804233
vn 0.452811 -0.020392 -0.891373
vn 0.217576 -0.018977 -0.975859
vn 0.015598 -0.017481 -0.999726
vn -0.044630 -0.017107 -0.998857
vn -0.041886 -0.017077 -0.998976
vn -0.043287 -0.017122 -0.998916
vn -0.350026 -0.020029 -0.936526
vn -0.834543 -0.021206 -0.550534
vn -0.988986 -0.018342 -0.146869
vn -0.999662 -0.017243 -0.019476
vn -0.999446 -0.017076 -0.028579
vn -0.999735 -0.017259 -0.015202
vn -0.999660 -0.017405 0.019434
vn -0.949198 -0.020358 0.314019
vn -0.542372 -0.021470 0.839864
vn -0.063965 -0.017833 0.997793
vn 0.082799 -0.016727 0.996426
vn 0.044008 -0.016727 0.998891
vn 0.010001 -0.016786 0.999809
vn 0.134592 -0.017605 0.990745
vn 0.692677 -0.021379 0.720932
vn 0.873605 -0.020665 0.486196
vn 0.683485 -0.021307 0.729654
vn 0.622656 -0.021135 0.782210
vn 0.789133 -0.021302 0.613853
vn 0.987341 -0.018889 0.157483
vn 0.996881 -0.016363 -0.077198
vn 0.998757 -0.016637 -0.046976
vn 0.998357 -0.016603 -0.054845
vn 0.998206 -0.016629 -0.057520
vn 0.965311 -0.018597 -0.260440
vn 0.690011 -0.021148 -0.723490
vn 0.233690 -0.019160 -0.972122
vn 0.027133 -0.017463 -0.999479
vn -0.028027 -0.017308 -0.999457
vn -0.061214 -0.017328 -0.997974
vn -0.051296 -0.017237 -0.998535
vn -0.286926 -0.019559 -0.957753
vn -0.822841 -0.021263 -0.567874
vn -0.992708 -0.017756 -0.119228
vn -0.999525 -0.017293 -0.025502
vn -0.999756 -0.017177 -0.013891
vn -0.999456 -0.017189 -0.028160
vn -0.994597 -0.018141 0.102213
vn -0.798174 -0.021767 0.602034
vn -0.561517 -0.021475 0.827186
vn -0.603716 -0.021675 0.796905
vn -0.601058 -0.021662 0.798912
vn -0.504187 -0.021171 0.863335
vn -0.230598 -0.019196 0.972860
vn -0.029438 -0.017485 0.999414
vn 0.048712 -0.016925 0.998669
vn 0.043860 -0.016854 0.998896
vn 0.043295 -0.017040 0.998917
vn 0.232636 -0.018749 0.972383
vn 0.663934 -0.021316 0.747487
vn 0.966483 -0.019501 0.255989
vn 0.999406 -0.016791 -0.030105
vn 0.998677 -0.016568 -0.048679
vn 0.998481 -0.016611 -0.052538
vn 0.998686 -0.016537 -0.048496
vn 0.982232 -0.017940 -0.186810
vn 0.681960 -0.021127 -0.731084
vn 0.147437 -0.018018 -0.988907
vn 0.026615 -0.017246 -0.999497
vn -0.030007 -0.017284 -0.999400
vn -0.060568 -0.017153 -0.998017
vn -0.245718 -0.019157 -0.969152
vn -0.778010 -0.026712 -0.627684
vn -0.887742 -0.025840 -0.459615
vn -0.697805 -0.026830 -0.715785
vn -0.626447 -0.026632 -0.779009
vn -0.817680 -0.026526 -0.575061
vn -0.980973 -0.023323 -0.192740
vn -0.998816 -0.021778 -0.043502
vn -0.999716 -0.021608 -0.010091
vn -0.999608 -0.021489 -0.017926
vn -0.999667 -0.021678 -0.013992
vn -0.951815 -0.025543 0.305608
vn -0.602478 -0.027050 0.797677
vn -0.213692 -0.023723 0.976613
vn -0.020649 -0.021846 0.999548
vn 0.055114 -0.021097 0.998257
vn 0.033573 -0.021090 0.999214
vn 0.045826 -0.021284 0.998723
vn 0.265678 -0.023909 0.963765
vn 0.793400 -0.026460 0.608125
vn 0.996694 -0.021850 0.078254
vn 0.998538 -0.020766 -0.049916
vn 0.998455 -0.020758 -0.051542
vn 0.998162 -0.020782 -0.056922
vn 0.988557 -0.021552 -0.149300
vn 0.789093 -0.026229 -0.613714
vn 0.570532 -0.026200 -0.820858
vn 0.655729 -0.026411 -0.754534
vn 0.593872 -0.026268 -0.804131
vn 0.452761 -0.025440 -0.891269
vn 0.217558 -0.023636 -0.975761
vn 0.015598 -0.021821 -0.999640
vn -0.044626 -0.021379 -0.998775
vn -0.041883 -0.021343 -0.998895
vn -0.043283 -0.021405 -0.998833
vn -0.349967 -0.025201 -0.936423
vn -0.834434 -0.026418 -0.550474
vn -0.988894 -0.022853 -0.146858
vn -0.999578 -0.021542 -0.019475
vn -0.999364 -0.021339 -0.028575
vn -0.999651 -0.021590 -0.015202
vn -0.999575 -0.021749 0.019432
vn -0.949090 -0.025624 0.313961
vn -0.542311 -0.026703 0.839753
vn -0.063963 -0.022213 0.997705
vn 0.082792 -0.020904 0.996347
vn 0.044006 -0.020908 0.998812
vn 0.010000 -0.020985 0.999730
vn 0.134576 -0.022059 0.990658
vn 0.692569 -0.026759 0.720855
vn 0.873506 -0.025928 0.486122
vn 0.683400 -0.026620 0.729559
vn 0.622574 -0.026416 0.782115
vn 0.789028 -0.026588 0.613782
vn 0.987246 -0.023423 0.157471
vn 0.996806 -0.020478 -0.077193
vn 0.998680 -0.020792 -0.046972
vn 0.998279 -0.020753 -0.054841
vn 0.998128 -0.020787 -0.057516
vn 0.965217 -0.023375 -0.260403
vn 0.689935 -0.026443 -0.723388
vn 0.233671 -0.023844 -0.972023
vn 0.027132 -0.021813 -0.999394
vn -0.028024 -0.021634 -0.999373
vn -0.061208 -0.021659 -0.997890
vn -0.051292 -0.021535 -0.998451
vn -0.286879 -0.024601 -0.957651
vn -0.822733 -0.026452 -0.567812
vn -0.992621 -0.022164 -0.119219
vn -0.999441 -0.021606 -0.025501
vn -0.999673 -0.021469 -0.013889
vn -0.999373 -0.021486 -0.028158
vn -0.994504 -0.022739 0.102198
vn -0.798080 -0.027305 0.601933
vn -0.561439 -0.026872 0.827081
vn -0.603634 -0.027080 0.796802
vn -0.600975 -0.027082 0.798809
vn -0.504129 -0.026390 0.863225
vn -0.230578 -0.023899 0.972760
vn -0.029437 -0.021818 0.999328
vn 0.048708 -0.021147 0.998589
vn 0.043857 -0.021068 0.998816
vn 0.043291 -0.021312 0.998835
vn 0.232605 -0.023541 0.972286
vn 0.663836 -0.026681 0.747402
vn 0.966382 -0.024217 0.255966
vn 0.999327 -0.020967 -0.030102
vn 0.998600 -0.020709 -0.048676
vn 0.998403 -0.020765 -0.052533
vn 0.998610 -0.020660 -0.048493
vn 0.982142 -0.022533 -0.186785
vn 0.681888 -0.026381 -0.730981
vn 0.147427 -0.022466 -0.988818
vn 0.026613 -0.021556 -0.999413
vn -0.030003 -0.021601 -0.999316
vn -0.060564 -0.021430 -0.997934
vn -0.245680 -0.024084 -0.969052
vn -0.778027 -0.026864 -0.627657
vn -0.887741 -0.025606 -0.459631
vn -0.697801 -0.026842 -0.715788
vn -0.626444 -0.026631 -0.779011
vn -0.817693 -0.026674 -0.575037
vn -0.980971 -0.023499 -0.192729
vn -0.998816 -0.021790 -0.043501
vn -0.999715 -0.021619 -0.010090
vn -0.999608 -0.021495 -0.017928
vn -0.999668 -0.021649 -0.013990
vn -0.951816 -0.025203 0.305633
vn -0.602452 -0.027194 0.797692
vn -0.213683 -0.023863 0.976611
vn -0.020644 -0.021950 0.999546
vn 0.055113 -0.021089 0.998257
vn 0.033572 -0.021097 0.999214
vn 0.045828 -0.021254 0.998723
vn 0.265694 -0.023661 0.963767
vn 0.793419 -0.026641 0.608093
vn 0.996692 -0.021980 0.078246
vn 0.998538 -0.020767 -0.049916
vn 0.998455 -0.020759 -0.051543
vn 0.998162 -0.020780 -0.056922
vn 0.988558 -0.021469 -0.149305
vn 0.789075 -0.025974 -0.613747
vn 0.570540 -0.026142 -0.820853
vn 0.655731 -0.026412 -0.754533
vn 0.593867 -0.026292 -0.804134
vn 0.452749 -0.025532 -0.891272
vn 0.217547 -0.023800 -0.975760
vn 0.015594 -0.021876 -0.999639
vn -0.044627 -0.021383 -0.998775
vn -0.041882 -0.021344 -0.998895
vn -0.043284 -0.021396 -0.998834
vn -0.349993 -0.024863 -0.936422
vn -0.834446 -0.026589 -0.550448
vn -0.988891 -0.022998 -0.146850
vn -0.999578 -0.021562 -0.019474
vn -0.999364 -0.021347 -0.028577
vn -0.999652 -0.021553 -0.015199
vn -0.999574 -0.021759 0.019432
vn -0.949091 -0.025264 0.313988
vn -0.542280 -0.026963 0.839765
vn -0.063954 -0.022363 0.997702
vn 0.082793 -0.020911 0.996347
vn 0.044003 -0.020905 0.998813
vn 0.010001 -0.020976 0.999730
vn 0.134584 -0.021949 0.990659
vn 0.692599 -0.026679 0.720829
vn 0.873501 -0.025728 0.486143
vn 0.683397 -0.026639 0.729561
vn 0.622573 -0.026412 0.782116
vn 0.789037 -0.026658 0.613767
vn 0.987240 -0.023795 0.157450
vn 0.996807 -0.020425 -0.077191
vn 0.998680 -0.020797 -0.046972
vn 0.998279 -0.020753 -0.054841
vn 0.998128 -0.020783 -0.057516
vn 0.965219 -0.023110 -0.260419
vn 0.689915 -0.026418 -0.723409
vn 0.233656 -0.024050 -0.972022
vn 0.027130 -0.021841 -0.999393
vn -0.028026 -0.021632 -0.999373
vn -0.061209 -0.021657 -0.997890
vn -0.051291 -0.021553 -0.998451
vn -0.286900 -0.024291 -0.957652
vn -0.822748 -0.026697 -0.567779
vn -0.992620 -0.022220 -0.119215
vn -0.999441 -0.021623 -0.025499
vn -0.999673 -0.021470 -0.013891
vn -0.999373 -0.021482 -0.028158
vn -0.994506 -0.022607 0.102207
vn -0.798061 -0.027104 0.601967
vn -0.561448 -0.026805 0.827078
vn -0.603634 -0.027100 0.796801
vn -0.600979 -0.027064 0.798806
vn -0.504114 -0.026530 0.863230
vn -0.230566 -0.024084 0.972759
vn -0.029433 -0.021891 0.999327
vn 0.048709 -0.021161 0.998589
vn 0.043856 -0.021064 0.998816
vn 0.043293 -0.021284 0.998836
vn 0.232617 -0.023325 0.972289
vn 0.663859 -0.026602 0.747384
vn 0.966380 -0.024531 0.255945
vn 0.999326 -0.021004 -0.030104
vn 0.998600 -0.020707 -0.048675
vn 0.998403 -0.020759 -0.052534
vn 0.998609 -0.020678 -0.048492
vn 0.982145 -0.022314 -0.186796
vn 0.681859 -0.026428 -0.731006
vn 0.147419 -0.022574 -0.988817
vn 0.026613 -0.021554 -0.999413
vn -0.030007 -0.021603 -0.999316
vn -0.060563 -0.021446 -0.997934
vn -0.245697 -0.023801 -0.969054
vn -0.778114 -0.021434 -0.627757
vn -0.887843 -0.020581 -0.459685
vn -0.697899 -0.021473 -0.715874
vn -0.626523 -0.021309 -0.779112
vn -0.817787 -0.021283 -0.575127
vn -0.981068 -0.018731 -0.192755
vn -0.998901 -0.017429 -0.043505
vn -0.999800 -0.017293 -0.010091
vn -0.999691 -0.017196 -0.017928
vn -0.999752 -0.017332 -0.013992
vn -0.951923 -0.020301 0.305663
vn -0.602548 -0.021701 0.797788
vn -0.213710 -0.019037 0.976712
vn -0.020649 -0.017520 0.999633
vn 0.055118 -0.016876 0.998337
vn 0.033575 -0.016877 0.999294
vn 0.045831 -0.017017 0.998804
vn 0.265716 -0.019031 0.963863
vn 0.793507 -0.021244 0.608191
vn 0.996779 -0.017534 0.078258
vn 0.998615 -0.016615 -0.049920
vn 0.998533 -0.016609 -0.051546
vn 0.998240 -0.016627 -0.056926
vn 0.988640 -0.017211 -0.149316
vn 0.789175 -0.020884 -0.613813
vn 0.570605 -0.020940 -0.820957
vn 0.655810 -0.021132 -0.754630
vn 0.593948 -0.021027 -0.804228
vn 0.452809 -0.020392 -0.891375
vn 0.217576 -0.018977 -0.975859
vn 0.015598 -0.017481 -0.999726
vn -0.044630 -0.017107 -0.998857
vn -0.041886 -0.017077 -0.998976
vn -0.043287 -0.017122 -0.998916
vn -0.350026 -0.020029 -0.936526
vn -0.834543 -0.021206 -0.550534
vn -0.988986 -0.018343 -0.146869
vn -0.999662 -0.017243 -0.019476
vn -0.999446 -0.017076 -0.028579
vn -0.999735 -0.017259 -0.015202
vn -0.999660 -0.017405 0.019434
vn -0.949198 -0.020358 0.314019
vn -0.542372 -0.021470 0.839864
vn -0.063965 -0.017833 0.997793
vn 0.082799 -0.016728 0.996426
vn 0.044008 -0.016727 0.998891
vn 0.010001 -0.016786 0.999809
vn 0.134592 -0.017605 0.990745
vn 0.692676 -0.021379 0.720932
vn 0.873605 -0.020665 0.486196
vn 0.683487 -0.021307 0.729652
vn 0.622652 -0.021134 0.782213
vn 0.789131 -0.021302 0.613855
vn 0.987341 -0.018889 0.157483
vn 0.996881 -0.016363 -0.077198
vn 0.998757 -0.016637 -0.046976
vn 0.998357 -0.016604 -0.054845
vn 0.998206 -0.016629 -0.057520
vn 0.965311 -0.018597 -0.260440
vn 0.690011 -0.021148 -0.723490
vn 0.233690 -0.019160 -0.972122
vn 0.027133 -0.017463 -0.999479
vn -0.028027 -0.017308 -0.999457
vn -0.061214 -0.017328 -0.997974
vn -0.051296 -0.017236 -0.998535
vn -0.286926 -0.019559 -0.957753
vn -0.822841 -0.021263 -0.567874
vn -0.992708 -0.017756 -0.119228
vn -0.999525 -0.017293 -0.025502
vn -0.999756 -0.017177 -0.013891
vn -0.999456 -0.017188 -0.028160
vn -0.994597 -0.018140 0.102213
vn -0.798176 -0.021767 0.602031
vn -0.561517 -0.021475 0.827187
vn -0.603714 -0.021676 0.796907
vn -0.601057 -0.021662 0.798912
vn -0.504187 -0.021171 0.863335
vn -0.230598 -0.019196 0.972860
vn -0.029438 -0.017485 0.999414
vn 0.048712 -0.016925 0.998669
vn 0.043860 -0.016854 0.998896
vn 0.043295 -0.017040 0.998917
vn 0.232636 -0.018748 0.972383
vn 0.663934 -0.021316 0.747487
vn 0.966483 -0.019502 0.255988
vn 0.999406 -0.016790 -0.030105
vn 0.998677 -0.016567 -0.048679
vn 0.998481 -0.016611 -0.052538
vn 0.998686 -0.016537 -0.048496
vn 0.982232 -0.017940 -0.186810
vn 0.681960 -0.021127 -0.731084
vn 0.147437 -0.018018 -0.988907
vn 0.026615 -0.017246 -0.999497
vn -0.030007 -0.017283 -0.999400
vn -0.060569 -0.017153 -0.998017
vn -0.245718 -0.019157 -0.969152
vn -0.778116 -0.021434 -0.627755
vn -0.887844 -0.020581 -0.459684
vn -0.697895 -0.021472 -0.715878
vn -0.626523 -0.021309 -0.779111
vn -0.817786 -0.021284 -0.575129
vn -0.981068 -0.018731 -0.192755
vn -0.998901 -0.017428 -0.043505
vn -0.999800 -0.017293 -0.010092
vn -0.999691 -0.017196 -0.017928
vn -0.999752 -0.017332 -0.013992
vn -0.951923 -0.020301 0.305663
vn -0.602548 -0.021701 0.797788
vn -0.213710 -0.019037 0.976712
vn -0.020649 -0.017520 0.999633
vn 0.055118 -0.016876 0.998337
vn 0.033575 -0.016877 0.999294
vn 0.045831 -0.017017 0.998804
vn 0.265716 -0.019030 0.963863
vn 0.793507 -0.021244 0.608190
vn 0.996779 -0.017534 0.078258
vn 0.998615 -0.016615 -0.049920
vn 0.998533 -0.016608 -0.051546
vn 0.998240 -0.016626 -0.056926
vn 0.988640 -0.017210 -0.149316
vn 0.789175 -0.020884 -0.613813
vn 0.570611 -0.020940 -0.820953
vn 0.655808 -0.021133 -0.754632
vn 0.593943 -0.021027 -0.804233
vn 0.452811 -0.020392 -0.891373
vn 0.217576 -0.018977 -0.975859
vn 0.015598 -0.017480 -0.999726
vn -0.044630 -0.017107 -0.998857
vn -0.041886 -0.017077 -0.998976
vn -0.043287 -0.017122 -0.998916
vn -0.350026 -0.020029 -0.936526
vn -0.834543 -0.021206 -0.550534
vn -0.988986 -0.018343 -0.146869
vn -0.999662 -0.017243 -0.019476
vn -0.999446 -0.017076 -0.028579
vn -0.999735 -0.017259 -0.015202
vn -0.999660 -0.017405 0.019434
vn -0.949198 -0.020358 0.314019
vn -0.542372 -0.021470 0.839864
vn -0.063965 -0.017832 0.997793
vn 0.082799 -0.016727 0.996426
vn 0.044008 -0.016727 0.998891
vn 0.010001 -0.016786 0.999809
vn 0.134592 -0.017605 0.990745
vn 0.692676 -0.021379 0.720932
vn 0.873606 -0.020665 0.486195
vn 0.683486 -0.021307 0.729653
vn 0.622653 -0.021135 0.782213
vn 0.789130 -0.021302 0.613857
vn 0.987341 -0.018889 0.157483
vn 0.996881 -0.016363 -0.077198
vn 0.998757 -0.016637 -0.046976
vn 0.998357 -0.016603 -0.054845
vn 0.998206 -0.016629 -0.057520
vn 0.965311 -0.018597 -0.260440
vn 0.690011 -0.021148 -0.723490
vn 0.233690 -0.019160 -0.972122
vn 0.027133 -0.017463 -0.999479
vn -0.028027 -0.017308 -0.999457
vn -0.061214 -0.017328 -0.997974
vn -0.051296 -0.017237 -0.998535
vn -0.286926 -0.019559 -0.957753
vn -0.822841 -0.021263 -0.567874
vn -0.992708 -0.017756 -0.119228
vn -0.999525 -0.017293 -0.025502
vn -0.999756 -0.017177 -0.013891
vn -0.999456 -0.017189 -0.028160
vn -0.994597 -0.018141 0.102213
vn -0.798177 -0.021767 0.602030
vn -0.561520 -0.021474 0.827184
vn -0.603712 -0.021676 0.796908
vn -0.601056 -0.021662 0.798914
vn -0.504187 -0.021171 0.863335
vn -0.230598 -0.019196 0.972860
vn -0.029438 -0.017485 0.999414
vn 0.048712 -0.016925 0.998669
vn 0.043860 -0.016855 0.998895
vn 0.043295 -0.017040 0.998917
vn 0.232636 -0.018749 0.972383
vn 0.663934 -0.021316 0.747487
vn 0.966483 -0.019502 0.255988
vn 0.999406 -0.016791 -0.030105
vn 0.998677 -0.016568 -0.048679
vn 0.998481 -0.016611 -0.052538
vn 0.998686 -0.016537 -0.048496
vn 0.982232 -0.017940 -0.186810
vn 0.681960 -0.021127 -0.731084
vn 0.147437 -0.018018 -0.988907
vn 0.026615 -0.017246 -0.999497
vn -0.030007 -0.017283 -0.999400
vn -0.060568 -0.017152 -0.998017
vn -0.245718 -0.019157 -0.969152
vn -0.778114 -0.021434 -0.627757
vn -0.887844 -0.020581 -0.459684
vn -0.697894 -0.021473 -0.715879
vn -0.626521 -0.021309 -0.779113
vn -0.817785 -0.021284 -0.575130
vn -0.981068 -0.018731 -0.192755
vn -0.998901 -0.017429 -0.043505
vn -0.999800 -0.017292 -0.010092
vn -0.999691 -0.017195 -0.017928
vn -0.999752 -0.017333 -0.013992
vn -0.951923 -0.020302 0.305663
vn -0.602548 -0.021702 0.797788
vn -0.213710 -0.019037 0.976712
vn -0.020649 -0.017520 0.999633
vn 0.055118 -0.016876 0.998337
vn 0.033575 -0.016876 0.999294
vn 0.045831 -0.017017 0.998804
vn 0.265716 -0.019030 0.963863
vn 0.793507 -0.021244 0.608190
vn 0.996779 -0.017534 0.078258
vn 0.998615 -0.016615 -0.049920
vn 0.998533 -0.016609 -0.051546
vn 0.998240 -0.016626 -0.056926
vn 0.988640 -0.017210 -0.149316
vn 0.789173 -0.020885 -0.613815
vn 0.570605 -0.020940 -0.820957
vn 0.655813 -0.021132 -0.754627
vn 0.593942 -0.021027 -0.804233
vn 0.452813 -0.020392 -0.891372
vn 0.217576 -0.018977 -0.975859
vn 0.015598 -0.017481 -0.999726
vn -0.044630 -0.017107 -0.998857
vn -0.041886 -0.017076 -0.998976
vn -0.043287 -0.017122 -0.998916
vn -0.350026 -0.020029 -0.936526
vn -0.834543 -0.021206 -0.550534
vn -0.988986 -0.018342 -0.146869
vn -0.999662 -0.017243 -0.019476
vn -0.999446 -0.017076 -0.028579
vn -0.999735 -0.017259 -0.015202
vn -0.999660 -0.017405 0.019434
vn -0.949199 -0.020358 0.314019
vn -0.542372 -0.021470 0.839864
vn -0.063965 -0.017833 0.997793
vn 0.082799 -0.016727 0.996426
vn 0.044008 -0.016727 0.998891
vn 0.010001 -0.016786 0.999809
vn 0.134592 -0.017605 0.990745
vn 0.692675 -0.021379 0.720933
vn 0.873605 -0.020665 0.486196
vn 0.683483 -0.021307 0.729655
vn 0.622652 -0.021134 0.782214
vn 0.789131 -0.021302 0.613856
vn 0.987341 -0.018889 0.157483
vn 0.996881 -0.016363 -0.077198
vn 0.998757 -0.016637 -0.046976
vn 0.998357 -0.016604 -0.054845
vn 0.998206 -0.016629 -0.057520
vn 0.965311 -0.018596 -0.260440
vn 0.690011 -0.021148 -0.723489
vn 0.233690 -0.019160 -0.972122
vn 0.027133 -0.017463 -0.999479
vn -0.028027 -0.017308 -0.999457
vn -0.061214 -0.017328 -0.997974
vn -0.051296 -0.017237 -0.998535
vn -0.286926 -0.019559 -0.957753
vn -0.822841 -0.021263 -0.567874
vn -0.992708 -0.017756 -0.119228
vn -0.999525 -0.017294 -0.025502
vn -0.999756 -0.017177 -0.013891
vn -0.999456 -0.017189 -0.028161
vn -0.994597 -0.018141 0.102213
vn -0.798175 -0.021767 0.602033
vn -0.561523 -0.021474 0.827182
vn -0.603712 -0.021675 0.796908
vn -0.601057 -0.021662 0.798913
vn -0.504187 -0.021171 0.863335
vn -0.230598 -0.019196 0.972860
vn -0.029438 -0.017485 0.999414
vn 0.048712 -0.016924 0.998669
vn 0.043860 -0.016854 0.998896
vn 0.043295 -0.017040 0.998917
vn 0.232636 -0.018749 0.972383
vn 0.663934 -0.021316 0.747488
vn 0.966483 -0.019502 0.255988
vn 0.999406 -0.016790 -0.030105
vn 0.998677 -0.016568 -0.048679
vn 0.998481 -0.016611 -0.052538
vn 0.998686 -0.016537 -0.048496
vn 0.982232 -0.017940 -0.186810
vn 0.681960 -0.021127 -0.731084
vn 0.147437 -0.018018 -0.988907
vn 0.026615 -0.017246 -0.999497
vn -0.030007 -0.017283 -0.999400
vn -0.060568 -0.017152 -0.998017
vn -0.245718 -0.019157 -0.969152
vn -0.778114 -0.021434 -0.627757
vn -0.887843 -0.020581 -0.459687
vn -0.697895 -0.021472 -0.715878
vn -0.626523 -0.021309 -0.779111
vn -0.817786 -0.021283 -0.575128
vn -0.981068 -0.018731 -0.192755
vn -0.998901 -0.017429 -0.043505
vn -0.999800 -0.017293 -0.010091
vn -0.999691 -0.017196 -0.017928
vn -0.999752 -0.017333 -0.013992
vn -0.951923 -0.020302 0.305663
vn -0.602548 -0.021702 0.797788
vn -0.213710 -0.019037 0.976712
vn -0.020649 -0.017520 0.999633
vn 0.055118 -0.016876 0.998337
vn 0.033575 -0.016876 0.999294
vn 0.045831 -0.017017 0.998804
vn 0.265716 -0.019031 0.963863
vn 0.793507 -0.021244 0.608191
vn 0.996779 -0.017534 0.078258
vn 0.998615 -0.016615 -0.049920
vn 0.998533 -0.016609 -0.051547
vn 0.998240 -0.016627 -0.056926
vn 0.988640 -0.017211 -0.149316
vn 0.789176 -0.020884 -0.613812
vn 0.570603 -0.020940 -0.820959
vn 0.655810 -0.021132 -0.754630
vn 0.593943 -0.021027 -0.804232
vn 0.452811 -0.020392 -0.891373
vn 0.217576 -0.018977 -0.975859
vn 0.015598 -0.017481 -0.999726
vn -0.044630 -0.017107 -0.998857
vn -0.041886 -0.017077 -0.998976
vn -0.043287 -0.017122 -0.998916
vn -0.350026 -0.020028 -0.936526
vn -0.834543 -0.021206 -0.550534
vn -0.988986 -0.018342 -0.146869
vn -0.999662 -0.017243 -0.019476
vn -0.999446 -0.017076 -0.028579
vn -0.999735 -0.017259 -0.015202
vn -0.999660 -0.017405 0.019434
vn -0.949198 -0.020358 0.314019
vn -0.542372 -0.021470 0.839864
vn -0.063965 -0.017833 0.997793
vn 0.082799 -0.016728 0.996426
vn 0.044008 -0.016727 0.998891
vn 0.010001 -0.016786 0.999809
vn 0.134592 -0.017605 0.990745
vn 0.692675 -0.021379 0.720933
vn 0.873605 -0.020665 0.486197
vn 0.683486 -0.021307 0.729652
vn 0.622650 -0.021134 0.782215
vn 0.789131 -0.021302 0.613855
vn 0.987341 -0.018889 0.157483
vn 0.996881 -0.016363 -0.077198
vn 0.998757 -0.016637 -0.046976
vn 0.998357 -0.016604 -0.054845
vn 0.998206 -0.016630 -0.057520
vn 0.965311 -0.018597 -0.260440
vn 0.690012 -0.021147 -0.723489
vn 0.233690 -0.019160 -0.972122
vn 0.027133 -0.017463 -0.999479
vn -0.028027 -0.017308 -0.999457
vn -0.061214 -0.017328 -0.997974
vn -0.051296 -0.017237 -0.998535
vn -0.286926 -0.019559 -0.957753
vn -0.822841 -0.021263 -0.567874
vn -0.992708 -0.017756 -0.119228
vn -0.999525 -0.017293 -0.025502
vn -0.999756 -0.017178 -0.013891
vn -0.999456 -0.017189 -0.028160
vn -0.994597 -0.018140 0.102213
vn -0.798173 -0.021767 0.602035
vn -0.561519 -0.021474 0.827185
vn -0.603712 -0.021675 0.796908
vn -0.601055 -0.021662 0.798914
vn -0.504188 -0.021171 0.863334
vn -0.230598 -0.019196 0.972860
vn -0.029438 -0.017485 0.999414
vn 0.048712 -0.016925 0.998669
vn 0.043860 -0.016854 0.998896
vn 0.043295 -0.017040 0.998917
vn 0.232636 -0.018749 0.972383
vn 0.663934 -0.021316 0.747488
vn 0.966483 -0.019502 0.255988
vn 0.999406 -0.016790 -0.030105
vn 0.998677 -0.016568 -0.048679
vn 0.998481 -0.016611 -0.052538
vn 0.998686 -0.016537 -0.048496
vn 0.982232 -0.017941 -0.186810
vn 0.681960 -0.021127 -0.731084
vn 0.147437 -0.018018 -0.988907
vn 0.026615 -0.017246 -0.999497
vn -0.030007 -0.017284 -0.999400
vn -0.060569 -0.017153 -0.998017
vn -0.245718 -0.019156 -0.969152
vn -0.774808 -0.089415 -0.625842
vn -0.884836 -0.088265 -0.457465
vn -0.695340 -0.090401 -0.712973
vn -0.624134 -0.089791 -0.776141
vn -0.814505 -0.088778 -0.573324
vn -0.978226 -0.077960 -0.192346
vn -0.996345 -0.073569 -0.043409
vn -0.997280 -0.073008 -0.010095
vn -0.997199 -0.072637 -0.017844
vn -0.997202 -0.073425 -0.014005
vn -0.948697 -0.087775 0.303760
vn -0.600606 -0.090549 0.794401
vn -0.213202 -0.079460 0.973772
vn -0.020690 -0.073364 0.997091
vn 0.054998 -0.071383 0.995932
vn 0.033509 -0.071292 0.996892
vn 0.045684 -0.072118 0.996349
vn 0.264419 -0.081904 0.960924
vn 0.790233 -0.088452 0.606389
vn 0.994243 -0.073263 0.078189
vn 0.996286 -0.070238 -0.049801
vn 0.996205 -0.070218 -0.051426
vn 0.995907 -0.070312 -0.056787
vn 0.986149 -0.073269 -0.148800
vn 0.786823 -0.089700 -0.610626
vn 0.568271 -0.088638 -0.818053
vn 0.653371 -0.089051 -0.751782
vn 0.591848 -0.088475 -0.801179
vn 0.451390 -0.085408 -0.888230
vn 0.217099 -0.079060 -0.972943
vn 0.015623 -0.073518 -0.997171
vn -0.044511 -0.072277 -0.996391
vn -0.041796 -0.072168 -0.996516
vn -0.043164 -0.072422 -0.996440
vn -0.347997 -0.086639 -0.933484
vn -0.831225 -0.088317 -0.548876
vn -0.986234 -0.076533 -0.146580
vn -0.997161 -0.072741 -0.019452
vn -0.996989 -0.072123 -0.028471
vn -0.997203 -0.073174 -0.015224
vn -0.997108 -0.073483 0.019394
vn -0.945979 -0.088140 0.312018
vn -0.540692 -0.088860 0.836514
vn -0.063937 -0.074379 0.995178
vn 0.082593 -0.070671 0.994074
vn 0.043964 -0.070737 0.996526
vn 0.009960 -0.071017 0.997425
vn 0.134043 -0.075085 0.988127
vn 0.689246 -0.090689 0.718830
vn 0.870641 -0.088400 0.483910
vn 0.681018 -0.089663 0.726757
vn 0.620300 -0.089096 0.779288
vn 0.785906 -0.089336 0.611858
vn 0.984536 -0.077377 0.157169
vn 0.994598 -0.069529 -0.077074
vn 0.996425 -0.070303 -0.046855
vn 0.996031 -0.070198 -0.054718
vn 0.995872 -0.070333 -0.057381
vn 0.962489 -0.080206 -0.259193
vn 0.687891 -0.089323 -0.720297
vn 0.233173 -0.079566 -0.969175
vn 0.027098 -0.073611 -0.996919
vn -0.027916 -0.073156 -0.996930
vn -0.061053 -0.073243 -0.995444
vn -0.051186 -0.072730 -0.996037
vn -0.285318 -0.084502 -0.954700
vn -0.819566 -0.088112 -0.566169
vn -0.990084 -0.074656 -0.118993
vn -0.997008 -0.072976 -0.025479
vn -0.997266 -0.072584 -0.013830
vn -0.996960 -0.072672 -0.028098
vn -0.991796 -0.077457 0.101691
vn -0.795542 -0.093024 0.598715
vn -0.559151 -0.090894 0.824068
vn -0.601402 -0.091180 0.793727
vn -0.598618 -0.091369 0.795807
vn -0.502531 -0.088342 0.860034
vn -0.230057 -0.079843 0.969896
vn -0.029433 -0.073413 0.996867
vn 0.048571 -0.071445 0.996261
vn 0.043786 -0.071266 0.996496
vn 0.043156 -0.072201 0.996456
vn 0.231559 -0.080527 0.969482
vn 0.660843 -0.090357 0.745065
vn 0.963497 -0.080299 0.255393
vn 0.997043 -0.070740 -0.030003
vn 0.996360 -0.070055 -0.048576
vn 0.996151 -0.070265 -0.052400
vn 0.996386 -0.069800 -0.048404
vn 0.979521 -0.077176 -0.185966
vn 0.679973 -0.088823 -0.727838
vn 0.147185 -0.075422 -0.986229
vn 0.026542 -0.072899 -0.996986
vn -0.029849 -0.073029 -0.996883
vn -0.060458 -0.072390 -0.995542
vn -0.244399 -0.082644 -0.966147
vn -0.766519 -0.173915 -0.618225
vn -0.875728 -0.167696 -0.452745
vn -0.687415 -0.174413 -0.705011
vn -0.617202 -0.173137 -0.767519
vn -0.805726 -0.172732 -0.566541
vn -0.969785 -0.152461 -0.190455
vn -0.988885 -0.142303 -0.043075
vn -0.989928 -0.141215 -0.010003
vn -0.989929 -0.140448 -0.017737
vn -0.989828 -0.141591 -0.013880
vn -0.939267 -0.165610 0.300584
vn -0.593211 -0.176033 0.785565
vn -0.211133 -0.154948 0.965098
vn -0.020431 -0.142903 0.989526
vn 0.054605 -0.137903 0.988939
vn 0.033265 -0.137887 0.989889
vn 0.045373 -0.139067 0.989243
vn 0.262054 -0.155420 0.952456
vn 0.781948 -0.172376 0.599037
vn 0.986693 -0.142975 0.077431
vn 0.989501 -0.135801 -0.049463
vn 0.989426 -0.135749 -0.051076
vn 0.989116 -0.135897 -0.056403
vn 0.978967 -0.140688 -0.147752
vn 0.778520 -0.170124 -0.604123
vn 0.562262 -0.170309 -0.809232
vn 0.646220 -0.171745 -0.743574
vn 0.585374 -0.170886 -0.792550
vn 0.446646 -0.165768 -0.879220
vn 0.214931 -0.154435 -0.964341
vn 0.015453 -0.142660 -0.989651
vn -0.044195 -0.139739 -0.989202
vn -0.041488 -0.139501 -0.989352
vn -0.042861 -0.139880 -0.989240
vn -0.344466 -0.163450 -0.924460
vn -0.822366 -0.172088 -0.542309
vn -0.978056 -0.149409 -0.145204
vn -0.989849 -0.140807 -0.019293
vn -0.989820 -0.139487 -0.028288
vn -0.989893 -0.141014 -0.015087
vn -0.989663 -0.142118 0.019243
vn -0.936544 -0.166082 0.308712
vn -0.533861 -0.174037 0.827468
vn -0.063239 -0.145333 0.987360
vn 0.082029 -0.136694 0.987211
vn 0.043628 -0.136704 0.989651
vn 0.009900 -0.137185 0.990496
vn 0.133061 -0.143881 0.980609
vn 0.681798 -0.173807 0.710593
vn 0.861580 -0.168320 0.478904
vn 0.673368 -0.173098 0.718758
vn 0.613529 -0.171770 0.770764
vn 0.777367 -0.172987 0.604794
vn 0.975910 -0.153415 0.155122
vn 0.988041 -0.133852 -0.076547
vn 0.989619 -0.135971 -0.046542
vn 0.989257 -0.135710 -0.054345
vn 0.989079 -0.135924 -0.056992
vn 0.954396 -0.151990 -0.256958
vn 0.680140 -0.171906 -0.712641
vn 0.230738 -0.155830 -0.960457
vn 0.026871 -0.142555 -0.989422
vn -0.027732 -0.141357 -0.989570
vn -0.060604 -0.141520 -0.988079
vn -0.050800 -0.140759 -0.988740
vn -0.282566 -0.159696 -0.945861
vn -0.810939 -0.172428 -0.559148
vn -0.982391 -0.144857 -0.118004
vn -0.989657 -0.141214 -0.025266
vn -0.990013 -0.140306 -0.013744
vn -0.989701 -0.140407 -0.027889
vn -0.983798 -0.148186 0.100905
vn -0.786347 -0.177013 0.591883
vn -0.552920 -0.174530 0.814750
vn -0.594452 -0.175998 0.784635
vn -0.591785 -0.175944 0.786660
vn -0.496762 -0.171858 0.850701
vn -0.227721 -0.156146 0.961125
vn -0.029148 -0.142668 0.989341
vn 0.048242 -0.138264 0.989220
vn 0.043463 -0.137726 0.989516
vn 0.042862 -0.139249 0.989329
vn 0.229565 -0.153139 0.961170
vn 0.653687 -0.173305 0.736654
vn 0.954571 -0.158377 0.252409
vn 0.990101 -0.137155 -0.029817
vn 0.989613 -0.135424 -0.048242
vn 0.989371 -0.135777 -0.052051
vn 0.989659 -0.135147 -0.048065
vn 0.971824 -0.146701 -0.184489
vn 0.672137 -0.171648 -0.720256
vn 0.145848 -0.146877 -0.978343
vn 0.026351 -0.140862 -0.989679
vn -0.029676 -0.141154 -0.989543
vn -0.059995 -0.140087 -0.988320
vn -0.242152 -0.156464 -0.957539
vn -0.776293 -0.086114 -0.624463
vn -0.885093 -0.078964 -0.458667
vn -0.695338 -0.084749 -0.713669
vn -0.624454 -0.084002 -0.776532
vn -0.815545 -0.085406 -0.572356
vn -0.978498 -0.075807 -0.191821
vn -0.996662 -0.069156 -0.043384
vn -0.997593 -0.068616 -0.010025
vn -0.997511 -0.068188 -0.017948
vn -0.997562 -0.068389 -0.013899
vn -0.949207 -0.076872 0.305117
vn -0.599494 -0.086992 0.795637
vn -0.212803 -0.076641 0.974085
vn -0.020392 -0.070415 0.997309
vn 0.054984 -0.066815 0.996249
vn 0.033482 -0.066961 0.997194
vn 0.045777 -0.067142 0.996693
vn 0.265300 -0.072833 0.961411
vn 0.791682 -0.085672 0.604897
vn 0.994461 -0.070715 0.077755
vn 0.996583 -0.065883 -0.049821
vn 0.996503 -0.065847 -0.051442
vn 0.996208 -0.065888 -0.056820
vn 0.986519 -0.067373 -0.149137
vn 0.786438 -0.080034 -0.612463
vn 0.569060 -0.082035 -0.818194
vn 0.653647 -0.083341 -0.752197
vn 0.591859 -0.083160 -0.801740
vn 0.451123 -0.081383 -0.888743
vn 0.216527 -0.076648 -0.973263
vn 0.015444 -0.069771 -0.997443
vn -0.044548 -0.067825 -0.996702
vn -0.041777 -0.067680 -0.996832
vn -0.043216 -0.067761 -0.996765
vn -0.349377 -0.075833 -0.933908
vn -0.832318 -0.085363 -0.547687
vn -0.986485 -0.074005 -0.146188
vn -0.997461 -0.068516 -0.019394
vn -0.997293 -0.067745 -0.028572
vn -0.997570 -0.068015 -0.015093
vn -0.997425 -0.069046 0.019376
vn -0.946489 -0.076897 0.313441
vn -0.539204 -0.087249 0.837644
vn -0.063438 -0.072076 0.995380
vn 0.082643 -0.066377 0.994366
vn 0.043831 -0.066272 0.996838
vn 0.010004 -0.066450 0.997740
vn 0.134470 -0.068650 0.988537
vn 0.691209 -0.083724 0.717789
vn 0.870825 -0.079623 0.485102
vn 0.681014 -0.084193 0.727414
vn 0.620647 -0.083294 0.779654
vn 0.786922 -0.084708 0.611211
vn 0.984647 -0.078334 0.155996
vn 0.994952 -0.064368 -0.076987
vn 0.996716 -0.066012 -0.046896
vn 0.996329 -0.065828 -0.054732
vn 0.996174 -0.065886 -0.057409
vn 0.962984 -0.070983 -0.260045
vn 0.687126 -0.083254 -0.721752
vn 0.232447 -0.077754 -0.969496
vn 0.027017 -0.069446 -0.997220
vn -0.028023 -0.068547 -0.997254
vn -0.061086 -0.068622 -0.995771
vn -0.051155 -0.068467 -0.996341
vn -0.286449 -0.074279 -0.955212
vn -0.820838 -0.086342 -0.564597
vn -0.990386 -0.070857 -0.118804
vn -0.997316 -0.068674 -0.025382
vn -0.997583 -0.068079 -0.013899
vn -0.997286 -0.068063 -0.028089
vn -0.992264 -0.070519 0.102174
vn -0.795075 -0.083962 0.600671
vn -0.559861 -0.084007 0.824317
vn -0.601540 -0.085607 0.794243
vn -0.599096 -0.085178 0.796134
vn -0.502016 -0.084849 0.860686
vn -0.229494 -0.077685 0.970205
vn -0.029234 -0.069978 0.997120
vn 0.048646 -0.067226 0.996551
vn 0.043724 -0.066774 0.996810
vn 0.043245 -0.067254 0.996798
vn 0.232293 -0.072049 0.969974
vn 0.662355 -0.083365 0.744537
vn 0.963809 -0.080143 0.254261
vn 0.997304 -0.066921 -0.030095
vn 0.996658 -0.065675 -0.048566
vn 0.996453 -0.065799 -0.052452
vn 0.996663 -0.065747 -0.048368
vn 0.980022 -0.068885 -0.186578
vn 0.678763 -0.083958 -0.729542
vn 0.146756 -0.072385 -0.986521
vn 0.026566 -0.068303 -0.997311
vn -0.030062 -0.068489 -0.997199
vn -0.060376 -0.068122 -0.995848
vn -0.245348 -0.072992 -0.966683
vn -0.771147 0.127221 -0.623816
vn -0.881573 0.125817 -0.454972
vn -0.692573 0.128579 -0.709796
vn -0.621530 0.127731 -0.772907
vn -0.810895 0.126259 -0.571409
vn -0.975107 0.111058 -0.191919
vn -0.993527 0.105020 -0.043306
vn -0.994502 0.104232 -0.010103
vn -0.994449 0.103714 -0.017746
vn -0.994389 0.104851 -0.014026
vn -0.945180 0.125229 0.301584
vn -0.598549 0.128753 0.790671
vn -0.212664 0.113190 0.970547
vn -0.020749 0.104657 0.994292
vn 0.054867 0.101959 0.993274
vn 0.033439 0.101818 0.994241
vn 0.045518 0.103013 0.993638
vn 0.262939 0.116933 0.957700
vn 0.786607 0.125867 0.604488
vn 0.991451 0.104497 0.078132
vn 0.993713 0.100340 -0.049670
vn 0.993633 0.100312 -0.051293
vn 0.993329 0.100446 -0.056631
vn 0.983400 0.104677 -0.148213
vn 0.784309 0.127935 -0.607036
vn 0.565692 0.126184 -0.814905
vn 0.650717 0.126699 -0.748675
vn 0.589577 0.125883 -0.797843
vn 0.449857 0.121553 -0.884790
vn 0.216601 0.112613 -0.969743
vn 0.015660 0.104915 -0.994358
vn -0.044377 0.103209 -0.993669
vn -0.041698 0.103058 -0.993801
vn -0.043027 0.103423 -0.993706
vn -0.345679 0.123648 -0.930171
vn -0.827572 0.125616 -0.547125
vn -0.983211 0.109078 -0.146281
vn -0.994403 0.103849 -0.019429
vn -0.994278 0.102989 -0.028348
vn -0.994407 0.104505 -0.015257
vn -0.994294 0.104901 0.019351
vn -0.942472 0.125758 0.309727
vn -0.538920 0.126317 0.832832
vn -0.063927 0.106051 0.992304
vn 0.082364 0.100945 0.991477
vn 0.043924 0.101048 0.993911
vn 0.009913 0.101445 0.994792
vn 0.133414 0.107255 0.985240
vn 0.685398 0.129258 0.716604
vn 0.867431 0.125981 0.481344
vn 0.678343 0.127544 0.723591
vn 0.617734 0.126767 0.776102
vn 0.782363 0.127082 0.609720
vn 0.981467 0.110083 0.156855
vn 0.992070 0.099384 -0.076944
vn 0.993847 0.100426 -0.046721
vn 0.993461 0.100283 -0.054578
vn 0.993292 0.100477 -0.057228
vn 0.959391 0.114569 -0.257765
vn 0.685635 0.127193 -0.716747
vn 0.232635 0.113292 -0.965943
vn 0.027063 0.105065 -0.994097
vn -0.027789 0.104451 -0.994142
vn -0.060875 0.104573 -0.992652
vn -0.051067 0.103835 -0.993283
vn -0.283477 0.120625 -0.951362
vn -0.815954 0.125316 -0.564371
vn -0.987195 0.106514 -0.118745
vn -0.994232 0.104182 -0.025459
vn -0.994519 0.103644 -0.013759
vn -0.994206 0.103771 -0.028029
vn -0.988711 0.110603 0.101086
vn -0.792736 0.132529 0.594984
vn -0.556550 0.129324 0.820687
vn -0.598896 0.129648 0.790263
vn -0.595963 0.129941 0.792429
vn -0.500755 0.125616 0.856426
vn -0.229489 0.113692 0.966648
vn -0.029437 0.104751 0.994063
vn 0.048411 0.102027 0.993603
vn 0.043708 0.101791 0.993845
vn 0.042998 0.103128 0.993738
vn 0.230329 0.114977 0.966296
vn 0.657400 0.128667 0.742475
vn 0.960229 0.114238 0.254776
vn 0.994436 0.101016 -0.029885
vn 0.993798 0.100084 -0.048464
vn 0.993576 0.100383 -0.052245
vn 0.993844 0.099708 -0.048304
vn 0.976532 0.110277 -0.184997
vn 0.677871 0.126518 -0.724213
vn 0.146927 0.107552 -0.983283
vn 0.026461 0.104090 -0.994216
vn -0.029664 0.104272 -0.994106
vn -0.060341 0.103358 -0.992812
vn -0.242888 0.117997 -0.962851
vn -0.756302 0.238502 -0.609199
vn -0.864686 0.229636 -0.446749
vn -0.677846 0.238982 -0.695279
vn -0.608771 0.237265 -0.757036
vn -0.794971 0.236923 -0.558470
vn -0.959457 0.209804 -0.188212
vn -0.979699 0.195879 -0.042670
vn -0.980871 0.194407 -0.009903
vn -0.980970 0.193361 -0.017587
vn -0.980735 0.194856 -0.013747
vn -0.927787 0.226668 0.296366
vn -0.584432 0.241315 0.774730
vn -0.208664 0.213102 0.954488
vn -0.020155 0.196822 0.980232
vn 0.054126 0.189899 0.980311
vn 0.032970 0.189900 0.981250
vn 0.044975 0.191439 0.980474
vn 0.258954 0.213152 0.942077
vn 0.771745 0.236486 0.590325
vn 0.977419 0.196953 0.076560
vn 0.981122 0.187065 -0.049045
vn 0.981055 0.186994 -0.050644
vn 0.980730 0.187190 -0.055926
vn 0.970106 0.193551 -0.146400
vn 0.768621 0.232845 -0.595822
vn 0.554844 0.233405 -0.798543
vn 0.637528 0.235409 -0.733581
vn 0.577540 0.234295 -0.782019
vn 0.440931 0.227547 -0.868218
vn 0.212360 0.212444 -0.953819
vn 0.015273 0.196422 -0.980401
vn -0.043802 0.192400 -0.980339
vn -0.041114 0.192073 -0.980519
vn -0.042479 0.192572 -0.980363
vn -0.339809 0.223777 -0.913484
vn -0.811512 0.236094 -0.534517
vn -0.968035 0.205655 -0.143574
vn -0.980841 0.193868 -0.019109
vn -0.980982 0.192065 -0.028047
vn -0.980875 0.194063 -0.014945
vn -0.980493 0.195626 0.019062
vn -0.925065 0.227264 0.304312
vn -0.525764 0.238801 0.816423
vn -0.062448 0.200165 0.977770
vn 0.081328 0.188283 0.978742
vn 0.043240 0.188280 0.981163
vn 0.009818 0.188924 0.981943
vn 0.131767 0.197824 0.971341
vn 0.672416 0.238029 0.700855
vn 0.850606 0.230526 0.472575
vn 0.664130 0.237239 0.708977
vn 0.605279 0.235434 0.760400
vn 0.766887 0.237161 0.596355
vn 0.965412 0.211332 0.152704
vn 0.979926 0.184342 -0.075919
vn 0.981218 0.187302 -0.046150
vn 0.980892 0.186941 -0.053886
vn 0.980691 0.187223 -0.056510
vn 0.944458 0.208508 -0.254015
vn 0.670911 0.235582 -0.703121
vn 0.227853 0.214372 -0.949804
vn 0.026607 0.196243 -0.980194
vn -0.027487 0.194578 -0.980502
vn -0.060049 0.194798 -0.979003
vn -0.050331 0.193800 -0.979749
vn -0.278921 0.218790 -0.935058
vn -0.800372 0.236638 -0.550825
vn -0.972931 0.199392 -0.116823
vn -0.980601 0.194413 -0.025020
vn -0.981072 0.193164 -0.013627
vn -0.980752 0.193290 -0.027635
vn -0.973950 0.203601 0.099838
vn -0.775404 0.242119 0.583204
vn -0.545263 0.239026 0.803464
vn -0.586040 0.241107 0.773579
vn -0.583460 0.240979 0.775567
vn -0.489858 0.235748 0.839322
vn -0.224942 0.214769 0.950408
vn -0.028828 0.196460 0.980088
vn 0.047827 0.190421 0.980537
vn 0.043077 0.189666 0.980903
vn 0.042485 0.191689 0.980536
vn 0.226958 0.210136 0.950964
vn 0.644748 0.237369 0.726606
vn 0.943700 0.217927 0.248876
vn 0.981541 0.188952 -0.029573
vn 0.981280 0.186551 -0.047833
vn 0.980999 0.187022 -0.051614
vn 0.981355 0.186205 -0.047655
vn 0.962339 0.201456 -0.182534
vn 0.662849 0.235335 -0.710809
vn 0.144273 0.202189 -0.968661
vn 0.026113 0.193909 -0.980672
vn -0.029426 0.194310 -0.980499
vn -0.059441 0.192889 -0.979418
vn -0.239170 0.214499 -0.946989
vn -0.756522 0.238307 -0.609003
vn -0.864715 0.229141 -0.446947
vn -0.677845 0.238673 -0.695386
vn -0.608820 0.236949 -0.757096
vn -0.795128 0.236726 -0.558331
vn -0.959502 0.209667 -0.188136
vn -0.979751 0.195623 -0.042666
vn -0.980922 0.194152 -0.009892
vn -0.981021 0.193103 -0.017604
vn -0.980793 0.194568 -0.013730
vn -0.927854 0.226090 0.296596
vn -0.584272 0.241108 0.774915
vn -0.208606 0.212931 0.954539
vn -0.020110 0.196643 0.980269
vn 0.054124 0.189635 0.980362
vn 0.032966 0.189648 0.981299
vn 0.044990 0.191153 0.980529
vn 0.259102 0.212660 0.942147
vn 0.771960 0.236317 0.590112
vn 0.977456 0.196796 0.076496
vn 0.981170 0.186812 -0.049048
vn 0.981103 0.186739 -0.050647
vn 0.980779 0.186933 -0.055932
vn 0.970164 0.193218 -0.146455
vn 0.768546 0.232328 -0.596122
vn 0.554968 0.233047 -0.798561
vn 0.637572 0.235097 -0.733643
vn 0.577544 0.234001 -0.782104
vn 0.440893 0.227316 -0.868298
vn 0.212277 0.212294 -0.953871
vn 0.015245 0.196201 -0.980445
vn -0.043807 0.192142 -0.980389
vn -0.041111 0.191813 -0.980570
vn -0.042487 0.192303 -0.980415
vn -0.340044 0.223201 -0.913538
vn -0.811675 0.235917 -0.534347
vn -0.968077 0.205499 -0.143517
vn -0.980890 0.193623 -0.019100
vn -0.981031 0.191810 -0.028062
vn -0.980934 0.193768 -0.014924
vn -0.980545 0.195369 0.019060
vn -0.925131 0.226668 0.304555
vn -0.525558 0.238691 0.816588
vn -0.062375 0.200020 0.977804
vn 0.081336 0.188033 0.978789
vn 0.043219 0.188021 0.981214
vn 0.009825 0.188659 0.981993
vn 0.131837 0.197463 0.971405
vn 0.672728 0.237648 0.700686
vn 0.850626 0.230057 0.472768
vn 0.664128 0.236939 0.709080
vn 0.605337 0.235117 0.760452
vn 0.767040 0.236901 0.596261
vn 0.965432 0.211355 0.152545
vn 0.979982 0.184045 -0.075905
vn 0.981265 0.187052 -0.046156
vn 0.980941 0.186686 -0.053888
vn 0.980740 0.186965 -0.056514
vn 0.944530 0.208007 -0.254159
vn 0.670792 0.235248 -0.703347
vn 0.227750 0.214253 -0.949856
vn 0.026595 0.196001 -0.980243
vn -0.027504 0.194313 -0.980554
vn -0.060054 0.194532 -0.979056
vn -0.050327 0.193552 -0.979798
vn -0.279113 0.218243 -0.935129
vn -0.800557 0.236519 -0.550605
vn -0.972980 0.199169 -0.116795
vn -0.980650 0.194163 -0.025005
vn -0.981123 0.192903 -0.013638
vn -0.980805 0.193025 -0.027634
vn -0.974023 0.203215 0.099918
vn -0.775318 0.241638 0.583518
vn -0.545374 0.238657 0.803499
vn -0.586063 0.240803 0.773656
vn -0.583534 0.240644 0.775615
vn -0.489785 0.235545 0.839422
vn -0.224862 0.214632 0.950458
vn -0.028798 0.196256 0.980130
vn 0.047839 0.190175 0.980584
vn 0.043067 0.189406 0.980954
vn 0.042499 0.191405 0.980591
vn 0.227080 0.209674 0.951037
vn 0.644985 0.236991 0.726519
vn 0.943748 0.217892 0.248721
vn 0.981584 0.188727 -0.029588
vn 0.981329 0.186296 -0.047832
vn 0.981048 0.186762 -0.051623
vn 0.981400 0.185967 -0.047649
vn 0.962415 0.201000 -0.182637
vn 0.662666 0.235060 -0.711070
vn 0.144209 0.202006 -0.968709
vn 0.026117 0.193644 -0.980724
vn -0.029459 0.194048 -0.980550
vn -0.059428 0.192641 -0.979468
vn -0.239330 0.213978 -0.947066
vn -0.756964 0.235211 -0.609657
vn -0.865333 0.226371 -0.447162
vn -0.678398 0.235654 -0.695876
vn -0.609272 0.233956 -0.757663
vn -0.795643 0.233651 -0.558891
vn -0.960071 0.206881 -0.188318
vn -0.980250 0.193098 -0.042692
vn -0.981414 0.191645 -0.009905
vn -0.981508 0.190612 -0.017601
vn -0.981283 0.192079 -0.013749
vn -0.928473 0.223418 0.296685
vn -0.584887 0.237988 0.775415
vn -0.208788 0.210129 0.955120
vn -0.020156 0.194050 0.980784
vn 0.054153 0.187192 0.980830
vn 0.032986 0.187196 0.981768
vn 0.045003 0.188707 0.981002
vn 0.259182 0.210090 0.942702
vn 0.772404 0.233227 0.590759
vn 0.977970 0.194186 0.076590
vn 0.981626 0.184398 -0.049070
vn 0.981558 0.184327 -0.050670
vn 0.981235 0.184520 -0.055956
vn 0.970640 0.190779 -0.146497
vn 0.769170 0.229535 -0.596399
vn 0.555313 0.230131 -0.799166
vn 0.638043 0.232124 -0.734180
vn 0.577995 0.231028 -0.782654
vn 0.441254 0.224379 -0.868878
vn 0.212482 0.209485 -0.954446
vn 0.015274 0.193644 -0.980953
vn -0.043826 0.189663 -0.980871
vn -0.041135 0.189340 -0.981050
vn -0.042504 0.189830 -0.980897
vn -0.340155 0.220562 -0.914137
vn -0.812192 0.232838 -0.534912
vn -0.968631 0.202778 -0.143650
vn -0.981381 0.191116 -0.019117
vn -0.981512 0.189333 -0.028066
vn -0.981419 0.191294 -0.014947
vn -0.981043 0.192848 0.019072
vn -0.925751 0.224001 0.304646
vn -0.526165 0.235532 0.817114
vn -0.062470 0.197361 0.978338
vn 0.081372 0.185600 0.979250
vn 0.043256 0.185596 0.981674
vn 0.009825 0.186230 0.982457
vn 0.131865 0.194990 0.971901
vn 0.673060 0.234692 0.701363
vn 0.851249 0.227256 0.473001
vn 0.664659 0.233935 0.709579
vn 0.605776 0.232147 0.761015
vn 0.767544 0.233868 0.596810
vn 0.966027 0.208436 0.152793
vn 0.980417 0.181697 -0.075951
vn 0.981722 0.184633 -0.046174
vn 0.981395 0.184275 -0.053913
vn 0.981195 0.184553 -0.056540
vn 0.945058 0.205502 -0.254233
vn 0.671406 0.232288 -0.703745
vn 0.227986 0.211397 -0.950439
vn 0.026618 0.193461 -0.980747
vn -0.027507 0.191811 -0.981046
vn -0.060083 0.192028 -0.979548
vn -0.050357 0.191048 -0.980288
vn -0.279195 0.215644 -0.935707
vn -0.801042 0.233392 -0.551234
vn -0.973497 0.196575 -0.116883
vn -0.981144 0.191653 -0.025030
vn -0.981609 0.190416 -0.013637
vn -0.981290 0.190540 -0.027650
vn -0.974546 0.200687 0.099926
vn -0.776007 0.238707 0.583809
vn -0.545743 0.235682 0.804126
vn -0.586534 0.237756 0.774242
vn -0.583967 0.237621 0.776221
vn -0.490234 0.232489 0.840012
vn -0.225077 0.211785 0.951046
vn -0.028837 0.193687 0.980640
vn 0.047855 0.187712 0.981058
vn 0.043096 0.186963 0.981421
vn 0.042511 0.188954 0.981065
vn 0.227149 0.207119 0.951580
vn 0.645341 0.234042 0.727158
vn 0.944345 0.214933 0.249030
vn 0.982053 0.186268 -0.029592
vn 0.981781 0.183890 -0.047857
vn 0.981502 0.184353 -0.051642
vn 0.981853 0.183553 -0.047677
vn 0.962915 0.198551 -0.182681
vn 0.663327 0.232060 -0.711440
vn 0.144344 0.199349 -0.969239
vn 0.026128 0.191151 -0.981213
vn -0.029451 0.191547 -0.981042
vn -0.059469 0.190148 -0.979953
vn -0.239395 0.211412 -0.947626
vn -0.577369 0.636312 -0.511618
vn -0.707723 0.620010 -0.338698
vn -0.550591 0.626668 -0.551486
vn -0.489510 0.624261 -0.608833
vn -0.622542 0.627868 -0.467143
vn -0.789428 0.591037 -0.165767
vn -0.818501 0.573338 -0.036605
vn -0.820658 0.571331 -0.010099
vn -0.821584 0.569956 -0.012268
vn -0.819823 0.572436 -0.014375
vn -0.757393 0.619002 0.207827
vn -0.487892 0.634431 0.599548
vn -0.180206 0.595301 0.783034
vn -0.023414 0.573861 0.818618
vn 0.046279 0.565164 0.823680
vn 0.028671 0.564986 0.824603
vn 0.035688 0.567645 0.822499
vn 0.191952 0.600006 0.776626
vn 0.590328 0.635099 0.498158
vn 0.815421 0.574193 0.073421
vn 0.826816 0.560961 -0.041210
vn 0.826803 0.560871 -0.042671
vn 0.826365 0.561195 -0.046697
vn 0.812495 0.571565 -0.114741
vn 0.638990 0.632213 -0.438177
vn 0.437259 0.621278 -0.650245
vn 0.514463 0.622223 -0.590056
vn 0.470608 0.621118 -0.626690
vn 0.365538 0.613265 -0.700205
vn 0.186261 0.594821 -0.781982
vn 0.017014 0.573730 -0.818868
vn -0.036119 0.568576 -0.821837
vn -0.035302 0.568151 -0.822167
vn -0.034648 0.568972 -0.821627
vn -0.242834 0.616154 -0.749257
vn -0.633829 0.628564 -0.450742
vn -0.800583 0.585552 -0.127262
vn -0.821140 0.570457 -0.017570
vn -0.822688 0.568098 -0.021197
vn -0.820469 0.571465 -0.016082
vn -0.819384 0.573006 0.016517
vn -0.755176 0.620307 0.211961
vn -0.444002 0.632647 0.634523
vn -0.062349 0.578515 0.813285
vn 0.067792 0.562658 0.823905
vn 0.040225 0.562917 0.825534
vn 0.007180 0.563788 0.825888
vn 0.099507 0.577926 0.810000
vn 0.492799 0.643388 0.585834
vn 0.696261 0.620838 0.360252
vn 0.540059 0.624633 0.564065
vn 0.486850 0.622279 0.612981
vn 0.601787 0.627080 0.494593
vn 0.792330 0.593104 0.142971
vn 0.827294 0.557717 -0.067355
vn 0.826763 0.561253 -0.038193
vn 0.826706 0.560793 -0.045473
vn 0.826285 0.561260 -0.047337
vn 0.781815 0.594368 -0.188395
vn 0.559189 0.630263 -0.538587
vn 0.200675 0.597385 -0.776441
vn 0.024357 0.573683 -0.818715
vn -0.020548 0.571746 -0.820174
vn -0.049882 0.572005 -0.818732
vn -0.043282 0.570381 -0.820239
vn -0.200240 0.608504 -0.767872
vn -0.618134 0.633008 -0.466059
vn -0.809699 0.577851 -0.102353
vn -0.820402 0.571303 -0.023516
vn -0.821798 0.569695 -0.009776
vn -0.821358 0.569924 -0.023603
vn -0.807264 0.585926 0.070817
vn -0.638362 0.641916 0.424779
vn -0.429876 0.627044 0.649633
vn -0.472699 0.628407 0.617787
vn -0.464834 0.628465 0.623667
vn -0.405787 0.623042 0.668697
vn -0.195677 0.597391 0.777711
vn -0.028756 0.573565 0.818655
vn 0.038638 0.565646 0.823742
vn 0.038160 0.564805 0.824341
vn 0.033661 0.567971 0.822360
vn 0.169803 0.595459 0.785236
vn 0.490139 0.631647 0.600654
vn 0.766873 0.602424 0.221341
vn 0.825969 0.563255 -0.022783
vn 0.827313 0.560244 -0.040982
vn 0.826727 0.560994 -0.042525
vn 0.827801 0.559487 -0.041466
vn 0.800210 0.584102 -0.135974
vn 0.556171 0.636759 -0.534052
vn 0.129610 0.581684 -0.803022
vn 0.021481 0.570767 -0.820831
vn -0.019529 0.571503 -0.820368
vn -0.052301 0.569169 -0.820555
vn -0.172865 0.602231 -0.779381
vn -0.184744 0.962994 -0.196247
vn -0.266507 0.957542 -0.109940
vn -0.195698 0.962411 -0.188329
vn -0.171399 0.961848 -0.213241
vn -0.207289 0.962573 -0.174599
vn -0.292078 0.953829 -0.070001
vn -0.321894 0.946653 -0.015245
vn -0.324240 0.945958 -0.005627
vn -0.325868 0.945412 -0.002620
vn -0.324762 0.945760 -0.008267
vn -0.290101 0.955345 0.056192
vn -0.181521 0.963760 0.195492
vn -0.073129 0.954816 0.288060
vn -0.015028 0.947944 0.318081
vn 0.019328 0.943593 0.330543
vn 0.012402 0.943754 0.330415
vn 0.012408 0.944098 0.329431
vn 0.058688 0.951277 0.302699
vn 0.189453 0.962588 0.193733
vn 0.315428 0.948224 0.037112
vn 0.334467 0.942262 -0.016552
vn 0.334569 0.942213 -0.017256
vn 0.334317 0.942280 -0.018476
vn 0.326152 0.944513 -0.038985
vn 0.252603 0.958122 -0.134886
vn 0.149511 0.960270 -0.235643
vn 0.181612 0.961306 -0.207143
vn 0.168865 0.961110 -0.218522
vn 0.135521 0.959444 -0.247188
vn 0.077779 0.954740 -0.287093
vn 0.010450 0.947310 -0.320147
vn -0.013817 0.944934 -0.326968
vn -0.014825 0.944748 -0.327464
vn -0.012922 0.944882 -0.327156
vn -0.069052 0.954270 -0.290860
vn -0.210333 0.962458 -0.171566
vn -0.301143 0.951998 -0.054890
vn -0.324635 0.945802 -0.008377
vn -0.327541 0.944816 -0.006288
vn -0.326097 0.945288 -0.009610
vn -0.322576 0.946517 0.007025
vn -0.290179 0.955308 0.056415
vn -0.168484 0.963664 0.207278
vn -0.033056 0.949781 0.311163
vn 0.026661 0.942944 0.331883
vn 0.019918 0.942826 0.332691
vn 0.001862 0.943090 0.332533
vn 0.030643 0.946232 0.322036
vn 0.148825 0.961120 0.232591
vn 0.260879 0.958156 0.117811
vn 0.192567 0.961956 0.193800
vn 0.170999 0.961276 0.216120
vn 0.201964 0.962210 0.182656
vn 0.287006 0.955587 0.066939
vn 0.339251 0.940189 -0.030863
vn 0.334071 0.942432 -0.014757
vn 0.334582 0.942186 -0.018461
vn 0.334288 0.942282 -0.018882
vn 0.309617 0.949118 -0.057553
vn 0.213327 0.961056 -0.175677
vn 0.083968 0.955706 -0.282090
vn 0.011446 0.946978 -0.321094
vn -0.005930 0.945904 -0.324392
vn -0.019413 0.946003 -0.323576
vn -0.018159 0.945745 -0.324403
vn -0.056965 0.952758 -0.298342
vn -0.200599 0.962992 -0.180019
vn -0.313257 0.948647 -0.044032
vn -0.323904 0.946018 -0.011620
vn -0.326259 0.945278 -0.002385
vn -0.326134 0.945273 -0.009789
vn -0.315988 0.948592 0.018014
vn -0.243406 0.961509 0.127488
vn -0.146317 0.961927 0.230843
vn -0.165285 0.963080 0.212506
vn -0.159857 0.962807 0.217825
vn -0.148122 0.962212 0.228492
vn -0.080003 0.955713 0.283218
vn -0.015407 0.947507 0.319363
vn 0.013994 0.944094 0.329380
vn 0.017174 0.943525 0.330856
vn 0.011651 0.944246 0.329036
vn 0.052789 0.950417 0.306464
vn 0.157999 0.961213 0.226067
vn 0.272587 0.957581 0.093463
vn 0.330992 0.943607 -0.007099
vn 0.335249 0.941972 -0.017249
vn 0.334765 0.942161 -0.016271
vn 0.335085 0.942015 -0.018042
vn 0.319827 0.946576 -0.041290
vn 0.218414 0.961374 -0.167498
vn 0.057926 0.950294 -0.305918
vn 0.008172 0.945586 -0.325270
vn -0.003128 0.945818 -0.324683
vn -0.023040 0.945296 -0.325400
vn -0.049569 0.951416 -0.303894
vn 0.000000 1.000000 0.000000
vn 0.000000 -1.000000 0.000000

f 1/1/1 2/2/2 98/98/98
f 1/1/1 98/98/98 97/97/97
f 2/2/2 3/3/3 99/99/99
f 2/2/2 99/99/99 98/98/98
f 3/3/3 4/4/4 100/100/100
f 3/3/3 100/100/100 99/99/99
f 4/4/4 5/5/5 101/101/101
f 4/4/4 101/101/101 100/100/100
f 5/5/5 6/6/6 102/102/102
f 5/5/5 102/102/102 101/101/101
f 6/6/6 7/7/7 103/103/103
f 6/6/6 103/103/103 102/102/102
f 7/7/7 8/8/8 104/104/104
f 7/7/7 104/104/104 103/103/103
f 8/8/8 9/9/9 105/105/105
f 8/8/8 105/105/105 104/104/104
f 9/9/9 10/10/10 106/106/106
f 9/9/9 106/106/106 105/105/105
f 10/10/10 11/11/11 107/107/107
f 10/10/10 107/107/107 106/106/106
f 11/11/11 12/12/12 108/108/108
f 11/11/11 108/108/108 107/107/107
f 12/12/12 13/13/13 109/109/109
f 12/12/12 109/109/109 108/108/108
f 13/13/13 14/14/14 110/110/110
f 13/13/13 110/110/110 109/109/109
f 14/14/14 15/15/15 111/111/111
f 14/14/14 111/111/111 110/110/110
f 15/15/15 16/16/16 112/112/112
f 15/15/15 112/112/112 111/111/111
f 16/16/16 17/17/17 113/113/113
f 16/16/16 113/113/113 112/112/112
f 17/17/17 18/18/18 114/114/114
f 17/17/17 114/114/114 113/113/113
f 18/18/18 19/19/19 115/115/115
f 18/18/18 115/115/115 114/114/114
f 19/19/19 20/20/20 116/116/116
f 19/19/19 116/116/116 115/115/115
f 20/20/20 21/21/21 117/117/117
f 20/20/20 117/117/117 116/116/116
f 21/21/21 22/22/22 118/118/118
f 21/21/21 118/118/118 117/117/117
f 22/22/22 23/23/23 119/119/119
f 22/22/22 119/119/119 118/118/118
f 23/23/23 24/24/24 120/120/120
f 23/23/23 120/120/120 119/119/119
f 24/24/24 25/25/25 121/121/121
f 24/24/24 121/121/121 120/120/120
f 25/25/25 26/26/26 122/122/122
f 25/25/25 122/122/122 121/121/121
f 26/26/26 27/27/27 123/123/123
f 26/26/26 123/123/123 122/122/122
f 27/27/27 28/28/28 124/124/124
f 27/27/27 124/124/124 123/123/123
f 28/28/28 29/29/29 125/125/125
f 28/28/28 125/125/125 124/124/124
f 29/29/29 30/30/30 126/126/126
f 29/29/29 126/126/126 125/125/125
f 30/30/30 31/31/31 127/127/127
f 30/30/30 127/127/127 126/126/126
f 31/31/31 32/32/32 128/128/128
f 31/31/31 128/128/128 127/127/127
f 32/32/32 33/33/33 129/129/129
f 32/32/32 129/129/129 128/128/128
f 33/33/33 34/34/34 130/130/130
f 33/33/33 130/130/130 129/129/129
f 34/34/34 35/35/35 131/131/131
f 34/34/34 131/131/131 130/130/130
f 35/35/35 36/36/36 132/132/132
f 35/35/35 132/132/132 131/131/131
f 36/36/36 37/37/37 133/133/133
f 36/36/36 133/133/133 132/132/132
f 37/37/37 38/38/38 134/134/134
f 37/37/37 134/134/134 133/133/133
f 38/38/38 39/39/39 135/135/135
f 38/38/38 135/135/135 134/134/134
f 39/39/39 40/40/40 136/136/136
f 39/39/39 136/136/136 135/135/135
f 40/40/40 41/41/41 137/137/137
f 40/40/40 137/137/137 136/136/136
f 41/41/41 42/42/42 138/138/138
f 41/41/41 138/138/138 137/137/137
f 42/42/42 43/43/43 139/139/139
f 42/42/42 139/139/139 138/138/138
f 43/43/43 44/44/44 140/140/140
f 43/43/43 140/140/140 139/139/139
f 44/44/44 45/45/45 141/141/141
f 44/44/44 141/141/141 140/140/140
f 45/45/45 46/46/46 142/142/142
f 45/45/45 142/142/142 141/141/141
f 46/46/46 47/47/47 143/143/143
f 46/46/46 143/143/143 142/142/142
f 47/47/47 48/48/48 144/144/144
f 47/47/47 144/144/144 143/143/143
f 48/48/48 49/49/49 145/145/145
f 48/48/48 145/145/145 144/144/144
f 49/49/49 50/50/50 146/146/146
f 49/49/49 146/146/146 145/145/145
f 50/50/50 51/51/51 147/147/147
f 50/50/50 147/147/147 146/146/146
f 51/51/51 52/52/52 148/148/148
f 51/51/51 148/148/148 147/147/147
f 52/52/52 53/53/53 149/149/149
f 52/52/52 149/149/149 148/148/148
f 53/53/53 54/54/54 150/150/150
f 53/53/53 150/150/150 149/149/149
f 54/54/54 55/55/55 151/151/151
f 54/54/54 151/151/151 150/150/150
f 55/55/55 56/56/56 152/152/152
f 55/55/55 152/152/152 151/151/151
f 56/56/56 57/57/57 153/153/153
f 56/56/56 153/153/153 152/152/152
f 57/57/57 58/58/58 154/154/154
f 57/57/57 154/154/154 153/153/153
f 58/58/58 59/59/59 155/155/155
f 58/58/58 155/155/155 154/154/154
f 59/59/59 60/60/60 156/156/156
f 59/59/59 156/156/156 155/155/155
f 60/60/60 61/61/61 157/157/157
f 60/60/60 157/157/157 156/156/156
f 61/61/61 62/62/62 158/158/158
f 61/61/61 158/158/158 157/157/157
f 62/62/62 63/63/63 159/159/159
f 62/62/62 159/159/159 158/158/158
f 63/63/63 64/64/64 160/160/160
f 63/63/63 160/160/160 159/159/159
f 64/64/64 65/65/65 161/161/161
f 64/64/64 161/161/161 160/160/160
f 65/65/65 66/66/66 162/162/162
f 65/65/65 162/162/162 161/161/161
f 66/66/66 67/67/67 163/163/163
f 66/66/66 163/163/163 162/162/162
f 67/67/67 68/68/68 164/164/164
f 67/67/67 164/164/164 163/163/163
f 68/68/68 69/69/69 165/165/165
f 68/68/68 165/165/165 164/164/164
f 69/69/69 70/70/70 166/166/166
f 69/69/69 166/166/166 165/165/165
f 70/70/70 71/71/71 167/167/167
f 70/70/70 167/167/167 166/166/166
f 71/71/71 72/72/72 168/168/168
f 71/71/71 168/168/168 167/167/167
f 72/72/72 73/73/73 169/169/169
f 72/72/72 169/169/169 168/168/168
f 73/73/73 74/74/74 170/170/170
f 73/73/73 170/170/170 169/169/169
f 74/74/74 75/75/75 171/171/171
f 74/74/74 171/171/171 170/170/170
f 75/75/75 76/76/76 172/172/172
f 75/75/75 172/172/172 171/171/171
f 76/76/76 77/77/77 173/173/173
f 76/76/76 173/173/173 172/172/172
f 77/77/77 78/78/78 174/174/174
f 77/77/77 174/174/174 173/173/173
f 78/78/78 79/79/79 175/175/175
f 78/78/78 175/175/175 174/174/174
f 79/79/79 80/80/80 176/176/176
f 79/79/79 176/176/176 175/175/175
f 80/80/80 81/81/81 177/177/177
f 80/80/80 177/177/177 176/176/176
f 81/81/81 82/82/82 178/178/178
f 81/81/81 178/178/178 177/177/177
f 82/82/82 83/83/83 179/179/179
f 82/82/82 179/179/179 178/178/178
f 83/83/83 84/84/84 180/180/180
f 83/83/83 180/180/180 179/179/179
f 84/84/84 85/85/85 181/181/181
f 84/84/84 181/181/181 180/180/180
f 85/85/85 86/86/86 182/182/182
f 85/85/85 182/182/182 181/181/181
f 86/86/86 87/87/87 183/183/183
f 86/86/86 183/183/183 182/182/182
f 87/87/87 88/88/88 184/184/184
f 87/87/87 184/184/184 183/183/183
f 88/88/88 89/89/89 185/185/185
f 88/88/88 185/185/185 184/184/184
f 89/89/89 90/90/90 186/186/186
f 89/89/89 186/186/186 185/185/185
f 90/90/90 91/91/91 187/187/187
f 90/90/90 187/187/187 186/186/186
f 91/91/91 92/92/92 188/188/188
f 91/91/91 188/188/188 187/187/187
f 92/92/92 93/93/93 189/189/189
f 92/92/92 189/189/189 188/188/188
f 93/93/93 94/94/94 190/190/190
f 93/93/93 190/190/190 189/189/189
f 94/94/94 95/95/95 191/191/191
f 94/94/94 191/191/191 190/190/190
f 95/95/95 96/96/96 192/192/192
f 95/95/95 192/192/192 191/191/191
f 96/96/96 1/1/1 97/97/97
f 96/96/96 97/97/97 192/192/192
f 97/97/97 98/98/98 194/194/194
f 97/97/97 194/194/194 193/193/193
f 98/98/98 99/99/99 195/195/195
f 98/98/98 195/195/195 194/194/194
f 99/99/99 100/100/100 196/196/196
f 99/99/99 196/196/196 195/195/195
f 100/100/100 101/101/101 197/197/197
f 100/100/100 197/197/197 196/196/196
f 101/101/101 102/102/102 198/198/198
f 101/101/101 198/198/198 197/197/197
f 102/102/102 103/103/103 199/199/199
f 102/102/102 199/199/199 198/198/198
f 103/103/103 104/104/104 200/200/200
f 103/103/103 200/200/200 199/199/199
f 104/104/104 105/105/105 201/201/201
f 104/104/104 201/201/201 200/200/200
f 105/105/105 106/106/106 202/202/202
f 105/105/105 202/202/202 201/201/201
f 106/106/106 107/107/107 203/203/203
f 106/106/106 203/203/203 202/202/202
f 107/107/107 108/108/108 204/204/204
f 107/107/107 204/204/204 203/203/203
f 108/108/108 109/109/109 205/205/205
f 108/108/108 205/205/205 204/204/204
f 109/109/109 110/110/110 206/206/206
f 109/109/109 206/206/206 205/205/205
f 110/110/110 111/111/111 207/207/207
f 110/110/110 207/207/207 206/206/206
f 111/111/111 112/112/112 208/208/208
f 111/111/111 208/208/208 207/207/207
f 112/112/112 113/113/113 209/209/209
f 112/112/112 209/209/209 208/208/208
f 113/113/113 114/114/114 210/210/210
f 113/113/113 210/210/210 209/209/209
f 114/114/114 115/115/115 211/211/211
f 114/114/114 211/211/211 210/210/210
f 115/115/115 116/116/116 212/212/212
f 115/115/115 212/212/212 211/211/211
f 116/116/116 117/117/117 213/213/213
f 116/116/116 213/213/213 212/212/212
f 117/117/117 118/118/118 214/214/214
f 117/117/117 214/214/214 213/213/213
f 118/118/118 119/119/119 215/215/215
f 118/118/118 215/215/215 214/214/214
f 119/119/119 120/120/120 216/216/216
f 119/119/119 216/216/216 215/215/215
f 120/120/120 121/121/121 217/217/217
f 120/120/120 217/217/217 216/216/216
f 121/121/121 122/122/122 218/218/218
f 121/121/121 218/218/218 217/217/217
f 122/122/122 123/123/123 219/219/219
f 122/122/122 219/219/219 218/218/218
f 123/123/123 124/124/124 220/220/220
f 123/123/123 220/220/220 219/219/219
f 124/124/124 125/125/125 221/221/221
f 124/124/124 221/221/221 220/220/220
f 125/125/125 126/126/126 222/222/222
f 125/125/125 222/222/222 221/221/221
f 126/126/126 127/127/127 223/223/223
f 126/126/126 223/223/223 222/222/222
f 127/127/127 128/128/128 224/224/224
f 127/127/127 224/224/224 223/223/223
f 128/128/128 129/129/129 225/225/225
f 128/128/128 225/225/225 224/224/224
f 129/129/129 130/130/130 226/226/226
f 129/129/129 226/226/226 225/225/225
f 130/130/130 131/131/131 227/227/227
f 130/130/130 227/227/227 226/226/226
f 131/131/131 132/132/132 228/228/228
f 131/131/131 228/228/228 227/227/227
f 132/132/132 133/133/133 229/229/229
f 132/132/132 229/229/229 228/228/228
f 133/133/133 134/134/134 230/230/230
f 133/133/133 230/230/230 229/229/229
f 134/134/134 135/135/135 231/231/231
f 134/134/134 231/231/231 230/230/230
f 135/135/135 136/136/136 232/232/232
f 135/135/135 232/232/232 231/231/231
f 136/136/136 137/137/137 233/233/233
f 136/136/136 233/233/233 232/232/232
f 137/137/137 138/138/138 234/234/234
f 137/137/137 234/234/234 233/233/233
f 138/138/138 139/139/139 235/235/235
f 138/138/138 235/235/235 234/234/234
f 139/139/139 140/140/140 236/236/236
f 139/139/139 236/236/236 235/235/235
f 140/140/140 141/141/141 237/237/237
f 140/140/140 237/237/237 236/236/236
f 141/141/141 142/142/142 238/238/238
f 141/141/141 238/238/238 237/237/237
f 142/142/142 143/143/143 239/239/239
f 142/142/142 239/239/239 238/238/238
f 143/143/143 144/144/144 240/240/240
f 143/143/143 240/240/240 239/239/239
f 144/144/144 145/145/145 241/241/241
f 144/144/144 241/241/241 240/240/240
f 145/145/145 146/146/146 242/242/242
f 145/145/145 242/242/242 241/241/241
f 146/146/146 147/147/147 243/243/243
f 146/146/146 243/243/243 242/242/242
f 147/147/147 148/148/148 244/244/244
f 147/147/147 244/244/244 243/243/243
f 148/148/148 149/149/149 245/245/245
f 148/148/148 245/245/245 244/244/244
f 149/149/149 150/150/150 246/246/246
f 149/149/149 246/246/246 245/245/245
f 150/150/150 151/151/151 247/247/247
f 150/150/150 247/247/247 246/246/246
f 151/151/151 152/152/152 248/248/248
f 151/151/151 248/248/248 247/247/247
f 152/152/152 153/153/153 249/249/249
f 152/152/152 249/249/249 248/248/248
f 153/153/153 154/154/154 250/250/250
f 153/153/153 250/250/250 249/249/249
f 154/154/154 155/155/155 251/251/251
f 154/154/154 251/251/251 250/250/250
f 155/155/155 156/156/156 252/252/252
f 155/155/155 252/252/252 251/251/251
f 156/156/156 157/157/157 253/253/253
f 156/156/156 253/253/253 252/252/252
f 157/157/157 158/158/158 254/254/254
f 157/157/157 254/254/254 253/253/253
f 158/158/158 159/159/159 255/255/255
f 158/158/158 255/255/255 254/254/254
f 159/159/159 160/160/160 256/256/256
f 159/159/159 256/256/256 255/255/255
f 160/160/160 161/161/161 257/257/257
f 160/160/160 257/257/257 256/256/256
f 161/161/161 162/162/162 258/258/258
f 161/161/161 258/258/258 257/257/257
f 162/162/162 163/163/163 259/259/259
f 162/162/162 259/259/259 258/258/258
f 163/163/163 164/164/164 260/260/260
f 163/163/163 260/260/260 259/259/259
f 164/164/164 165/165/165 261/261/261
f 164/164/164 261/261/261 260/260/260
f 165/165/165 166/166/166 262/262/262
f 165/165/165 262/262/262 261/261/261
f 166/166/166 167/167/167 263/263/263
f 166/166/166 263/263/263 262/262/262
f 167/167/167 168/168/168 264/264/264
f 167/167/167 264/264/264 263/263/263
f 168/168/168 169/169/169 265/265/265
f 168/168/168 265/265/265 264/264/264
f 169/169/169 170/170/170 266/266/266
f 169/169/169 266/266/266 265/265/265
f 170/170/170 171/171/171 267/267/267
f 170/170/170 267/267/267 266/266/266
f 171/171/171 172/172/172 268/268/268
f 171/171/171 268/268/268 267/267/267
f 172/172/172 173/173/173 269/269/269
f 172/172/172 269/269/269 268/268/268
f 173/173/173 174/174/174 270/270/270
f 173/173/173 270/270/270 269/269/269
f 174/174/174 175/175/175 271/271/271
f 174/174/174 271/271/271 270/270/270
f 175/175/175 176/176/176 272/272/272
f 175/175/175 272/272/272 271/271/271
f 176/176/176 177/177/177 273/273/273
f 176/176/176 273/273/273 272/272/272
f 177/177/177 178/178/178 274/274/274
f 177/177/177 274/274/274 273/273/273
f 178/178/178 179/179/179 275/275/275
f 178/178/178 275/275/275 274/274/274
f 179/179/179 180/180/180 276/276/276
f 179/179/179 276/276/276 275/275/275
f 180/180/180 181/181/181 277/277/277
f 180/180/180 277/277/277 276/276/276
f 181/181/181 182/182/182 278/278/278
f 181/181/181 278/278/278 277/277/277
f 182/182/182 183/183/183 279/279/279
f 182/182/182 279/279/279 278/278/278
f 183/183/183 184/184/184 280/280/280
f 183/183/183 280/280/280 279/279/279
f 184/184/184 185/185/185 281/281/281
f 184/184/184 281/281/281 280/280/280
f 185/185/185 186/186/186 282/282/282
f 185/185/185 282/282/282 281/281/281
f 186/186/186 187/187/187 283/283/283
f 186/186/186 283/283/283 282/282/282
f 187/187/187 188/188/188 284/284/284
f 187/187/187 284/284/284 283/283/283
f 188/188/188 189/189/189 285/285/285
f 188/188/188 285/285/285 284/284/284
f 189/189/189 190/190/190 286/286/286
f 189/189/189 286/286/286 285/285/285
f 190/190/190 191/191/191 287/287/287
f 190/190/190 287/287/287 286/286/286
f 191/191/191 192/192/192 288/288/288
f 191/191/191 288/288/288 287/287/287
f 192/192/192 97/97/97 193/193/193
f 192/192/192 193/193/193 288/288/288
f 193/193/193 194/194/194 290/290/290
f 193/193/193 290/290/290 289/289/289
f 194/194/194 195/195/195 291/291/291
f 194/194/194 291/291/291 290/290/290
f 195/195/195 196/196/196 292/292/292
f 195/195/195 292/292/292 291/291/291
f 196/196/196 197/197/197 293/293/293
f 196/196/196 293/293/293 292/292/292
f 197/197/197 198/198/198 294/294/294
f 197/197/197 294/294/294 293/293/293
f 198/198/198 199/199/199 295/295/295
f 198/198/198 295/295/295 294/294/294
f 199/199/199 200/200/200 296/296/296
f 199/199/199 296/296/296 295/295/295
f 200/200/200 201/201/201 297/297/297
f 200/200/200 297/297/297 296/296/296
f 201/201/201 202/202/202 298/298/298
f 201/201/201 298/298/298 297/297/297
f 202/202/202 203/203/203 299/299/299
f 202/202/202 299/299/299 298/298/298
f 203/203/203 204/204/204 300/300/300
f 203/203/203 300/300/300 299/299/299
f 204/204/204 205/205/205 301/301/301
f 204/204/204 301/301/301 300/300/300
f 205/205/205 206/206/206 302/302/302
f 205/205/205 302/302/302 301/301/301
f 206/206/206 207/207/207 303/303/303
f 206/206/206 303/303/303 302/302/302
f 207/207/207 208/208/208 304/304/304
f 207/207/207 304/304/304 303/303/303
f 208/208/208 209/209/209 305/305/305
f 208/208/208 305/305/305 304/304/304
f 209/209/209 210/210/210 306/306/306
f 209/209/209 306/306/306 305/305/305
f 210/210/210 211/211/211 307/307/307
f 210/210/210 307/307/307 306/306/306
f 211/211/211 212/212/212 308/308/308
f 211/211/211 308/308/308 307/307/307
f 212/212/212 213/213/213 309/309/309
f 212/212/212 309/309/309 308/308/308
f 213/213/213 214/214/214 310/310/310
f 213/213/213 310/310/310 309/309/309
f 214/214/214 215/215/215 311/311/311
f 214/214/214 311/311/311 310/310/310
f 215/215/215 216/216/216 312/312/312
f 215/215/215 312/312/312 311/311/311
f 216/216/216 217/217/217 313/313/313
f 216/216/216 313/313/313 312/312/312
f 217/217/217 218/218/218 314/314/314
f 217/217/217 314/314/314 313/313/313
f 218/218/218 219/219/219 315/315/315
f 218/218/218 315/315/315 314/314/314
f 219/219/219 220/220/220 316/316/316
f 219/219/219 316/316/316 315/315/315
f 220/220/220 221/221/221 317/317/317
f 220/220/220 317/317/317 316/316/316
f 221/221/221 222/222/222 318/318/318
f 221/221/221 318/318/318 317/317/317
f 222/222/222 223/223/223 319/319/319
f 222/222/222 319/319/319 318/318/318
f 223/223/223 224/224/224 320/320/320
f 223/223/223 320/320/320 319/319/319
f 224/224/224 225/225/225 321/321/321
f 224/224/224 321/321/321 320/320/320
f 225/225/225 226/226/226 322/322/322
f 225/225/225 322/322/322 321/321/321
f 226/226/226 227/227/227 323/323/323
f 226/226/226 323/323/323 322/322/322
f 227/227/227 228/228/228 324/324/324
f 227/227/227 324/324/324 323/323/323
f 228/228/228 229/229/229 325/325/325
f 228/228/228 325/325/325 324/324/324
f 229/229/229 230/230/230 326/326/326
f 229/229/229 326/326/326 325/325/325
f 230/230/230 231/231/231 327/327/327
f 230/230/230 327/327/327 326/326/326
f 231/231/231 232/232/232 328/328/328
f 231/231/231 328/328/328 327/327/327
f 232/232/232 233/233/233 329/329/329
f 232/232/232 329/329/329 328/328/328
f 233/233/233 234/234/234 330/330/330
f 233/233/233 330/330/330 329/329/329
f 234/234/234 235/235/235 331/331/331
f 234/234/234 331/331/331 330/330/330
f 235/235/235 236/236/236 332/332/332
f 235/235/235 332/332/332 331/331/331
f 236/236/236 237/237/237 333/333/333
f 236/236/236 333/333/333 332/332/332
f 237/237/237 238/238/238 334/334/334
f 237/237/237 334/334/334 333/333/333
f 238/238/238 239/239/239 335/335/335
f 238/238/238 335/335/335 334/334/334
f 239/239/239 240/240/240 336/336/336
f 239/239/239 336/336/336 335/335/335
f 240/240/240 241/241/241 337/337/337
f 240/240/240 337/337/337 336/336/336
f 241/241/241 242/242/242 338/338/338
f 241/241/241 338/338/338 337/337/337
f 242/242/242 243/243/243 339/339/339
f 242/242/242 339/339/339 338/338/338
f 243/243/243 244/244/244 340/340/340
f 243/243/243 340/340/340 339/339/339
f 244/244/244 245/245/245 341/341/341
f 244/244/244 341/341/341 340/340/340
f 245/245/245 246/246/246 342/342/342
f 245/245/245 342/342/342 341/341/341
f 246/246/246 247/247/247 343/343/343
f 246/246/246 343/343/343 342/342/342
f 247/247/247 248/248/248 344/344/344
f 247/247/247 344/344/344 343/343/343
f 248/248/248 249/249/249 345/345/345
f 248/248/248 345/345/345 344/344/344
f 249/249/249 250/250/250 346/346/346
f 249/249/249 346/346/346 345/345/345
f 250/250/250 251/251/251 347/347/347
f 250/250/250 347/347/347 346/346/346
f 251/251/251 252/252/252 348/348/348
f 251/251/251 348/348/348 347/347/347
f 252/252/252 253/253/253 349/349/349
f 252/252/252 349/349/349 348/348/348
f 253/253/253 254/254/254 350/350/350
f 253/253/253 350/350/350 349/349/349
f 254/254/254 255/255/255 351/351/351
f 254/254/254 351/351/351 350/350/350
f 255/255/255 256/256/256 352/352/352
f 255/255/255 352/352/352 351/351/351
f 256/256/256 257/257/257 353/353/353
f 256/256/256 353/353/353 352/352/352
f 257/257/257 258/258/258 354/354/354
f 257/257/257 354/354/354 353/353/353
f 258/258/258 259/259/259 355/355/355
f 258/258/258 355/355/355 354/354/354
f 259/259/259 260/260/260 356/356/356
f 259/259/259 356/356/356 355/355/355
f 260/260/260 261/261/261 357/357/357
f 260/260/260 357/357/357 356/356/356
f 261/261/261 262/262/262 358/358/358
f 261/261/261 358/358/358 357/357/357
f 262/262/262 263/263/263 359/359/359
f 262/262/262 359/359/359 358/358/358
f 263/263/263 264/264/264 360/360/360
f 263/263/263 360/360/360 359/359/359
f 264/264/264 265/265/265 361/361/361
f 264/264/264 361/361/361 360/360/360
f 265/265/265 266/266/266 362/362/362
f 265/265/265 362/362/362 361/361/361
f 266/266/266 267/267/267 363/363/363
f 266/266/266 363/363/363 362/362/362
f 267/267/267 268/268/268 364/364/364
f 267/267/267 364/364/364 363/363/363
f 268/268/268 269/269/269 365/365/365
f 268/268/268 365/365/365 364/364/364
f 269/269/269 270/270/270 366/366/366
f 269/269/269 366/366/366 365/365/365
f 270/270/270 271/271/271 367/367/367
f 270/270/270 367/367/367 366/366/366
f 271/271/271 272/272/272 368/368/368
f 271/271/271 368/368/368 367/367/367
f 272/272/272 273/273/273 369/369/369
f 272/272/272 369/369/369 368/368/368
f 273/273/273 274/274/274 370/370/370
f 273/273/273 370/370/370 369/369/369
f 274/274/274 275/275/275 371/371/371
f 274/274/274 371/371/371 370/370/370
f 275/275/275 276/276/276 372/372/372
f 275/275/275 372/372/372 371/371/371
f 276/276/276 277/277/277 373/373/373
f 276/276/276 373/373/373 372/372/372
f 277/277/277 278/278/278 374/374/374
f 277/277/277 374/374/374 373/373/373
f 278/278/278 279/279/279 375/375/375
f 278/278/278 375/375/375 374/374/374
f 279/279/279 280/280/280 376/376/376
f 279/279/279 376/376/376 375/375/375
f 280/280/280 281/281/281 377/377/377
f 280/280/280 377/377/377 376/376/376
f 281/281/281 282/282/282 378/378/378
f 281/281/281 378/378/378 377/377/377
f 282/282/282 283/283/283 379/379/379
f 282/282/282 379/379/379 378/378/378
f 283/283/283 284/284/284 380/380/380
f 283/283/283 380/380/380 379/379/379
f 284/284/284 285/285/285 381/381/381
f 284/284/284 381/381/381 380/380/380
f 285/285/285 286/286/286 382/382/382
f 285/285/285 382/382/382 381/381/381
f 286/286/286 287/287/287 383/383/383
f 286/286/286 383/383/383 382/382/382
f 287/287/287 288/288/288 384/384/384
f 287/287/287 384/384/384 383/383/383
f 288/288/288 193/193/193 289/289/289
f 288/288/288 289/289/289 384/384/384
f 289/289/289 290/290/290 386/386/386
f 289/289/289 386/386/386 385/385/385
f 290/290/290 291/291/291 387/387/387
f 290/290/290 387/387/387 386/386/386
f 291/291/291 292/292/292 388/388/388
f 291/291/291 388/388/388 387/387/387
f 292/292/292 293/293/293 389/389/389
f 292/292/292 389/389/389 388/388/388
f 293/293/293 294/294/294 390/390/390
f 293/293/293 390/390/390 389/389/389
f 294/294/294 295/295/295 391/391/391
f 294/294/294 391/391/391 390/390/390
f 295/295/295 296/296/296 392/392/392
f 295/295/295 392/392/392 391/391/391
f 296/296/296 297/297/297 393/393/393
f 296/296/296 393/393/393 392/392/392
f 297/297/297 298/298/298 394/394/394
f 297/297/297 394/394/394 393/393/393
f 298/298/298 299/299/299 395/395/395
f 298/298/298 395/395/395 394/394/394
f 299/299/299 300/300/300 396/396/396
f 299/299/299 396/396/396 395/395/395
f 300/300/300 301/301/301 397/397/397
f 300/300/300 397/397/397 396/396/396
f 301/301/301 302/302/302 398/398/398
f 301/301/301 398/398/398 397/397/397
f 302/302/302 303/303/303 399/399/399
f 302/302/302 399/399/399 398/398/398
f 303/303/303 304/304/304 400/400/400
f 303/303/303 400/400/400 399/399/399
f 304/304/304 305/305/305 401/401/401
f 304/304/304 401/401/401 400/400/400
f 305/305/305 306/306/306 402/402/402
f 305/305/305 402/402/402 401/401/401
f 306/306/306 307/307/307 403/403/403
f 306/306/306 403/403/403 402/402/402
f 307/307/307 308/308/308 404/404/404
f 307/307/307 404/404/404 403/403/403
f 308/308/308 309/309/309 405/405/405
f 308/308/308 405/405/405 404/404/404
f 309/309/309 310/310/310 406/406/406
f 309/309/309 406/406/406 405/405/405
f 310/310/310 311/311/311 407/407/407
f 310/310/310 407/407/407 406/406/406
f 311/311/311 312/312/312 408/408/408
f 311/311/311 408/408/408 407/407/407
f 312/312/312 313/313/313 409/409/409
f 312/312/312 409/409/409 408/408/408
f 313/313/313 314/314/314 410/410/410
f 313/313/313 410/410/410 409/409/409
f 314/314/314 315/315/315 411/411/411
f 314/314/314 411/411/411 410/410/410
f 315/315/315 316/316/316 412/412/412
f 315/315/315 412/412/412 411/411/411
f 316/316/316 317/317/317 413/413/413
f 316/316/316 413/413/413 412/412/412
f 317/317/317 318/318/318 414/414/414
f 317/317/317 414/414/414 413/413/413
f 318/318/318 319/319/319 415/415/415
f 318/318/318 415/415/415 414/414/414
f 319/319/319 320/320/320 416/416/416
f 319/319/319 416/416/416 415/415/415
f 320/320/320 321/321/321 417/417/417
f 320/320/320 417/417/417 416/416/416
f 321/321/321 322/322/322 418/418/418
f 321/321/321 418/418/418 417/417/417
f 322/322/322 323/323/323 419/419/419
f 322/322/322 419/419/419 418/418/418
f 323/323/323 324/324/324 420/420/420
f 323/323/323 420/420/420 419/419/419
f 324/324/324 325/325/325 421/421/421
f 324/324/324 421/421/421 420/420/420
f 325/325/325 326/326/326 422/422/422
f 325/325/325 422/422/422 421/421/421
f 326/326/326 327/327/327 423/423/423
f 326/326/326 423/423/423 422/422/422
f 327/327/327 328/328/328 424/424/424
f 327/327/327 424/424/424 423/423/423
f 328/328/328 329/329/329 425/425/425
f 328/328/328 425/425/425 424/424/424
f 329/329/329 330/330/330 426/426/426
f 329/329/329 426/426/426 425/425/425
f 330/330/330 331/331/331 427/427/427
f 330/330/330 427/427/427 426/426/426
f 331/331/331 332/332/332 428/428/428
f 331/331/331 428/428/428 427/427/427
f 332/332/332 333/333/333 429/429/429
f 332/332/332 429/429/429 428/428/428
f 333/333/333 334/334/334 430/430/430
f 333/333/333 430/430/430 429/429/429
f 334/334/334 335/335/335 431/431/431
f 334/334/334 431/431/431 430/430/430
f 335/335/335 336/336/336 432/432/432
f 335/335/335 432/432/432 431/431/431
f 336/336/336 337/337/337 433/433/433
f 336/336/336 433/433/433 432/432/432
f 337/337/337 338/338/338 434/434/434
f 337/337/337 434/434/434 433/433/433
f 338/338/338 339/339/339 435/435/435
f 338/338/338 435/435/435 434/434/434
f 339/339/339 340/340/340 436/436/436
f 339/339/339 436/436/436 435/435/435
f 340/340/340 341/341/341 437/437/437
f 340/340/340 437/437/437 436/436/436
f 341/341/341 342/342/342 438/438/438
f 341/341/341 438/438/438 437/437/437
f 342/342/342 343/343/343 439/439/439
f 342/342/342 439/439/439 438/438/438
f 343/343/343 344/344/344 440/440/440
f 343/343/343 440/440/440 439/439/439
f 344/344/344 345/345/345 441/441/441
f 344/344/344 441/441/441 440/440/440
f 345/345/345 346/346/346 442/442/442
f 345/345/345 442/442/442 441/441/441
f 346/346/346 347/347/347 443/443/443
f 346/346/346 443/443/443 442/442/442
f 347/347/347 348/348/348 444/444/444
f 347/347/347 444/444/444 443/443/443
f 348/348/348 349/349/349 445/445/445
f 348/348/348 445/445/445 444/444/444
f 349/349/349 350/350/350 446/446/446
f 349/349/349 446/446/446 445/445/445
f 350/350/350 351/351/351 447/447/447
f 350/350/350 447/447/447 446/446/446
f 351/351/351 352/352/352 448/448/448
f 351/351/351 448/448/448 447/447/447
f 352/352/352 353/353/353 449/449/449
f 352/352/352 449/449/449 448/448/448
f 353/353/353 354/354/354 450/450/450
f 353/353/353 450/450/450 449/449/449
f 354/354/354 355/355/355 451/451/451
f 354/354/354 451/451/451 450/450/450
f 355/355/355 356/356/356 452/452/452
f 355/355/355 452/452/452 451/451/451
f 356/356/356 357/357/357 453/453/453
f 356/356/356 453/453/453 452/452/452
f 357/357/357 358/358/358 454/454/454
f 357/357/357 454/454/454 453/453/453
f 358/358/358 359/359/359 455/455/455
f 358/358/358 455/455/455 454/454/454
f 359/359/359 360/360/360 456/456/456
f 359/359/359 456/456/456 455/455/455
f 360/360/360 361/361/361 457/457/457
f 360/360/360 457/457/457 456/456/456
f 361/361/361 362/362/362 458/458/458
f 361/361/361 458/458/458 457/457/457
f 362/362/362 363/363/363 459/459/459
f 362/362/362 459/459/459 458/458/458
f 363/363/363 364/364/364 460/460/460
f 363/363/363 460/460/460 459/459/459
f 364/364/364 365/365/365 461/461/461
f 364/364/364 461/461/461 460/460/460
f 365/365/365 366/366/366 462/462/462
f 365/365/365 462/462/462 461/461/461
f 366/366/366 367/367/367 463/463/463
f 366/366/366 463/463/463 462/462/462
f 367/367/367 368/368/368 464/464/464
f 367/367/367 464/464/464 463/463/463
f 368/368/368 369/369/369 465/465/465
f 368/368/368 465/465/465 464/464/464
f 369/369/369 370/370/370 466/466/466
f 369/369/369 466/466/466 465/465/465
f 370/370/370 371/371/371 467/467/467
f 370/370/370 467/467/467 466/466/466
f 371/371/371 372/372/372 468/468/468
f 371/371/371 468/468/468 467/467/467
f 372/372/372 373/373/373 469/469/469
f 372/372/372 469/469/469 468/468/468
f 373/373/373 374/374/374 470/470/470
f 373/373/373 470/470/470 469/469/469
f 374/374/374 375/375/375 471/471/471
f 374/374/374 471/471/471 470/470/470
f 375/375/375 376/376/376 472/472/472
f 375/375/375 472/472/472 471/471/471
f 376/376/376 377/377/377 473/473/473
f 376/376/376 473/473/473 472/472/472
f 377/377/377 378/378/378 474/474/474
f 377/377/377 474/474/474 473/473/473
f 378/378/378 379/379/379 475/475/475
f 378/378/378 475/475/475 474/474/474
f 379/379/379 380/380/380 476/476/476
f 379/379/379 476/476/476 475/475/475
f 380/380/380 381/381/381 477/477/477
f 380/380/380 477/477/477 476/476/476
f 381/381/381 382/382/382 478/478/478
f 381/381/381 478/478/478 477/477/477
f 382/382/382 383/383/383 479/479/479
f 382/382/382 479/479/479 478/478/478
f 383/383/383 384/384/384 480/480/480
f 383/383/383 480/480/480 479/479/479
f 384/384/384 289/289/289 385/385/385
f 384/384/384 385/385/385 480/480/480
f 385/385/385 386/386/386 482/482/482
f 385/385/385 482/482/482 481/481/481
f 386/386/386 387/387/387 483/483/483
f 386/386/386 483/483/483 482/482/482
f 387/387/387 388/388/388 484/484/484
f 387/387/387 484/484/484 483/483/483
f 388/388/388 389/389/389 485/485/485
f 388/388/388 485/485/485 484/484/484
f 389/389/389 390/390/390 486/486/486
f 389/389/389 486/486/486 485/485/485
f 390/390/390 391/391/391 487/487/487
f 390/390/390 487/487/487 486/486/486
f 391/391/391 392/392/392 488/488/488
f 391/391/391 488/488/488 487/487/487
f 392/392/392 393/393/393 489/489/489
f 392/392/392 489/489/489 488/488/488
f 393/393/393 394/394/394 490/490/490
f 393/393/393 490/490/490 489/489/489
f 394/394/394 395/395/395 491/491/491
f 394/394/394 491/491/491 490/490/490
f 395/395/395 396/396/396 492/492/492
f 395/395/395 492/492/492 491/491/491
f 396/396/396 397/397/397 493/493/493
f 396/396/396 493/493/493 492/492/492
f 397/397/397 398/398/398 494/494/494
f 397/397/397 494/494/494 493/493/493
f 398/398/398 399/399/399 495/495/495
f 398/398/398 495/495/495 494/494/494
f 399/399/399 400/400/400 496/496/496
f 399/399/399 496/496/496 495/495/495
f 400/400/400 401/401/401 497/497/497
f 400/400/400 497/497/497 496/496/496
f 401/401/401 402/402/402 498/498/498
f 401/401/401 498/498/498 497/497/497
f 402/402/402 403/403/403 499/499/499
f 402/402/402 499/499/499 498/498/498
f 403/403/403 404/404/404 500/500/500
f 403/403/403 500/500/500 499/499/499
f 404/404/404 405/405/405 501/501/501
f 404/404/404 501/501/501 500/500/500
f 405/405/405 406/406/406 502/502/502
f 405/405/405 502/502/502 501/501/501
f 406/406/406 407/407/407 503/503/503
f 406/406/406 503/503/503 502/502/502
f 407/407/407 408/408/408 504/504/504
f 407/407/407 504/504/504 503/503/503
f 408/408/408 409/409/409 505/505/505
f 408/408/408 505/505/505 504/504/504
f 409/409/409 410/410/410 506/506/506
f 409/409/409 506/506/506 505/505/505
f 410/410/410 411/411/411 507/507/507
f 410/410/410 507/507/507 506/506/506
f 411/411/411 412/412/412 508/508/508
f 411/411/411 508/508/508 507/507/507
f 412/412/412 413/413/413 509/509/509
f 412/412/412 509/509/509 508/508/508
f 413/413/413 414/414/414 510/510/510
f 413/413/413 510/510/510 509/509/509
f 414/414/414 415/415/415 511/511/511
f 414/414/414 511/511/511 510/510/510
f 415/415/415 416/416/416 512/512/512
f 415/415/415 512/512/512 511/511/511
f 416/416/416 417/417/417 513/513/513
f 416/416/416 513/513/513 512/512/512
f 417/417/417 418/418/418 514/514/514
f 417/417/417 514/514/514 513/513/513
f 418/418/418 419/419/419 515/515/515
f 418/418/418 515/515/515 514/514/514
f 419/419/419 420/420/420 516/516/516
f 419/419/419 516/516/516 515/515/515
f 420/420/420 421/421/421 517/517/517
f 420/420/420 517/517/517 516/516/516
f 421/421/421 422/422/422 518/518/518
f 421/421/421 518/518/518 517/517/517
f 422/422/422 423/423/423 519/519/519
f 422/422/422 519/519/519 518/518/518
f 423/423/423 424/424/424 520/520/520
f 423/423/423 520/520/520 519/519/519
f 424/424/424 425/425/425 521/521/521
f 424/424/424 521/521/521 520/520/520
f 425/425/425 426/426/426 522/522/522
f 425/425/425 522/522/522 521/521/521
f 426/426/426 427/427/427 523/523/523
f 426/426/426 523/523/523 522/522/522
f 427/427/427 428/428/428 524/524/524
f 427/427/427 524/524/524 523/523/523
f 428/428/428 429/429/429 525/525/525
f 428/428/428 525/525/525 524/524/524
f 429/429/429 430/430/430 526/526/526
f 429/429/429 526/526/526 525/525/525
f 430/430/430 431/431/431 527/527/527
f 430/430/430 527/527/527 526/526/526
f 431/431/431 432/432/432 528/528/528
f 431/431/431 528/528/528 527/527/527
f 432/432/432 433/433/433 529/529/529
f 432/432/432 529/529/529 528/528/528
f 433/433/433 434/434/434 530/530/530
f 433/433/433 530/530/530 529/529/529
f 434/434/434 435/435/435 531/531/531
f 434/434/434 531/531/531 530/530/530
f 435/435/435 436/436/436 532/532/532
f 435/435/435 532/532/532 531/531/531
f 436/436/436 437/437/437 533/533/533
f 436/436/436 533/533/533 532/532/532
f 437/437/437 438/438/438 534/534/534
f 437/437/437 534/534/534 533/533/533
f 438/438/438 439/439/439 535/535/535
f 438/438/438 535/535/535 534/534/534
f 439/439/439 440/440/440 536/536/536
f 439/439/439 536/536/536 535/535/535
f 440/440/440 441/441/441 537/537/537
f 440/440/440 537/537/537 536/536/536
f 441/441/441 442/442/442 538/538/538
f 441/441/441 538/538/538 537/537/537
f 442/442/442 443/443/443 539/539/539
f 442/442/442 539/539/539 538/538/538
f 443/443/443 444/444/444 540/540/540
f 443/443/443 540/540/540 539/539/539
f 444/444/444 445/445/445 541/541/541
f 444/444/444 541/541/541 540/540/540
f 445/445/445 446/446/446 542/542/542
f 445/445/445 542/542/542 541/541/541
f 446/446/446 447/447/447 543/543/543
f 446/446/446 543/543/543 542/542/542
f 447/447/447 448/448/448 544/544/544
f 447/447/447 544/544/544 543/543/543
f 448/448/448 449/449/449 545/545/545
f 448/448/448 545/545/545 544/544/544
f 449/449/449 450/450/450 546/546/546
f 449/449/449 546/546/546 545/545/545
f 450/450/450 451/451/451 547/547/547
f 450/450/450 547/547/547 546/546/546
f 451/451/451 452/452/452 548/548/548
f 451/451/451 548/548/548 547/547/547
f 452/452/452 453/453/453 549/549/549
f 452/452/452 549/549/549 548/548/548
f 453/453/453 454/454/454 550/550/550
f 453/453/453 550/550/550 549/549/549
f 454/454/454 455/455/455 551/551/551
f 454/454/454 551/551/551 550/550/550
f 455/455/455 456/456/456 552/552/552
f 455/455/455 552/552/552 551/551/551
f 456/456/456 457/457/457 553/553/553
f 456/456/456 553/553/553 552/552/552
f 457/457/457 458/458/458 554/554/554
f 457/457/457 554/554/554 553/553/553
f 458/458/458 459/459/459 555/555/555
f 458/458/458 555/555/555 554/554/554
f 459/459/459 460/460/460 556/556/556
f 459/459/459 556/556/556 555/555/555
f 460/460/460 461/461/461 557/557/557
f 460/460/460 557/557/557 556/556/556
f 461/461/461 462/462/462 558/558/558
f 461/461/461 558/558/558 557/557/557
f 462/462/462 463/463/463 559/559/559
f 462/462/462 559/559/559 558/558/558
f 463/463/463 464/464/464 560/560/560
f 463/463/463 560/560/560 559/559/559
f 464/464/464 465/465/465 561/561/561
f 464/464/464 561/561/561 560/560/560
f 465/465/465 466/466/466 562/562/562
f 465/465/465 562/562/562 561/561/561
f 466/466/466 467/467/467 563/563/563
f 466/466/466 563/563/563 562/562/562
f 467/467/467 468/468/468 564/564/564
f 467/467/467 564/564/564 563/563/563
f 468/468/468 469/469/469 565/565/565
f 468/468/468 565/565/565 564/564/564
f 469/469/469 470/470/470 566/566/566
f 469/469/469 566/566/566 565/565/565
f 470/470/470 471/471/471 567/567/567
f 470/470/470 567/567/567 566/566/566
f 471/471/471 472/472/472 568/568/568
f 471/471/471 568/568/568 567/567/567
f 472/472/472 473/473/473 569/569/569
f 472/472/472 569/569/569 568/568/568
f 473/473/473 474/474/474 570/570/570
f 473/473/473 570/570/570 569/569/569
f 474/474/474 475/475/475 571/571/571
f 474/474/474 571/571/571 570/570/570
f 475/475/475 476/476/476 572/572/572
f 475/475/475 572/572/572 571/571/571
f 476/476/476 477/477/477 573/573/573
f 476/476/476 573/573/573 572/572/572
f 477/477/477 478/478/478 574/574/574
f 477/477/477 574/574/574 573/573/573
f 478/478/478 479/479/479 575/575/575
f 478/478/478 575/575/575 574/574/574
f 479/479/479 480/480/480 576/576/576
f 479/479/479 576/576/576 575/575/575
f 480/480/480 385/385/385 481/481/481
f 480/480/480 481/481/481 576/576/576
f 481/481/481 482/482/482 578/578/578
f 481/481/481 578/578/578 577/577/577
f 482/482/482 483/483/483 579/579/579
f 482/482/482 579/579/579 578/578/578
f 483/483/483 484/484/484 580/580/580
f 483/483/483 580/580/580 579/579/579
f 484/484/484 485/485/485 581/581/581
f 484/484/484 581/581/581 580/580/580
f 485/485/485 486/486/486 582/582/582
f 485/485/485 582/582/582 581/581/581
f 486/486/486 487/487/487 583/583/583
f 486/486/486 583/583/583 582/582/582
f 487/487/487 488/488/488 584/584/584
f 487/487/487 584/584/584 583/583/583
f 488/488/488 489/489/489 585/585/585
f 488/488/488 585/585/585 584/584/584
f 489/489/489 490/490/490 586/586/586
f 489/489/489 586/586/586 585/585/585
f 490/490/490 491/491/491 587/587/587
f 490/490/490 587/587/587 586/586/586
f 491/491/491 492/492/492 588/588/588
f 491/491/491 588/588/588 587/587/587
f 492/492/492 493/493/493 589/589/589
f 492/492/492 589/589/589 588/588/588
f 493/493/493 494/494/494 590/590/590
f 493/493/493 590/590/590 589/589/589
f 494/494/494 495/495/495 591/591/591
f 494/494/494 591/591/591 590/590/590
f 495/495/495 496/496/496 592/592/592
f 495/495/495 592/592/592 591/591/591
f 496/496/496 497/497/497 593/593/593
f 496/496/496 593/593/593 592/592/592
f 497/497/497 498/498/498 594/594/594
f 497/497/497 594/594/594 593/593/593
f 498/498/498 499/499/499 595/595/595
f 498/498/498 595/595/595 594/594/594
f 499/499/499 500/500/500 596/596/596
f 499/499/499 596/596/596 595/595/595
f 500/500/500 501/501/501 597/597/597
f 500/500/500 597/597/597 596/596/596
f 501/501/501 502/502/502 598/598/598
f 501/501/501 598/598/598 597/597/597
f 502/502/502 503/503/503 599/599/599
f 502/502/502 599/599/599 598/598/598
f 503/503/503 504/504/504 600/600/600
f 503/503/503 600/600/600 599/599/599
f 504/504/504 505/505/505 601/601/601
f 504/504/504 601/601/601 600/600/600
f 505/505/505 506/506/506 602/602/602
f 505/505/505 602/602/602 601/601/601
f 506/506/506 507/507/507 603/603/603
f 506/506/506 603/603/603 602/602/602
f 507/507/507 508/508/508 604/604/604
f 507/507/507 604/604/604 603/603/603
f 508/508/508 509/509/509 605/605/605
f 508/508/508 605/605/605 604/604/604
f 509/509/509 510/510/510 606/606/606
f 509/509/509 606/606/606 605/605/605
f 510/510/510 511/511/511 607/607/607
f 510/510/510 607/607/607 606/606/606
f 511/511/511 512/512/512 608/608/608
f 511/511/511 608/608/608 607/607/607
f 512/512/512 513/513/513 609/609/609
f 512/512/512 609/609/609 608/608/608
f 513/513/513 514/514/514 610/610/610
f 513/513/513 610/610/610 609/609/609
f 514/514/514 515/515/515 611/611/611
f 514/514/514 611/611/611 610/610/610
f 515/515/515 516/516/516 612/612/612
f 515/515/515 612/612/612 611/611/611
f 516/516/516 517/517/517 613/613/613
f 516/516/516 613/613/613 612/612/612
f 517/517/517 518/518/518 614/614/614
f 517/517/517 614/614/614 613/613/613
f 518/518/518 519/519/519 615/615/615
f 518/518/518 615/615/615 614/614/614
f 519/519/519 520/520/520 616/616/616
f 519/519/519 616/616/616 615/615/615
f 520/520/520 521/521/521 617/617/617
f 520/520/520 617/617/617 616/616/616
f 521/521/521 522/522/522 618/618/618
f 521/521/521 618/618/618 617/617/617
f 522/522/522 523/523/523 619/619/619
f 522/522/522 619/619/619 618/618/618
f 523/523/523 524/524/524 620/620/620
f 523/523/523 620/620/620 619/619/619
f 524/524/524 525/525/525 621/621/621
f 524/524/524 621/621/621 620/620/620
f 525/525/525 526/526/526 622/622/622
f 525/525/525 622/622/622 621/621/621
f 526/526/526 527/527/527 623/623/623
f 526/526/526 623/623/623 622/622/622
f 527/527/527 528/528/528 624/624/624
f 527/527/527 624/624/624 623/623/623
f 528/528/528 529/529/529 625/625/625
f 528/528/528 625/625/625 624/624/624
f 529/529/529 530/530/530 626/626/626
f 529/529/529 626/626/626 625/625/625
f 530/530/530 531/531/531 627/627/627
f 530/530/530 627/627/627 626/626/626
f 531/531/531 532/532/532 628/628/628
f 531/531/531 628/628/628 627/627/627
f 532/532/532 533/533/533 629/629/629
f 532/532/532 629/629/629 628/628/628
f 533/533/533 534/534/534 630/630/630
f 533/533/533 630/630/630 629/629/629
f 534/534/534 535/535/535 631/631/631
f 534/534/534 631/631/631 630/630/630
f 535/535/535 536/536/536 632/632/632
f 535/535/535 632/632/632 631/631/631
f 536/536/536 537/537/537 633/633/633
f 536/536/536 633/633/633 632/632/632
f 537/537/537 538/538/538 634/634/634
f 537/537/537 634/634/634 633/633/633
f 538/538/538 539/539/539 635/635/635
f 538/538/538 635/635/635 634/634/634
f 539/539/539 540/540/540 636/636/636
f 539/539/539 636/636/636 635/635/635
f 540/540/540 541/541/541 637/637/637
f 540/540/540 637/637/637 636/636/636
f 541/541/541 542/542/542 638/638/638
f 541/541/541 638/638/638 637/637/637
f 542/542/542 543/543/543 639/639/639
f 542/542/542 639/639/639 638/638/638
f 543/543/543 544/544/544 640/640/640
f 543/543/543 640/640/640 639/639/639
f 544/544/544 545/545/545 641/641/641
f 544/544/544 641/641/641 640/640/640
f 545/545/545 546/546/546 642/642/642
f 545/545/545 642/642/642 641/641/641
f 546/546/546 547/547/547 643/643/643
f 546/546/546 643/643/643 642/642/642
f 547/547/547 548/548/548 644/644/644
f 547/547/547 644/644/644 643/643/643
f 548/548/548 549/549/549 645/645/645
f 548/548/548 645/645/645 644/644/644
f 549/549/549 550/550/550 646/646/646
f 549/549/549 646/646/646 645/645/645
f 550/550/550 551/551/551 647/647/647
f 550/550/550 647/647/647 646/646/646
f 551/551/551 552/552/552 648/648/648
f 551/551/551 648/648/648 647/647/647
f 552/552/552 553/553/553 649/649/649
f 552/552/552 649/649/649 648/648/648
f 553/553/553 554/554/554 650/650/650
f 553/553/553 650/650/650 649/649/649
f 554/554/554 555/555/555 651/651/651
f 554/554/554 651/651/651 650/650/650
f 555/555/555 556/556/556 652/652/652
f 555/555/555 652/652/652 651/651/651
f 556/556/556 557/557/557 653/653/653
f 556/556/556 653/653/653 652/652/652
f 557/557/557 558/558/558 654/654/654
f 557/557/557 654/654/654 653/653/653
f 558/558/558 559/559/559 655/655/655
f 558/558/558 655/655/655 654/654/654
f 559/559/559 560/560/560 656/656/656
f 559/559/559 656/656/656 655/655/655
f 560/560/560 561/561/561 657/657/657
f 560/560/560 657/657/657 656/656/656
f 561/561/561 562/562/562 658/658/658
f 561/561/561 658/658/658 657/657/657
f 562/562/562 563/563/563 659/659/659
f 562/562/562 659/659/659 658/658/658
f 563/563/563 564/564/564 660/660/660
f 563/563/563 660/660/660 659/659/659
f 564/564/564 565/565/565 661/661/661
f 564/564/564 661/661/661 660/660/660
f 565/565/565 566/566/566 662/662/662
f 565/565/565 662/662/662 661/661/661
f 566/566/566 567/567/567 663/663/663
f 566/566/566 663/663/663 662/662/662
f 567/567/567 568/568/568 664/664/664
f 567/567/567 664/664/664 663/663/663
f 568/568/568 569/569/569 665/665/665
f 568/568/568 665/665/665 664/664/664
f 569/569/569 570/570/570 666/666/666
f 569/569/569 666/666/666 665/665/665
f 570/570/570 571/571/571 667/667/667
f 570/570/570 667/667/667 666/666/666
f 571/571/571 572/572/572 668/668/668
f 571/571/571 668/668/668 667/667/667
f 572/572/572 573/573/573 669/669/669
f 572/572/572 669/669/669 668/668/668
f 573/573/573 574/574/574 670/670/670
f 573/573/573 670/670/670 669/669/669
f 574/574/574 575/575/575 671/671/671
f 574/574/574 671/671/671 670/670/670
f 575/575/575 576/576/576 672/672/672
f 575/575/575 672/672/672 671/671/671
f 576/576/576 481/481/481 577/577/577
f 576/576/576 577/577/577 672/672/672
f 577/577/577 578/578/578 674/674/674
f 577/577/577 674/674/674 673/673/673
f 578/578/578 579/579/579 675/675/675
f 578/578/578 675/675/675 674/674/674
f 579/579/579 580/580/580 676/676/676
f 579/579/579 676/676/676 675/675/675
f 580/580/580 581/581/581 677/677/677
f 580/580/580 677/677/677 676/676/676
f 581/581/581 582/582/582 678/678/678
f 581/581/581 678/678/678 677/677/677
f 582/582/582 583/583/583 679/679/679
f 582/582/582 679/679/679 678/678/678
f 583/583/583 584/584/584 680/680/680
f 583/583/583 680/680/680 679/679/679
f 584/584/584 585/585/585 681/681/681
f 584/584/584 681/681/681 680/680/680
f 585/585/585 586/586/586 682/682/682
f 585/585/585 682/682/682 681/681/681
f 586/586/586 587/587/587 683/683/683
f 586/586/586 683/683/683 682/682/682
f 587/587/587 588/588/588 684/684/684
f 587/587/587 684/684/684 683/683/683
f 588/588/588 589/589/589 685/685/685
f 588/588/588 685/685/685 684/684/684
f 589/589/589 590/590/590 686/686/686
f 589/589/589 686/686/686 685/685/685
f 590/590/590 591/591/591 687/687/687
f 590/590/590 687/687/687 686/686/686
f 591/591/591 592/592/592 688/688/688
f 591/591/591 688/688/688 687/687/687
f 592/592/592 593/593/593 689/689/689
f 592/592/592 689/689/689 688/688/688
f 593/593/593 594/594/594 690/690/690
f 593/593/593 690/690/690 689/689/689
f 594/594/594 595/595/595 691/691/691
f 594/594/594 691/691/691 690/690/690
f 595/595/595 596/596/596 692/692/692
f 595/595/595 692/692/692 691/691/691
f 596/596/596 597/597/597 693/693/693
f 596/596/596 693/693/693 692/692/692
f 597/597/597 598/598/598 694/694/694
f 597/597/597 694/694/694 693/693/693
f 598/598/598 599/599/599 695/695/695
f 598/598/598 695/695/695 694/694/694
f 599/599/599 600/600/600 696/696/696
f 599/599/599 696/696/696 695/695/695
f 600/600/600 601/601/601 697/697/697
f 600/600/600 697/697/697 696/696/696
f 601/601/601 602/602/602 698/698/698
f 601/601/601 698/698/698 697/697/697
f 602/602/602 603/603/603 699/699/699
f 602/602/602 699/699/699 698/698/698
f 603/603/603 604/604/604 700/700/700
f 603/603/603 700/700/700 699/699/699
f 604/604/604 605/605/605 701/701/701
f 604/604/604 701/701/701 700/700/700
f 605/605/605 606/606/606 702/702/702
f 605/605/605 702/702/702 701/701/701
f 606/606/606 607/607/607 703/703/703
f 606/606/606 703/703/703 702/702/702
f 607/607/607 608/608/608 704/704/704
f 607/607/607 704/704/704 703/703/703
f 608/608/608 609/609/609 705/705/705
f 608/608/608 705/705/705 704/704/704
f 609/609/609 610/610/610 706/706/706
f 609/609/609 706/706/706 705/705/705
f 610/610/610 611/611/611 707/707/707
f 610/610/610 707/707/707 706/706/706
f 611/611/611 612/612/612 708/708/708
f 611/611/611 708/708/708 707/707/707
f 612/612/612 613/613/613 709/709/709
f 612/612/612 709/709/709 708/708/708
f 613/613/613 614/614/614 710/710/710
f 613/613/613 710/710/710 709/709/709
f 614/614/614 615/615/615 711/711/711
f 614/614/614 711/711/711 710/710/710
f 615/615/615 616/616/616 712/712/712
f 615/615/615 712/712/712 711/711/711
f 616/616/616 617/617/617 713/713/713
f 616/616/616 713/713/713 712/712/712
f 617/617/617 618/618/618 714/714/714
f 617/617/617 714/714/714 713/713/713
f 618/618/618 619/619/619 715/715/715
f 618/618/618 715/715/715 714/714/714
f 619/619/619 620/620/620 716/716/716
f 619/619/619 716/716/716 715/715/715
f 620/620/620 621/621/621 717/717/717
f 620/620/620 717/717/717 716/716/716
f 621/621/621 622/622/622 718/718/718
f 621/621/621 718/718/718 717/717/717
f 622/622/622 623/623/623 719/719/719
f 622/622/622 719/719/719 718/718/718
f 623/623/623 624/624/624 720/720/720
f 623/623/623 720/720/720 719/719/719
f 624/624/624 625/625/625 721/721/721
f 624/624/624 721/721/721 720/720/720
f 625/625/625 626/626/626 722/722/722
f 625/625/625 722/722/722 721/721/721
f 626/626/626 627/627/627 723/723/723
f 626/626/626 723/723/723 722/722/722
f 627/627/627 628/628/628 724/724/724
f 627/627/627 724/724/724 723/723/723
f 628/628/628 629/629/629 725/725/725
f 628/628/628 725/725/725 724/724/724
f 629/629/629 630/630/630 726/726/726
f 629/629/629 726/726/726 725/725/725
f 630/630/630 631/631/631 727/727/727
f 630/630/630 727/727/727 726/726/726
f 631/631/631 632/632/632 728/728/728
f 631/631/631 728/728/728 727/727/727
f 632/632/632 633/633/633 729/729/729
f 632/632/632 729/729/729 728/728/728
f 633/633/633 634/634/634 730/730/730
f 633/633/633 730/730/730 729/729/729
f 634/634/634 635/635/635 731/731/731
f 634/634/634 731/731/731 730/730/730
f 635/635/635 636/636/636 732/732/732
f 635/635/635 732/732/732 731/731/731
f 636/636/636 637/637/637 733/733/733
f 636/636/636 733/733/733 732/732/732
f 637/637/637 638/638/638 734/734/734
f 637/637/637 734/734/734 733/733/733
f 638/638/638 639/639/639 735/735/735
f 638/638/638 735/735/735 734/734/734
f 639/639/639 640/640/640 736/736/736
f 639/639/639 736/736/736 735/735/735
f 640/640/640 641/641/641 737/737/737
f 640/640/640 737/737/737 736/736/736
f 641/641/641 642/642/642 738/738/738
f 641/641/641 738/738/738 737/737/737
f 642/642/642 643/643/643 739/739/739
f 642/642/642 739/739/739 738/738/738
f 643/643/643 644/644/644 740/740/740
f 643/643/643 740/740/740 739/739/739
f 644/644/644 645/645/645 741/741/741
f 644/644/644 741/741/741 740/740/740
f 645/645/645 646/646/646 742/742/742
f 645/645/645 742/742/742 741/741/741
f 646/646/646 647/647/647 743/743/743
f 646/646/646 743/743/743 742/742/742
f 647/647/647 648/648/648 744/744/744
f 647/647/647 744/744/744 743/743/743
f 648/648/648 649/649/649 745/745/745
f 648/648/648 745/745/745 744/744/744
f 649/649/649 650/650/650 746/746/746
f 649/649/649 746/746/746 745/745/745
f 650/650/650 651/651/651 747/747/747
f 650/650/650 747/747/747 746/746/746
f 651/651/651 652/652/652 748/748/748
f 651/651/651 748/748/748 747/747/747
f 652/652/652 653/653/653 749/749/749
f 652/652/652 749/749/749 748/748/748
f 653/653/653 654/654/654 750/750/750
f 653/653/653 750/750/750 749/749/749
f 654/654/654 655/655/655 751/751/751
f 654/654/654 751/751/751 750/750/750
f 655/655/655 656/656/656 752/752/752
f 655/655/655 752/752/752 751/751/751
f 656/656/656 657/657/657 753/753/753
f 656/656/656 753/753/753 752/752/752
f 657/657/657 658/658/658 754/754/754
f 657/657/657 754/754/754 753/753/753
f 658/658/658 659/659/659 755/755/755
f 658/658/658 755/755/755 754/754/754
f 659/659/659 660/660/660 756/756/756
f 659/659/659 756/756/756 755/755/755
f 660/660/660 661/661/661 757/757/757
f 660/660/660 757/757/757 756/756/756
f 661/661/661 662/662/662 758/758/758
f 661/661/661 758/758/758 757/757/757
f 662/662/662 663/663/663 759/759/759
f 662/662/662 759/759/759 758/758/758
f 663/663/663 664/664/664 760/760/760
f 663/663/663 760/760/760 759/759/759
f 664/664/664 665/665/665 761/761/761
f 664/664/664 761/761/761 760/760/760
f 665/665/665 666/666/666 762/762/762
f 665/665/665 762/762/762 761/761/761
f 666/666/666 667/667/667 763/763/763
f 666/666/666 763/763/763 762/762/762
f 667/667/667 668/668/668 764/764/764
f 667/667/667 764/764/764 763/763/763
f 668/668/668 669/669/669 765/765/765
f 668/668/668 765/765/765 764/764/764
f 669/669/669 670/670/670 766/766/766
f 669/669/669 766/766/766 765/765/765
f 670/670/670 671/671/671 767/767/767
f 670/670/670 767/767/767 766/766/766
f 671/671/671 672/672/672 768/768/768
f 671/671/671 768/768/768 767/767/767
f 672/672/672 577/577/577 673/673/673
f 672/672/672 673/673/673 768/768/768
f 673/673/673 674/674/674 770/770/770
f 673/673/673 770/770/770 769/769/769
f 674/674/674 675/675/675 771/771/771
f 674/674/674 771/771/771 770/770/770
f 675/675/675 676/676/676 772/772/772
f 675/675/675 772/772/772 771/771/771
f 676/676/676 677/677/677 773/773/773
f 676/676/676 773/773/773 772/772/772
f 677/677/677 678/678/678 774/774/774
f 677/677/677 774/774/774 773/773/773
f 678/678/678 679/679/679 775/775/775
f 678/678/678 775/775/775 774/774/774
f 679/679/679 680/680/680 776/776/776
f 679/679/679 776/776/776 775/775/775
f 680/680/680 681/681/681 777/777/777
f 680/680/680 777/777/777 776/776/776
f 681/681/681 682/682/682 778/778/778
f 681/681/681 778/778/778 777/777/777
f 682/682/682 683/683/683 779/779/779
f 682/682/682 779/779/779 778/778/778
f 683/683/683 684/684/684 780/780/780
f 683/683/683 780/780/780 779/779/779
f 684/684/684 685/685/685 781/781/781
f 684/684/684 781/781/781 780/780/780
f 685/685/685 686/686/686 782/782/782
f 685/685/685 782/782/782 781/781/781
f 686/686/686 687/687/687 783/783/783
f 686/686/686 783/783/783 782/782/782
f 687/687/687 688/688/688 784/784/784
f 687/687/687 784/784/784 783/783/783
f 688/688/688 689/689/689 785/785/785
f 688/688/688 785/785/785 784/784/784
f 689/689/689 690/690/690 786/786/786
f 689/689/689 786/786/786 785/785/785
f 690/690/690 691/691/691 787/787/787
f 690/690/690 787/787/787 786/786/786
f 691/691/691 692/692/692 788/788/788
f 691/691/691 788/788/788 787/787/787
f 692/692/692 693/693/693 789/789/789
f 692/692/692 789/789/789 788/788/788
f 693/693/693 694/694/694 790/790/790
f 693/693/693 790/790/790 789/789/789
f 694/694/694 695/695/695 791/791/791
f 694/694/694 791/791/791 790/790/790
f 695/695/695 696/696/696 792/792/792
f 695/695/695 792/792/792 791/791/791
f 696/696/696 697/697/697 793/793/793
f 696/696/696 793/793/793 792/792/792
f 697/697/697 698/698/698 794/794/794
f 697/697/697 794/794/794 793/793/793
f 698/698/698 699/699/699 795/795/795
f 698/698/698 795/795/795 794/794/794
f 699/699/699 700/700/700 796/796/796
f 699/699/699 796/796/796 795/795/795
f 700/700/700 701/701/701 797/797/797
f 700/700/700 797/797/797 796/796/796
f 701/701/701 702/702/702 798/798/798
f 701/701/701 798/798/798 797/797/797
f 702/702/702 703/703/703 799/799/799
f 702/702/702 799/799/799 798/798/798
f 703/703/703 704/704/704 800/800/800
f 703/703/703 800/800/800 799/799/799
f 704/704/704 705/705/705 801/801/801
f 704/704/704 801/801/801 800/800/800
f 705/705/705 706/706/706 802/802/802
f 705/705/705 802/802/802 801/801/801
f 706/706/706 707/707/707 803/803/803
f 706/706/706 803/803/803 802/802/802
f 707/707/707 708/708/708 804/804/804
f 707/707/707 804/804/804 803/803/803
f 708/708/708 709/709/709 805/805/805
f 708/708/708 805/805/805 804/804/804
f 709/709/709 710/710/710 806/806/806
f 709/709/709 806/806/806 805/805/805
f 710/710/710 711/711/711 807/807/807
f 710/710/710 807/807/807 806/806/806
f 711/711/711 712/712/712 808/808/808
f 711/711/711 808/808/808 807/807/807
f 712/712/712 713/713/713 809/809/809
f 712/712/712 809/809/809 808/808/808
f 713/713/713 714/714/714 810/810/810
f 713/713/713 810/810/810 809/809/809
f 714/714/714 715/715/715 811/811/811
f 714/714/714 811/811/811 810/810/810
f 715/715/715 716/716/716 812/812/812
f 715/715/715 812/812/812 811/811/811
f 716/716/716 717/717/717 813/813/813
f 716/716/716 813/813/813 812/812/812
f 717/717/717 718/718/718 814/814/814
f 717/717/717 814/814/814 813/813/813
f 718/718/718 719/719/719 815/815/815
f 718/718/718 815/815/815 814/814/814
f 719/719/719 720/720/720 816/816/816
f 719/719/719 816/816/816 815/815/815
f 720/720/720 721/721/721 817/817/817
f 720/720/720 817/817/817 816/816/816
f 721/721/721 722/722/722 818/818/818
f 721/721/721 818/818/818 817/817/817
f 722/722/722 723/723/723 819/819/819
f 722/722/722 819/819/819 818/818/818
f 723/723/723 724/724/724 820/820/820
f 723/723/723 820/820/820 819/819/819
f 724/724/724 725/725/725 821/821/821
f 724/724/724 821/821/821 820/820/820
f 725/725/725 726/726/726 822/822/822
f 725/725/725 822/822/822 821/821/821
f 726/726/726 727/727/727 823/823/823
f 726/726/726 823/823/823 822/822/822
f 727/727/727 728/728/728 824/824/824
f 727/727/727 824/824/824 823/823/823
f 728/728/728 729/729/729 825/825/825
f 728/728/728 825/825/825 824/824/824
f 729/729/729 730/730/730 826/826/826
f 729/729/729 826/826/826 825/825/825
f 730/730/730 731/731/731 827/827/827
f 730/730/730 827/827/827 826/826/826
f 731/731/731 732/732/732 828/828/828
f 731/731/731 828/828/828 827/827/827
f 732/732/732 733/733/733 829/829/829
f 732/732/732 829/829/829 828/828/828
f 733/733/733 734/734/734 830/830/830
f 733/733/733 830/830/830 829/829/829
f 734/734/734 735/735/735 831/831/831
f 734/734/734 831/831/831 830/830/830
f 735/735/735 736/736/736 832/832/832
f 735/735/735 832/832/832 831/831/831
f 736/736/736 737/737/737 833/833/833
f 736/736/736 833/833/833 832/832/832
f 737/737/737 738/738/738 834/834/834
f 737/737/737 834/834/834 833/833/833
f 738/738/738 739/739/739 835/835/835
f 738/738/738 835/835/835 834/834/834
f 739/739/739 740/740/740 836/836/836
f 739/739/739 836/836/836 835/835/835
f 740/740/740 741/741/741 837/837/837
f 740/740/740 837/837/837 836/836/836
f 741/741/741 742/742/742 838/838/838
f 741/741/741 838/838/838 837/837/837
f 742/742/742 743/743/743 839/839/839
f 742/742/742 839/839/839 838/838/838
f 743/743/743 744/744/744 840/840/840
f 743/743/743 840/840/840 839/839/839
f 744/744/744 745/745/745 841/841/841
f 744/744/744 841/841/841 840/840/840
f 745/745/745 746/746/746 842/842/842
f 745/745/745 842/842/842 841/841/841
f 746/746/746 747/747/747 843/843/843
f 746/746/746 843/843/843 842/842/842
f 747/747/747 748/748/748 844/844/844
f 747/747/747 844/844/844 843/843/843
f 748/748/748 749/749/749 845/845/845
f 748/748/748 845/845/845 844/844/844
f 749/749/749 750/750/750 846/846/846
f 749/749/749 846/846/846 845/845/845
f 750/750/750 751/751/751 847/847/847
f 750/750/750 847/847/847 846/846/846
f 751/751/751 752/752/752 848/848/848
f 751/751/751 848/848/848 847/847/847
f 752/752/752 753/753/753 849/849/849
f 752/752/752 849/849/849 848/848/848
f 753/753/753 754/754/754 850/850/850
f 753/753/753 850/850/850 849/849/849
f 754/754/754 755/755/755 851/851/851
f 754/754/754 851/851/851 850/850/850
f 755/755/755 756/756/756 852/852/852
f 755/755/755 852/852/852 851/851/851
f 756/756/756 757/757/757 853/853/853
f 756/756/756 853/853/853 852/852/852
f 757/757/757 758/758/758 854/854/854
f 757/757/757 854/854/854 853/853/853
f 758/758/758 759/759/759 855/855/855
f 758/758/758 855/855/855 854/854/854
f 759/759/759 760/760/760 856/856/856
f 759/759/759 856/856/856 855/855/855
f 760/760/760 761/761/761 857/857/857
f 760/760/760 857/857/857 856/856/856
f 761/761/761 762/762/762 858/858/858
f 761/761/761 858/858/858 857/857/857
f 762/762/762 763/763/763 859/859/859
f 762/762/762 859/859/859 858/858/858
f 763/763/763 764/764/764 860/860/860
f 763/763/763 860/860/860 859/859/859
f 764/764/764 765/765/765 861/861/861
f 764/764/764 861/861/861 860/860/860
f 765/765/765 766/766/766 862/862/862
f 765/765/765 862/862/862 861/861/861
f 766/766/766 767/767/767 863/863/863
f 766/766/766 863/863/863 862/862/862
f 767/767/767 768/768/768 864/864/864
f 767/767/767 864/864/864 863/863/863
f 768/768/768 673/673/673 769/769/769
f 768/768/768 769/769/769 864/864/864
f 769/769/769 770/770/770 866/866/866
f 769/769/769 866/866/866 865/865/865
f 770/770/770 771/771/771 867/867/867
f 770/770/770 867/867/867 866/866/866
f 771/771/771 772/772/772 868/868/868
f 771/771/771 868/868/868 867/867/867
f 772/772/772 773/773/773 869/869/869
f 772/772/772 869/869/869 868/868/868
f 773/773/773 774/774/774 870/870/870
f 773/773/773 870/870/870 869/869/869
f 774/774/774 775/775/775 871/871/871
f 774/774/774 871/871/871 870/870/870
f 775/775/775 776/776/776 872/872/872
f 775/775/775 872/872/872 871/871/871
f 776/776/776 777/777/777 873/873/873
f 776/776/776 873/873/873 872/872/872
f 777/777/777 778/778/778 874/874/874
f 777/777/777 874/874/874 873/873/873
f 778/778/778 779/779/779 875/875/875
f 778/778/778 875/875/875 874/874/874
f 779/779/779 780/780/780 876/876/876
f 779/779/779 876/876/876 875/875/875
f 780/780/780 781/781/781 877/877/877
f 780/780/780 877/877/877 876/876/876
f 781/781/781 782/782/782 878/878/878
f 781/781/781 878/878/878 877/877/877
f 782/782/782 783/783/783 879/879/879
f 782/782/782 879/879/879 878/878/878
f 783/783/783 784/784/784 880/880/880
f 783/783/783 880/880/880 879/879/879
f 784/784/784 785/785/785 881/881/881
f 784/784/784 881/881/881 880/880/880
f 785/785/785 786/786/786 882/882/882
f 785/785/785 882/882/882 881/881/881
f 786/786/786 787/787/787 883/883/883
f 786/786/786 883/883/883 882/882/882
f 787/787/787 788/788/788 884/884/884
f 787/787/787 884/884/884 883/883/883
f 788/788/788 789/789/789 885/885/885
f 788/788/788 885/885/885 884/884/884
f 789/789/789 790/790/790 886/886/886
f 789/789/789 886/886/886 885/885/885
f 790/790/790 791/791/791 887/887/887
f 790/790/790 887/887/887 886/886/886
f 791/791/791 792/792/792 888/888/888
f 791/791/791 888/888/888 887/887/887
f 792/792/792 793/793/793 889/889/889
f 792/792/792 889/889/889 888/888/888
f 793/793/793 794/794/794 890/890/890
f 793/793/793 890/890/890 889/889/889
f 794/794/794 795/795/795 891/891/891
f 794/794/794 891/891/891 890/890/890
f 795/795/795 796/796/796 892/892/892
f 795/795/795 892/892/892 891/891/891
f 796/796/796 797/797/797 893/893/893
f 796/796/796 893/893/893 892/892/892
f 797/797/797 798/798/798 894/894/894
f 797/797/797 894/894/894 893/893/893
f 798/798/798 799/799/799 895/895/895
f 798/798/798 895/895/895 894/894/894
f 799/799/799 800/800/800 896/896/896
f 799/799/799 896/896/896 895/895/895
f 800/800/800 801/801/801 897/897/897
f 800/800/800 897/897/897 896/896/896
f 801/801/801 802/802/802 898/898/898
f 801/801/801 898/898/898 897/897/897
f 802/802/802 803/803/803 899/899/899
f 802/802/802 899/899/899 898/898/898
f 803/803/803 804/804/804 900/900/900
f 803/803/803 900/900/900 899/899/899
f 804/804/804 805/805/805 901/901/901
f 804/804/804 901/901/901 900/900/900
f 805/805/805 806/806/806 902/902/902
f 805/805/805 902/902/902 901/901/901
f 806/806/806 807/807/807 903/903/903
f 806/806/806 903/903/903 902/902/902
f 807/807/807 808/808/808 904/904/904
f 807/807/807 904/904/904 903/903/903
f 808/808/808 809/809/809 905/905/905
f 808/808/808 905/905/905 904/904/904
f 809/809/809 810/810/810 906/906/906
f 809/809/809 906/906/906 905/905/905
f 810/810/810 811/811/811 907/907/907
f 810/810/810 907/907/907 906/906/906
f 811/811/811 812/812/812 908/908/908
f 811/811/811 908/908/908 907/907/907
f 812/812/812 813/813/813 909/909/909
f 812/812/812 909/909/909 908/908/908
f 813/813/813 814/814/814 910/910/910
f 813/813/813 910/910/910 909/909/909
f 814/814/814 815/815/815 911/911/911
f 814/814/814 911/911/911 910/910/910
f 815/815/815 816/816/816 912/912/912
f 815/815/815 912/912/912 911/911/911
f 816/816/816 817/817/817 913/913/913
f 816/816/816 913/913/913 912/912/912
f 817/817/817 818/818/818 914/914/914
f 817/817/817 914/914/914 913/913/913
f 818/818/818 819/819/819 915/915/915
f 818/818/818 915/915/915 914/914/914
f 819/819/819 820/820/820 916/916/916
f 819/819/819 916/916/916 915/915/915
f 820/820/820 821/821/821 917/917/917
f 820/820/820 917/917/917 916/916/916
f 821/821/821 822/822/822 918/918/918
f 821/821/821 918/918/918 917/917/917
f 822/822/822 823/823/823 919/919/919
f 822/822/822 919/919/919 918/918/918
f 823/823/823 824/824/824 920/920/920
f 823/823/823 920/920/920 919/919/919
f 824/824/824 825/825/825 921/921/921
f 824/824/824 921/921/921 920/920/920
f 825/825/825 826/826/826 922/922/922
f 825/825/825 922/922/922 921/921/921
f 826/826/826 827/827/827 923/923/923
f 826/826/826 923/923/923 922/922/922
f 827/827/827 828/828/828 924/924/924
f 827/827/827 924/924/924 923/923/923
f 828/828/828 829/829/829 925/925/925
f 828/828/828 925/925/925 924/924/924
f 829/829/829 830/830/830 926/926/926
f 829/829/829 926/926/926 925/925/925
f 830/830/830 831/831/831 927/927/927
f 830/830/830 927/927/927 926/926/926
f 831/831/831 832/832/832 928/928/928
f 831/831/831 928/928/928 927/927/927
f 832/832/832 833/833/833 929/929/929
f 832/832/832 929/929/929 928/928/928
f 833/833/833 834/834/834 930/930/930
f 833/833/833 930/930/930 929/929/929
f 834/834/834 835/835/835 931/931/931
f 834/834/834 931/931/931 930/930/930
f 835/835/835 836/836/836 932/932/932
f 835/835/835 932/932/932 931/931/931
f 836/836/836 837/837/837 933/933/933
f 836/836/836 933/933/933 932/932/932
f 837/837/837 838/838/838 934/934/934
f 837/837/837 934/934/934 933/933/933
f 838/838/838 839/839/839 935/935/935
f 838/838/838 935/935/935 934/934/934
f 839/839/839 840/840/840 936/936/936
f 839/839/839 936/936/936 935/935/935
f 840/840/840 841/841/841 937/937/937
f 840/840/840 937/937/937 936/936/936
f 841/841/841 842/842/842 938/938/938
f 841/841/841 938/938/938 937/937/937
f 842/842/842 843/843/843 939/939/939
f 842/842/842 939/939/939 938/938/938
f 843/843/843 844/844/844 940/940/940
f 843/843/843 940/940/940 939/939/939
f 844/844/844 845/845/845 941/941/941
f 844/844/844 941/941/941 940/940/940
f 845/845/845 846/846/846 942/942/942
f 845/845/845 942/942/942 941/941/941
f 846/846/846 847/847/847 943/943/943
f 846/846/846 943/943/943 942/942/942
f 847/847/847 848/848/848 944/944/944
f 847/847/847 944/944/944 943/943/943
f 848/848/848 849/849/849 945/945/945
f 848/848/848 945/945/945 944/944/944
f 849/849/849 850/850/850 946/946/946
f 849/849/849 946/946/946 945/945/945
f 850/850/850 851/851/851 947/947/947
f 850/850/850 947/947/947 946/946/946
f 851/851/851 852/852/852 948/948/948
f 851/851/851 948/948/948 947/947/947
f 852/852/852 853/853/853 949/949/949
f 852/852/852 949/949/949 948/948/948
f 853/853/853 854/854/854 950/950/950
f 853/853/853 950/950/950 949/949/949
f 854/854/854 855/855/855 951/951/951
f 854/854/854 951/951/951 950/950/950
f 855/855/855 856/856/856 952/952/952
f 855/855/855 952/952/952 951/951/951
f 856/856/856 857/857/857 953/953/953
f 856/856/856 953/953/953 952/952/952
f 857/857/857 858/858/858 954/954/954
f 857/857/857 954/954/954 953/953/953
f 858/858/858 859/859/859 955/955/955
f 858/858/858 955/955/955 954/954/954
f 859/859/859 860/860/860 956/956/956
f 859/859/859 956/956/956 955/955/955
f 860/860/860 861/861/861 957/957/957
f 860/860/860 957/957/957 956/956/956
f 861/861/861 862/862/862 958/958/958
f 861/861/861 958/958/958 957/957/957
f 862/862/862 863/863/863 959/959/959
f 862/862/862 959/959/959 958/958/958
f 863/863/863 864/864/864 960/960/960
f 863/863/863 960/960/960 959/959/959
f 864/864/864 769/769/769 865/865/865
f 864/864/864 865/865/865 960/960/960
f 865/865/865 866/866/866 962/962/962
f 865/865/865 962/962/962 961/961/961
f 866/866/866 867/867/867 963/963/963
f 866/866/866 963/963/963 962/962/962
f 867/867/867 868/868/868 964/964/964
f 867/867/867 964/964/964 963/963/963
f 868/868/868 869/869/869 965/965/965
f 868/868/868 965/965/965 964/964/964
f 869/869/869 870/870/870 966/966/966
f 869/869/869 966/966/966 965/965/965
f 870/870/870 871/871/871 967/967/967
f 870/870/870 967/967/967 966/966/966
f 871/871/871 872/872/872 968/968/968
f 871/871/871 968/968/968 967/967/967
f 872/872/872 873/873/873 969/969/969
f 872/872/872 969/969/969 968/968/968
f 873/873/873 874/874/874 970/970/970
f 873/873/873 970/970/970 969/969/969
f 874/874/874 875/875/875 971/971/971
f 874/874/874 971/971/971 970/970/970
f 875/875/875 876/876/876 972/972/972
f 875/875/875 972/972/972 971/971/971
f 876/876/876 877/877/877 973/973/973
f 876/876/876 973/973/973 972/972/972
f 877/877/877 878/878/878 974/974/974
f 877/877/877 974/974/974 973/973/973
f 878/878/878 879/879/879 975/975/975
f 878/878/878 975/975/975 974/974/974
f 879/879/879 880/880/880 976/976/976
f 879/879/879 976/976/976 975/975/975
f 880/880/880 881/881/881 977/977/977
f 880/880/880 977/977/977 976/976/976
f 881/881/881 882/882/882 978/978/978
f 881/881/881 978/978/978 977/977/977
f 882/882/882 883/883/883 979/979/979
f 882/882/882 979/979/979 978/978/978
f 883/883/883 884/884/884 980/980/980
f 883/883/883 980/980/980 979/979/979
f 884/884/884 885/885/885 981/981/981
f 884/884/884 981/981/981 980/980/980
f 885/885/885 886/886/886 982/982/982
f 885/885/885 982/982/982 981/981/981
f 886/886/886 887/887/887 983/983/983
f 886/886/886 983/983/983 982/982/982
f 887/887/887 888/888/888 984/984/984
f 887/887/887 984/984/984 983/983/983
f 888/888/888 889/889/889 985/985/985
f 888/888/888 985/985/985 984/984/984
f 889/889/889 890/890/890 986/986/986
f 889/889/889 986/986/986 985/985/985
f 890/890/890 891/891/891 987/987/987
f 890/890/890 987/987/987 986/986/986
f 891/891/891 892/892/892 988/988/988
f 891/891/891 988/988/988 987/987/987
f 892/892/892 893/893/893 989/989/989
f 892/892/892 989/989/989 988/988/988
f 893/893/893 894/894/894 990/990/990
f 893/893/893 990/990/990 989/989/989
f 894/894/894 895/895/895 991/991/991
f 894/894/894 991/991/991 990/990/990
f 895/895/895 896/896/896 992/992/992
f 895/895/895 992/992/992 991/991/991
f 896/896/896 897/897/897 993/993/993
f 896/896/896 993/993/993 992/992/992
f 897/897/897 898/898/898 994/994/994
f 897/897/897 994/994/994 993/993/993
f 898/898/898 899/899/899 995/995/995
f 898/898/898 995/995/995 994/994/994
f 899/899/899 900/900/900 996/996/996
f 899/899/899 996/996/996 995/995/995
f 900/900/900 901/901/901 997/997/997
f 900/900/900 997/997/997 996/996/996
f 901/901/901 902/902/902 998/998/998
f 901/901/901 998/998/998 997/997/997
f 902/902/902 903/903/903 999/999/999
f 902/902/902 999/999/999 998/998/998
f 903/903/903 904/904/904 1000/1000/1000
f 903/903/903 1000/1000/1000 999/999/999
f 904/904/904 905/905/905 1001/1001/1001
f 904/904/904 1001/1001/1001 1000/1000/1000
f 905/905/905 906/906/906 1002/1002/1002
f 905/905/905 1002/1002/1002 1001/1001/1001
f 906/906/906 907/907/907 1003/1003/1003
f 906/906/906 1003/1003/1003 1002/1002/1002
f 907/907/907 908/908/908 1004/1004/1004
f 907/907/907 1004/1004/1004 1003/1003/1003
f 908/908/908 909/909/909 1005/1005/1005
f 908/908/908 1005/1005/1005 1004/1004/1004
f 909/909/909 910/910/910 1006/1006/1006
f 909/909/909 1006/1006/1006 1005/1005/1005
f 910/910/910 911/911/911 1007/1007/1007
f 910/910/910 1007/1007/1007 1006/1006/1006
f 911/911/911 912/912/912 1008/1008/1008
f 911/911/911 1008/1008/1008 1007/1007/1007
f 912/912/912 913/913/913 1009/1009/1009
f 912/912/912 1009/1009/1009 1008/1008/1008
f 913/913/913 914/914/914 1010/1010/1010
f 913/913/913 1010/1010/1010 1009/1009/1009
f 914/914/914 915/915/915 1011/1011/1011
f 914/914/914 1011/1011/1011 1010/1010/1010
f 915/915/915 916/916/916 1012/1012/1012
f 915/915/915 1012/1012/1012 1011/1011/1011
f 916/916/916 917/917/917 1013/1013/1013
f 916/916/916 1013/1013/1013 1012/1012/1012
f 917/917/917 918/918/918 1014/1014/1014
f 917/917/917 1014/1014/1014 1013/1013/1013
f 918/918/918 919/919/919 1015/1015/1015
f 918/918/918 1015/1015/1015 1014/1014/1014
f 919/919/919 920/920/920 1016/1016/1016
f 919/919/919 1016/1016/1016 1015/1015/1015
f 920/920/920 921/921/921 1017/1017/1017
f 920/920/920 1017/1017/1017 1016/1016/1016
f 921/921/921 922/922/922 1018/1018/1018
f 921/921/921 1018/1018/1018 1017/1017/1017
f 922/922/922 923/923/923 1019/1019/1019
f 922/922/922 1019/1019/1019 1018/1018/1018
f 923/923/923 924/924/924 1020/1020/1020
f 923/923/923 1020/1020/1020 1019/1019/1019
f 924/924/924 925/925/925 1021/1021/1021
f 924/924/924 1021/1021/1021 1020/1020/1020
f 925/925/925 926/926/926 1022/1022/1022
f 925/925/925 1022/1022/1022 1021/1021/1021
f 926/926/926 927/927/927 1023/1023/1023
f 926/926/926 1023/1023/1023 1022/1022/1022
f 927/927/927 928/928/928 1024/1024/1024
f 927/927/927 1024/1024/1024 1023/1023/1023
f 928/928/928 929/929/929 1025/1025/1025
f 928/928/928 1025/1025/1025 1024/1024/1024
f 929/929/929 930/930/930 1026/1026/1026
f 929/929/929 1026/1026/1026 1025/1025/1025
f 930/930/930 931/931/931 1027/1027/1027
f 930/930/930 1027/1027/1027 1026/1026/1026
f 931/931/931 932/932/932 1028/1028/1028
f 931/931/931 1028/1028/1028 1027/1027/1027
f 932/932/932 933/933/933 1029/1029/1029
f 932/932/932 1029/1029/1029 1028/1028/1028
f 933/933/933 934/934/934 1030/1030/1030
f 933/933/933 1030/1030/1030 1029/1029/1029
f 934/934/934 935/935/935 1031/1031/1031
f 934/934/934 1031/1031/1031 1030/1030/1030
f 935/935/935 936/936/936 1032/1032/1032
f 935/935/935 1032/1032/1032 1031/1031/1031
f 936/936/936 937/937/937 1033/1033/1033
f 936/936/936 1033/1033/1033 1032/1032/1032
f 937/937/937 938/938/938 1034/1034/1034
f 937/937/937 1034/1034/1034 1033/1033/1033
f 938/938/938 939/939/939 1035/1035/1035
f 938/938/938 1035/1035/1035 1034/1034/1034
f 939/939/939 940/940/940 1036/1036/1036
f 939/939/939 1036/1036/1036 1035/1035/1035
f 940/940/940 941/941/941 1037/1037/1037
f 940/940/940 1037/1037/1037 1036/1036/1036
f 941/941/941 942/942/942 1038/1038/1038
f 941/941/941 1038/1038/1038 1037/1037/1037
f 942/942/942 943/943/943 1039/1039/1039
f 942/942/942 1039/1039/1039 1038/1038/1038
f 943/943/943 944/944/944 1040/1040/1040
f 943/943/943 1040/1040/1040 1039/1039/1039
f 944/944/944 945/945/945 1041/1041/1041
f 944/944/944 1041/1041/1041 1040/1040/1040
f 945/945/945 946/946/946 1042/1042/1042
f 945/945/945 1042/1042/1042 1041/1041/1041
f 946/946/946 947/947/947 1043/1043/1043
f 946/946/946 1043/1043/1043 1042/1042/1042
f 947/947/947 948/948/948 1044/1044/1044
f 947/947/947 1044/1044/1044 1043/1043/1043
f 948/948/948 949/949/949 1045/1045/1045
f 948/948/948 1045/1045/1045 1044/1044/1044
f 949/949/949 950/950/950 1046/1046/1046
f 949/949/949 1046/1046/1046 1045/1045/1045
f 950/950/950 951/951/951 1047/1047/1047
f 950/950/950 1047/1047/1047 1046/1046/1046
f 951/951/951 952/952/952 1048/1048/1048
f 951/951/951 1048/1048/1048 1047/1047/1047
f 952/952/952 953/953/953 1049/1049/1049
f 952/952/952 1049/1049/1049 1048/1048/1048
f 953/953/953 954/954/954 1050/1050/1050
f 953/953/953 1050/1050/1050 1049/1049/1049
f 954/954/954 955/955/955 1051/1051/1051
f 954/954/954 1051/1051/1051 1050/1050/1050
f 955/955/955 956/956/956 1052/1052/1052
f 955/955/955 1052/1052/1052 1051/1051/1051
f 956/956/956 957/957/957 1053/1053/1053
f 956/956/956 1053/1053/1053 1052/1052/1052
f 957/957/957 958/958/958 1054/1054/1054
f 957/957/957 1054/1054/1054 1053/1053/1053
f 958/958/958 959/959/959 1055/1055/1055
f 958/958/958 1055/1055/1055 1054/1054/1054
f 959/959/959 960/960/960 1056/1056/1056
f 959/959/959 1056/1056/1056 1055/1055/1055
f 960/960/960 865/865/865 961/961/961
f 960/960/960 961/961/961 1056/1056/1056
f 961/961/961 962/962/962 1058/1058/1058
f 961/961/961 1058/1058/1058 1057/1057/1057
f 962/962/962 963/963/963 1059/1059/1059
f 962/962/962 1059/1059/1059 1058/1058/1058
f 963/963/963 964/964/964 1060/1060/1060
f 963/963/963 1060/1060/1060 1059/1059/1059
f 964/964/964 965/965/965 1061/1061/1061
f 964/964/964 1061/1061/1061 1060/1060/1060
f 965/965/965 966/966/966 1062/1062/1062
f 965/965/965 1062/1062/1062 1061/1061/1061
f 966/966/966 967/967/967 1063/1063/1063
f 966/966/966 1063/1063/1063 1062/1062/1062
f 967/967/967 968/968/968 1064/1064/1064
f 967/967/967 1064/1064/1064 1063/1063/1063
f 968/968/968 969/969/969 1065/1065/1065
f 968/968/968 1065/1065/1065 1064/1064/1064
f 969/969/969 970/970/970 1066/1066/1066
f 969/969/969 1066/1066/1066 1065/1065/1065
f 970/970/970 971/971/971 1067/1067/1067
f 970/970/970 1067/1067/1067 1066/1066/1066
f 971/971/971 972/972/972 1068/1068/1068
f 971/971/971 1068/1068/1068 1067/1067/1067
f 972/972/972 973/973/973 1069/1069/1069
f 972/972/972 1069/1069/1069 1068/1068/1068
f 973/973/973 974/974/974 1070/1070/1070
f 973/973/973 1070/1070/1070 1069/1069/1069
f 974/974/974 975/975/975 1071/1071/1071
f 974/974/974 1071/1071/1071 1070/1070/1070
f 975/975/975 976/976/976 1072/1072/1072
f 975/975/975 1072/1072/1072 1071/1071/1071
f 976/976/976 977/977/977 1073/1073/1073
f 976/976/976 1073/1073/1073 1072/1072/1072
f 977/977/977 978/978/978 1074/1074/1074
f 977/977/977 1074/1074/1074 1073/1073/1073
f 978/978/978 979/979/979 1075/1075/1075
f 978/978/978 1075/1075/1075 1074/1074/1074
f 979/979/979 980/980/980 1076/1076/1076
f 979/979/979 1076/1076/1076 1075/1075/1075
f 980/980/980 981/981/981 1077/1077/1077
f 980/980/980 1077/1077/1077 1076/1076/1076
f 981/981/981 982/982/982 1078/1078/1078
f 981/981/981 1078/1078/1078 1077/1077/1077
f 982/982/982 983/983/983 1079/1079/1079
f 982/982/982 1079/1079/1079 1078/1078/1078
f 983/983/983 984/984/984 1080/1080/1080
f 983/983/983 1080/1080/1080 1079/1079/1079
f 984/984/984 985/985/985 1081/1081/1081
f 984/984/984 1081/1081/1081 1080/1080/1080
f 985/985/985 986/986/986 1082/1082/1082
f 985/985/985 1082/1082/1082 1081/1081/1081
f 986/986/986 987/987/987 1083/1083/1083
f 986/986/986 1083/1083/1083 1082/1082/1082
f 987/987/987 988/988/988 1084/1084/1084
f 987/987/987 1084/1084/1084 1083/1083/1083
f 988/988/988 989/989/989 1085/1085/1085
f 988/988/988 1085/1085/1085 1084/1084/1084
f 989/989/989 990/990/990 1086/1086/1086
f 989/989/989 1086/1086/1086 1085/1085/1085
f 990/990/990 991/991/991 1087/1087/1087
f 990/990/990 1087/1087/1087 1086/1086/1086
f 991/991/991 992/992/992 1088/1088/1088
f 991/991/991 1088/1088/1088 1087/1087/1087
f 992/992/992 993/993/993 1089/1089/1089
f 992/992/992 1089/1089/1089 1088/1088/1088
f 993/993/993 994/994/994 1090/1090/1090
f 993/993/993 1090/1090/1090 1089/1089/1089
f 994/994/994 995/995/995 1091/1091/1091
f 994/994/994 1091/1091/1091 1090/1090/1090
f 995/995/995 996/996/996 1092/1092/1092
f 995/995/995 1092/1092/1092 1091/1091/1091
f 996/996/996 997/997/997 1093/1093/1093
f 996/996/996 1093/1093/1093 1092/1092/1092
f 997/997/997 998/998/998 1094/1094/1094
f 997/997/997 1094/1094/1094 1093/1093/1093
f 998/998/998 999/999/999 1095/1095/1095
f 998/998/998 1095/1095/1095 1094/1094/1094
f 999/999/999 1000/1000/1000 1096/1096/1096
f 999/999/999 1096/1096/1096 1095/1095/1095
f 1000/1000/1000 1001/1001/1001 1097/1097/1097
f 1000/1000/1000 1097/1097/1097 1096/1096/1096
f 1001/1001/1001 1002/1002/1002 1098/1098/1098
f 1001/1001/1001 1098/1098/1098 1097/1097/1097
f 1002/1002/1002 1003/1003/1003 1099/1099/1099
f 1002/1002/1002 1099/1099/1099 1098/1098/1098
f 1003/1003/1003 1004/1004/1004 1100/1100/1100
f 1003/1003/1003 1100/1100/1100 1099/1099/1099
f 1004/1004/1004 1005/1005/1005 1101/1101/1101
f 1004/1004/1004 1101/1101/1101 1100/1100/1100
f 1005/1005/1005 1006/1006/1006 1102/1102/1102
f 1005/1005/1005 1102/1102/1102 1101/1101/1101
f 1006/1006/1006 1007/1007/1007 1103/1103/1103
f 1006/1006/1006 1103/1103/1103 1102/1102/1102
f 1007/1007/1007 1008/1008/1008 1104/1104/1104
f 1007/1007/1007 1104/1104/1104 1103/1103/1103
f 1008/1008/1008 1009/1009/1009 1105/1105/1105
f 1008/1008/1008 1105/1105/1105 1104/1104/1104
f 1009/1009/1009 1010/1010/1010 1106/1106/1106
f 1009/1009/1009 1106/1106/1106 1105/1105/1105
f 1010/1010/1010 1011/1011/1011 1107/1107/1107
f 1010/1010/1010 1107/1107/1107 1106/1106/1106
f 1011/1011/1011 1012/1012/1012 1108/1108/1108
f 1011/1011/1011 1108/1108/1108 1107/1107/1107
f 1012/1012/1012 1013/1013/1013 1109/1109/1109
f 1012/1012/1012 1109/1109/1109 1108/1108/1108
f 1013/1013/1013 1014/1014/1014 1110/1110/1110
f 1013/1013/1013 1110/1110/1110 1109/1109/1109
f 1014/1014/1014 1015/1015/1015 1111/1111/1111
f 1014/1014/1014 1111/1111/1111 1110/1110/1110
f 1015/1015/1015 1016/1016/1016 1112/1112/1112
f 1015/1015/1015 1112/1112/1112 1111/1111/1111
f 1016/1016/1016 1017/1017/1017 1113/1113/1113
f 1016/1016/1016 1113/1113/1113 1112/1112/1112
f 1017/1017/1017 1018/1018/1018 1114/1114/1114
f 1017/1017/1017 1114/1114/1114 1113/1113/1113
f 1018/1018/1018 1019/1019/1019 1115/1115/1115
f 1018/1018/1018 1115/1115/1115 1114/1114/1114
f 1019/1019/1019 1020/1020/1020 1116/1116/1116
f 1019/1019/1019 1116/1116/1116 1115/1115/1115
f 1020/1020/1020 1021/1021/1021 1117/1117/1117
f 1020/1020/1020 1117/1117/1117 1116/1116/1116
f 1021/1021/1021 1022/1022/1022 1118/1118/1118
f 1021/1021/1021 1118/1118/1118 1117/1117/1117
f 1022/1022/1022 1023/1023/1023 1119/1119/1119
f 1022/1022/1022 1119/1119/1119 1118/1118/1118
f 1023/1023/1023 1024/1024/1024 1120/1120/1120
f 1023/1023/1023 1120/1120/1120 1119/1119/1119
f 1024/1024/1024 1025/1025/1025 1121/1121/1121
f 1024/1024/1024 1121/1121/1121 1120/1120/1120
f 1025/1025/1025 1026/1026/1026 1122/1122/1122
f 1025/1025/1025 1122/1122/1122 1121/1121/1121
f 1026/1026/1026 1027/1027/1027 1123/1123/1123
f 1026/1026/1026 1123/1123/1123 1122/1122/1122
f 1027/1027/1027 1028/1028/1028 1124/1124/1124
f 1027/1027/1027 1124/1124/1124 1123/1123/1123
f 1028/1028/1028 1029/1029/1029 1125/1125/1125
f 1028/1028/1028 1125/1125/1125 1124/1124/1124
f 1029/1029/1029 1030/1030/1030 1126/1126/1126
f 1029/1029/1029 1126/1126/1126 1125/1125/1125
f 1030/1030/1030 1031/1031/1031 1127/1127/1127
f 1030/1030/1030 1127/1127/1127 1126/1126/1126
f 1031/1031/1031 1032/1032/1032 1128/1128/1128
f 1031/1031/1031 1128/1128/1128 1127/1127/1127
f 1032/1032/1032 1033/1033/1033 1129/1129/1129
f 1032/1032/1032 1129/1129/1129 1128/1128/1128
f 1033/1033/1033 1034/1034/1034 1130/1130/1130
f 1033/1033/1033 1130/1130/1130 1129/1129/1129
f 1034/1034/1034 1035/1035/1035 1131/1131/1131
f 1034/1034/1034 1131/1131/1131 1130/1130/1130
f 1035/1035/1035 1036/1036/1036 1132/1132/1132
f 1035/1035/1035 1132/1132/1132 1131/1131/1131
f 1036/1036/1036 1037/1037/1037 1133/1133/1133
f 1036/1036/1036 1133/1133/1133 1132/1132/1132
f 1037/1037/1037 1038/1038/1038 1134/1134/1134
f 1037/1037/1037 1134/1134/1134 1133/1133/1133
f 1038/1038/1038 1039/1039/1039 1135/1135/1135
f 1038/1038/1038 1135/1135/1135 1134/1134/1134
f 1039/1039/1039 1040/1040/1040 1136/1136/1136
f 1039/1039/1039 1136/1136/1136 1135/1135/1135
f 1040/1040/1040 1041/1041/1041 1137/1137/1137
f 1040/1040/1040 1137/1137/1137 1136/1136/1136
f 1041/1041/1041 1042/1042/1042 1138/1138/1138
f 1041/1041/1041 1138/1138/1138 1137/1137/1137
f 1042/1042/1042 1043/1043/1043 1139/1139/1139
f 1042/1042/1042 1139/1139/1139 1138/1138/1138
f 1043/1043/1043 1044/1044/1044 1140/1140/1140
f 1043/1043/1043 1140/1140/1140 1139/1139/1139
f 1044/1044/1044 1045/1045/1045 1141/1141/1141
f 1044/1044/1044 1141/1141/1141 1140/1140/1140
f 1045/1045/1045 1046/1046/1046 1142/1142/1142
f 1045/1045/1045 1142/1142/1142 1141/1141/1141
f 1046/1046/1046 1047/1047/1047 1143/1143/1143
f 1046/1046/1046 1143/1143/1143 1142/1142/1142
f 1047/1047/1047 1048/1048/1048 1144/1144/1144
f 1047/1047/1047 1144/1144/1144 1143/1143/1143
f 1048/1048/1048 1049/1049/1049 1145/1145/1145
f 1048/1048/1048 1145/1145/1145 1144/1144/1144
f 1049/1049/1049 1050/1050/1050 1146/1146/1146
f 1049/1049/1049 1146/1146/1146 1145/1145/1145
f 1050/1050/1050 1051/1051/1051 1147/1147/1147
f 1050/1050/1050 1147/1147/1147 1146/1146/1146
f 1051/1051/1051 1052/1052/1052 1148/1148/1148
f 1051/1051/1051 1148/1148/1148 1147/1147/1147
f 1052/1052/1052 1053/1053/1053 1149/1149/1149
f 1052/1052/1052 1149/1149/1149 1148/1148/1148
f 1053/1053/1053 1054/1054/1054 1150/1150/1150
f 1053/1053/1053 1150/1150/1150 1149/1149/1149
f 1054/1054/1054 1055/1055/1055 1151/1151/1151
f 1054/1054/1054 1151/1151/1151 1150/1150/1150
f 1055/1055/1055 1056/1056/1056 1152/1152/1152
f 1055/1055/1055 1152/1152/1152 1151/1151/1151
f 1056/1056/1056 961/961/961 1057/1057/1057
f 1056/1056/1056 1057/1057/1057 1152/1152/1152
f 1057/1057/1057 1058/1058/1058 1154/1154/1154
f 1057/1057/1057 1154/1154/1154 1153/1153/1153
f 1058/1058/1058 1059/1059/1059 1155/1155/1155
f 1058/1058/1058 1155/1155/1155 1154/1154/1154
f 1059/1059/1059 1060/1060/1060 1156/1156/1156
f 1059/1059/1059 1156/1156/1156 1155/1155/1155
f 1060/1060/1060 1061/1061/1061 1157/1157/1157
f 1060/1060/1060 1157/1157/1157 1156/1156/1156
f 1061/1061/1061 1062/1062/1062 1158/1158/1158
f 1061/1061/1061 1158/1158/1158 1157/1157/1157
f 1062/1062/1062 1063/1063/1063 1159/1159/1159
f 1062/1062/1062 1159/1159/1159 1158/1158/1158
f 1063/1063/1063 1064/1064/1064 1160/1160/1160
f 1063/1063/1063 1160/1160/1160 1159/1159/1159
f 1064/1064/1064 1065/1065/1065 1161/1161/1161
f 1064/1064/1064 1161/1161/1161 1160/1160/1160
f 1065/1065/1065 1066/1066/1066 1162/1162/1162
f 1065/1065/1065 1162/1162/1162 1161/1161/1161
f 1066/1066/1066 1067/1067/1067 1163/1163/1163
f 1066/1066/1066 1163/1163/1163 1162/1162/1162
f 1067/1067/1067 1068/1068/1068 1164/1164/1164
f 1067/1067/1067 1164/1164/1164 1163/1163/1163
f 1068/1068/1068 1069/1069/1069 1165/1165/1165
f 1068/1068/1068 1165/1165/1165 1164/1164/1164
f 1069/1069/1069 1070/1070/1070 1166/1166/1166
f 1069/1069/1069 1166/1166/1166 1165/1165/1165
f 1070/1070/1070 1071/1071/1071 1167/1167/1167
f 1070/1070/1070 1167/1167/1167 1166/1166/1166
f 1071/1071/1071 1072/1072/1072 1168/1168/1168
f 1071/1071/1071 1168/1168/1168 1167/1167/1167
f 1072/1072/1072 1073/1073/1073 1169/1169/1169
f 1072/1072/1072 1169/1169/1169 1168/1168/1168
f 1073/1073/1073 1074/1074/1074 1170/1170/1170
f 1073/1073/1073 1170/1170/1170 1169/1169/1169
f 1074/1074/1074 1075/1075/1075 1171/1171/1171
f 1074/1074/1074 1171/1171/1171 1170/1170/1170
f 1075/1075/1075 1076/1076/1076 1172/1172/1172
f 1075/1075/1075 1172/1172/1172 1171/1171/1171
f 1076/1076/1076 1077/1077/1077 1173/1173/1173
f 1076/1076/1076 1173/1173/1173 1172/1172/1172
f 1077/1077/1077 1078/1078/1078 1174/1174/1174
f 1077/1077/1077 1174/1174/1174 1173/1173/1173
f 1078/1078/1078 1079/1079/1079 1175/1175/1175
f 1078/1078/1078 1175/1175/1175 1174/1174/1174
f 1079/1079/1079 1080/1080/1080 1176/1176/1176
f 1079/1079/1079 1176/1176/1176 1175/1175/1175
f 1080/1080/1080 1081/1081/1081 1177/1177/1177
f 1080/1080/1080 1177/1177/1177 1176/1176/1176
f 1081/1081/1081 1082/1082/1082 1178/1178/1178
f 1081/1081/1081 1178/1178/1178 1177/1177/1177
f 1082/1082/1082 1083/1083/1083 1179/1179/1179
f 1082/1082/1082 1179/1179/1179 1178/1178/1178
f 1083/1083/1083 1084/1084/1084 1180/1180/1180
f 1083/1083/1083 1180/1180/1180 1179/1179/1179
f 1084/1084/1084 1085/1085/1085 1181/1181/1181
f 1084/1084/1084 1181/1181/1181 1180/1180/1180
f 1085/1085/1085 1086/1086/1086 1182/1182/1182
f 1085/1085/1085 1182/1182/1182 1181/1181/1181
f 1086/1086/1086 1087/1087/1087 1183/1183/1183
f 1086/1086/1086 1183/1183/1183 1182/1182/1182
f 1087/1087/1087 1088/1088/1088 1184/1184/1184
f 1087/1087/1087 1184/1184/1184 1183/1183/1183
f 1088/1088/1088 1089/1089/1089 1185/1185/1185
f 1088/1088/1088 1185/1185/1185 1184/1184/1184
f 1089/1089/1089 1090/1090/1090 1186/1186/1186
f 1089/1089/1089 1186/1186/1186 1185/1185/1185
f 1090/1090/1090 1091/1091/1091 1187/1187/1187
f 1090/1090/1090 1187/1187/1187 1186/1186/1186
f 1091/1091/1091 1092/1092/1092 1188/1188/1188
f 1091/1091/1091 1188/1188/1188 1187/1187/1187
f 1092/1092/1092 1093/1093/1093 1189/1189/1189
f 1092/1092/1092 1189/1189/1189 1188/1188/1188
f 1093/1093/1093 1094/1094/1094 1190/1190/1190
f 1093/1093/1093 1190/1190/1190 1189/1189/1189
f 1094/1094/1094 1095/1095/1095 1191/1191/1191
f 1094/1094/1094 1191/1191/1191 1190/1190/1190
f 1095/1095/1095 1096/1096/1096 1192/1192/1192
f 1095/1095/1095 1192/1192/1192 1191/1191/1191
f 1096/1096/1096 1097/1097/1097 1193/1193/1193
f 1096/1096/1096 1193/1193/1193 1192/1192/1192
f 1097/1097/1097 1098/1098/1098 1194/1194/1194
f 1097/1097/1097 1194/1194/1194 1193/1193/1193
f 1098/1098/1098 1099/1099/1099 1195/1195/1195
f 1098/1098/1098 1195/1195/1195 1194/1194/1194
f 1099/1099/1099 1100/1100/1100 1196/1196/1196
f 1099/1099/1099 1196/1196/1196 1195/1195/1195
f 1100/1100/1100 1101/1101/1101 1197/1197/1197
f 1100/1100/1100 1197/1197/1197 1196/1196/1196
f 1101/1101/1101 1102/1102/1102 1198/1198/1198
f 1101/1101/1101 1198/1198/1198 1197/1197/1197
f 1102/1102/1102 1103/1103/1103 1199/1199/1199
f 1102/1102/1102 1199/1199/1199 1198/1198/1198
f 1103/1103/1103 1104/1104/1104 1200/1200/1200
f 1103/1103/1103 1200/1200/1200 1199/1199/1199
f 1104/1104/1104 1105/1105/1105 1201/1201/1201
f 1104/1104/1104 1201/1201/1201 1200/1200/1200
f 1105/1105/1105 1106/1106/1106 1202/1202/1202
f 1105/1105/1105 1202/1202/1202 1201/1201/1201
f 1106/1106/1106 1107/1107/1107 1203/1203/1203
f 1106/1106/1106 1203/1203/1203 1202/1202/1202
f 1107/1107/1107 1108/1108/1108 1204/1204/1204
f 1107/1107/1107 1204/1204/1204 1203/1203/1203
f 1108/1108/1108 1109/1109/1109 1205/1205/1205
f 1108/1108/1108 1205/1205/1205 1204/1204/1204
f 1109/1109/1109 1110/1110/1110 1206/1206/1206
f 1109/1109/1109 1206/1206/1206 1205/1205/1205
f 1110/1110/1110 1111/1111/1111 1207/1207/1207
f 1110/1110/1110 1207/1207/1207 1206/1206/1206
f 1111/1111/1111 1112/1112/1112 1208/1208/1208
f 1111/1111/1111 1208/1208/1208 1207/1207/1207
f 1112/1112/1112 1113/1113/1113 1209/1209/1209
f 1112/1112/1112 1209/1209/1209 1208/1208/1208
f 1113/1113/1113 1114/1114/1114 1210/1210/1210
f 1113/1113/1113 1210/1210/1210 1209/1209/1209
f 1114/1114/1114 1115/1115/1115 1211/1211/1211
f 1114/1114/1114 1211/1211/1211 1210/1210/1210
f 1115/1115/1115 1116/1116/1116 1212/1212/1212
f 1115/1115/1115 1212/1212/1212 1211/1211/1211
f 1116/1116/1116 1117/1117/1117 1213/1213/1213
f 1116/1116/1116 1213/1213/1213 1212/1212/1212
f 1117/1117/1117 1118/1118/1118 1214/1214/1214
f 1117/1117/1117 1214/1214/1214 1213/1213/1213
f 1118/1118/1118 1119/1119/1119 1215/1215/1215
f 1118/1118/1118 1215/1215/1215 1214/1214/1214
f 1119/1119/1119 1120/1120/1120 1216/1216/1216
f 1119/1119/1119 1216/1216/1216 1215/1215/1215
f 1120/1120/1120 1121/1121/1121 1217/1217/1217
f 1120/1120/1120 1217/1217/1217 1216/1216/1216
f 1121/1121/1121 1122/1122/1122 1218/1218/1218
f 1121/1121/1121 1218/1218/1218 1217/1217/1217
f 1122/1122/1122 1123/1123/1123 1219/1219/1219
f 1122/1122/1122 1219/1219/1219 1218/1218/1218
f 1123/1123/1123 1124/1124/1124 1220/1220/1220
f 1123/1123/1123 1220/1220/1220 1219/1219/1219
f 1124/1124/1124 1125/1125/1125 1221/1221/1221
f 1124/1124/1124 1221/1221/1221 1220/1220/1220
f 1125/1125/1125 1126/1126/1126 1222/1222/1222
f 1125/1125/1125 1222/1222/1222 1221/1221/1221
f 1126/1126/1126 1127/1127/1127 1223/1223/1223
f 1126/1126/1126 1223/1223/1223 1222/1222/1222
f 1127/1127/1127 1128/1128/1128 1224/1224/1224
f 1127/1127/1127 1224/1224/1224 1223/1223/1223
f 1128/1128/1128 1129/1129/1129 1225/1225/1225
f 1128/1128/1128 1225/1225/1225 1224/1224/1224
f 1129/1129/1129 1130/1130/1130 1226/1226/1226
f 1129/1129/1129 1226/1226/1226 1225/1225/1225
f 1130/1130/1130 1131/1131/1131 1227/1227/1227
f 1130/1130/1130 1227/1227/1227 1226/1226/1226
f 1131/1131/1131 1132/1132/1132 1228/1228/1228
f 1131/1131/1131 1228/1228/1228 1227/1227/1227
f 1132/1132/1132 1133/1133/1133 1229/1229/1229
f 1132/1132/1132 1229/1229/1229 1228/1228/1228
f 1133/1133/1133 1134/1134/1134 1230/1230/1230
f 1133/1133/1133 1230/1230/1230 1229/1229/1229
f 1134/1134/1134 1135/1135/1135 1231/1231/1231
f 1134/1134/1134 1231/1231/1231 1230/1230/1230
f 1135/1135/1135 1136/1136/1136 1232/1232/1232
f 1135/1135/1135 1232/1232/1232 1231/1231/1231
f 1136/1136/1136 1137/1137/1137 1233/1233/1233
f 1136/1136/1136 1233/1233/1233 1232/1232/1232
f 1137/1137/1137 1138/1138/1138 1234/1234/1234
f 1137/1137/1137 1234/1234/1234 1233/1233/1233
f 1138/1138/1138 1139/1139/1139 1235/1235/1235
f 1138/1138/1138 1235/1235/1235 1234/1234/1234
f 1139/1139/1139 1140/1140/1140 1236/1236/1236
f 1139/1139/1139 1236/1236/1236 1235/1235/1235
f 1140/1140/1140 1141/1141/1141 1237/1237/1237
f 1140/1140/1140 1237/1237/1237 1236/1236/1236
f 1141/1141/1141 1142/1142/1142 1238/1238/1238
f 1141/1141/1141 1238/1238/1238 1237/1237/1237
f 1142/1142/1142 1143/1143/1143 1239/1239/1239
f 1142/1142/1142 1239/1239/1239 1238/1238/1238
f 1143/1143/1143 1144/1144/1144 1240/1240/1240
f 1143/1143/1143 1240/1240/1240 1239/1239/1239
f 1144/1144/1144 1145/1145/1145 1241/1241/1241
f 1144/1144/1144 1241/1241/1241 1240/1240/1240
f 1145/1145/1145 1146/1146/1146 1242/1242/1242
f 1145/1145/1145 1242/1242/1242 1241/1241/1241
f 1146/1146/1146 1147/1147/1147 1243/1243/1243
f 1146/1146/1146 1243/1243/1243 1242/1242/1242
f 1147/1147/1147 1148/1148/1148 1244/1244/1244
f 1147/1147/1147 1244/1244/1244 1243/1243/1243
f 1148/1148/1148 1149/1149/1149 1245/1245/1245
f 1148/1148/1148 1245/1245/1245 1244/1244/1244
f 1149/1149/1149 1150/1150/1150 1246/1246/1246
f 1149/1149/1149 1246/1246/1246 1245/1245/1245
f 1150/1150/1150 1151/1151/1151 1247/1247/1247
f 1150/1150/1150 1247/1247/1247 1246/1246/1246
f 1151/1151/1151 1152/1152/1152 1248/1248/1248
f 1151/1151/1151 1248/1248/1248 1247/1247/1247
f 1152/1152/1152 1057/1057/1057 1153/1153/1153
f 1152/1152/1152 1153/1153/1153 1248/1248/1248
f 1153/1153/1153 1154/1154/1154 1250/1250/1250
f 1153/1153/1153 1250/1250/1250 1249/1249/1249
f 1154/1154/1154 1155/1155/1155 1251/1251/1251
f 1154/1154/1154 1251/1251/1251 1250/1250/1250
f 1155/1155/1155 1156/1156/1156 1252/1252/1252
f 1155/1155/1155 1252/1252/1252 1251/1251/1251
f 1156/1156/1156 1157/1157/1157 1253/1253/1253
f 1156/1156/1156 1253/1253/1253 1252/1252/1252
f 1157/1157/1157 1158/1158/1158 1254/1254/1254
f 1157/1157/1157 1254/1254/1254 1253/1253/1253
f 1158/1158/1158 1159/1159/1159 1255/1255/1255
f 1158/1158/1158 1255/1255/1255 1254/1254/1254
f 1159/1159/1159 1160/1160/1160 1256/1256/1256
f 1159/1159/1159 1256/1256/1256 1255/1255/1255
f 1160/1160/1160 1161/1161/1161 1257/1257/1257
f 1160/1160/1160 1257/1257/1257 1256/1256/1256
f 1161/1161/1161 1162/1162/1162 1258/1258/1258
f 1161/1161/1161 1258/1258/1258 1257/1257/1257
f 1162/1162/1162 1163/1163/1163 1259/1259/1259
f 1162/1162/1162 1259/1259/1259 1258/1258/1258
f 1163/1163/1163 1164/1164/1164 1260/1260/1260
f 1163/1163/1163 1260/1260/1260 1259/1259/1259
f 1164/1164/1164 1165/1165/1165 1261/1261/1261
f 1164/1164/1164 1261/1261/1261 1260/1260/1260
f 1165/1165/1165 1166/1166/1166 1262/1262/1262
f 1165/1165/1165 1262/1262/1262 1261/1261/1261
f 1166/1166/1166 1167/1167/1167 1263/1263/1263
f 1166/1166/1166 1263/1263/1263 1262/1262/1262
f 1167/1167/1167 1168/1168/1168 1264/1264/1264
f 1167/1167/1167 1264/1264/1264 1263/1263/1263
f 1168/1168/1168 1169/1169/1169 1265/1265/1265
f 1168/1168/1168 1265/1265/1265 1264/1264/1264
f 1169/1169/1169 1170/1170/1170 1266/1266/1266
f 1169/1169/1169 1266/1266/1266 1265/1265/1265
f 1170/1170/1170 1171/1171/1171 1267/1267/1267
f 1170/1170/1170 1267/1267/1267 1266/1266/1266
f 1171/1171/1171 1172/1172/1172 1268/1268/1268
f 1171/1171/1171 1268/1268/1268 1267/1267/1267
f 1172/1172/1172 1173/1173/1173 1269/1269/1269
f 1172/1172/1172 1269/1269/1269 1268/1268/1268
f 1173/1173/1173 1174/1174/1174 1270/1270/1270
f 1173/1173/1173 1270/1270/1270 1269/1269/1269
f 1174/1174/1174 1175/1175/1175 1271/1271/1271
f 1174/1174/1174 1271/1271/1271 1270/1270/1270
f 1175/1175/1175 1176/1176/1176 1272/1272/1272
f 1175/1175/1175 1272/1272/1272 1271/1271/1271
f 1176/1176/1176 1177/1177/1177 1273/1273/1273
f 1176/1176/1176 1273/1273/1273 1272/1272/1272
f 1177/1177/1177 1178/1178/1178 1274/1274/1274
f 1177/1177/1177 1274/1274/1274 1273/1273/1273
f 1178/1178/1178 1179/1179/1179 1275/1275/1275
f 1178/1178/1178 1275/1275/1275 1274/1274/1274
f 1179/1179/1179 1180/1180/1180 1276/1276/1276
f 1179/1179/1179 1276/1276/1276 1275/1275/1275
f 1180/1180/1180 1181/1181/1181 1277/1277/1277
f 1180/1180/1180 1277/1277/1277 1276/1276/1276
f 1181/1181/1181 1182/1182/1182 1278/1278/1278
f 1181/1181/1181 1278/1278/1278 1277/1277/1277
f 1182/1182/1182 1183/1183/1183 1279/1279/1279
f 1182/1182/1182 1279/1279/1279 1278/1278/1278
f 1183/1183/1183 1184/1184/1184 1280/1280/1280
f 1183/1183/1183 1280/1280/1280 1279/1279/1279
f 1184/1184/1184 1185/1185/1185 1281/1281/1281
f 1184/1184/1184 1281/1281/1281 1280/1280/1280
f 1185/1185/1185 1186/1186/1186 1282/1282/1282
f 1185/1185/1185 1282/1282/1282 1281/1281/1281
f 1186/1186/1186 1187/1187/1187 1283/1283/1283
f 1186/1186/1186 1283/1283/1283 1282/1282/1282
f 1187/1187/1187 1188/1188/1188 1284/1284/1284
f 1187/1187/1187 1284/1284/1284 1283/1283/1283
f 1188/1188/1188 1189/1189/1189 1285/1285/1285
f 1188/1188/1188 1285/1285/1285 1284/1284/1284
f 1189/1189/1189 1190/1190/1190 1286/1286/1286
f 1189/1189/1189 1286/1286/1286 1285/1285/1285
f 1190/1190/1190 1191/1191/1191 1287/1287/1287
f 1190/1190/1190 1287/1287/1287 1286/1286/1286
f 1191/1191/1191 1192/1192/1192 1288/1288/1288
f 1191/1191/1191 1288/1288/1288 1287/1287/1287
f 1192/1192/1192 1193/1193/1193 1289/1289/1289
f 1192/1192/1192 1289/1289/1289 1288/1288/1288
f 1193/1193/1193 1194/1194/1194 1290/1290/1290
f 1193/1193/1193 1290/1290/1290 1289/1289/1289
f 1194/1194/1194 1195/1195/1195 1291/1291/1291
f 1194/1194/1194 1291/1291/1291 1290/1290/1290
f 1195/1195/1195 1196/1196/1196 1292/1292/1292
f 1195/1195/1195 1292/1292/1292 1291/1291/1291
f 1196/1196/1196 1197/1197/1197 1293/1293/1293
f 1196/1196/1196 1293/1293/1293 1292/1292/1292
f 1197/1197/1197 1198/1198/1198 1294/1294/1294
f 1197/1197/1197 1294/1294/1294 1293/1293/1293
f 1198/1198/1198 1199/1199/1199 1295/1295/1295
f 1198/1198/1198 1295/1295/1295 1294/1294/1294
f 1199/1199/1199 1200/1200/1200 1296/1296/1296
f 1199/1199/1199 1296/1296/1296 1295/1295/1295
f 1200/1200/1200 1201/1201/1201 1297/1297/1297
f 1200/1200/1200 1297/1297/1297 1296/1296/1296
f 1201/1201/1201 1202/1202/1202 1298/1298/1298
f 1201/1201/1201 1298/1298/1298 1297/1297/1297
f 1202/1202/1202 1203/1203/1203 1299/1299/1299
f 1202/1202/1202 1299/1299/1299 1298/1298/1298
f 1203/1203/1203 1204/1204/1204 1300/1300/1300
f 1203/1203/1203 1300/1300/1300 1299/1299/1299
f 1204/1204/1204 1205/1205/1205 1301/1301/1301
f 1204/1204/1204 1301/1301/1301 1300/1300/1300
f 1205/1205/1205 1206/1206/1206 1302/1302/1302
f 1205/1205/1205 1302/1302/1302 1301/1301/1301
f 1206/1206/1206 1207/1207/1207 1303/1303/1303
f 1206/1206/1206 1303/1303/1303 1302/1302/1302
f 1207/1207/1207 1208/1208/1208 1304/1304/1304
f 1207/1207/1207 1304/1304/1304 1303/1303/1303
f 1208/1208/1208 1209/1209/1209 1305/1305/1305
f 1208/1208/1208 1305/1305/1305 1304/1304/1304
f 1209/1209/1209 1210/1210/1210 1306/1306/1306
f 1209/1209/1209 1306/1306/1306 1305/1305/1305
f 1210/1210/1210 1211/1211/1211 1307/1307/1307
f 1210/1210/1210 1307/1307/1307 1306/1306/1306
f 1211/1211/1211 1212/1212/1212 1308/1308/1308
f 1211/1211/1211 1308/1308/1308 1307/1307/1307
f 1212/1212/1212 1213/1213/1213 1309/1309/1309
f 1212/1212/1212 1309/1309/1309 1308/1308/1308
f 1213/1213/1213 1214/1214/1214 1310/1310/1310
f 1213/1213/1213 1310/1310/1310 1309/1309/1309
f 1214/1214/1214 1215/1215/1215 1311/1311/1311
f 1214/1214/1214 1311/1311/1311 1310/1310/1310
f 1215/1215/1215 1216/1216/1216 1312/1312/1312
f 1215/1215/1215 1312/1312/1312 1311/1311/1311
f 1216/1216/1216 1217/1217/1217 1313/1313/1313
f 1216/1216/1216 1313/1313/1313 1312/1312/1312
f 1217/1217/1217 1218/1218/1218 1314/1314/1314
f 1217/1217/1217 1314/1314/1314 1313/1313/1313
f 1218/1218/1218 1219/1219/1219 1315/1315/1315
f 1218/1218/1218 1315/1315/1315 1314/1314/1314
f 1219/1219/1219 1220/1220/1220 1316/1316/1316
f 1219/1219/1219 1316/1316/1316 1315/1315/1315
f 1220/1220/1220 1221/1221/1221 1317/1317/1317
f 1220/1220/1220 1317/1317/1317 1316/1316/1316
f 1221/1221/1221 1222/1222/1222 1318/1318/1318
f 1221/1221/1221 1318/1318/1318 1317/1317/1317
f 1222/1222/1222 1223/1223/1223 1319/1319/1319
f 1222/1222/1222 1319/1319/1319 1318/1318/1318
f 1223/1223/1223 1224/1224/1224 1320/1320/1320
f 1223/1223/1223 1320/1320/1320 1319/1319/1319
f 1224/1224/1224 1225/1225/1225 1321/1321/1321
f 1224/1224/1224 1321/1321/1321 1320/1320/1320
f 1225/1225/1225 1226/1226/1226 1322/1322/1322
f 1225/1225/1225 1322/1322/1322 1321/1321/1321
f 1226/1226/1226 1227/1227/1227 1323/1323/1323
f 1226/1226/1226 1323/1323/1323 1322/1322/1322
f 1227/1227/1227 1228/1228/1228 1324/1324/1324
f 1227/1227/1227 1324/1324/1324 1323/1323/1323
f 1228/1228/1228 1229/1229/1229 1325/1325/1325
f 1228/1228/1228 1325/1325/1325 1324/1324/1324
f 1229/1229/1229 1230/1230/1230 1326/1326/1326
f 1229/1229/1229 1326/1326/1326 1325/1325/1325
f 1230/1230/1230 1231/1231/1231 1327/1327/1327
f 1230/1230/1230 1327/1327/1327 1326/1326/1326
f 1231/1231/1231 1232/1232/1232 1328/1328/1328
f 1231/1231/1231 1328/1328/1328 1327/1327/1327
f 1232/1232/1232 1233/1233/1233 1329/1329/1329
f 1232/1232/1232 1329/1329/1329 1328/1328/1328
f 1233/1233/1233 1234/1234/1234 1330/1330/1330
f 1233/1233/1233 1330/1330/1330 1329/1329/1329
f 1234/1234/1234 1235/1235/1235 1331/1331/1331
f 1234/1234/1234 1331/1331/1331 1330/1330/1330
f 1235/1235/1235 1236/1236/1236 1332/1332/1332
f 1235/1235/1235 1332/1332/1332 1331/1331/1331
f 1236/1236/1236 1237/1237/1237 1333/1333/1333
f 1236/1236/1236 1333/1333/1333 1332/1332/1332
f 1237/1237/1237 1238/1238/1238 1334/1334/1334
f 1237/1237/1237 1334/1334/1334 1333/1333/1333
f 1238/1238/1238 1239/1239/1239 1335/1335/1335
f 1238/1238/1238 1335/1335/1335 1334/1334/1334
f 1239/1239/1239 1240/1240/1240 1336/1336/1336
f 1239/1239/1239 1336/1336/1336 1335/1335/1335
f 1240/1240/1240 1241/1241/1241 1337/1337/1337
f 1240/1240/1240 1337/1337/1337 1336/1336/1336
f 1241/1241/1241 1242/1242/1242 1338/1338/1338
f 1241/1241/1241 1338/1338/1338 1337/1337/1337
f 1242/1242/1242 1243/1243/1243 1339/1339/1339
f 1242/1242/1242 1339/1339/1339 1338/1338/1338
f 1243/1243/1243 1244/1244/1244 1340/1340/1340
f 1243/1243/1243 1340/1340/1340 1339/1339/1339
f 1244/1244/1244 1245/1245/1245 1341/1341/1341
f 1244/1244/1244 1341/1341/1341 1340/1340/1340
f 1245/1245/1245 1246/1246/1246 1342/1342/1342
f 1245/1245/1245 1342/1342/1342 1341/1341/1341
f 1246/1246/1246 1247/1247/1247 1343/1343/1343
f 1246/1246/1246 1343/1343/1343 1342/1342/1342
f 1247/1247/1247 1248/1248/1248 1344/1344/1344
f 1247/1247/1247 1344/1344/1344 1343/1343/1343
f 1248/1248/1248 1153/1153/1153 1249/1249/1249
f 1248/1248/1248 1249/1249/1249 1344/1344/1344
f 1249/1249/1249 1250/1250/1250 1346/1346/1346
f 1249/1249/1249 1346/1346/1346 1345/1345/1345
f 1250/1250/1250 1251/1251/1251 1347/1347/1347
f 1250/1250/1250 1347/1347/1347 1346/1346/1346
f 1251/1251/1251 1252/1252/1252 1348/1348/1348
f 1251/1251/1251 1348/1348/1348 1347/1347/1347
f 1252/1252/1252 1253/1253/1253 1349/1349/1349
f 1252/1252/1252 1349/1349/1349 1348/1348/1348
f 1253/1253/1253 1254/1254/1254 1350/1350/1350
f 1253/1253/1253 1350/1350/1350 1349/1349/1349
f 1254/1254/1254 1255/1255/1255 1351/1351/1351
f 1254/1254/1254 1351/1351/1351 1350/1350/1350
f 1255/1255/1255 1256/1256/1256 1352/1352/1352
f 1255/1255/1255 1352/1352/1352 1351/1351/1351
f 1256/1256/1256 1257/1257/1257 1353/1353/1353
f 1256/1256/1256 1353/1353/1353 1352/1352/1352
f 1257/1257/1257 1258/1258/1258 1354/1354/1354
f 1257/1257/1257 1354/1354/1354 1353/1353/1353
f 1258/1258/1258 1259/1259/1259 1355/1355/1355
f 1258/1258/1258 1355/1355/1355 1354/1354/1354
f 1259/1259/1259 1260/1260/1260 1356/1356/1356
f 1259/1259/1259 1356/1356/1356 1355/1355/1355
f 1260/1260/1260 1261/1261/1261 1357/1357/1357
f 1260/1260/1260 1357/1357/1357 1356/1356/1356
f 1261/1261/1261 1262/1262/1262 1358/1358/1358
f 1261/1261/1261 1358/1358/1358 1357/1357/1357
f 1262/1262/1262 1263/1263/1263 1359/1359/1359
f 1262/1262/1262 1359/1359/1359 1358/1358/1358
f 1263/1263/1263 1264/1264/1264 1360/1360/1360
f 1263/1263/1263 1360/1360/1360 1359/1359/1359
f 1264/1264/1264 1265/1265/1265 1361/1361/1361
f 1264/1264/1264 1361/1361/1361 1360/1360/1360
f 1265/1265/1265 1266/1266/1266 1362/1362/1362
f 1265/1265/1265 1362/1362/1362 1361/1361/1361
f 1266/1266/1266 1267/1267/1267 1363/1363/1363
f 1266/1266/1266 1363/1363/1363 1362/1362/1362
f 1267/1267/1267 1268/1268/1268 1364/1364/1364
f 1267/1267/1267 1364/1364/1364 1363/1363/1363
f 1268/1268/1268 1269/1269/1269 1365/1365/1365
f 1268/1268/1268 1365/1365/1365 1364/1364/1364
f 1269/1269/1269 1270/1270/1270 1366/1366/1366
f 1269/1269/1269 1366/1366/1366 1365/1365/1365
f 1270/1270/1270 1271/1271/1271 1367/1367/1367
f 1270/1270/1270 1367/1367/1367 1366/1366/1366
f 1271/1271/1271 1272/1272/1272 1368/1368/1368
f 1271/1271/1271 1368/1368/1368 1367/1367/1367
f 1272/1272/1272 1273/1273/1273 1369/1369/1369
f 1272/1272/1272 1369/1369/1369 1368/1368/1368
f 1273/1273/1273 1274/1274/1274 1370/1370/1370
f 1273/1273/1273 1370/1370/1370 1369/1369/1369
f 1274/1274/1274 1275/1275/1275 1371/1371/1371
f 1274/1274/1274 1371/1371/1371 1370/1370/1370
f 1275/1275/1275 1276/1276/1276 1372/1372/1372
f 1275/1275/1275 1372/1372/1372 1371/1371/1371
f 1276/1276/1276 1277/1277/1277 1373/1373/1373
f 1276/1276/1276 1373/1373/1373 1372/1372/1372
f 1277/1277/1277 1278/1278/1278 1374/1374/1374
f 1277/1277/1277 1374/1374/1374 1373/1373/1373
f 1278/1278/1278 1279/1279/1279 1375/1375/1375
f 1278/1278/1278 1375/1375/1375 1374/1374/1374
f 1279/1279/1279 1280/1280/1280 1376/1376/1376
f 1279/1279/1279 1376/1376/1376 1375/1375/1375
f 1280/1280/1280 1281/1281/1281 1377/1377/1377
f 1280/1280/1280 1377/1377/1377 1376/1376/1376
f 1281/1281/1281 1282/1282/1282 1378/1378/1378
f 1281/1281/1281 1378/1378/1378 1377/1377/1377
f 1282/1282/1282 1283/1283/1283 1379/1379/1379
f 1282/1282/1282 1379/1379/1379 1378/1378/1378
f 1283/1283/1283 1284/1284/1284 1380/1380/1380
f 1283/1283/1283 1380/1380/1380 1379/1379/1379
f 1284/1284/1284 1285/1285/1285 1381/1381/1381
f 1284/1284/1284 1381/1381/1381 1380/1380/1380
f 1285/1285/1285 1286/1286/1286 1382/1382/1382
f 1285/1285/1285 1382/1382/1382 1381/1381/1381
f 1286/1286/1286 1287/1287/1287 1383/1383/1383
f 1286/1286/1286 1383/1383/1383 1382/1382/1382
f 1287/1287/1287 1288/1288/1288 1384/1384/1384
f 1287/1287/1287 1384/1384/1384 1383/1383/1383
f 1288/1288/1288 1289/1289/1289 1385/1385/1385
f 1288/1288/1288 1385/1385/1385 1384/1384/1384
f 1289/1289/1289 1290/1290/1290 1386/1386/1386
f 1289/1289/1289 1386/1386/1386 1385/1385/1385
f 1290/1290/1290 1291/1291/1291 1387/1387/1387
f 1290/1290/1290 1387/1387/1387 1386/1386/1386
f 1291/1291/1291 1292/1292/1292 1388/1388/1388
f 1291/1291/1291 1388/1388/1388 1387/1387/1387
f 1292/1292/1292 1293/1293/1293 1389/1389/1389
f 1292/1292/1292 1389/1389/1389 1388/1388/1388
f 1293/1293/1293 1294/1294/1294 1390/1390/1390
f 1293/1293/1293 1390/1390/1390 1389/1389/1389
f 1294/1294/1294 1295/1295/1295 1391/1391/1391
f 1294/1294/1294 1391/1391/1391 1390/1390/1390
f 1295/1295/1295 1296/1296/1296 1392/1392/1392
f 1295/1295/1295 1392/1392/1392 1391/1391/1391
f 1296/1296/1296 1297/1297/1297 1393/1393/1393
f 1296/1296/1296 1393/1393/1393 1392/1392/1392
f 1297/1297/1297 1298/1298/1298 1394/1394/1394
f 1297/1297/1297 1394/1394/1394 1393/1393/1393
f 1298/1298/1298 1299/1299/1299 1395/1395/1395
f 1298/1298/1298 1395/1395/1395 1394/1394/1394
f 1299/1299/1299 1300/1300/1300 1396/1396/1396
f 1299/1299/1299 1396/1396/1396 1395/1395/1395
f 1300/1300/1300 1301/1301/1301 1397/1397/1397
f 1300/1300/1300 1397/1397/1397 1396/1396/1396
f 1301/1301/1301 1302/1302/1302 1398/1398/1398
f 1301/1301/1301 1398/1398/1398 1397/1397/1397
f 1302/1302/1302 1303/1303/1303 1399/1399/1399
f 1302/1302/1302 1399/1399/1399 1398/1398/1398
f 1303/1303/1303 1304/1304/1304 1400/1400/1400
f 1303/1303/1303 1400/1400/1400 1399/1399/1399
f 1304/1304/1304 1305/1305/1305 1401/1401/1401
f 1304/1304/1304 1401/1401/1401 1400/1400/1400
f 1305/1305/1305 1306/1306/1306 1402/1402/1402
f 1305/1305/1305 1402/1402/1402 1401/1401/1401
f 1306/1306/1306 1307/1307/1307 1403/1403/1403
f 1306/1306/1306 1403/1403/1403 1402/1402/1402
f 1307/1307/1307 1308/1308/1308 1404/1404/1404
f 1307/1307/1307 1404/1404/1404 1403/1403/1403
f 1308/1308/1308 1309/1309/1309 1405/1405/1405
f 1308/1308/1308 1405/1405/1405 1404/1404/1404
f 1309/1309/1309 1310/1310/1310 1406/1406/1406
f 1309/1309/1309 1406/1406/1406 1405/1405/1405
f 1310/1310/1310 1311/1311/1311 1407/1407/1407
f 1310/1310/1310 1407/1407/1407 1406/1406/1406
f 1311/1311/1311 1312/1312/1312 1408/1408/1408
f 1311/1311/1311 1408/1408/1408 1407/1407/1407
f 1312/1312/1312 1313/1313/1313 1409/1409/1409
f 1312/1312/1312 1409/1409/1409 1408/1408/1408
f 1313/1313/1313 1314/1314/1314 1410/1410/1410
f 1313/1313/1313 1410/1410/1410 1409/1409/1409
f 1314/1314/1314 1315/1315/1315 1411/1411/1411
f 1314/1314/1314 1411/1411/1411 1410/1410/1410
f 1315/1315/1315 1316/1316/1316 1412/1412/1412
f 1315/1315/1315 1412/1412/1412 1411/1411/1411
f 1316/1316/1316 1317/1317/1317 1413/1413/1413
f 1316/1316/1316 1413/1413/1413 1412/1412/1412
f 1317/1317/1317 1318/1318/1318 1414/1414/1414
f 1317/1317/1317 1414/1414/1414 1413/1413/1413
f 1318/1318/1318 1319/1319/1319 1415/1415/1415
f 1318/1318/1318 1415/1415/1415 1414/1414/1414
f 1319/1319/1319 1320/1320/1320 1416/1416/1416
f 1319/1319/1319 1416/1416/1416 1415/1415/1415
f 1320/1320/1320 1321/1321/1321 1417/1417/1417
f 1320/1320/1320 1417/1417/1417 1416/1416/1416
f 1321/1321/1321 1322/1322/1322 1418/1418/1418
f 1321/1321/1321 1418/1418/1418 1417/1417/1417
f 1322/1322/1322 1323/1323/1323 1419/1419/1419
f 1322/1322/1322 1419/1419/1419 1418/1418/1418
f 1323/1323/1323 1324/1324/1324 1420/1420/1420
f 1323/1323/1323 1420/1420/1420 1419/1419/1419
f 1324/1324/1324 1325/1325/1325 1421/1421/1421
f 1324/1324/1324 1421/1421/1421 1420/1420/1420
f 1325/1325/1325 1326/1326/1326 1422/1422/1422
f 1325/1325/1325 1422/1422/1422 1421/1421/1421
f 1326/1326/1326 1327/1327/1327 1423/1423/1423
f 1326/1326/1326 1423/1423/1423 1422/1422/1422
f 1327/1327/1327 1328/1328/1328 1424/1424/1424
f 1327/1327/1327 1424/1424/1424 1423/1423/1423
f 1328/1328/1328 1329/1329/1329 1425/1425/1425
f 1328/1328/1328 1425/1425/1425 1424/1424/1424
f 1329/1329/1329 1330/1330/1330 1426/1426/1426
f 1329/1329/1329 1426/1426/1426 1425/1425/1425
f 1330/1330/1330 1331/1331/1331 1427/1427/1427
f 1330/1330/1330 1427/1427/1427 1426/1426/1426
f 1331/1331/1331 1332/1332/1332 1428/1428/1428
f 1331/1331/1331 1428/1428/1428 1427/1427/1427
f 1332/1332/1332 1333/1333/1333 1429/1429/1429
f 1332/1332/1332 1429/1429/1429 1428/1428/1428
f 1333/1333/1333 1334/1334/1334 1430/1430/1430
f 1333/1333/1333 1430/1430/1430 1429/1429/1429
f 1334/1334/1334 1335/1335/1335 1431/1431/1431
f 1334/1334/1334 1431/1431/1431 1430/1430/1430
f 1335/1335/1335 1336/1336/1336 1432/1432/1432
f 1335/1335/1335 1432/1432/1432 1431/1431/1431
f 1336/1336/1336 1337/1337/1337 1433/1433/1433
f 1336/1336/1336 1433/1433/1433 1432/1432/1432
f 1337/1337/1337 1338/1338/1338 1434/1434/1434
f 1337/1337/1337 1434/1434/1434 1433/1433/1433
f 1338/1338/1338 1339/1339/1339 1435/1435/1435
f 1338/1338/1338 1435/1435/1435 1434/1434/1434
f 1339/1339/1339 1340/1340/1340 1436/1436/1436
f 1339/1339/1339 1436/1436/1436 1435/1435/1435
f 1340/1340/1340 1341/1341/1341 1437/1437/1437
f 1340/1340/1340 1437/1437/1437 1436/1436/1436
f 1341/1341/1341 1342/1342/1342 1438/1438/1438
f 1341/1341/1341 1438/1438/1438 1437/1437/1437
f 1342/1342/1342 1343/1343/1343 1439/1439/1439
f 1342/1342/1342 1439/1439/1439 1438/1438/1438
f 1343/1343/1343 1344/1344/1344 1440/1440/1440
f 1343/1343/1343 1440/1440/1440 1439/1439/1439
f 1344/1344/1344 1249/1249/1249 1345/1345/1345
f 1344/1344/1344 1345/1345/1345 1440/1440/1440
f 1345/1345/1345 1346/1346/1346 1442/1442/1442
f 1345/1345/1345 1442/1442/1442 1441/1441/1441
f 1346/1346/1346 1347/1347/1347 1443/1443/1443
f 1346/1346/1346 1443/1443/1443 1442/1442/1442
f 1347/1347/1347 1348/1348/1348 1444/1444/1444
f 1347/1347/1347 1444/1444/1444 1443/1443/1443
f 1348/1348/1348 1349/1349/1349 1445/1445/1445
f 1348/1348/1348 1445/1445/1445 1444/1444/1444
f 1349/1349/1349 1350/1350/1350 1446/1446/1446
f 1349/1349/1349 1446/1446/1446 1445/1445/1445
f 1350/1350/1350 1351/1351/1351 1447/1447/1447
f 1350/1350/1350 1447/1447/1447 1446/1446/1446
f 1351/1351/1351 1352/1352/1352 1448/1448/1448
f 1351/1351/1351 1448/1448/1448 1447/1447/1447
f 1352/1352/1352 1353/1353/1353 1449/1449/1449
f 1352/1352/1352 1449/1449/1449 1448/1448/1448
f 1353/1353/1353 1354/1354/1354 1450/1450/1450
f 1353/1353/1353 1450/1450/1450 1449/1449/1449
f 1354/1354/1354 1355/1355/1355 1451/1451/1451
f 1354/1354/1354 1451/1451/1451 1450/1450/1450
f 1355/1355/1355 1356/1356/1356 1452/1452/1452
f 1355/1355/1355 1452/1452/1452 1451/1451/1451
f 1356/1356/1356 1357/1357/1357 1453/1453/1453
f 1356/1356/1356 1453/1453/1453 1452/1452/1452
f 1357/1357/1357 1358/1358/1358 1454/1454/1454
f 1357/1357/1357 1454/1454/1454 1453/1453/1453
f 1358/1358/1358 1359/1359/1359 1455/1455/1455
f 1358/1358/1358 1455/1455/1455 1454/1454/1454
f 1359/1359/1359 1360/1360/1360 1456/1456/1456
f 1359/1359/1359 1456/1456/1456 1455/1455/1455
f 1360/1360/1360 1361/1361/1361 1457/1457/1457
f 1360/1360/1360 1457/1457/1457 1456/1456/1456
f 1361/1361/1361 1362/1362/1362 1458/1458/1458
f 1361/1361/1361 1458/1458/1458 1457/1457/1457
f 1362/1362/1362 1363/1363/1363 1459/1459/1459
f 1362/1362/1362 1459/1459/1459 1458/1458/1458
f 1363/1363/1363 1364/1364/1364 1460/1460/1460
f 1363/1363/1363 1460/1460/1460 1459/1459/1459
f 1364/1364/1364 1365/1365/1365 1461/1461/1461
f 1364/1364/1364 1461/1461/1461 1460/1460/1460
f 1365/1365/1365 1366/1366/1366 1462/1462/1462
f 1365/1365/1365 1462/1462/1462 1461/1461/1461
f 1366/1366/1366 1367/1367/1367 1463/1463/1463
f 1366/1366/1366 1463/1463/1463 1462/1462/1462
f 1367/1367/1367 1368/1368/1368 1464/1464/1464
f 1367/1367/1367 1464/1464/1464 1463/1463/1463
f 1368/1368/1368 1369/1369/1369 1465/1465/1465
f 1368/1368/1368 1465/1465/1465 1464/1464/1464
f 1369/1369/1369 1370/1370/1370 1466/1466/1466
f 1369/1369/1369 1466/1466/1466 1465/1465/1465
f 1370/1370/1370 1371/1371/1371 1467/1467/1467
f 1370/1370/1370 1467/1467/1467 1466/1466/1466
f 1371/1371/1371 1372/1372/1372 1468/1468/1468
f 1371/1371/1371 1468/1468/1468 1467/1467/1467
f 1372/1372/1372 1373/1373/1373 1469/1469/1469
f 1372/1372/1372 1469/1469/1469 1468/1468/1468
f 1373/1373/1373 1374/1374/1374 1470/1470/1470
f 1373/1373/1373 1470/1470/1470 1469/1469/1469
f 1374/1374/1374 1375/1375/1375 1471/1471/1471
f 1374/1374/1374 1471/1471/1471 1470/1470/1470
f 1375/1375/1375 1376/1376/1376 1472/1472/1472
f 1375/1375/1375 1472/1472/1472 1471/1471/1471
f 1376/1376/1376 1377/1377/1377 1473/1473/1473
f 1376/1376/1376 1473/1473/1473 1472/1472/1472
f 1377/1377/1377 1378/1378/1378 1474/1474/1474
f 1377/1377/1377 1474/1474/1474 1473/1473/1473
f 1378/1378/1378 1379/1379/1379 1475/1475/1475
f 1378/1378/1378 1475/1475/1475 1474/1474/1474
f 1379/1379/1379 1380/1380/1380 1476/1476/1476
f 1379/1379/1379 1476/1476/1476 1475/1475/1475
f 1380/1380/1380 1381/1381/1381 1477/1477/1477
f 1380/1380/1380 1477/1477/1477 1476/1476/1476
f 1381/1381/1381 1382/1382/1382 1478/1478/1478
f 1381/1381/1381 1478/1478/1478 1477/1477/1477
f 1382/1382/1382 1383/1383/1383 1479/1479/1479
f 1382/1382/1382 1479/1479/1479 1478/1478/1478
f 1383/1383/1383 1384/1384/1384 1480/1480/1480
f 1383/1383/1383 1480/1480/1480 1479/1479/1479
f 1384/1384/1384 1385/1385/1385 1481/1481/1481
f 1384/1384/1384 1481/1481/1481 1480/1480/1480
f 1385/1385/1385 1386/1386/1386 1482/1482/1482
f 1385/1385/1385 1482/1482/1482 1481/1481/1481
f 1386/1386/1386 1387/1387/1387 1483/1483/1483
f 1386/1386/1386 1483/1483/1483 1482/1482/1482
f 1387/1387/1387 1388/1388/1388 1484/1484/1484
f 1387/1387/1387 1484/1484/1484 1483/1483/1483
f 1388/1388/1388 1389/1389/1389 1485/1485/1485
f 1388/1388/1388 1485/1485/1485 1484/1484/1484
f 1389/1389/1389 1390/1390/1390 1486/1486/1486
f 1389/1389/1389 1486/1486/1486 1485/1485/1485
f 1390/1390/1390 1391/1391/1391 1487/1487/1487
f 1390/1390/1390 1487/1487/1487 1486/1486/1486
f 1391/1391/1391 1392/1392/1392 1488/1488/1488
f 1391/1391/1391 1488/1488/1488 1487/1487/1487
f 1392/1392/1392 1393/1393/1393 1489/1489/1489
f 1392/1392/1392 1489/1489/1489 1488/1488/1488
f 1393/1393/1393 1394/1394/1394 1490/1490/1490
f 1393/1393/1393 1490/1490/1490 1489/1489/1489
f 1394/1394/1394 1395/1395/1395 1491/1491/1491
f 1394/1394/1394 1491/1491/1491 1490/1490/1490
f 1395/1395/1395 1396/1396/1396 1492/1492/1492
f 1395/1395/1395 1492/1492/1492 1491/1491/1491
f 1396/1396/1396 1397/1397/1397 1493/1493/1493
f 1396/1396/1396 1493/1493/1493 1492/1492/1492
f 1397/1397/1397 1398/1398/1398 1494/1494/1494
f 1397/1397/1397 1494/1494/1494 1493/1493/1493
f 1398/1398/1398 1399/1399/1399 1495/1495/1495
f 1398/1398/1398 1495/1495/1495 1494/1494/1494
f 1399/1399/1399 1400/1400/1400 1496/1496/1496
f 1399/1399/1399 1496/1496/1496 1495/1495/1495
f 1400/1400/1400 1401/1401/1401 1497/1497/1497
f 1400/1400/1400 1497/1497/1497 1496/1496/1496
f 1401/1401/1401 1402/1402/1402 1498/1498/1498
f 1401/1401/1401 1498/1498/1498 1497/1497/1497
f 1402/1402/1402 1403/1403/1403 1499/1499/1499
f 1402/1402/1402 1499/1499/1499 1498/1498/1498
f 1403/1403/1403 1404/1404/1404 1500/1500/1500
f 1403/1403/1403 1500/1500/1500 1499/1499/1499
f 1404/1404/1404 1405/1405/1405 1501/1501/1501
f 1404/1404/1404 1501/1501/1501 1500/1500/1500
f 1405/1405/1405 1406/1406/1406 1502/1502/1502
f 1405/1405/1405 1502/1502/1502 1501/1501/1501
f 1406/1406/1406 1407/1407/1407 1503/1503/1503
f 1406/1406/1406 1503/1503/1503 1502/1502/1502
f 1407/1407/1407 1408/1408/1408 1504/1504/1504
f 1407/1407/1407 1504/1504/1504 1503/1503/1503
f 1408/1408/1408 1409/1409/1409 1505/1505/1505
f 1408/1408/1408 1505/1505/1505 1504/1504/1504
f 1409/1409/1409 1410/1410/1410 1506/1506/1506
f 1409/1409/1409 1506/1506/1506 1505/1505/1505
f 1410/1410/1410 1411/1411/1411 1507/1507/1507
f 1410/1410/1410 1507/1507/1507 1506/1506/1506
f 1411/1411/1411 1412/1412/1412 1508/1508/1508
f 1411/1411/1411 1508/1508/1508 1507/1507/1507
f 1412/1412/1412 1413/1413/1413 1509/1509/1509
f 1412/1412/1412 1509/1509/1509 1508/1508/1508
f 1413/1413/1413 1414/1414/1414 1510/1510/1510
f 1413/1413/1413 1510/1510/1510 1509/1509/1509
f 1414/1414/1414 1415/1415/1415 1511/1511/1511
f 1414/1414/1414 1511/1511/1511 1510/1510/1510
f 1415/1415/1415 1416/1416/1416 1512/1512/1512
f 1415/1415/1415 1512/1512/1512 1511/1511/1511
f 1416/1416/1416 1417/1417/1417 1513/1513/1513
f 1416/1416/1416 1513/1513/1513 1512/1512/1512
f 1417/1417/1417 1418/1418/1418 1514/1514/1514
f 1417/1417/1417 1514/1514/1514 1513/1513/1513
f 1418/1418/1418 1419/1419/1419 1515/1515/1515
f 1418/1418/1418 1515/1515/1515 1514/1514/1514
f 1419/1419/1419 1420/1420/1420 1516/1516/1516
f 1419/1419/1419 1516/1516/1516 1515/1515/1515
f 1420/1420/1420 1421/1421/1421 1517/1517/1517
f 1420/1420/1420 1517/1517/1517 1516/1516/1516
f 1421/1421/1421 1422/1422/1422 1518/1518/1518
f 1421/1421/1421 1518/1518/1518 1517/1517/1517
f 1422/1422/1422 1423/1423/1423 1519/1519/1519
f 1422/1422/1422 1519/1519/1519 1518/1518/1518
f 1423/1423/1423 1424/1424/1424 1520/1520/1520
f 1423/1423/1423 1520/1520/1520 1519/1519/1519
f 1424/1424/1424 1425/1425/1425 1521/1521/1521
f 1424/1424/1424 1521/1521/1521 1520/1520/1520
f 1425/1425/1425 1426/1426/1426 1522/1522/1522
f 1425/1425/1425 1522/1522/1522 1521/1521/1521
f 1426/1426/1426 1427/1427/1427 1523/1523/1523
f 1426/1426/1426 1523/1523/1523 1522/1522/1522
f 1427/1427/1427 1428/1428/1428 1524/1524/1524
f 1427/1427/1427 1524/1524/1524 1523/1523/1523
f 1428/1428/1428 1429/1429/1429 1525/1525/1525
f 1428/1428/1428 1525/1525/1525 1524/1524/1524
f 1429/1429/1429 1430/1430/1430 1526/1526/1526
f 1429/1429/1429 1526/1526/1526 1525/1525/1525
f 1430/1430/1430 1431/1431/1431 1527/1527/1527
f 1430/1430/1430 1527/1527/1527 1526/1526/1526
f 1431/1431/1431 1432/1432/1432 1528/1528/1528
f 1431/1431/1431 1528/1528/1528 1527/1527/1527
f 1432/1432/1432 1433/1433/1433 1529/1529/1529
f 1432/1432/1432 1529/1529/1529 1528/1528/1528
f 1433/1433/1433 1434/1434/1434 1530/1530/1530
f 1433/1433/1433 1530/1530/1530 1529/1529/1529
f 1434/1434/1434 1435/1435/1435 1531/1531/1531
f 1434/1434/1434 1531/1531/1531 1530/1530/1530
f 1435/1435/1435 1436/1436/1436 1532/1532/1532
f 1435/1435/1435 1532/1532/1532 1531/1531/1531
f 1436/1436/1436 1437/1437/1437 1533/1533/1533
f 1436/1436/1436 1533/1533/1533 1532/1532/1532
f 1437/1437/1437 1438/1438/1438 1534/1534/1534
f 1437/1437/1437 1534/1534/1534 1533/1533/1533
f 1438/1438/1438 1439/1439/1439 1535/1535/1535
f 1438/1438/1438 1535/1535/1535 1534/1534/1534
f 1439/1439/1439 1440/1440/1440 1536/1536/1536
f 1439/1439/1439 1536/1536/1536 1535/1535/1535
f 1440/1440/1440 1345/1345/1345 1441/1441/1441
f 1440/1440/1440 1441/1441/1441 1536/1536/1536
f 1441/1441/1441 1442/1442/1442 1538/1538/1538
f 1441/1441/1441 1538/1538/1538 1537/1537/1537
f 1442/1442/1442 1443/1443/1443 1539/1539/1539
f 1442/1442/1442 1539/1539/1539 1538/1538/1538
f 1443/1443/1443 1444/1444/1444 1540/1540/1540
f 1443/1443/1443 1540/1540/1540 1539/1539/1539
f 1444/1444/1444 1445/1445/1445 1541/1541/1541
f 1444/1444/1444 1541/1541/1541 1540/1540/1540
f 1445/1445/1445 1446/1446/1446 1542/1542/1542
f 1445/1445/1445 1542/1542/1542 1541/1541/1541
f 1446/1446/1446 1447/1447/1447 1543/1543/1543
f 1446/1446/1446 1543/1543/1543 1542/1542/1542
f 1447/1447/1447 1448/1448/1448 1544/1544/1544
f 1447/1447/1447 1544/1544/1544 1543/1543/1543
f 1448/1448/1448 1449/1449/1449 1545/1545/1545
f 1448/1448/1448 1545/1545/1545 1544/1544/1544
f 1449/1449/1449 1450/1450/1450 1546/1546/1546
f 1449/1449/1449 1546/1546/1546 1545/1545/1545
f 1450/1450/1450 1451/1451/1451 1547/1547/1547
f 1450/1450/1450 1547/1547/1547 1546/1546/1546
f 1451/1451/1451 1452/1452/1452 1548/1548/1548
f 1451/1451/1451 1548/1548/1548 1547/1547/1547
f 1452/1452/1452 1453/1453/1453 1549/1549/1549
f 1452/1452/1452 1549/1549/1549 1548/1548/1548
f 1453/1453/1453 1454/1454/1454 1550/1550/1550
f 1453/1453/1453 1550/1550/1550 1549/1549/1549
f 1454/1454/1454 1455/1455/1455 1551/1551/1551
f 1454/1454/1454 1551/1551/1551 1550/1550/1550
f 1455/1455/1455 1456/1456/1456 1552/1552/1552
f 1455/1455/1455 1552/1552/1552 1551/1551/1551
f 1456/1456/1456 1457/1457/1457 1553/1553/1553
f 1456/1456/1456 1553/1553/1553 1552/1552/1552
f 1457/1457/1457 1458/1458/1458 1554/1554/1554
f 1457/1457/1457 1554/1554/1554 1553/1553/1553
f 1458/1458/1458 1459/1459/1459 1555/1555/1555
f 1458/1458/1458 1555/1555/1555 1554/1554/1554
f 1459/1459/1459 1460/1460/1460 1556/1556/1556
f 1459/1459/1459 1556/1556/1556 1555/1555/1555
f 1460/1460/1460 1461/1461/1461 1557/1557/1557
f 1460/1460/1460 1557/1557/1557 1556/1556/1556
f 1461/1461/1461 1462/1462/1462 1558/1558/1558
f 1461/1461/1461 1558/1558/1558 1557/1557/1557
f 1462/1462/1462 1463/1463/1463 1559/1559/1559
f 1462/1462/1462 1559/1559/1559 1558/1558/1558
f 1463/1463/1463 1464/1464/1464 1560/1560/1560
f 1463/1463/1463 1560/1560/1560 1559/1559/1559
f 1464/1464/1464 1465/1465/1465 1561/1561/1561
f 1464/1464/1464 1561/1561/1561 1560/1560/1560
f 1465/1465/1465 1466/1466/1466 1562/1562/1562
f 1465/1465/1465 1562/1562/1562 1561/1561/1561
f 1466/1466/1466 1467/1467/1467 1563/1563/1563
f 1466/1466/1466 1563/1563/1563 1562/1562/1562
f 1467/1467/1467 1468/1468/1468 1564/1564/1564
f 1467/1467/1467 1564/1564/1564 1563/1563/1563
f 1468/1468/1468 1469/1469/1469 1565/1565/1565
f 1468/1468/1468 1565/1565/1565 1564/1564/1564
f 1469/1469/1469 1470/1470/1470 1566/1566/1566
f 1469/1469/1469 1566/1566/1566 1565/1565/1565
f 1470/1470/1470 1471/1471/1471 1567/1567/1567
f 1470/1470/1470 1567/1567/1567 1566/1566/1566
f 1471/1471/1471 1472/1472/1472 1568/1568/1568
f 1471/1471/1471 1568/1568/1568 1567/1567/1567
f 1472/1472/1472 1473/1473/1473 1569/1569/1569
f 1472/1472/1472 1569/1569/1569 1568/1568/1568
f 1473/1473/1473 1474/1474/1474 1570/1570/1570
f 1473/1473/1473 1570/1570/1570 1569/1569/1569
f 1474/1474/1474 1475/1475/1475 1571/1571/1571
f 1474/1474/1474 1571/1571/1571 1570/1570/1570
f 1475/1475/1475 1476/1476/1476 1572/1572/1572
f 1475/1475/1475 1572/1572/1572 1571/1571/1571
f 1476/1476/1476 1477/1477/1477 1573/1573/1573
f 1476/1476/1476 1573/1573/1573 1572/1572/1572
f 1477/1477/1477 1478/1478/1478 1574/1574/1574
f 1477/1477/1477 1574/1574/1574 1573/1573/1573
f 1478/1478/1478 1479/1479/1479 1575/1575/1575
f 1478/1478/1478 1575/1575/1575 1574/1574/1574
f 1479/1479/1479 1480/1480/1480 1576/1576/1576
f 1479/1479/1479 1576/1576/1576 1575/1575/1575
f 1480/1480/1480 1481/1481/1481 1577/1577/1577
f 1480/1480/1480 1577/1577/1577 1576/1576/1576
f 1481/1481/1481 1482/1482/1482 1578/1578/1578
f 1481/1481/1481 1578/1578/1578 1577/1577/1577
f 1482/1482/1482 1483/1483/1483 1579/1579/1579
f 1482/1482/1482 1579/1579/1579 1578/1578/1578
f 1483/1483/1483 1484/1484/1484 1580/1580/1580
f 1483/1483/1483 1580/1580/1580 1579/1579/1579
f 1484/1484/1484 1485/1485/1485 1581/1581/1581
f 1484/1484/1484 1581/1581/1581 1580/1580/1580
f 1485/1485/1485 1486/1486/1486 1582/1582/1582
f 1485/1485/1485 1582/1582/1582 1581/1581/1581
f 1486/1486/1486 1487/1487/1487 1583/1583/1583
f 1486/1486/1486 1583/1583/1583 1582/1582/1582
f 1487/1487/1487 1488/1488/1488 1584/1584/1584
f 1487/1487/1487 1584/1584/1584 1583/1583/1583
f 1488/1488/1488 1489/1489/1489 1585/1585/1585
f 1488/1488/1488 1585/1585/1585 1584/1584/1584
f 1489/1489/1489 1490/1490/1490 1586/1586/1586
f 1489/1489/1489 1586/1586/1586 1585/1585/1585
f 1490/1490/1490 1491/1491/1491 1587/1587/1587
f 1490/1490/1490 1587/1587/1587 1586/1586/1586
f 1491/1491/1491 1492/1492/1492 1588/1588/1588
f 1491/1491/1491 1588/1588/1588 1587/1587/1587
f 1492/1492/1492 1493/1493/1493 1589/1589/1589
f 1492/1492/1492 1589/1589/1589 1588/1588/1588
f 1493/1493/1493 1494/1494/1494 1590/1590/1590
f 1493/1493/1493 1590/1590/1590 1589/1589/1589
f 1494/1494/1494 1495/1495/1495 1591/1591/1591
f 1494/1494/1494 1591/1591/1591 1590/1590/1590
f 1495/1495/1495 1496/1496/1496 1592/1592/1592
f 1495/1495/1495 1592/1592/1592 1591/1591/1591
f 1496/1496/1496 1497/1497/1497 1593/1593/1593
f 1496/1496/1496 1593/1593/1593 1592/1592/1592
f 1497/1497/1497 1498/1498/1498 1594/1594/1594
f 1497/1497/1497 1594/1594/1594 1593/1593/1593
f 1498/1498/1498 1499/1499/1499 1595/1595/1595
f 1498/1498/1498 1595/1595/1595 1594/1594/1594
f 1499/1499/1499 1500/1500/1500 1596/1596/1596
f 1499/1499/1499 1596/1596/1596 1595/1595/1595
f 1500/1500/1500 1501/1501/1501 1597/1597/1597
f 1500/1500/1500 1597/1597/1597 1596/1596/1596
f 1501/1501/1501 1502/1502/1502 1598/1598/1598
f 1501/1501/1501 1598/1598/1598 1597/1597/1597
f 1502/1502/1502 1503/1503/1503 1599/1599/1599
f 1502/1502/1502 1599/1599/1599 1598/1598/1598
f 1503/1503/1503 1504/1504/1504 1600/1600/1600
f 1503/1503/1503 1600/1600/1600 1599/1599/1599
f 1504/1504/1504 1505/1505/1505 1601/1601/1601
f 1504/1504/1504 1601/1601/1601 1600/1600/1600
f 1505/1505/1505 1506/1506/1506 1602/1602/1602
f 1505/1505/1505 1602/1602/1602 1601/1601/1601
f 1506/1506/1506 1507/1507/1507 1603/1603/1603
f 1506/1506/1506 1603/1603/1603 1602/1602/1602
f 1507/1507/1507 1508/1508/1508 1604/1604/1604
f 1507/1507/1507 1604/1604/1604 1603/1603/1603
f 1508/1508/1508 1509/1509/1509 1605/1605/1605
f 1508/1508/1508 1605/1605/1605 1604/1604/1604
f 1509/1509/1509 1510/1510/1510 1606/1606/1606
f 1509/1509/1509 1606/1606/1606 1605/1605/1605
f 1510/1510/1510 1511/1511/1511 1607/1607/1607
f 1510/1510/1510 1607/1607/1607 1606/1606/1606
f 1511/1511/1511 1512/1512/1512 1608/1608/1608
f 1511/1511/1511 1608/1608/1608 1607/1607/1607
f 1512/1512/1512 1513/1513/1513 1609/1609/1609
f 1512/1512/1512 1609/1609/1609 1608/1608/1608
f 1513/1513/1513 1514/1514/1514 1610/1610/1610
f 1513/1513/1513 1610/1610/1610 1609/1609/1609
f 1514/1514/1514 1515/1515/1515 1611/1611/1611
f 1514/1514/1514 1611/1611/1611 1610/1610/1610
f 1515/1515/1515 1516/1516/1516 1612/1612/1612
f 1515/1515/1515 1612/1612/1612 1611/1611/1611
f 1516/1516/1516 1517/1517/1517 1613/1613/1613
f 1516/1516/1516 1613/1613/1613 1612/1612/1612
f 1517/1517/1517 1518/1518/1518 1614/1614/1614
f 1517/1517/1517 1614/1614/1614 1613/1613/1613
f 1518/1518/1518 1519/1519/1519 1615/1615/1615
f 1518/1518/1518 1615/1615/1615 1614/1614/1614
f 1519/1519/1519 1520/1520/1520 1616/1616/1616
f 1519/1519/1519 1616/1616/1616 1615/1615/1615
f 1520/1520/1520 1521/1521/1521 1617/1617/1617
f 1520/1520/1520 1617/1617/1617 1616/1616/1616
f 1521/1521/1521 1522/1522/1522 1618/1618/1618
f 1521/1521/1521 1618/1618/1618 1617/1617/1617
f 1522/1522/1522 1523/1523/1523 1619/1619/1619
f 1522/1522/1522 1619/1619/1619 1618/1618/1618
f 1523/1523/1523 1524/1524/1524 1620/1620/1620
f 1523/1523/1523 1620/1620/1620 1619/1619/1619
f 1524/1524/1524 1525/1525/1525 1621/1621/1621
f 1524/1524/1524 1621/1621/1621 1620/1620/1620
f 1525/1525/1525 1526/1526/1526 1622/1622/1622
f 1525/1525/1525 1622/1622/1622 1621/1621/1621
f 1526/1526/1526 1527/1527/1527 1623/1623/1623
f 1526/1526/1526 1623/1623/1623 1622/1622/1622
f 1527/1527/1527 1528/1528/1528 1624/1624/1624
f 1527/1527/1527 1624/1624/1624 1623/1623/1623
f 1528/1528/1528 1529/1529/1529 1625/1625/1625
f 1528/1528/1528 1625/1625/1625 1624/1624/1624
f 1529/1529/1529 1530/1530/1530 1626/1626/1626
f 1529/1529/1529 1626/1626/1626 1625/1625/1625
f 1530/1530/1530 1531/1531/1531 1627/1627/1627
f 1530/1530/1530 1627/1627/1627 1626/1626/1626
f 1531/1531/1531 1532/1532/1532 1628/1628/1628
f 1531/1531/1531 1628/1628/1628 1627/1627/1627
f 1532/1532/1532 1533/1533/1533 1629/1629/1629
f 1532/1532/1532 1629/1629/1629 1628/1628/1628
f 1533/1533/1533 1534/1534/1534 1630/1630/1630
f 1533/1533/1533 1630/1630/1630 1629/1629/1629
f 1534/1534/1534 1535/1535/1535 1631/1631/1631
f 1534/1534/1534 1631/1631/1631 1630/1630/1630
f 1535/1535/1535 1536/1536/1536 1632/1632/1632
f 1535/1535/1535 1632/1632/1632 1631/1631/1631
f 1536/1536/1536 1441/1441/1441 1537/1537/1537
f 1536/1536/1536 1537/1537/1537 1632/1632/1632
f 1537/1537/1537 1538/1538/1538 1634/1634/1634
f 1537/1537/1537 1634/1634/1634 1633/1633/1633
f 1538/1538/1538 1539/1539/1539 1635/1635/1635
f 1538/1538/1538 1635/1635/1635 1634/1634/1634
f 1539/1539/1539 1540/1540/1540 1636/1636/1636
f 1539/1539/1539 1636/1636/1636 1635/1635/1635
f 1540/1540/1540 1541/1541/1541 1637/1637/1637
f 1540/1540/1540 1637/1637/1637 1636/1636/1636
f 1541/1541/1541 1542/1542/1542 1638/1638/1638
f 1541/1541/1541 1638/1638/1638 1637/1637/1637
f 1542/1542/1542 1543/1543/1543 1639/1639/1639
f 1542/1542/1542 1639/1639/1639 1638/1638/1638
f 1543/1543/1543 1544/1544/1544 1640/1640/1640
f 1543/1543/1543 1640/1640/1640 1639/1639/1639
f 1544/1544/1544 1545/1545/1545 1641/1641/1641
f 1544/1544/1544 1641/1641/1641 1640/1640/1640
f 1545/1545/1545 1546/1546/1546 1642/1642/1642
f 1545/1545/1545 1642/1642/1642 1641/1641/1641
f 1546/1546/1546 1547/1547/1547 1643/1643/1643
f 1546/1546/1546 1643/1643/1643 1642/1642/1642
f 1547/1547/1547 1548/1548/1548 1644/1644/1644
f 1547/1547/1547 1644/1644/1644 1643/1643/1643
f 1548/1548/1548 1549/1549/1549 1645/1645/1645
f 1548/1548/1548 1645/1645/1645 1644/1644/1644
f 1549/1549/1549 1550/1550/1550 1646/1646/1646
f 1549/1549/1549 1646/1646/1646 1645/1645/1645
f 1550/1550/1550 1551/1551/1551 1647/1647/1647
f 1550/1550/1550 1647/1647/1647 1646/1646/1646
f 1551/1551/1551 1552/1552/1552 1648/1648/1648
f 1551/1551/1551 1648/1648/1648 1647/1647/1647
f 1552/1552/1552 1553/1553/1553 1649/1649/1649
f 1552/1552/1552 1649/1649/1649 1648/1648/1648
f 1553/1553/1553 1554/1554/1554 1650/1650/1650
f 1553/1553/1553 1650/1650/1650 1649/1649/1649
f 1554/1554/1554 1555/1555/1555 1651/1651/1651
f 1554/1554/1554 1651/1651/1651 1650/1650/1650
f 1555/1555/1555 1556/1556/1556 1652/1652/1652
f 1555/1555/1555 1652/1652/1652 1651/1651/1651
f 1556/1556/1556 1557/1557/1557 1653/1653/1653
f 1556/1556/1556 1653/1653/1653 1652/1652/1652
f 1557/1557/1557 1558/1558/1558 1654/1654/1654
f 1557/1557/1557 1654/1654/1654 1653/1653/1653
f 1558/1558/1558 1559/1559/1559 1655/1655/1655
f 1558/1558/1558 1655/1655/1655 1654/1654/1654
f 1559/1559/1559 1560/1560/1560 1656/1656/1656
f 1559/1559/1559 1656/1656/1656 1655/1655/1655
f 1560/1560/1560 1561/1561/1561 1657/1657/1657
f 1560/1560/1560 1657/1657/1657 1656/1656/1656
f 1561/1561/1561 1562/1562/1562 1658/1658/1658
f 1561/1561/1561 1658/1658/1658 1657/1657/1657
f 1562/1562/1562 1563/1563/1563 1659/1659/1659
f 1562/1562/1562 1659/1659/1659 1658/1658/1658
f 1563/1563/1563 1564/1564/1564 1660/1660/1660
f 1563/1563/1563 1660/1660/1660 1659/1659/1659
f 1564/1564/1564 1565/1565/1565 1661/1661/1661
f 1564/1564/1564 1661/1661/1661 1660/1660/1660
f 1565/1565/1565 1566/1566/1566 1662/1662/1662
f 1565/1565/1565 1662/1662/1662 1661/1661/1661
f 1566/1566/1566 1567/1567/1567 1663/1663/1663
f 1566/1566/1566 1663/1663/1663 1662/1662/1662
f 1567/1567/1567 1568/1568/1568 1664/1664/1664
f 1567/1567/1567 1664/1664/1664 1663/1663/1663
f 1568/1568/1568 1569/1569/1569 1665/1665/1665
f 1568/1568/1568 1665/1665/1665 1664/1664/1664
f 1569/1569/1569 1570/1570/1570 1666/1666/1666
f 1569/1569/1569 1666/1666/1666 1665/1665/1665
f 1570/1570/1570 1571/1571/1571 1667/1667/1667
f 1570/1570/1570 1667/1667/1667 1666/1666/1666
f 1571/1571/1571 1572/1572/1572 1668/1668/1668
f 1571/1571/1571 1668/1668/1668 1667/1667/1667
f 1572/1572/1572 1573/1573/1573 1669/1669/1669
f 1572/1572/1572 1669/1669/1669 1668/1668/1668
f 1573/1573/1573 1574/1574/1574 1670/1670/1670
f 1573/1573/1573 1670/1670/1670 1669/1669/1669
f 1574/1574/1574 1575/1575/1575 1671/1671/1671
f 1574/1574/1574 1671/1671/1671 1670/1670/1670
f 1575/1575/1575 1576/1576/1576 1672/1672/1672
f 1575/1575/1575 1672/1672/1672 1671/1671/1671
f 1576/1576/1576 1577/1577/1577 1673/1673/1673
f 1576/1576/1576 1673/1673/1673 1672/1672/1672
f 1577/1577/1577 1578/1578/1578 1674/1674/1674
f 1577/1577/1577 1674/1674/1674 1673/1673/1673
f 1578/1578/1578 1579/1579/1579 1675/1675/1675
f 1578/1578/1578 1675/1675/1675 1674/1674/1674
f 1579/1579/1579 1580/1580/1580 1676/1676/1676
f 1579/1579/1579 1676/1676/1676 1675/1675/1675
f 1580/1580/1580 1581/1581/1581 1677/1677/1677
f 1580/1580/1580 1677/1677/1677 1676/1676/1676
f 1581/1581/1581 1582/1582/1582 1678/1678/1678
f 1581/1581/1581 1678/1678/1678 1677/1677/1677
f 1582/1582/1582 1583/1583/1583 1679/1679/1679
f 1582/1582/1582 1679/1679/1679 1678/1678/1678
f 1583/1583/1583 1584/1584/1584 1680/1680/1680
f 1583/1583/1583 1680/1680/1680 1679/1679/1679
f 1584/1584/1584 1585/1585/1585 1681/1681/1681
f 1584/1584/1584 1681/1681/1681 1680/1680/1680
f 1585/1585/1585 1586/1586/1586 1682/1682/1682
f 1585/1585/1585 1682/1682/1682 1681/1681/1681
f 1586/1586/1586 1587/1587/1587 1683/1683/1683
f 1586/1586/1586 1683/1683/1683 1682/1682/1682
f 1587/1587/1587 1588/1588/1588 1684/1684/1684
f 1587/1587/1587 1684/1684/1684 1683/1683/1683
f 1588/1588/1588 1589/1589/1589 1685/1685/1685
f 1588/1588/1588 1685/1685/1685 1684/1684/1684
f 1589/1589/1589 1590/1590/1590 1686/1686/1686
f 1589/1589/1589 1686/1686/1686 1685/1685/1685
f 1590/1590/1590 1591/1591/1591 1687/1687/1687
f 1590/1590/1590 1687/1687/1687 1686/1686/1686
f 1591/1591/1591 1592/1592/1592 1688/1688/1688
f 1591/1591/1591 1688/1688/1688 1687/1687/1687
f 1592/1592/1592 1593/1593/1593 1689/1689/1689
f 1592/1592/1592 1689/1689/1689 1688/1688/1688
f 1593/1593/1593 1594/1594/1594 1690/1690/1690
f 1593/1593/1593 1690/1690/1690 1689/1689/1689
f 1594/1594/1594 1595/1595/1595 1691/1691/1691
f 1594/1594/1594 1691/1691/1691 1690/1690/1690
f 1595/1595/1595 1596/1596/1596 1692/1692/1692
f 1595/1595/1595 1692/1692/1692 1691/1691/1691
f 1596/1596/1596 1597/1597/1597 1693/1693/1693
f 1596/1596/1596 1693/1693/1693 1692/1692/1692
f 1597/1597/1597 1598/1598/1598 1694/1694/1694
f 1597/1597/1597 1694/1694/1694 1693/1693/1693
f 1598/1598/1598 1599/1599/1599 1695/1695/1695
f 1598/1598/1598 1695/1695/1695 1694/1694/1694
f 1599/1599/1599 1600/1600/1600 1696/1696/1696
f 1599/1599/1599 1696/1696/1696 1695/1695/1695
f 1600/1600/1600 1601/1601/1601 1697/1697/1697
f 1600/1600/1600 1697/1697/1697 1696/1696/1696
f 1601/1601/1601 1602/1602/1602 1698/1698/1698
f 1601/1601/1601 1698/1698/1698 1697/1697/1697
f 1602/1602/1602 1603/1603/1603 1699/1699/1699
f 1602/1602/1602 1699/1699/1699 1698/1698/1698
f 1603/1603/1603 1604/1604/1604 1700/1700/1700
f 1603/1603/1603 1700/1700/1700 1699/1699/1699
f 1604/1604/1604 1605/1605/1605 1701/1701/1701
f 1604/1604/1604 1701/1701/1701 1700/1700/1700
f 1605/1605/1605 1606/1606/1606 1702/1702/1702
f 1605/1605/1605 1702/1702/1702 1701/1701/1701
f 1606/1606/1606 1607/1607/1607 1703/1703/1703
f 1606/1606/1606 1703/1703/1703 1702/1702/1702
f 1607/1607/1607 1608/1608/1608 1704/1704/1704
f 1607/1607/1607 1704/1704/1704 1703/1703/1703
f 1608/1608/1608 1609/1609/1609 1705/1705/1705
f 1608/1608/1608 1705/1705/1705 1704/1704/1704
f 1609/1609/1609 1610/1610/1610 1706/1706/1706
f 1609/1609/1609 1706/1706/1706 1705/1705/1705
f 1610/1610/1610 1611/1611/1611 1707/1707/1707
f 1610/1610/1610 1707/1707/1707 1706/1706/1706
f 1611/1611/1611 1612/1612/1612 1708/1708/1708
f 1611/1611/1611 1708/1708/1708 1707/1707/1707
f 1612/1612/1612 1613/1613/1613 1709/1709/1709
f 1612/1612/1612 1709/1709/1709 1708/1708/1708
f 1613/1613/1613 1614/1614/1614 1710/1710/1710
f 1613/1613/1613 1710/1710/1710 1709/1709/1709
f 1614/1614/1614 1615/1615/1615 1711/1711/1711
f 1614/1614/1614 1711/1711/1711 1710/1710/1710
f 1615/1615/1615 1616/1616/1616 1712/1712/1712
f 1615/1615/1615 1712/1712/1712 1711/1711/1711
f 1616/1616/1616 1617/1617/1617 1713/1713/1713
f 1616/1616/1616 1713/1713/1713 1712/1712/1712
f 1617/1617/1617 1618/1618/1618 1714/1714/1714
f 1617/1617/1617 1714/1714/1714 1713/1713/1713
f 1618/1618/1618 1619/1619/1619 1715/1715/1715
f 1618/1618/1618 1715/1715/1715 1714/1714/1714
f 1619/1619/1619 1620/1620/1620 1716/1716/1716
f 1619/1619/1619 1716/1716/1716 1715/1715/1715
f 1620/1620/1620 1621/1621/1621 1717/1717/1717
f 1620/1620/1620 1717/1717/1717 1716/1716/1716
f 1621/1621/1621 1622/1622/1622 1718/1718/1718
f 1621/1621/1621 1718/1718/1718 1717/1717/1717
f 1622/1622/1622 1623/1623/1623 1719/1719/1719
f 1622/1622/1622 1719/1719/1719 1718/1718/1718
f 1623/1623/1623 1624/1624/1624 1720/1720/1720
f 1623/1623/1623 1720/1720/1720 1719/1719/1719
f 1624/1624/1624 1625/1625/1625 1721/1721/1721
f 1624/1624/1624 1721/1721/1721 1720/1720/1720
f 1625/1625/1625 1626/1626/1626 1722/1722/1722
f 1625/1625/1625 1722/1722/1722 1721/1721/1721
f 1626/1626/1626 1627/1627/1627 1723/1723/1723
f 1626/1626/1626 1723/1723/1723 1722/1722/1722
f 1627/1627/1627 1628/1628/1628 1724/1724/1724
f 1627/1627/1627 1724/1724/1724 1723/1723/1723
f 1628/1628/1628 1629/1629/1629 1725/1725/1725
f 1628/1628/1628 1725/1725/1725 1724/1724/1724
f 1629/1629/1629 1630/1630/1630 1726/1726/1726
f 1629/1629/1629 1726/1726/1726 1725/1725/1725
f 1630/1630/1630 1631/1631/1631 1727/1727/1727
f 1630/1630/1630 1727/1727/1727 1726/1726/1726
f 1631/1631/1631 1632/1632/1632 1728/1728/1728
f 1631/1631/1631 1728/1728/1728 1727/1727/1727
f 1632/1632/1632 1537/1537/1537 1633/1633/1633
f 1632/1632/1632 1633/1633/1633 1728/1728/1728
f 1633/1633/1633 1634/1634/1634 1730/1730/1730
f 1633/1633/1633 1730/1730/1730 1729/1729/1729
f 1634/1634/1634 1635/1635/1635 1731/1731/1731
f 1634/1634/1634 1731/1731/1731 1730/1730/1730
f 1635/1635/1635 1636/1636/1636 1732/1732/1732
f 1635/1635/1635 1732/1732/1732 1731/1731/1731
f 1636/1636/1636 1637/1637/1637 1733/1733/1733
f 1636/1636/1636 1733/1733/1733 1732/1732/1732
f 1637/1637/1637 1638/1638/1638 1734/1734/1734
f 1637/1637/1637 1734/1734/1734 1733/1733/1733
f 1638/1638/1638 1639/1639/1639 1735/1735/1735
f 1638/1638/1638 1735/1735/1735 1734/1734/1734
f 1639/1639/1639 1640/1640/1640 1736/1736/1736
f 1639/1639/1639 1736/1736/1736 1735/1735/1735
f 1640/1640/1640 1641/1641/1641 1737/1737/1737
f 1640/1640/1640 1737/1737/1737 1736/1736/1736
f 1641/1641/1641 1642/1642/1642 1738/1738/1738
f 1641/1641/1641 1738/1738/1738 1737/1737/1737
f 1642/1642/1642 1643/1643/1643 1739/1739/1739
f 1642/1642/1642 1739/1739/1739 1738/1738/1738
f 1643/1643/1643 1644/1644/1644 1740/1740/1740
f 1643/1643/1643 1740/1740/1740 1739/1739/1739
f 1644/1644/1644 1645/1645/1645 1741/1741/1741
f 1644/1644/1644 1741/1741/1741 1740/1740/1740
f 1645/1645/1645 1646/1646/1646 1742/1742/1742
f 1645/1645/1645 1742/1742/1742 1741/1741/1741
f 1646/1646/1646 1647/1647/1647 1743/1743/1743
f 1646/1646/1646 1743/1743/1743 1742/1742/1742
f 1647/1647/1647 1648/1648/1648 1744/1744/1744
f 1647/1647/1647 1744/1744/1744 1743/1743/1743
f 1648/1648/1648 1649/1649/1649 1745/1745/1745
f 1648/1648/1648 1745/1745/1745 1744/1744/1744
f 1649/1649/1649 1650/1650/1650 1746/1746/1746
f 1649/1649/1649 1746/1746/1746 1745/1745/1745
f 1650/1650/1650 1651/1651/1651 1747/1747/1747
f 1650/1650/1650 1747/1747/1747 1746/1746/1746
f 1651/1651/1651 1652/1652/1652 1748/1748/1748
f 1651/1651/1651 1748/1748/1748 1747/1747/1747
f 1652/1652/1652 1653/1653/1653 1749/1749/1749
f 1652/1652/1652 1749/1749/1749 1748/1748/1748
f 1653/1653/1653 1654/1654/1654 1750/1750/1750
f 1653/1653/1653 1750/1750/1750 1749/1749/1749
f 1654/1654/1654 1655/1655/1655 1751/1751/1751
f 1654/1654/1654 1751/1751/1751 1750/1750/1750
f 1655/1655/1655 1656/1656/1656 1752/1752/1752
f 1655/1655/1655 1752/1752/1752 1751/1751/1751
f 1656/1656/1656 1657/1657/1657 1753/1753/1753
f 1656/1656/1656 1753/1753/1753 1752/1752/1752
f 1657/1657/1657 1658/1658/1658 1754/1754/1754
f 1657/1657/1657 1754/1754/1754 1753/1753/1753
f 1658/1658/1658 1659/1659/1659 1755/1755/1755
f 1658/1658/1658 1755/1755/1755 1754/1754/1754
f 1659/1659/1659 1660/1660/1660 1756/1756/1756
f 1659/1659/1659 1756/1756/1756 1755/1755/1755
f 1660/1660/1660 1661/1661/1661 1757/1757/1757
f 1660/1660/1660 1757/1757/1757 1756/1756/1756
f 1661/1661/1661 1662/1662/1662 1758/1758/1758
f 1661/1661/1661 1758/1758/1758 1757/1757/1757
f 1662/1662/1662 1663/1663/1663 1759/1759/1759
f 1662/1662/1662 1759/1759/1759 1758/1758/1758
f 1663/1663/1663 1664/1664/1664 1760/1760/1760
f 1663/1663/1663 1760/1760/1760 1759/1759/1759
f 1664/1664/1664 1665/1665/1665 1761/1761/1761
f 1664/1664/1664 1761/1761/1761 1760/1760/1760
f 1665/1665/1665 1666/1666/1666 1762/1762/1762
f 1665/1665/1665 1762/1762/1762 1761/1761/1761
f 1666/1666/1666 1667/1667/1667 1763/1763/1763
f 1666/1666/1666 1763/1763/1763 1762/1762/1762
f 1667/1667/1667 1668/1668/1668 1764/1764/1764
f 1667/1667/1667 1764/1764/1764 1763/1763/1763
f 1668/1668/1668 1669/1669/1669 1765/1765/1765
f 1668/1668/1668 1765/1765/1765 1764/1764/1764
f 1669/1669/1669 1670/1670/1670 1766/1766/1766
f 1669/1669/1669 1766/1766/1766 1765/1765/1765
f 1670/1670/1670 1671/1671/1671 1767/1767/1767
f 1670/1670/1670 1767/1767/1767 1766/1766/1766
f 1671/1671/1671 1672/1672/1672 1768/1768/1768
f 1671/1671/1671 1768/1768/1768 1767/1767/1767
f 1672/1672/1672 1673/1673/1673 1769/1769/1769
f 1672/1672/1672 1769/1769/1769 1768/1768/1768
f 1673/1673/1673 1674/1674/1674 1770/1770/1770
f 1673/1673/1673 1770/1770/1770 1769/1769/1769
f 1674/1674/1674 1675/1675/1675 1771/1771/1771
f 1674/1674/1674 1771/1771/1771 1770/1770/1770
f 1675/1675/1675 1676/1676/1676 1772/1772/1772
f 1675/1675/1675 1772/1772/1772 1771/1771/1771
f 1676/1676/1676 1677/1677/1677 1773/1773/1773
f 1676/1676/1676 1773/1773/1773 1772/1772/1772
f 1677/1677/1677 1678/1678/1678 1774/1774/1774
f 1677/1677/1677 1774/1774/1774 1773/1773/1773
f 1678/1678/1678 1679/1679/1679 1775/1775/1775
f 1678/1678/1678 1775/1775/1775 1774/1774/1774
f 1679/1679/1679 1680/1680/1680 1776/1776/1776
f 1679/1679/1679 1776/1776/1776 1775/1775/1775
f 1680/1680/1680 1681/1681/1681 1777/1777/1777
f 1680/1680/1680 1777/1777/1777 1776/1776/1776
f 1681/1681/1681 1682/1682/1682 1778/1778/1778
f 1681/1681/1681 1778/1778/1778 1777/1777/1777
f 1682/1682/1682 1683/1683/1683 1779/1779/1779
f 1682/1682/1682 1779/1779/1779 1778/1778/1778
f 1683/1683/1683 1684/1684/1684 1780/1780/1780
f 1683/1683/1683 1780/1780/1780 1779/1779/1779
f 1684/1684/1684 1685/1685/1685 1781/1781/1781
f 1684/1684/1684 1781/1781/1781 1780/1780/1780
f 1685/1685/1685 1686/1686/1686 1782/1782/1782
f 1685/1685/1685 1782/1782/1782 1781/1781/1781
f 1686/1686/1686 1687/1687/1687 1783/1783/1783
f 1686/1686/1686 1783/1783/1783 1782/1782/1782
f 1687/1687/1687 1688/1688/1688 1784/1784/1784
f 1687/1687/1687 1784/1784/1784 1783/1783/1783
f 1688/1688/1688 1689/1689/1689 1785/1785/1785
f 1688/1688/1688 1785/1785/1785 1784/1784/1784
f 1689/1689/1689 1690/1690/1690 1786/1786/1786
f 1689/1689/1689 1786/1786/1786 1785/1785/1785
f 1690/1690/1690 1691/1691/1691 1787/1787/1787
f 1690/1690/1690 1787/1787/1787 1786/1786/1786
f 1691/1691/1691 1692/1692/1692 1788/1788/1788
f 1691/1691/1691 1788/1788/1788 1787/1787/1787
f 1692/1692/1692 1693/1693/1693 1789/1789/1789
f 1692/1692/1692 1789/1789/1789 1788/1788/1788
f 1693/1693/1693 1694/1694/1694 1790/1790/1790
f 1693/1693/1693 1790/1790/1790 1789/1789/1789
f 1694/1694/1694 1695/1695/1695 1791/1791/1791
f 1694/1694/1694 1791/1791/1791 1790/1790/1790
f 1695/1695/1695 1696/1696/1696 1792/1792/1792
f 1695/1695/1695 1792/1792/1792 1791/1791/1791
f 1696/1696/1696 1697/1697/1697 1793/1793/1793
f 1696/1696/1696 1793/1793/1793 1792/1792/1792
f 1697/1697/1697 1698/1698/1698 1794/1794/1794
f 1697/1697/1697 1794/1794/1794 1793/1793/1793
f 1698/1698/1698 1699/1699/1699 1795/1795/1795
f 1698/1698/1698 1795/1795/1795 1794/1794/1794
f 1699/1699/1699 1700/1700/1700 1796/1796/1796
f 1699/1699/1699 1796/1796/1796 1795/1795/1795
f 1700/1700/1700 1701/1701/1701 1797/1797/1797
f 1700/1700/1700 1797/1797/1797 1796/1796/1796
f 1701/1701/1701 1702/1702/1702 1798/1798/1798
f 1701/1701/1701 1798/1798/1798 1797/1797/1797
f 1702/1702/1702 1703/1703/1703 1799/1799/1799
f 1702/1702/1702 1799/1799/1799 1798/1798/1798
f 1703/1703/1703 1704/1704/1704 1800/1800/1800
f 1703/1703/1703 1800/1800/1800 1799/1799/1799
f 1704/1704/1704 1705/1705/1705 1801/1801/1801
f 1704/1704/1704 1801/1801/1801 1800/1800/1800
f 1705/1705/1705 1706/1706/1706 1802/1802/1802
f 1705/1705/1705 1802/1802/1802 1801/1801/1801
f 1706/1706/1706 1707/1707/1707 1803/1803/1803
f 1706/1706/1706 1803/1803/1803 1802/1802/1802
f 1707/1707/1707 1708/1708/1708 1804/1804/1804
f 1707/1707/1707 1804/1804/1804 1803/1803/1803
f 1708/1708/1708 1709/1709/1709 1805/1805/1805
f 1708/1708/1708 1805/1805/1805 1804/1804/1804
f 1709/1709/1709 1710/1710/1710 1806/1806/1806
f 1709/1709/1709 1806/1806/1806 1805/1805/1805
f 1710/1710/1710 1711/1711/1711 1807/1807/1807
f 1710/1710/1710 1807/1807/1807 1806/1806/1806
f 1711/1711/1711 1712/1712/1712 1808/1808/1808
f 1711/1711/1711 1808/1808/1808 1807/1807/1807
f 1712/1712/1712 1713/1713/1713 1809/1809/1809
f 1712/1712/1712 1809/1809/1809 1808/1808/1808
f 1713/1713/1713 1714/1714/1714 1810/1810/1810
f 1713/1713/1713 1810/1810/1810 1809/1809/1809
f 1714/1714/1714 1715/1715/1715 1811/1811/1811
f 1714/1714/1714 1811/1811/1811 1810/1810/1810
f 1715/1715/1715 1716/1716/1716 1812/1812/1812
f 1715/1715/1715 1812/1812/1812 1811/1811/1811
f 1716/1716/1716 1717/1717/1717 1813/1813/1813
f 1716/1716/1716 1813/1813/1813 1812/1812/1812
f 1717/1717/1717 1718/1718/1718 1814/1814/1814
f 1717/1717/1717 1814/1814/1814 1813/1813/1813
f 1718/1718/1718 1719/1719/1719 1815/1815/1815
f 1718/1718/1718 1815/1815/1815 1814/1814/1814
f 1719/1719/1719 1720/1720/1720 1816/1816/1816
f 1719/1719/1719 1816/1816/1816 1815/1815/1815
f 1720/1720/1720 1721/1721/1721 1817/1817/1817
f 1720/1720/1720 1817/1817/1817 1816/1816/1816
f 1721/1721/1721 1722/1722/1722 1818/1818/1818
f 1721/1721/1721 1818/1818/1818 1817/1817/1817
f 1722/1722/1722 1723/1723/1723 1819/1819/1819
f 1722/1722/1722 1819/1819/1819 1818/1818/1818
f 1723/1723/1723 1724/1724/1724 1820/1820/1820
f 1723/1723/1723 1820/1820/1820 1819/1819/1819
f 1724/1724/1724 1725/1725/1725 1821/1821/1821
f 1724/1724/1724 1821/1821/1821 1820/1820/1820
f 1725/1725/1725 1726/1726/1726 1822/1822/1822
f 1725/1725/1725 1822/1822/1822 1821/1821/1821
f 1726/1726/1726 1727/1727/1727 1823/1823/1823
f 1726/1726/1726 1823/1823/1823 1822/1822/1822
f 1727/1727/1727 1728/1728/1728 1824/1824/1824
f 1727/1727/1727 1824/1824/1824 1823/1823/1823
f 1728/1728/1728 1633/1633/1633 1729/1729/1729
f 1728/1728/1728 1729/1729/1729 1824/1824/1824
f 1729/1729/1729 1730/1730/1730 1826/1826/1826
f 1729/1729/1729 1826/1826/1826 1825/1825/1825
f 1730/1730/1730 1731/1731/1731 1827/1827/1827
f 1730/1730/1730 1827/1827/1827 1826/1826/1826
f 1731/1731/1731 1732/1732/1732 1828/1828/1828
f 1731/1731/1731 1828/1828/1828 1827/1827/1827
f 1732/1732/1732 1733/1733/1733 1829/1829/1829
f 1732/1732/1732 1829/1829/1829 1828/1828/1828
f 1733/1733/1733 1734/1734/1734 1830/1830/1830
f 1733/1733/1733 1830/1830/1830 1829/1829/1829
f 1734/1734/1734 1735/1735/1735 1831/1831/1831
f 1734/1734/1734 1831/1831/1831 1830/1830/1830
f 1735/1735/1735 1736/1736/1736 1832/1832/1832
f 1735/1735/1735 1832/1832/1832 1831/1831/1831
f 1736/1736/1736 1737/1737/1737 1833/1833/1833
f 1736/1736/1736 1833/1833/1833 1832/1832/1832
f 1737/1737/1737 1738/1738/1738 1834/1834/1834
f 1737/1737/1737 1834/1834/1834 1833/1833/1833
f 1738/1738/1738 1739/1739/1739 1835/1835/1835
f 1738/1738/1738 1835/1835/1835 1834/1834/1834
f 1739/1739/1739 1740/1740/1740 1836/1836/1836
f 1739/1739/1739 1836/1836/1836 1835/1835/1835
f 1740/1740/1740 1741/1741/1741 1837/1837/1837
f 1740/1740/1740 1837/1837/1837 1836/1836/1836
f 1741/1741/1741 1742/1742/1742 1838/1838/1838
f 1741/1741/1741 1838/1838/1838 1837/1837/1837
f 1742/1742/1742 1743/1743/1743 1839/1839/1839
f 1742/1742/1742 1839/1839/1839 1838/1838/1838
f 1743/1743/1743 1744/1744/1744 1840/1840/1840
f 1743/1743/1743 1840/1840/1840 1839/1839/1839
f 1744/1744/1744 1745/1745/1745 1841/1841/1841
f 1744/1744/1744 1841/1841/1841 1840/1840/1840
f 1745/1745/1745 1746/1746/1746 1842/1842/1842
f 1745/1745/1745 1842/1842/1842 1841/1841/1841
f 1746/1746/1746 1747/1747/1747 1843/1843/1843
f 1746/1746/1746 1843/1843/1843 1842/1842/1842
f 1747/1747/1747 1748/1748/1748 1844/1844/1844
f 1747/1747/1747 1844/1844/1844 1843/1843/1843
f 1748/1748/1748 1749/1749/1749 1845/1845/1845
f 1748/1748/1748 1845/1845/1845 1844/1844/1844
f 1749/1749/1749 1750/1750/1750 1846/1846/1846
f 1749/1749/1749 1846/1846/1846 1845/1845/1845
f 1750/1750/1750 1751/1751/1751 1847/1847/1847
f 1750/1750/1750 1847/1847/1847 1846/1846/1846
f 1751/1751/1751 1752/1752/1752 1848/1848/1848
f 1751/1751/1751 1848/1848/1848 1847/1847/1847
f 1752/1752/1752 1753/1753/1753 1849/1849/1849
f 1752/1752/1752 1849/1849/1849 1848/1848/1848
f 1753/1753/1753 1754/1754/1754 1850/1850/1850
f 1753/1753/1753 1850/1850/1850 1849/1849/1849
f 1754/1754/1754 1755/1755/1755 1851/1851/1851
f 1754/1754/1754 1851/1851/1851 1850/1850/1850
f 1755/1755/1755 1756/1756/1756 1852/1852/1852
f 1755/1755/1755 1852/1852/1852 1851/1851/1851
f 1756/1756/1756 1757/1757/1757 1853/1853/1853
f 1756/1756/1756 1853/1853/1853 1852/1852/1852
f 1757/1757/1757 1758/1758/1758 1854/1854/1854
f 1757/1757/1757 1854/1854/1854 1853/1853/1853
f 1758/1758/1758 1759/1759/1759 1855/1855/1855
f 1758/1758/1758 1855/1855/1855 1854/1854/1854
f 1759/1759/1759 1760/1760/1760 1856/1856/1856
f 1759/1759/1759 1856/1856/1856 1855/1855/1855
f 1760/1760/1760 1761/1761/1761 1857/1857/1857
f 1760/1760/1760 1857/1857/1857 1856/1856/1856
f 1761/1761/1761 1762/1762/1762 1858/1858/1858
f 1761/1761/1761 1858/1858/1858 1857/1857/1857
f 1762/1762/1762 1763/1763/1763 1859/1859/1859
f 1762/1762/1762 1859/1859/1859 1858/1858/1858
f 1763/1763/1763 1764/1764/1764 1860/1860/1860
f 1763/1763/1763 1860/1860/1860 1859/1859/1859
f 1764/1764/1764 1765/1765/1765 1861/1861/1861
f 1764/1764/1764 1861/1861/1861 1860/1860/1860
f 1765/1765/1765 1766/1766/1766 1862/1862/1862
f 1765/1765/1765 1862/1862/1862 1861/1861/1861
f 1766/1766/1766 1767/1767/1767 1863/1863/1863
f 1766/1766/1766 1863/1863/1863 1862/1862/1862
f 1767/1767/1767 1768/1768/1768 1864/1864/1864
f 1767/1767/1767 1864/1864/1864 1863/1863/1863
f 1768/1768/1768 1769/1769/1769 1865/1865/1865
f 1768/1768/1768 1865/1865/1865 1864/1864/1864
f 1769/1769/1769 1770/1770/1770 1866/1866/1866
f 1769/1769/1769 1866/1866/1866 1865/1865/1865
f 1770/1770/1770 1771/1771/1771 1867/1867/1867
f 1770/1770/1770 1867/1867/1867 1866/1866/1866
f 1771/1771/1771 1772/1772/1772 1868/1868/1868
f 1771/1771/1771 1868/1868/1868 1867/1867/1867
f 1772/1772/1772 1773/1773/1773 1869/1869/1869
f 1772/1772/1772 1869/1869/1869 1868/1868/1868
f 1773/1773/1773 1774/1774/1774 1870/1870/1870
f 1773/1773/1773 1870/1870/1870 1869/1869/1869
f 1774/1774/1774 1775/1775/1775 1871/1871/1871
f 1774/1774/1774 1871/1871/1871 1870/1870/1870
f 1775/1775/1775 1776/1776/1776 1872/1872/1872
f 1775/1775/1775 1872/1872/1872 1871/1871/1871
f 1776/1776/1776 1777/1777/1777 1873/1873/1873
f 1776/1776/1776 1873/1873/1873 1872/1872/1872
f 1777/1777/1777 1778/1778/1778 1874/1874/1874
f 1777/1777/1777 1874/1874/1874 1873/1873/1873
f 1778/1778/1778 1779/1779/1779 1875/1875/1875
f 1778/1778/1778 1875/1875/1875 1874/1874/1874
f 1779/1779/1779 1780/1780/1780 1876/1876/1876
f 1779/1779/1779 1876/1876/1876 1875/1875/1875
f 1780/1780/1780 1781/1781/1781 1877/1877/1877
f 1780/1780/1780 1877/1877/1877 1876/1876/1876
f 1781/1781/1781 1782/1782/1782 1878/1878/1878
f 1781/1781/1781 1878/1878/1878 1877/1877/1877
f 1782/1782/1782 1783/1783/1783 1879/1879/1879
f 1782/1782/1782 1879/1879/1879 1878/1878/1878
f 1783/1783/1783 1784/1784/1784 1880/1880/1880
f 1783/1783/1783 1880/1880/1880 1879/1879/1879
f 1784/1784/1784 1785/1785/1785 1881/1881/1881
f 1784/1784/1784 1881/1881/1881 1880/1880/1880
f 1785/1785/1785 1786/1786/1786 1882/1882/1882
f 1785/1785/1785 1882/1882/1882 1881/1881/1881
f 1786/1786/1786 1787/1787/1787 1883/1883/1883
f 1786/1786/1786 1883/1883/1883 1882/1882/1882
f 1787/1787/1787 1788/1788/1788 1884/1884/1884
f 1787/1787/1787 1884/1884/1884 1883/1883/1883
f 1788/1788/1788 1789/1789/1789 1885/1885/1885
f 1788/1788/1788 1885/1885/1885 1884/1884/1884
f 1789/1789/1789 1790/1790/1790 1886/1886/1886
f 1789/1789/1789 1886/1886/1886 1885/1885/1885
f 1790/1790/1790 1791/1791/1791 1887/1887/1887
f 1790/1790/1790 1887/1887/1887 1886/1886/1886
f 1791/1791/1791 1792/1792/1792 1888/1888/1888
f 1791/1791/1791 1888/1888/1888 1887/1887/1887
f 1792/1792/1792 1793/1793/1793 1889/1889/1889
f 1792/1792/1792 1889/1889/1889 1888/1888/1888
f 1793/1793/1793 1794/1794/1794 1890/1890/1890
f 1793/1793/1793 1890/1890/1890 1889/1889/1889
f 1794/1794/1794 1795/1795/1795 1891/1891/1891
f 1794/1794/1794 1891/1891/1891 1890/1890/1890
f 1795/1795/1795 1796/1796/1796 1892/1892/1892
f 1795/1795/1795 1892/1892/1892 1891/1891/1891
f 1796/1796/1796 1797/1797/1797 1893/1893/1893
f 1796/1796/1796 1893/1893/1893 1892/1892/1892
f 1797/1797/1797 1798/1798/1798 1894/1894/1894
f 1797/1797/1797 1894/1894/1894 1893/1893/1893
f 1798/1798/1798 1799/1799/1799 1895/1895/1895
f 1798/1798/1798 1895/1895/1895 1894/1894/1894
f 1799/1799/1799 1800/1800/1800 1896/1896/1896
f 1799/1799/1799 1896/1896/1896 1895/1895/1895
f 1800/1800/1800 1801/1801/1801 1897/1897/1897
f 1800/1800/1800 1897/1897/1897 1896/1896/1896
f 1801/1801/1801 1802/1802/1802 1898/1898/1898
f 1801/1801/1801 1898/1898/1898 1897/1897/1897
f 1802/1802/1802 1803/1803/1803 1899/1899/1899
f 1802/1802/1802 1899/1899/1899 1898/1898/1898
f 1803/1803/1803 1804/1804/1804 1900/1900/1900
f 1803/1803/1803 1900/1900/1900 1899/1899/1899
f 1804/1804/1804 1805/1805/1805 1901/1901/1901
f 1804/1804/1804 1901/1901/1901 1900/1900/1900
f 1805/1805/1805 1806/1806/1806 1902/1902/1902
f 1805/1805/1805 1902/1902/1902 1901/1901/1901
f 1806/1806/1806 1807/1807/1807 1903/1903/1903
f 1806/1806/1806 1903/1903/1903 1902/1902/1902
f 1807/1807/1807 1808/1808/1808 1904/1904/1904
f 1807/1807/1807 1904/1904/1904 1903/1903/1903
f 1808/1808/1808 1809/1809/1809 1905/1905/1905
f 1808/1808/1808 1905/1905/1905 1904/1904/1904
f 1809/1809/1809 1810/1810/1810 1906/1906/1906
f 1809/1809/1809 1906/1906/1906 1905/1905/1905
f 1810/1810/1810 1811/1811/1811 1907/1907/1907
f 1810/1810/1810 1907/1907/1907 1906/1906/1906
f 1811/1811/1811 1812/1812/1812 1908/1908/1908
f 1811/1811/1811 1908/1908/1908 1907/1907/1907
f 1812/1812/1812 1813/1813/1813 1909/1909/1909
f 1812/1812/1812 1909/1909/1909 1908/1908/1908
f 1813/1813/1813 1814/1814/1814 1910/1910/1910
f 1813/1813/1813 1910/1910/1910 1909/1909/1909
f 1814/1814/1814 1815/1815/1815 1911/1911/1911
f 1814/1814/1814 1911/1911/1911 1910/1910/1910
f 1815/1815/1815 1816/1816/1816 1912/1912/1912
f 1815/1815/1815 1912/1912/1912 1911/1911/1911
f 1816/1816/1816 1817/1817/1817 1913/1913/1913
f 1816/1816/1816 1913/1913/1913 1912/1912/1912
f 1817/1817/1817 1818/1818/1818 1914/1914/1914
f 1817/1817/1817 1914/1914/1914 1913/1913/1913
f 1818/1818/1818 1819/1819/1819 1915/1915/1915
f 1818/1818/1818 1915/1915/1915 1914/1914/1914
f 1819/1819/1819 1820/1820/1820 1916/1916/1916
f 1819/1819/1819 1916/1916/1916 1915/1915/1915
f 1820/1820/1820 1821/1821/1821 1917/1917/1917
f 1820/1820/1820 1917/1917/1917 1916/1916/1916
f 1821/1821/1821 1822/1822/1822 1918/1918/1918
f 1821/1821/1821 1918/1918/1918 1917/1917/1917
f 1822/1822/1822 1823/1823/1823 1919/1919/1919
f 1822/1822/1822 1919/1919/1919 1918/1918/1918
f 1823/1823/1823 1824/1824/1824 1920/1920/1920
f 1823/1823/1823 1920/1920/1920 1919/1919/1919
f 1824/1824/1824 1729/1729/1729 1825/1825/1825
f 1824/1824/1824 1825/1825/1825 1920/1920/1920
f 1825/1825/1825 1826/1826/1826 1922/1922/1922
f 1825/1825/1825 1922/1922/1922 1921/1921/1921
f 1826/1826/1826 1827/1827/1827 1923/1923/1923
f 1826/1826/1826 1923/1923/1923 1922/1922/1922
f 1827/1827/1827 1828/1828/1828 1924/1924/1924
f 1827/1827/1827 1924/1924/1924 1923/1923/1923
f 1828/1828/1828 1829/1829/1829 1925/1925/1925
f 1828/1828/1828 1925/1925/1925 1924/1924/1924
f 1829/1829/1829 1830/1830/1830 1926/1926/1926
f 1829/1829/1829 1926/1926/1926 1925/1925/1925
f 1830/1830/1830 1831/1831/1831 1927/1927/1927
f 1830/1830/1830 1927/1927/1927 1926/1926/1926
f 1831/1831/1831 1832/1832/1832 1928/1928/1928
f 1831/1831/1831 1928/1928/1928 1927/1927/1927
f 1832/1832/1832 1833/1833/1833 1929/1929/1929
f 1832/1832/1832 1929/1929/1929 1928/1928/1928
f 1833/1833/1833 1834/1834/1834 1930/1930/1930
f 1833/1833/1833 1930/1930/1930 1929/1929/1929
f 1834/1834/1834 1835/1835/1835 1931/1931/1931
f 1834/1834/1834 1931/1931/1931 1930/1930/1930
f 1835/1835/1835 1836/1836/1836 1932/1932/1932
f 1835/1835/1835 1932/1932/1932 1931/1931/1931
f 1836/1836/1836 1837/1837/1837 1933/1933/1933
f 1836/1836/1836 1933/1933/1933 1932/1932/1932
f 1837/1837/1837 1838/1838/1838 1934/1934/1934
f 1837/1837/1837 1934/1934/1934 1933/1933/1933
f 1838/1838/1838 1839/1839/1839 1935/1935/1935
f 1838/1838/1838 1935/1935/1935 1934/1934/1934
f 1839/1839/1839 1840/1840/1840 1936/1936/1936
f 1839/1839/1839 1936/1936/1936 1935/1935/1935
f 1840/1840/1840 1841/1841/1841 1937/1937/1937
f 1840/1840/1840 1937/1937/1937 1936/1936/1936
f 1841/1841/1841 1842/1842/1842 1938/1938/1938
f 1841/1841/1841 1938/1938/1938 1937/1937/1937
f 1842/1842/1842 1843/1843/1843 1939/1939/1939
f 1842/1842/1842 1939/1939/1939 1938/1938/1938
f 1843/1843/1843 1844/1844/1844 1940/1940/1940
f 1843/1843/1843 1940/1940/1940 1939/1939/1939
f 1844/1844/1844 1845/1845/1845 1941/1941/1941
f 1844/1844/1844 1941/1941/1941 1940/1940/1940
f 1845/1845/1845 1846/1846/1846 1942/1942/1942
f 1845/1845/1845 1942/1942/1942 1941/1941/1941
f 1846/1846/1846 1847/1847/1847 1943/1943/1943
f 1846/1846/1846 1943/1943/1943 1942/1942/1942
f 1847/1847/1847 1848/1848/1848 1944/1944/1944
f 1847/1847/1847 1944/1944/1944 1943/1943/1943
f 1848/1848/1848 1849/1849/1849 1945/1945/1945
f 1848/1848/1848 1945/1945/1945 1944/1944/1944
f 1849/1849/1849 1850/1850/1850 1946/1946/1946
f 1849/1849/1849 1946/1946/1946 1945/1945/1945
f 1850/1850/1850 1851/1851/1851 1947/1947/1947
f 1850/1850/1850 1947/1947/1947 1946/1946/1946
f 1851/1851/1851 1852/1852/1852 1948/1948/1948
f 1851/1851/1851 1948/1948/1948 1947/1947/1947
f 1852/1852/1852 1853/1853/1853 1949/1949/1949
f 1852/1852/1852 1949/1949/1949 1948/1948/1948
f 1853/1853/1853 1854/1854/1854 1950/1950/1950
f 1853/1853/1853 1950/1950/1950 1949/1949/1949
f 1854/1854/1854 1855/1855/1855 1951/1951/1951
f 1854/1854/1854 1951/1951/1951 1950/1950/1950
f 1855/1855/1855 1856/1856/1856 1952/1952/1952
f 1855/1855/1855 1952/1952/1952 1951/1951/1951
f 1856/1856/1856 1857/1857/1857 1953/1953/1953
f 1856/1856/1856 1953/1953/1953 1952/1952/1952
f 1857/1857/1857 1858/1858/1858 1954/1954/1954
f 1857/1857/1857 1954/1954/1954 1953/1953/1953
f 1858/1858/1858 1859/1859/1859 1955/1955/1955
f 1858/1858/1858 1955/1955/1955 1954/1954/1954
f 1859/1859/1859 1860/1860/1860 1956/1956/1956
f 1859/1859/1859 1956/1956/1956 1955/1955/1955
f 1860/1860/1860 1861/1861/1861 1957/1957/1957
f 1860/1860/1860 1957/1957/1957 1956/1956/1956
f 1861/1861/1861 1862/1862/1862 1958/1958/1958
f 1861/1861/1861 1958/1958/1958 1957/1957/1957
f 1862/1862/1862 1863/1863/1863 1959/1959/1959
f 1862/1862/1862 1959/1959/1959 1958/1958/1958
f 1863/1863/1863 1864/1864/1864 1960/1960/1960
f 1863/1863/1863 1960/1960/1960 1959/1959/1959
f 1864/1864/1864 1865/1865/1865 1961/1961/1961
f 1864/1864/1864 1961/1961/1961 1960/1960/1960
f 1865/1865/1865 1866/1866/1866 1962/1962/1962
f 1865/1865/1865 1962/1962/1962 1961/1961/1961
f 1866/1866/1866 1867/1867/1867 1963/1963/1963
f 1866/1866/1866 1963/1963/1963 1962/1962/1962
f 1867/1867/1867 1868/1868/1868 1964/1964/1964
f 1867/1867/1867 1964/1964/1964 1963/1963/1963
f 1868/1868/1868 1869/1869/1869 1965/1965/1965
f 1868/1868/1868 1965/1965/1965 1964/1964/1964
f 1869/1869/1869 1870/1870/1870 1966/1966/1966
f 1869/1869/1869 1966/1966/1966 1965/1965/1965
f 1870/1870/1870 1871/1871/1871 1967/1967/1967
f 1870/1870/1870 1967/1967/1967 1966/1966/1966
f 1871/1871/1871 1872/1872/1872 1968/1968/1968
f 1871/1871/1871 1968/1968/1968 1967/1967/1967
f 1872/1872/1872 1873/1873/1873 1969/1969/1969
f 1872/1872/1872 1969/1969/1969 1968/1968/1968
f 1873/1873/1873 1874/1874/1874 1970/1970/1970
f 1873/1873/1873 1970/1970/1970 1969/1969/1969
f 1874/1874/1874 1875/1875/1875 1971/1971/1971
f 1874/1874/1874 1971/1971/1971 1970/1970/1970
f 1875/1875/1875 1876/1876/1876 1972/1972/1972
f 1875/1875/1875 1972/1972/1972 1971/1971/1971
f 1876/1876/1876 1877/1877/1877 1973/1973/1973
f 1876/1876/1876 1973/1973/1973 1972/1972/1972
f 1877/1877/1877 1878/1878/1878 1974/1974/1974
f 1877/1877/1877 1974/1974/1974 1973/1973/1973
f 1878/1878/1878 1879/1879/1879 1975/1975/1975
f 1878/1878/1878 1975/1975/1975 1974/1974/1974
f 1879/1879/1879 1880/1880/1880 1976/1976/1976
f 1879/1879/1879 1976/1976/1976 1975/1975/1975
f 1880/1880/1880 1881/1881/1881 1977/1977/1977
f 1880/1880/1880 1977/1977/1977 1976/1976/1976
f 1881/1881/1881 1882/1882/1882 1978/1978/1978
f 1881/1881/1881 1978/1978/1978 1977/1977/1977
f 1882/1882/1882 1883/1883/1883 1979/1979/1979
f 1882/1882/1882 1979/1979/1979 1978/1978/1978
f 1883/1883/1883 1884/1884/1884 1980/1980/1980
f 1883/1883/1883 1980/1980/1980 1979/1979/1979
f 1884/1884/1884 1885/1885/1885 1981/1981/1981
f 1884/1884/1884 1981/1981/1981 1980/1980/1980
f 1885/1885/1885 1886/1886/1886 1982/1982/1982
f 1885/1885/1885 1982/1982/1982 1981/1981/1981
f 1886/1886/1886 1887/1887/1887 1983/1983/1983
f 1886/1886/1886 1983/1983/1983 1982/1982/1982
f 1887/1887/1887 1888/1888/1888 1984/1984/1984
f 1887/1887/1887 1984/1984/1984 1983/1983/1983
f 1888/1888/1888 1889/1889/1889 1985/1985/1985
f 1888/1888/1888 1985/1985/1985 1984/1984/1984
f 1889/1889/1889 1890/1890/1890 1986/1986/1986
f 1889/1889/1889 1986/1986/1986 1985/1985/1985
f 1890/1890/1890 1891/1891/1891 1987/1987/1987
f 1890/1890/1890 1987/1987/1987 1986/1986/1986
f 1891/1891/1891 1892/1892/1892 1988/1988/1988
f 1891/1891/1891 1988/1988/1988 1987/1987/1987
f 1892/1892/1892 1893/1893/1893 1989/1989/1989
f 1892/1892/1892 1989/1989/1989 1988/1988/1988
f 1893/1893/1893 1894/1894/1894 1990/1990/1990
f 1893/1893/1893 1990/1990/1990 1989/1989/1989
f 1894/1894/1894 1895/1895/1895 1991/1991/1991
f 1894/1894/1894 1991/1991/1991 1990/1990/1990
f 1895/1895/1895 1896/1896/1896 1992/1992/1992
f 1895/1895/1895 1992/1992/1992 1991/1991/1991
f 1896/1896/1896 1897/1897/1897 1993/1993/1993
f 1896/1896/1896 1993/1993/1993 1992/1992/1992
f 1897/1897/1897 1898/1898/1898 1994/1994/1994
f 1897/1897/1897 1994/1994/1994 1993/1993/1993
f 1898/1898/1898 1899/1899/1899 1995/1995/1995
f 1898/1898/1898 1995/1995/1995 1994/1994/1994
f 1899/1899/1899 1900/1900/1900 1996/1996/1996
f 1899/1899/1899 1996/1996/1996 1995/1995/1995
f 1900/1900/1900 1901/1901/1901 1997/1997/1997
f 1900/1900/1900 1997/1997/1997 1996/1996/1996
f 1901/1901/1901 1902/1902/1902 1998/1998/1998
f 1901/1901/1901 1998/1998/1998 1997/1997/1997
f 1902/1902/1902 1903/1903/1903 1999/1999/1999
f 1902/1902/1902 1999/1999/1999 1998/1998/1998
f 1903/1903/1903 1904/1904/1904 2000/2000/2000
f 1903/1903/1903 2000/2000/2000 1999/1999/1999
f 1904/1904/1904 1905/1905/1905 2001/2001/2001
f 1904/1904/1904 2001/2001/2001 2000/2000/2000
f 1905/1905/1905 1906/1906/1906 2002/2002/2002
f 1905/1905/1905 2002/2002/2002 2001/2001/2001
f 1906/1906/1906 1907/1907/1907 2003/2003/2003
f 1906/1906/1906 2003/2003/2003 2002/2002/2002
f 1907/1907/1907 1908/1908/1908 2004/2004/2004
f 1907/1907/1907 2004/2004/2004 2003/2003/2003
f 1908/1908/1908 1909/1909/1909 2005/2005/2005
f 1908/1908/1908 2005/2005/2005 2004/2004/2004
f 1909/1909/1909 1910/1910/1910 2006/2006/2006
f 1909/1909/1909 2006/2006/2006 2005/2005/2005
f 1910/1910/1910 1911/1911/1911 2007/2007/2007
f 1910/1910/1910 2007/2007/2007 2006/2006/2006
f 1911/1911/1911 1912/1912/1912 2008/2008/2008
f 1911/1911/1911 2008/2008/2008 2007/2007/2007
f 1912/1912/1912 1913/1913/1913 2009/2009/2009
f 1912/1912/1912 2009/2009/2009 2008/2008/2008
f 1913/1913/1913 1914/1914/1914 2010/2010/2010
f 1913/1913/1913 2010/2010/2010 2009/2009/2009
f 1914/1914/1914 1915/1915/1915 2011/2011/2011
f 1914/1914/1914 2011/2011/2011 2010/2010/2010
f 1915/1915/1915 1916/1916/1916 2012/2012/2012
f 1915/1915/1915 2012/2012/2012 2011/2011/2011
f 1916/1916/1916 1917/1917/1917 2013/2013/2013
f 1916/1916/1916 2013/2013/2013 2012/2012/2012
f 1917/1917/1917 1918/1918/1918 2014/2014/2014
f 1917/1917/1917 2014/2014/2014 2013/2013/2013
f 1918/1918/1918 1919/1919/1919 2015/2015/2015
f 1918/1918/1918 2015/2015/2015 2014/2014/2014
f 1919/1919/1919 1920/1920/1920 2016/2016/2016
f 1919/1919/1919 2016/2016/2016 2015/2015/2015
f 1920/1920/1920 1825/1825/1825 1921/1921/1921
f 1920/1920/1920 1921/1921/1921 2016/2016/2016
f 1921/1921/1921 1922/1922/1922 2018/2018/2018
f 1921/1921/1921 2018/2018/2018 2017/2017/2017
f 1922/1922/1922 1923/1923/1923 2019/2019/2019
f 1922/1922/1922 2019/2019/2019 2018/2018/2018
f 1923/1923/1923 1924/1924/1924 2020/2020/2020
f 1923/1923/1923 2020/2020/2020 2019/2019/2019
f 1924/1924/1924 1925/1925/1925 2021/2021/2021
f 1924/1924/1924 2021/2021/2021 2020/2020/2020
f 1925/1925/1925 1926/1926/1926 2022/2022/2022
f 1925/1925/1925 2022/2022/2022 2021/2021/2021
f 1926/1926/1926 1927/1927/1927 2023/2023/2023
f 1926/1926/1926 2023/2023/2023 2022/2022/2022
f 1927/1927/1927 1928/1928/1928 2024/2024/2024
f 1927/1927/1927 2024/2024/2024 2023/2023/2023
f 1928/1928/1928 1929/1929/1929 2025/2025/2025
f 1928/1928/1928 2025/2025/2025 2024/2024/2024
f 1929/1929/1929 1930/1930/1930 2026/2026/2026
f 1929/1929/1929 2026/2026/2026 2025/2025/2025
f 1930/1930/1930 1931/1931/1931 2027/2027/2027
f 1930/1930/1930 2027/2027/2027 2026/2026/2026
f 1931/1931/1931 1932/1932/1932 2028/2028/2028
f 1931/1931/1931 2028/2028/2028 2027/2027/2027
f 1932/1932/1932 1933/1933/1933 2029/2029/2029
f 1932/1932/1932 2029/2029/2029 2028/2028/2028
f 1933/1933/1933 1934/1934/1934 2030/2030/2030
f 1933/1933/1933 2030/2030/2030 2029/2029/2029
f 1934/1934/1934 1935/1935/1935 2031/2031/2031
f 1934/1934/1934 2031/2031/2031 2030/2030/2030
f 1935/1935/1935 1936/1936/1936 2032/2032/2032
f 1935/1935/1935 2032/2032/2032 2031/2031/2031
f 1936/1936/1936 1937/1937/1937 2033/2033/2033
f 1936/1936/1936 2033/2033/2033 2032/2032/2032
f 1937/1937/1937 1938/1938/1938 2034/2034/2034
f 1937/1937/1937 2034/2034/2034 2033/2033/2033
f 1938/1938/1938 1939/1939/1939 2035/2035/2035
f 1938/1938/1938 2035/2035/2035 2034/2034/2034
f 1939/1939/1939 1940/1940/1940 2036/2036/2036
f 1939/1939/1939 2036/2036/2036 2035/2035/2035
f 1940/1940/1940 1941/1941/1941 2037/2037/2037
f 1940/1940/1940 2037/2037/2037 2036/2036/2036
f 1941/1941/1941 1942/1942/1942 2038/2038/2038
f 1941/1941/1941 2038/2038/2038 2037/2037/2037
f 1942/1942/1942 1943/1943/1943 2039/2039/2039
f 1942/1942/1942 2039/2039/2039 2038/2038/2038
f 1943/1943/1943 1944/1944/1944 2040/2040/2040
f 1943/1943/1943 2040/2040/2040 2039/2039/2039
f 1944/1944/1944 1945/1945/1945 2041/2041/2041
f 1944/1944/1944 2041/2041/2041 2040/2040/2040
f 1945/1945/1945 1946/1946/1946 2042/2042/2042
f 1945/1945/1945 2042/2042/2042 2041/2041/2041
f 1946/1946/1946 1947/1947/1947 2043/2043/2043
f 1946/1946/1946 2043/2043/2043 2042/2042/2042
f 1947/1947/1947 1948/1948/1948 2044/2044/2044
f 1947/1947/1947 2044/2044/2044 2043/2043/2043
f 1948/1948/1948 1949/1949/1949 2045/2045/2045
f 1948/1948/1948 2045/2045/2045 2044/2044/2044
f 1949/1949/1949 1950/1950/1950 2046/2046/2046
f 1949/1949/1949 2046/2046/2046 2045/2045/2045
f 1950/1950/1950 1951/1951/1951 2047/2047/2047
f 1950/1950/1950 2047/2047/2047 2046/2046/2046
f 1951/1951/1951 1952/1952/1952 2048/2048/2048
f 1951/1951/1951 2048/2048/2048 2047/2047/2047
f 1952/1952/1952 1953/1953/1953 2049/2049/2049
f 1952/1952/1952 2049/2049/2049 2048/2048/2048
f 1953/1953/1953 1954/1954/1954 2050/2050/2050
f 1953/1953/1953 2050/2050/2050 2049/2049/2049
f 1954/1954/1954 1955/1955/1955 2051/2051/2051
f 1954/1954/1954 2051/2051/2051 2050/2050/2050
f 1955/1955/1955 1956/1956/1956 2052/2052/2052
f 1955/1955/1955 2052/2052/2052 2051/2051/2051
f 1956/1956/1956 1957/1957/1957 2053/2053/2053
f 1956/1956/1956 2053/2053/2053 2052/2052/2052
f 1957/1957/1957 1958/1958/1958 2054/2054/2054
f 1957/1957/1957 2054/2054/2054 2053/2053/2053
f 1958/1958/1958 1959/1959/1959 2055/2055/2055
f 1958/1958/1958 2055/2055/2055 2054/2054/2054
f 1959/1959/1959 1960/1960/1960 2056/2056/2056
f 1959/1959/1959 2056/2056/2056 2055/2055/2055
f 1960/1960/1960 1961/1961/1961 2057/2057/2057
f 1960/1960/1960 2057/2057/2057 2056/2056/2056
f 1961/1961/1961 1962/1962/1962 2058/2058/2058
f 1961/1961/1961 2058/2058/2058 2057/2057/2057
f 1962/1962/1962 1963/1963/1963 2059/2059/2059
f 1962/1962/1962 2059/2059/2059 2058/2058/2058
f 1963/1963/1963 1964/1964/1964 2060/2060/2060
f 1963/1963/1963 2060/2060/2060 2059/2059/2059
f 1964/1964/1964 1965/1965/1965 2061/2061/2061
f 1964/1964/1964 2061/2061/2061 2060/2060/2060
f 1965/1965/1965 1966/1966/1966 2062/2062/2062
f 1965/1965/1965 2062/2062/2062 2061/2061/2061
f 1966/1966/1966 1967/1967/1967 2063/2063/2063
f 1966/1966/1966 2063/2063/2063 2062/2062/2062
f 1967/1967/1967 1968/1968/1968 2064/2064/2064
f 1967/1967/1967 2064/2064/2064 2063/2063/2063
f 1968/1968/1968 1969/1969/1969 2065/2065/2065
f 1968/1968/1968 2065/2065/2065 2064/2064/2064
f 1969/1969/1969 1970/1970/1970 2066/2066/2066
f 1969/1969/1969 2066/2066/2066 2065/2065/2065
f 1970/1970/1970 1971/1971/1971 2067/2067/2067
f 1970/1970/1970 2067/2067/2067 2066/2066/2066
f 1971/1971/1971 1972/1972/1972 2068/2068/2068
f 1971/1971/1971 2068/2068/2068 2067/2067/2067
f 1972/1972/1972 1973/1973/1973 2069/2069/2069
f 1972/1972/1972 2069/2069/2069 2068/2068/2068
f 1973/1973/1973 1974/1974/1974 2070/2070/2070
f 1973/1973/1973 2070/2070/2070 2069/2069/2069
f 1974/1974/1974 1975/1975/1975 2071/2071/2071
f 1974/1974/1974 2071/2071/2071 2070/2070/2070
f 1975/1975/1975 1976/1976/1976 2072/2072/2072
f 1975/1975/1975 2072/2072/2072 2071/2071/2071
f 1976/1976/1976 1977/1977/1977 2073/2073/2073
f 1976/1976/1976 2073/2073/2073 2072/2072/2072
f 1977/1977/1977 1978/1978/1978 2074/2074/2074
f 1977/1977/1977 2074/2074/2074 2073/2073/2073
f 1978/1978/1978 1979/1979/1979 2075/2075/2075
f 1978/1978/1978 2075/2075/2075 2074/2074/2074
f 1979/1979/1979 1980/1980/1980 2076/2076/2076
f 1979/1979/1979 2076/2076/2076 2075/2075/2075
f 1980/1980/1980 1981/1981/1981 2077/2077/2077
f 1980/1980/1980 2077/2077/2077 2076/2076/2076
f 1981/1981/1981 1982/1982/1982 2078/2078/2078
f 1981/1981/1981 2078/2078/2078 2077/2077/2077
f 1982/1982/1982 1983/1983/1983 2079/2079/2079
f 1982/1982/1982 2079/2079/2079 2078/2078/2078
f 1983/1983/1983 1984/1984/1984 2080/2080/2080
f 1983/1983/1983 2080/2080/2080 2079/2079/2079
f 1984/1984/1984 1985/1985/1985 2081/2081/2081
f 1984/1984/1984 2081/2081/2081 2080/2080/2080
f 1985/1985/1985 1986/1986/1986 2082/2082/2082
f 1985/1985/1985 2082/2082/2082 2081/2081/2081
f 1986/1986/1986 1987/1987/1987 2083/2083/2083
f 1986/1986/1986 2083/2083/2083 2082/2082/2082
f 1987/1987/1987 1988/1988/1988 2084/2084/2084
f 1987/1987/1987 2084/2084/2084 2083/2083/2083
f 1988/1988/1988 1989/1989/1989 2085/2085/2085
f 1988/1988/1988 2085/2085/2085 2084/2084/2084
f 1989/1989/1989 1990/1990/1990 2086/2086/2086
f 1989/1989/1989 2086/2086/2086 2085/2085/2085
f 1990/1990/1990 1991/1991/1991 2087/2087/2087
f 1990/1990/1990 2087/2087/2087 2086/2086/2086
f 1991/1991/1991 1992/1992/1992 2088/2088/2088
f 1991/1991/1991 2088/2088/2088 2087/2087/2087
f 1992/1992/1992 1993/1993/1993 2089/2089/2089
f 1992/1992/1992 2089/2089/2089 2088/2088/2088
f 1993/1993/1993 1994/1994/1994 2090/2090/2090
f 1993/1993/1993 2090/2090/2090 2089/2089/2089
f 1994/1994/1994 1995/1995/1995 2091/2091/2091
f 1994/1994/1994 2091/2091/2091 2090/2090/2090
f 1995/1995/1995 1996/1996/1996 2092/2092/2092
f 1995/1995/1995 2092/2092/2092 2091/2091/2091
f 1996/1996/1996 1997/1997/1997 2093/2093/2093
f 1996/1996/1996 2093/2093/2093 2092/2092/2092
f 1997/1997/1997 1998/1998/1998 2094/2094/2094
f 1997/1997/1997 2094/2094/2094 2093/2093/2093
f 1998/1998/1998 1999/1999/1999 2095/2095/2095
f 1998/1998/1998 2095/2095/2095 2094/2094/2094
f 1999/1999/1999 2000/2000/2000 2096/2096/2096
f 1999/1999/1999 2096/2096/2096 2095/2095/2095
f 2000/2000/2000 2001/2001/2001 2097/2097/2097
f 2000/2000/2000 2097/2097/2097 2096/2096/2096
f 2001/2001/2001 2002/2002/2002 2098/2098/2098
f 2001/2001/2001 2098/2098/2098 2097/2097/2097
f 2002/2002/2002 2003/2003/2003 2099/2099/2099
f 2002/2002/2002 2099/2099/2099 2098/2098/2098
f 2003/2003/2003 2004/2004/2004 2100/2100/2100
f 2003/2003/2003 2100/2100/2100 2099/2099/2099
f 2004/2004/2004 2005/2005/2005 2101/2101/2101
f 2004/2004/2004 2101/2101/2101 2100/2100/2100
f 2005/2005/2005 2006/2006/2006 2102/2102/2102
f 2005/2005/2005 2102/2102/2102 2101/2101/2101
f 2006/2006/2006 2007/2007/2007 2103/2103/2103
f 2006/2006/2006 2103/2103/2103 2102/2102/2102
f 2007/2007/2007 2008/2008/2008 2104/2104/2104
f 2007/2007/2007 2104/2104/2104 2103/2103/2103
f 2008/2008/2008 2009/2009/2009 2105/2105/2105
f 2008/2008/2008 2105/2105/2105 2104/2104/2104
f 2009/2009/2009 2010/2010/2010 2106/2106/2106
f 2009/2009/2009 2106/2106/2106 2105/2105/2105
f 2010/2010/2010 2011/2011/2011 2107/2107/2107
f 2010/2010/2010 2107/2107/2107 2106/2106/2106
f 2011/2011/2011 2012/2012/2012 2108/2108/2108
f 2011/2011/2011 2108/2108/2108 2107/2107/2107
f 2012/2012/2012 2013/2013/2013 2109/2109/2109
f 2012/2012/2012 2109/2109/2109 2108/2108/2108
f 2013/2013/2013 2014/2014/2014 2110/2110/2110
f 2013/2013/2013 2110/2110/2110 2109/2109/2109
f 2014/2014/2014 2015/2015/2015 2111/2111/2111
f 2014/2014/2014 2111/2111/2111 2110/2110/2110
f 2015/2015/2015 2016/2016/2016 2112/2112/2112
f 2015/2015/2015 2112/2112/2112 2111/2111/2111
f 2016/2016/2016 1921/1921/1921 2017/2017/2017
f 2016/2016/2016 2017/2017/2017 2112/2112/2112
f 2017/2017/2017 2018/2018/2018 2114/2114/2114
f 2017/2017/2017 2114/2114/2114 2113/2113/2113
f 2018/2018/2018 2019/2019/2019 2115/2115/2115
f 2018/2018/2018 2115/2115/2115 2114/2114/2114
f 2019/2019/2019 2020/2020/2020 2116/2116/2116
f 2019/2019/2019 2116/2116/2116 2115/2115/2115
f 2020/2020/2020 2021/2021/2021 2117/2117/2117
f 2020/2020/2020 2117/2117/2117 2116/2116/2116
f 2021/2021/2021 2022/2022/2022 2118/2118/2118
f 2021/2021/2021 2118/2118/2118 2117/2117/2117
f 2022/2022/2022 2023/2023/2023 2119/2119/2119
f 2022/2022/2022 2119/2119/2119 2118/2118/2118
f 2023/2023/2023 2024/2024/2024 2120/2120/2120
f 2023/2023/2023 2120/2120/2120 2119/2119/2119
f 2024/2024/2024 2025/2025/2025 2121/2121/2121
f 2024/2024/2024 2121/2121/2121 2120/2120/2120
f 2025/2025/2025 2026/2026/2026 2122/2122/2122
f 2025/2025/2025 2122/2122/2122 2121/2121/2121
f 2026/2026/2026 2027/2027/2027 2123/2123/2123
f 2026/2026/2026 2123/2123/2123 2122/2122/2122
f 2027/2027/2027 2028/2028/2028 2124/2124/2124
f 2027/2027/2027 2124/2124/2124 2123/2123/2123
f 2028/2028/2028 2029/2029/2029 2125/2125/2125
f 2028/2028/2028 2125/2125/2125 2124/2124/2124
f 2029/2029/2029 2030/2030/2030 2126/2126/2126
f 2029/2029/2029 2126/2126/2126 2125/2125/2125
f 2030/2030/2030 2031/2031/2031 2127/2127/2127
f 2030/2030/2030 2127/2127/2127 2126/2126/2126
f 2031/2031/2031 2032/2032/2032 2128/2128/2128
f 2031/2031/2031 2128/2128/2128 2127/2127/2127
f 2032/2032/2032 2033/2033/2033 2129/2129/2129
f 2032/2032/2032 2129/2129/2129 2128/2128/2128
f 2033/2033/2033 2034/2034/2034 2130/2130/2130
f 2033/2033/2033 2130/2130/2130 2129/2129/2129
f 2034/2034/2034 2035/2035/2035 2131/2131/2131
f 2034/2034/2034 2131/2131/2131 2130/2130/2130
f 2035/2035/2035 2036/2036/2036 2132/2132/2132
f 2035/2035/2035 2132/2132/2132 2131/2131/2131
f 2036/2036/2036 2037/2037/2037 2133/2133/2133
f 2036/2036/2036 2133/2133/2133 2132/2132/2132
f 2037/2037/2037 2038/2038/2038 2134/2134/2134
f 2037/2037/2037 2134/2134/2134 2133/2133/2133
f 2038/2038/2038 2039/2039/2039 2135/2135/2135
f 2038/2038/2038 2135/2135/2135 2134/2134/2134
f 2039/2039/2039 2040/2040/2040 2136/2136/2136
f 2039/2039/2039 2136/2136/2136 2135/2135/2135
f 2040/2040/2040 2041/2041/2041 2137/2137/2137
f 2040/2040/2040 2137/2137/2137 2136/2136/2136
f 2041/2041/2041 2042/2042/2042 2138/2138/2138
f 2041/2041/2041 2138/2138/2138 2137/2137/2137
f 2042/2042/2042 2043/2043/2043 2139/2139/2139
f 2042/2042/2042 2139/2139/2139 2138/2138/2138
f 2043/2043/2043 2044/2044/2044 2140/2140/2140
f 2043/2043/2043 2140/2140/2140 2139/2139/2139
f 2044/2044/2044 2045/2045/2045 2141/2141/2141
f 2044/2044/2044 2141/2141/2141 2140/2140/2140
f 2045/2045/2045 2046/2046/2046 2142/2142/2142
f 2045/2045/2045 2142/2142/2142 2141/2141/2141
f 2046/2046/2046 2047/2047/2047 2143/2143/2143
f 2046/2046/2046 2143/2143/2143 2142/2142/2142
f 2047/2047/2047 2048/2048/2048 2144/2144/2144
f 2047/2047/2047 2144/2144/2144 2143/2143/2143
f 2048/2048/2048 2049/2049/2049 2145/2145/2145
f 2048/2048/2048 2145/2145/2145 2144/2144/2144
f 2049/2049/2049 2050/2050/2050 2146/2146/2146
f 2049/2049/2049 2146/2146/2146 2145/2145/2145
f 2050/2050/2050 2051/2051/2051 2147/2147/2147
f 2050/2050/2050 2147/2147/2147 2146/2146/2146
f 2051/2051/2051 2052/2052/2052 2148/2148/2148
f 2051/2051/2051 2148/2148/2148 2147/2147/2147
f 2052/2052/2052 2053/2053/2053 2149/2149/2149
f 2052/2052/2052 2149/2149/2149 2148/2148/2148
f 2053/2053/2053 2054/2054/2054 2150/2150/2150
f 2053/2053/2053 2150/2150/2150 2149/2149/2149
f 2054/2054/2054 2055/2055/2055 2151/2151/2151
f 2054/2054/2054 2151/2151/2151 2150/2150/2150
f 2055/2055/2055 2056/2056/2056 2152/2152/2152
f 2055/2055/2055 2152/2152/2152 2151/2151/2151
f 2056/2056/2056 2057/2057/2057 2153/2153/2153
f 2056/2056/2056 2153/2153/2153 2152/2152/2152
f 2057/2057/2057 2058/2058/2058 2154/2154/2154
f 2057/2057/2057 2154/2154/2154 2153/2153/2153
f 2058/2058/2058 2059/2059/2059 2155/2155/2155
f 2058/2058/2058 2155/2155/2155 2154/2154/2154
f 2059/2059/2059 2060/2060/2060 2156/2156/2156
f 2059/2059/2059 2156/2156/2156 2155/2155/2155
f 2060/2060/2060 2061/2061/2061 2157/2157/2157
f 2060/2060/2060 2157/2157/2157 2156/2156/2156
f 2061/2061/2061 2062/2062/2062 2158/2158/2158
f 2061/2061/2061 2158/2158/2158 2157/2157/2157
f 2062/2062/2062 2063/2063/2063 2159/2159/2159
f 2062/2062/2062 2159/2159/2159 2158/2158/2158
f 2063/2063/2063 2064/2064/2064 2160/2160/2160
f 2063/2063/2063 2160/2160/2160 2159/2159/2159
f 2064/2064/2064 2065/2065/2065 2161/2161/2161
f 2064/2064/2064 2161/2161/2161 2160/2160/2160
f 2065/2065/2065 2066/2066/2066 2162/2162/2162
f 2065/2065/2065 2162/2162/2162 2161/2161/2161
f 2066/2066/2066 2067/2067/2067 2163/2163/2163
f 2066/2066/2066 2163/2163/2163 2162/2162/2162
f 2067/2067/2067 2068/2068/2068 2164/2164/2164
f 2067/2067/2067 2164/2164/2164 2163/2163/2163
f 2068/2068/2068 2069/2069/2069 2165/2165/2165
f 2068/2068/2068 2165/2165/2165 2164/2164/2164
f 2069/2069/2069 2070/2070/2070 2166/2166/2166
f 2069/2069/2069 2166/2166/2166 2165/2165/2165
f 2070/2070/2070 2071/2071/2071 2167/2167/2167
f 2070/2070/2070 2167/2167/2167 2166/2166/2166
f 2071/2071/2071 2072/2072/2072 2168/2168/2168
f 2071/2071/2071 2168/2168/2168 2167/2167/2167
f 2072/2072/2072 2073/2073/2073 2169/2169/2169
f 2072/2072/2072 2169/2169/2169 2168/2168/2168
f 2073/2073/2073 2074/2074/2074 2170/2170/2170
f 2073/2073/2073 2170/2170/2170 2169/2169/2169
f 2074/2074/2074 2075/2075/2075 2171/2171/2171
f 2074/2074/2074 2171/2171/2171 2170/2170/2170
f 2075/2075/2075 2076/2076/2076 2172/2172/2172
f 2075/2075/2075 2172/2172/2172 2171/2171/2171
f 2076/2076/2076 2077/2077/2077 2173/2173/2173
f 2076/2076/2076 2173/2173/2173 2172/2172/2172
f 2077/2077/2077 2078/2078/2078 2174/2174/2174
f 2077/2077/2077 2174/2174/2174 2173/2173/2173
f 2078/2078/2078 2079/2079/2079 2175/2175/2175
f 2078/2078/2078 2175/2175/2175 2174/2174/2174
f 2079/2079/2079 2080/2080/2080 2176/2176/2176
f 2079/2079/2079 2176/2176/2176 2175/2175/2175
f 2080/2080/2080 2081/2081/2081 2177/2177/2177
f 2080/2080/2080 2177/2177/2177 2176/2176/2176
f 2081/2081/2081 2082/2082/2082 2178/2178/2178
f 2081/2081/2081 2178/2178/2178 2177/2177/2177
f 2082/2082/2082 2083/2083/2083 2179/2179/2179
f 2082/2082/2082 2179/2179/2179 2178/2178/2178
f 2083/2083/2083 2084/2084/2084 2180/2180/2180
f 2083/2083/2083 2180/2180/2180 2179/2179/2179
f 2084/2084/2084 2085/2085/2085 2181/2181/2181
f 2084/2084/2084 2181/2181/2181 2180/2180/2180
f 2085/2085/2085 2086/2086/2086 2182/2182/2182
f 2085/2085/2085 2182/2182/2182 2181/2181/2181
f 2086/2086/2086 2087/2087/2087 2183/2183/2183
f 2086/2086/2086 2183/2183/2183 2182/2182/2182
f 2087/2087/2087 2088/2088/2088 2184/2184/2184
f 2087/2087/2087 2184/2184/2184 2183/2183/2183
f 2088/2088/2088 2089/2089/2089 2185/2185/2185
f 2088/2088/2088 2185/2185/2185 2184/2184/2184
f 2089/2089/2089 2090/2090/2090 2186/2186/2186
f 2089/2089/2089 2186/2186/2186 2185/2185/2185
f 2090/2090/2090 2091/2091/2091 2187/2187/2187
f 2090/2090/2090 2187/2187/2187 2186/2186/2186
f 2091/2091/2091 2092/2092/2092 2188/2188/2188
f 2091/2091/2091 2188/2188/2188 2187/2187/2187
f 2092/2092/2092 2093/2093/2093 2189/2189/2189
f 2092/2092/2092 2189/2189/2189 2188/2188/2188
f 2093/2093/2093 2094/2094/2094 2190/2190/2190
f 2093/2093/2093 2190/2190/2190 2189/2189/2189
f 2094/2094/2094 2095/2095/2095 2191/2191/2191
f 2094/2094/2094 2191/2191/2191 2190/2190/2190
f 2095/2095/2095 2096/2096/2096 2192/2192/2192
f 2095/2095/2095 2192/2192/2192 2191/2191/2191
f 2096/2096/2096 2097/2097/2097 2193/2193/2193
f 2096/2096/2096 2193/2193/2193 2192/2192/2192
f 2097/2097/2097 2098/2098/2098 2194/2194/2194
f 2097/2097/2097 2194/2194/2194 2193/2193/2193
f 2098/2098/2098 2099/2099/2099 2195/2195/2195
f 2098/2098/2098 2195/2195/2195 2194/2194/2194
f 2099/2099/2099 2100/2100/2100 2196/2196/2196
f 2099/2099/2099 2196/2196/2196 2195/2195/2195
f 2100/2100/2100 2101/2101/2101 2197/2197/2197
f 2100/2100/2100 2197/2197/2197 2196/2196/2196
f 2101/2101/2101 2102/2102/2102 2198/2198/2198
f 2101/2101/2101 2198/2198/2198 2197/2197/2197
f 2102/2102/2102 2103/2103/2103 2199/2199/2199
f 2102/2102/2102 2199/2199/2199 2198/2198/2198
f 2103/2103/2103 2104/2104/2104 2200/2200/2200
f 2103/2103/2103 2200/2200/2200 2199/2199/2199
f 2104/2104/2104 2105/2105/2105 2201/2201/2201
f 2104/2104/2104 2201/2201/2201 2200/2200/2200
f 2105/2105/2105 2106/2106/2106 2202/2202/2202
f 2105/2105/2105 2202/2202/2202 2201/2201/2201
f 2106/2106/2106 2107/2107/2107 2203/2203/2203
f 2106/2106/2106 2203/2203/2203 2202/2202/2202
f 2107/2107/2107 2108/2108/2108 2204/2204/2204
f 2107/2107/2107 2204/2204/2204 2203/2203/2203
f 2108/2108/2108 2109/2109/2109 2205/2205/2205
f 2108/2108/2108 2205/2205/2205 2204/2204/2204
f 2109/2109/2109 2110/2110/2110 2206/2206/2206
f 2109/2109/2109 2206/2206/2206 2205/2205/2205
f 2110/2110/2110 2111/2111/2111 2207/2207/2207
f 2110/2110/2110 2207/2207/2207 2206/2206/2206
f 2111/2111/2111 2112/2112/2112 2208/2208/2208
f 2111/2111/2111 2208/2208/2208 2207/2207/2207
f 2112/2112/2112 2017/2017/2017 2113/2113/2113
f 2112/2112/2112 2113/2113/2113 2208/2208/2208
f 2113/2113/2113 2114/2114/2114 2210/2210/2210
f 2113/2113/2113 2210/2210/2210 2209/2209/2209
f 2114/2114/2114 2115/2115/2115 2211/2211/2211
f 2114/2114/2114 2211/2211/2211 2210/2210/2210
f 2115/2115/2115 2116/2116/2116 2212/2212/2212
f 2115/2115/2115 2212/2212/2212 2211/2211/2211
f 2116/2116/2116 2117/2117/2117 2213/2213/2213
f 2116/2116/2116 2213/2213/2213 2212/2212/2212
f 2117/2117/2117 2118/2118/2118 2214/2214/2214
f 2117/2117/2117 2214/2214/2214 2213/2213/2213
f 2118/2118/2118 2119/2119/2119 2215/2215/2215
f 2118/2118/2118 2215/2215/2215 2214/2214/2214
f 2119/2119/2119 2120/2120/2120 2216/2216/2216
f 2119/2119/2119 2216/2216/2216 2215/2215/2215
f 2120/2120/2120 2121/2121/2121 2217/2217/2217
f 2120/2120/2120 2217/2217/2217 2216/2216/2216
f 2121/2121/2121 2122/2122/2122 2218/2218/2218
f 2121/2121/2121 2218/2218/2218 2217/2217/2217
f 2122/2122/2122 2123/2123/2123 2219/2219/2219
f 2122/2122/2122 2219/2219/2219 2218/2218/2218
f 2123/2123/2123 2124/2124/2124 2220/2220/2220
f 2123/2123/2123 2220/2220/2220 2219/2219/2219
f 2124/2124/2124 2125/2125/2125 2221/2221/2221
f 2124/2124/2124 2221/2221/2221 2220/2220/2220
f 2125/2125/2125 2126/2126/2126 2222/2222/2222
f 2125/2125/2125 2222/2222/2222 2221/2221/2221
f 2126/2126/2126 2127/2127/2127 2223/2223/2223
f 2126/2126/2126 2223/2223/2223 2222/2222/2222
f 2127/2127/2127 2128/2128/2128 2224/2224/2224
f 2127/2127/2127 2224/2224/2224 2223/2223/2223
f 2128/2128/2128 2129/2129/2129 2225/2225/2225
f 2128/2128/2128 2225/2225/2225 2224/2224/2224
f 2129/2129/2129 2130/2130/2130 2226/2226/2226
f 2129/2129/2129 2226/2226/2226 2225/2225/2225
f 2130/2130/2130 2131/2131/2131 2227/2227/2227
f 2130/2130/2130 2227/2227/2227 2226/2226/2226
f 2131/2131/2131 2132/2132/2132 2228/2228/2228
f 2131/2131/2131 2228/2228/2228 2227/2227/2227
f 2132/2132/2132 2133/2133/2133 2229/2229/2229
f 2132/2132/2132 2229/2229/2229 2228/2228/2228
f 2133/2133/2133 2134/2134/2134 2230/2230/2230
f 2133/2133/2133 2230/2230/2230 2229/2229/2229
f 2134/2134/2134 2135/2135/2135 2231/2231/2231
f 2134/2134/2134 2231/2231/2231 2230/2230/2230
f 2135/2135/2135 2136/2136/2136 2232/2232/2232
f 2135/2135/2135 2232/2232/2232 2231/2231/2231
f 2136/2136/2136 2137/2137/2137 2233/2233/2233
f 2136/2136/2136 2233/2233/2233 2232/2232/2232
f 2137/2137/2137 2138/2138/2138 2234/2234/2234
f 2137/2137/2137 2234/2234/2234 2233/2233/2233
f 2138/2138/2138 2139/2139/2139 2235/2235/2235
f 2138/2138/2138 2235/2235/2235 2234/2234/2234
f 2139/2139/2139 2140/2140/2140 2236/2236/2236
f 2139/2139/2139 2236/2236/2236 2235/2235/2235
f 2140/2140/2140 2141/2141/2141 2237/2237/2237
f 2140/2140/2140 2237/2237/2237 2236/2236/2236
f 2141/2141/2141 2142/2142/2142 2238/2238/2238
f 2141/2141/2141 2238/2238/2238 2237/2237/2237
f 2142/2142/2142 2143/2143/2143 2239/2239/2239
f 2142/2142/2142 2239/2239/2239 2238/2238/2238
f 2143/2143/2143 2144/2144/2144 2240/2240/2240
f 2143/2143/2143 2240/2240/2240 2239/2239/2239
f 2144/2144/2144 2145/2145/2145 2241/2241/2241
f 2144/2144/2144 2241/2241/2241 2240/2240/2240
f 2145/2145/2145 2146/2146/2146 2242/2242/2242
f 2145/2145/2145 2242/2242/2242 2241/2241/2241
f 2146/2146/2146 2147/2147/2147 2243/2243/2243
f 2146/2146/2146 2243/2243/2243 2242/2242/2242
f 2147/2147/2147 2148/2148/2148 2244/2244/2244
f 2147/2147/2147 2244/2244/2244 2243/2243/2243
f 2148/2148/2148 2149/2149/2149 2245/2245/2245
f 2148/2148/2148 2245/2245/2245 2244/2244/2244
f 2149/2149/2149 2150/2150/2150 2246/2246/2246
f 2149/2149/2149 2246/2246/2246 2245/2245/2245
f 2150/2150/2150 2151/2151/2151 2247/2247/2247
f 2150/2150/2150 2247/2247/2247 2246/2246/2246
f 2151/2151/2151 2152/2152/2152 2248/2248/2248
f 2151/2151/2151 2248/2248/2248 2247/2247/2247
f 2152/2152/2152 2153/2153/2153 2249/2249/2249
f 2152/2152/2152 2249/2249/2249 2248/2248/2248
f 2153/2153/2153 2154/2154/2154 2250/2250/2250
f 2153/2153/2153 2250/2250/2250 2249/2249/2249
f 2154/2154/2154 2155/2155/2155 2251/2251/2251
f 2154/2154/2154 2251/2251/2251 2250/2250/2250
f 2155/2155/2155 2156/2156/2156 2252/2252/2252
f 2155/2155/2155 2252/2252/2252 2251/2251/2251
f 2156/2156/2156 2157/2157/2157 2253/2253/2253
f 2156/2156/2156 2253/2253/2253 2252/2252/2252
f 2157/2157/2157 2158/2158/2158 2254/2254/2254
f 2157/2157/2157 2254/2254/2254 2253/2253/2253
f 2158/2158/2158 2159/2159/2159 2255/2255/2255
f 2158/2158/2158 2255/2255/2255 2254/2254/2254
f 2159/2159/2159 2160/2160/2160 2256/2256/2256
f 2159/2159/2159 2256/2256/2256 2255/2255/2255
f 2160/2160/2160 2161/2161/2161 2257/2257/2257
f 2160/2160/2160 2257/2257/2257 2256/2256/2256
f 2161/2161/2161 2162/2162/2162 2258/2258/2258
f 2161/2161/2161 2258/2258/2258 2257/2257/2257
f 2162/2162/2162 2163/2163/2163 2259/2259/2259
f 2162/2162/2162 2259/2259/2259 2258/2258/2258
f 2163/2163/2163 2164/2164/2164 2260/2260/2260
f 2163/2163/2163 2260/2260/2260 2259/2259/2259
f 2164/2164/2164 2165/2165/2165 2261/2261/2261
f 2164/2164/2164 2261/2261/2261 2260/2260/2260
f 2165/2165/2165 2166/2166/2166 2262/2262/2262
f 2165/2165/2165 2262/2262/2262 2261/2261/2261
f 2166/2166/2166 2167/2167/2167 2263/2263/2263
f 2166/2166/2166 2263/2263/2263 2262/2262/2262
f 2167/2167/2167 2168/2168/2168 2264/2264/2264
f 2167/2167/2167 2264/2264/2264 2263/2263/2263
f 2168/2168/2168 2169/2169/2169 2265/2265/2265
f 2168/2168/2168 2265/2265/2265 2264/2264/2264
f 2169/2169/2169 2170/2170/2170 2266/2266/2266
f 2169/2169/2169 2266/2266/2266 2265/2265/2265
f 2170/2170/2170 2171/2171/2171 2267/2267/2267
f 2170/2170/2170 2267/2267/2267 2266/2266/2266
f 2171/2171/2171 2172/2172/2172 2268/2268/2268
f 2171/2171/2171 2268/2268/2268 2267/2267/2267
f 2172/2172/2172 2173/2173/2173 2269/2269/2269
f 2172/2172/2172 2269/2269/2269 2268/2268/2268
f 2173/2173/2173 2174/2174/2174 2270/2270/2270
f 2173/2173/2173 2270/2270/2270 2269/2269/2269
f 2174/2174/2174 2175/2175/2175 2271/2271/2271
f 2174/2174/2174 2271/2271/2271 2270/2270/2270
f 2175/2175/2175 2176/2176/2176 2272/2272/2272
f 2175/2175/2175 2272/2272/2272 2271/2271/2271
f 2176/2176/2176 2177/2177/2177 2273/2273/2273
f 2176/2176/2176 2273/2273/2273 2272/2272/2272
f 2177/2177/2177 2178/2178/2178 2274/2274/2274
f 2177/2177/2177 2274/2274/2274 2273/2273/2273
f 2178/2178/2178 2179/2179/2179 2275/2275/2275
f 2178/2178/2178 2275/2275/2275 2274/2274/2274
f 2179/2179/2179 2180/2180/2180 2276/2276/2276
f 2179/2179/2179 2276/2276/2276 2275/2275/2275
f 2180/2180/2180 2181/2181/2181 2277/2277/2277
f 2180/2180/2180 2277/2277/2277 2276/2276/2276
f 2181/2181/2181 2182/2182/2182 2278/2278/2278
f 2181/2181/2181 2278/2278/2278 2277/2277/2277
f 2182/2182/2182 2183/2183/2183 2279/2279/2279
f 2182/2182/2182 2279/2279/2279 2278/2278/2278
f 2183/2183/2183 2184/2184/2184 2280/2280/2280
f 2183/2183/2183 2280/2280/2280 2279/2279/2279
f 2184/2184/2184 2185/2185/2185 2281/2281/2281
f 2184/2184/2184 2281/2281/2281 2280/2280/2280
f 2185/2185/2185 2186/2186/2186 2282/2282/2282
f 2185/2185/2185 2282/2282/2282 2281/2281/2281
f 2186/2186/2186 2187/2187/2187 2283/2283/2283
f 2186/2186/2186 2283/2283/2283 2282/2282/2282
f 2187/2187/2187 2188/2188/2188 2284/2284/2284
f 2187/2187/2187 2284/2284/2284 2283/2283/2283
f 2188/2188/2188 2189/2189/2189 2285/2285/2285
f 2188/2188/2188 2285/2285/2285 2284/2284/2284
f 2189/2189/2189 2190/2190/2190 2286/2286/2286
f 2189/2189/2189 2286/2286/2286 2285/2285/2285
f 2190/2190/2190 2191/2191/2191 2287/2287/2287
f 2190/2190/2190 2287/2287/2287 2286/2286/2286
f 2191/2191/2191 2192/2192/2192 2288/2288/2288
f 2191/2191/2191 2288/2288/2288 2287/2287/2287
f 2192/2192/2192 2193/2193/2193 2289/2289/2289
f 2192/2192/2192 2289/2289/2289 2288/2288/2288
f 2193/2193/2193 2194/2194/2194 2290/2290/2290
f 2193/2193/2193 2290/2290/2290 2289/2289/2289
f 2194/2194/2194 2195/2195/2195 2291/2291/2291
f 2194/2194/2194 2291/2291/2291 2290/2290/2290
f 2195/2195/2195 2196/2196/2196 2292/2292/2292
f 2195/2195/2195 2292/2292/2292 2291/2291/2291
f 2196/2196/2196 2197/2197/2197 2293/2293/2293
f 2196/2196/2196 2293/2293/2293 2292/2292/2292
f 2197/2197/2197 2198/2198/2198 2294/2294/2294
f 2197/2197/2197 2294/2294/2294 2293/2293/2293
f 2198/2198/2198 2199/2199/2199 2295/2295/2295
f 2198/2198/2198 2295/2295/2295 2294/2294/2294
f 2199/2199/2199 2200/2200/2200 2296/2296/2296
f 2199/2199/2199 2296/2296/2296 2295/2295/2295
f 2200/2200/2200 2201/2201/2201 2297/2297/2297
f 2200/2200/2200 2297/2297/2297 2296/2296/2296
f 2201/2201/2201 2202/2202/2202 2298/2298/2298
f 2201/2201/2201 2298/2298/2298 2297/2297/2297
f 2202/2202/2202 2203/2203/2203 2299/2299/2299
f 2202/2202/2202 2299/2299/2299 2298/2298/2298
f 2203/2203/2203 2204/2204/2204 2300/2300/2300
f 2203/2203/2203 2300/2300/2300 2299/2299/2299
f 2204/2204/2204 2205/2205/2205 2301/2301/2301
f 2204/2204/2204 2301/2301/2301 2300/2300/2300
f 2205/2205/2205 2206/2206/2206 2302/2302/2302
f 2205/2205/2205 2302/2302/2302 2301/2301/2301
f 2206/2206/2206 2207/2207/2207 2303/2303/2303
f 2206/2206/2206 2303/2303/2303 2302/2302/2302
f 2207/2207/2207 2208/2208/2208 2304/2304/2304
f 2207/2207/2207 2304/2304/2304 2303/2303/2303
f 2208/2208/2208 2113/2113/2113 2209/2209/2209
f 2208/2208/2208 2209/2209/2209 2304/2304/2304
f 2209/2209/2209 2210/2210/2210 2306/2306/2306
f 2209/2209/2209 2306/2306/2306 2305/2305/2305
f 2210/2210/2210 2211/2211/2211 2307/2307/2307
f 2210/2210/2210 2307/2307/2307 2306/2306/2306
f 2211/2211/2211 2212/2212/2212 2308/2308/2308
f 2211/2211/2211 2308/2308/2308 2307/2307/2307
f 2212/2212/2212 2213/2213/2213 2309/2309/2309
f 2212/2212/2212 2309/2309/2309 2308/2308/2308
f 2213/2213/2213 2214/2214/2214 2310/2310/2310
f 2213/2213/2213 2310/2310/2310 2309/2309/2309
f 2214/2214/2214 2215/2215/2215 2311/2311/2311
f 2214/2214/2214 2311/2311/2311 2310/2310/2310
f 2215/2215/2215 2216/2216/2216 2312/2312/2312
f 2215/2215/2215 2312/2312/2312 2311/2311/2311
f 2216/2216/2216 2217/2217/2217 2313/2313/2313
f 2216/2216/2216 2313/2313/2313 2312/2312/2312
f 2217/2217/2217 2218/2218/2218 2314/2314/2314
f 2217/2217/2217 2314/2314/2314 2313/2313/2313
f 2218/2218/2218 2219/2219/2219 2315/2315/2315
f 2218/2218/2218 2315/2315/2315 2314/2314/2314
f 2219/2219/2219 2220/2220/2220 2316/2316/2316
f 2219/2219/2219 2316/2316/2316 2315/2315/2315
f 2220/2220/2220 2221/2221/2221 2317/2317/2317
f 2220/2220/2220 2317/2317/2317 2316/2316/2316
f 2221/2221/2221 2222/2222/2222 2318/2318/2318
f 2221/2221/2221 2318/2318/2318 2317/2317/2317
f 2222/2222/2222 2223/2223/2223 2319/2319/2319
f 2222/2222/2222 2319/2319/2319 2318/2318/2318
f 2223/2223/2223 2224/2224/2224 2320/2320/2320
f 2223/2223/2223 2320/2320/2320 2319/2319/2319
f 2224/2224/2224 2225/2225/2225 2321/2321/2321
f 2224/2224/2224 2321/2321/2321 2320/2320/2320
f 2225/2225/2225 2226/2226/2226 2322/2322/2322
f 2225/2225/2225 2322/2322/2322 2321/2321/2321
f 2226/2226/2226 2227/2227/2227 2323/2323/2323
f 2226/2226/2226 2323/2323/2323 2322/2322/2322
f 2227/2227/2227 2228/2228/2228 2324/2324/2324
f 2227/2227/2227 2324/2324/2324 2323/2323/2323
f 2228/2228/2228 2229/2229/2229 2325/2325/2325
f 2228/2228/2228 2325/2325/2325 2324/2324/2324
f 2229/2229/2229 2230/2230/2230 2326/2326/2326
f 2229/2229/2229 2326/2326/2326 2325/2325/2325
f 2230/2230/2230 2231/2231/2231 2327/2327/2327
f 2230/2230/2230 2327/2327/2327 2326/2326/2326
f 2231/2231/2231 2232/2232/2232 2328/2328/2328
f 2231/2231/2231 2328/2328/2328 2327/2327/2327
f 2232/2232/2232 2233/2233/2233 2329/2329/2329
f 2232/2232/2232 2329/2329/2329 2328/2328/2328
f 2233/2233/2233 2234/2234/2234 2330/2330/2330
f 2233/2233/2233 2330/2330/2330 2329/2329/2329
f 2234/2234/2234 2235/2235/2235 2331/2331/2331
f 2234/2234/2234 2331/2331/2331 2330/2330/2330
f 2235/2235/2235 2236/2236/2236 2332/2332/2332
f 2235/2235/2235 2332/2332/2332 2331/2331/2331
f 2236/2236/2236 2237/2237/2237 2333/2333/2333
f 2236/2236/2236 2333/2333/2333 2332/2332/2332
f 2237/2237/2237 2238/2238/2238 2334/2334/2334
f 2237/2237/2237 2334/2334/2334 2333/2333/2333
f 2238/2238/2238 2239/2239/2239 2335/2335/2335
f 2238/2238/2238 2335/2335/2335 2334/2334/2334
f 2239/2239/2239 2240/2240/2240 2336/2336/2336
f 2239/2239/2239 2336/2336/2336 2335/2335/2335
f 2240/2240/2240 2241/2241/2241 2337/2337/2337
f 2240/2240/2240 2337/2337/2337 2336/2336/2336
f 2241/2241/2241 2242/2242/2242 2338/2338/2338
f 2241/2241/2241 2338/2338/2338 2337/2337/2337
f 2242/2242/2242 2243/2243/2243 2339/2339/2339
f 2242/2242/2242 2339/2339/2339 2338/2338/2338
f 2243/2243/2243 2244/2244/2244 2340/2340/2340
f 2243/2243/2243 2340/2340/2340 2339/2339/2339
f 2244/2244/2244 2245/2245/2245 2341/2341/2341
f 2244/2244/2244 2341/2341/2341 2340/2340/2340
f 2245/2245/2245 2246/2246/2246 2342/2342/2342
f 2245/2245/2245 2342/2342/2342 2341/2341/2341
f 2246/2246/2246 2247/2247/2247 2343/2343/2343
f 2246/2246/2246 2343/2343/2343 2342/2342/2342
f 2247/2247/2247 2248/2248/2248 2344/2344/2344
f 2247/2247/2247 2344/2344/2344 2343/2343/2343
f 2248/2248/2248 2249/2249/2249 2345/2345/2345
f 2248/2248/2248 2345/2345/2345 2344/2344/2344
f 2249/2249/2249 2250/2250/2250 2346/2346/2346
f 2249/2249/2249 2346/2346/2346 2345/2345/2345
f 2250/2250/2250 2251/2251/2251 2347/2347/2347
f 2250/2250/2250 2347/2347/2347 2346/2346/2346
f 2251/2251/2251 2252/2252/2252 2348/2348/2348
f 2251/2251/2251 2348/2348/2348 2347/2347/2347
f 2252/2252/2252 2253/2253/2253 2349/2349/2349
f 2252/2252/2252 2349/2349/2349 2348/2348/2348
f 2253/2253/2253 2254/2254/2254 2350/2350/2350
f 2253/2253/2253 2350/2350/2350 2349/2349/2349
f 2254/2254/2254 2255/2255/2255 2351/2351/2351
f 2254/2254/2254 2351/2351/2351 2350/2350/2350
f 2255/2255/2255 2256/2256/2256 2352/2352/2352
f 2255/2255/2255 2352/2352/2352 2351/2351/2351
f 2256/2256/2256 2257/2257/2257 2353/2353/2353
f 2256/2256/2256 2353/2353/2353 2352/2352/2352
f 2257/2257/2257 2258/2258/2258 2354/2354/2354
f 2257/2257/2257 2354/2354/2354 2353/2353/2353
f 2258/2258/2258 2259/2259/2259 2355/2355/2355
f 2258/2258/2258 2355/2355/2355 2354/2354/2354
f 2259/2259/2259 2260/2260/2260 2356/2356/2356
f 2259/2259/2259 2356/2356/2356 2355/2355/2355
f 2260/2260/2260 2261/2261/2261 2357/2357/2357
f 2260/2260/2260 2357/2357/2357 2356/2356/2356
f 2261/2261/2261 2262/2262/2262 2358/2358/2358
f 2261/2261/2261 2358/2358/2358 2357/2357/2357
f 2262/2262/2262 2263/2263/2263 2359/2359/2359
f 2262/2262/2262 2359/2359/2359 2358/2358/2358
f 2263/2263/2263 2264/2264/2264 2360/2360/2360
f 2263/2263/2263 2360/2360/2360 2359/2359/2359
f 2264/2264/2264 2265/2265/2265 2361/2361/2361
f 2264/2264/2264 2361/2361/2361 2360/2360/2360
f 2265/2265/2265 2266/2266/2266 2362/2362/2362
f 2265/2265/2265 2362/2362/2362 2361/2361/2361
f 2266/2266/2266 2267/2267/2267 2363/2363/2363
f 2266/2266/2266 2363/2363/2363 2362/2362/2362
f 2267/2267/2267 2268/2268/2268 2364/2364/2364
f 2267/2267/2267 2364/2364/2364 2363/2363/2363
f 2268/2268/2268 2269/2269/2269 2365/2365/2365
f 2268/2268/2268 2365/2365/2365 2364/2364/2364
f 2269/2269/2269 2270/2270/2270 2366/2366/2366
f 2269/2269/2269 2366/2366/2366 2365/2365/2365
f 2270/2270/2270 2271/2271/2271 2367/2367/2367
f 2270/2270/2270 2367/2367/2367 2366/2366/2366
f 2271/2271/2271 2272/2272/2272 2368/2368/2368
f 2271/2271/2271 2368/2368/2368 2367/2367/2367
f 2272/2272/2272 2273/2273/2273 2369/2369/2369
f 2272/2272/2272 2369/2369/2369 2368/2368/2368
f 2273/2273/2273 2274/2274/2274 2370/2370/2370
f 2273/2273/2273 2370/2370/2370 2369/2369/2369
f 2274/2274/2274 2275/2275/2275 2371/2371/2371
f 2274/2274/2274 2371/2371/2371 2370/2370/2370
f 2275/2275/2275 2276/2276/2276 2372/2372/2372
f 2275/2275/2275 2372/2372/2372 2371/2371/2371
f 2276/2276/2276 2277/2277/2277 2373/2373/2373
f 2276/2276/2276 2373/2373/2373 2372/2372/2372
f 2277/2277/2277 2278/2278/2278 2374/2374/2374
f 2277/2277/2277 2374/2374/2374 2373/2373/2373
f 2278/2278/2278 2279/2279/2279 2375/2375/2375
f 2278/2278/2278 2375/2375/2375 2374/2374/2374
f 2279/2279/2279 2280/2280/2280 2376/2376/2376
f 2279/2279/2279 2376/2376/2376 2375/2375/2375
f 2280/2280/2280 2281/2281/2281 2377/2377/2377
f 2280/2280/2280 2377/2377/2377 2376/2376/2376
f 2281/2281/2281 2282/2282/2282 2378/2378/2378
f 2281/2281/2281 2378/2378/2378 2377/2377/2377
f 2282/2282/2282 2283/2283/2283 2379/2379/2379
f 2282/2282/2282 2379/2379/2379 2378/2378/2378
f 2283/2283/2283 2284/2284/2284 2380/2380/2380
f 2283/2283/2283 2380/2380/2380 2379/2379/2379
f 2284/2284/2284 2285/2285/2285 2381/2381/2381
f 2284/2284/2284 2381/2381/2381 2380/2380/2380
f 2285/2285/2285 2286/2286/2286 2382/2382/2382
f 2285/2285/2285 2382/2382/2382 2381/2381/2381
f 2286/2286/2286 2287/2287/2287 2383/2383/2383
f 2286/2286/2286 2383/2383/2383 2382/2382/2382
f 2287/2287/2287 2288/2288/2288 2384/2384/2384
f 2287/2287/2287 2384/2384/2384 2383/2383/2383
f 2288/2288/2288 2289/2289/2289 2385/2385/2385
f 2288/2288/2288 2385/2385/2385 2384/2384/2384
f 2289/2289/2289 2290/2290/2290 2386/2386/2386
f 2289/2289/2289 2386/2386/2386 2385/2385/2385
f 2290/2290/2290 2291/2291/2291 2387/2387/2387
f 2290/2290/2290 2387/2387/2387 2386/2386/2386
f 2291/2291/2291 2292/2292/2292 2388/2388/2388
f 2291/2291/2291 2388/2388/2388 2387/2387/2387
f 2292/2292/2292 2293/2293/2293 2389/2389/2389
f 2292/2292/2292 2389/2389/2389 2388/2388/2388
f 2293/2293/2293 2294/2294/2294 2390/2390/2390
f 2293/2293/2293 2390/2390/2390 2389/2389/2389
f 2294/2294/2294 2295/2295/2295 2391/2391/2391
f 2294/2294/2294 2391/2391/2391 2390/2390/2390
f 2295/2295/2295 2296/2296/2296 2392/2392/2392
f 2295/2295/2295 2392/2392/2392 2391/2391/2391
f 2296/2296/2296 2297/2297/2297 2393/2393/2393
f 2296/2296/2296 2393/2393/2393 2392/2392/2392
f 2297/2297/2297 2298/2298/2298 2394/2394/2394
f 2297/2297/2297 2394/2394/2394 2393/2393/2393
f 2298/2298/2298 2299/2299/2299 2395/2395/2395
f 2298/2298/2298 2395/2395/2395 2394/2394/2394
f 2299/2299/2299 2300/2300/2300 2396/2396/2396
f 2299/2299/2299 2396/2396/2396 2395/2395/2395
f 2300/2300/2300 2301/2301/2301 2397/2397/2397
f 2300/2300/2300 2397/2397/2397 2396/2396/2396
f 2301/2301/2301 2302/2302/2302 2398/2398/2398
f 2301/2301/2301 2398/2398/2398 2397/2397/2397
f 2302/2302/2302 2303/2303/2303 2399/2399/2399
f 2302/2302/2302 2399/2399/2399 2398/2398/2398
f 2303/2303/2303 2304/2304/2304 2400/2400/2400
f 2303/2303/2303 2400/2400/2400 2399/2399/2399
f 2304/2304/2304 2209/2209/2209 2305/2305/2305
f 2304/2304/2304 2305/2305/2305 2400/2400/2400
f 2305/2305/2305 2306/2306/2306 2402/2402/2402
f 2305/2305/2305 2402/2402/2402 2401/2401/2401
f 2306/2306/2306 2307/2307/2307 2403/2403/2403
f 2306/2306/2306 2403/2403/2403 2402/2402/2402
f 2307/2307/2307 2308/2308/2308 2404/2404/2404
f 2307/2307/2307 2404/2404/2404 2403/2403/2403
f 2308/2308/2308 2309/2309/2309 2405/2405/2405
f 2308/2308/2308 2405/2405/2405 2404/2404/2404
f 2309/2309/2309 2310/2310/2310 2406/2406/2406
f 2309/2309/2309 2406/2406/2406 2405/2405/2405
f 2310/2310/2310 2311/2311/2311 2407/2407/2407
f 2310/2310/2310 2407/2407/2407 2406/2406/2406
f 2311/2311/2311 2312/2312/2312 2408/2408/2408
f 2311/2311/2311 2408/2408/2408 2407/2407/2407
f 2312/2312/2312 2313/2313/2313 2409/2409/2409
f 2312/2312/2312 2409/2409/2409 2408/2408/2408
f 2313/2313/2313 2314/2314/2314 2410/2410/2410
f 2313/2313/2313 2410/2410/2410 2409/2409/2409
f 2314/2314/2314 2315/2315/2315 2411/2411/2411
f 2314/2314/2314 2411/2411/2411 2410/2410/2410
f 2315/2315/2315 2316/2316/2316 2412/2412/2412
f 2315/2315/2315 2412/2412/2412 2411/2411/2411
f 2316/2316/2316 2317/2317/2317 2413/2413/2413
f 2316/2316/2316 2413/2413/2413 2412/2412/2412
f 2317/2317/2317 2318/2318/2318 2414/2414/2414
f 2317/2317/2317 2414/2414/2414 2413/2413/2413
f 2318/2318/2318 2319/2319/2319 2415/2415/2415
f 2318/2318/2318 2415/2415/2415 2414/2414/2414
f 2319/2319/2319 2320/2320/2320 2416/2416/2416
f 2319/2319/2319 2416/2416/2416 2415/2415/2415
f 2320/2320/2320 2321/2321/2321 2417/2417/2417
f 2320/2320/2320 2417/2417/2417 2416/2416/2416
f 2321/2321/2321 2322/2322/2322 2418/2418/2418
f 2321/2321/2321 2418/2418/2418 2417/2417/2417
f 2322/2322/2322 2323/2323/2323 2419/2419/2419
f 2322/2322/2322 2419/2419/2419 2418/2418/2418
f 2323/2323/2323 2324/2324/2324 2420/2420/2420
f 2323/2323/2323 2420/2420/2420 2419/2419/2419
f 2324/2324/2324 2325/2325/2325 2421/2421/2421
f 2324/2324/2324 2421/2421/2421 2420/2420/2420
f 2325/2325/2325 2326/2326/2326 2422/2422/2422
f 2325/2325/2325 2422/2422/2422 2421/2421/2421
f 2326/2326/2326 2327/2327/2327 2423/2423/2423
f 2326/2326/2326 2423/2423/2423 2422/2422/2422
f 2327/2327/2327 2328/2328/2328 2424/2424/2424
f 2327/2327/2327 2424/2424/2424 2423/2423/2423
f 2328/2328/2328 2329/2329/2329 2425/2425/2425
f 2328/2328/2328 2425/2425/2425 2424/2424/2424
f 2329/2329/2329 2330/2330/2330 2426/2426/2426
f 2329/2329/2329 2426/2426/2426 2425/2425/2425
f 2330/2330/2330 2331/2331/2331 2427/2427/2427
f 2330/2330/2330 2427/2427/2427 2426/2426/2426
f 2331/2331/2331 2332/2332/2332 2428/2428/2428
f 2331/2331/2331 2428/2428/2428 2427/2427/2427
f 2332/2332/2332 2333/2333/2333 2429/2429/2429
f 2332/2332/2332 2429/2429/2429 2428/2428/2428
f 2333/2333/2333 2334/2334/2334 2430/2430/2430
f 2333/2333/2333 2430/2430/2430 2429/2429/2429
f 2334/2334/2334 2335/2335/2335 2431/2431/2431
f 2334/2334/2334 2431/2431/2431 2430/2430/2430
f 2335/2335/2335 2336/2336/2336 2432/2432/2432
f 2335/2335/2335 2432/2432/2432 2431/2431/2431
f 2336/2336/2336 2337/2337/2337 2433/2433/2433
f 2336/2336/2336 2433/2433/2433 2432/2432/2432
f 2337/2337/2337 2338/2338/2338 2434/2434/2434
f 2337/2337/2337 2434/2434/2434 2433/2433/2433
f 2338/2338/2338 2339/2339/2339 2435/2435/2435
f 2338/2338/2338 2435/2435/2435 2434/2434/2434
f 2339/2339/2339 2340/2340/2340 2436/2436/2436
f 2339/2339/2339 2436/2436/2436 2435/2435/2435
f 2340/2340/2340 2341/2341/2341 2437/2437/2437
f 2340/2340/2340 2437/2437/2437 2436/2436/2436
f 2341/2341/2341 2342/2342/2342 2438/2438/2438
f 2341/2341/2341 2438/2438/2438 2437/2437/2437
f 2342/2342/2342 2343/2343/2343 2439/2439/2439
f 2342/2342/2342 2439/2439/2439 2438/2438/2438
f 2343/2343/2343 2344/2344/2344 2440/2440/2440
f 2343/2343/2343 2440/2440/2440 2439/2439/2439
f 2344/2344/2344 2345/2345/2345 2441/2441/2441
f 2344/2344/2344 2441/2441/2441 2440/2440/2440
f 2345/2345/2345 2346/2346/2346 2442/2442/2442
f 2345/2345/2345 2442/2442/2442 2441/2441/2441
f 2346/2346/2346 2347/2347/2347 2443/2443/2443
f 2346/2346/2346 2443/2443/2443 2442/2442/2442
f 2347/2347/2347 2348/2348/2348 2444/2444/2444
f 2347/2347/2347 2444/2444/2444 2443/2443/2443
f 2348/2348/2348 2349/2349/2349 2445/2445/2445
f 2348/2348/2348 2445/2445/2445 2444/2444/2444
f 2349/2349/2349 2350/2350/2350 2446/2446/2446
f 2349/2349/2349 2446/2446/2446 2445/2445/2445
f 2350/2350/2350 2351/2351/2351 2447/2447/2447
f 2350/2350/2350 2447/2447/2447 2446/2446/2446
f 2351/2351/2351 2352/2352/2352 2448/2448/2448
f 2351/2351/2351 2448/2448/2448 2447/2447/2447
f 2352/2352/2352 2353/2353/2353 2449/2449/2449
f 2352/2352/2352 2449/2449/2449 2448/2448/2448
f 2353/2353/2353 2354/2354/2354 2450/2450/2450
f 2353/2353/2353 2450/2450/2450 2449/2449/2449
f 2354/2354/2354 2355/2355/2355 2451/2451/2451
f 2354/2354/2354 2451/2451/2451 2450/2450/2450
f 2355/2355/2355 2356/2356/2356 2452/2452/2452
f 2355/2355/2355 2452/2452/2452 2451/2451/2451
f 2356/2356/2356 2357/2357/2357 2453/2453/2453
f 2356/2356/2356 2453/2453/2453 2452/2452/2452
f 2357/2357/2357 2358/2358/2358 2454/2454/2454
f 2357/2357/2357 2454/2454/2454 2453/2453/2453
f 2358/2358/2358 2359/2359/2359 2455/2455/2455
f 2358/2358/2358 2455/2455/2455 2454/2454/2454
f 2359/2359/2359 2360/2360/2360 2456/2456/2456
f 2359/2359/2359 2456/2456/2456 2455/2455/2455
f 2360/2360/2360 2361/2361/2361 2457/2457/2457
f 2360/2360/2360 2457/2457/2457 2456/2456/2456
f 2361/2361/2361 2362/2362/2362 2458/2458/2458
f 2361/2361/2361 2458/2458/2458 2457/2457/2457
f 2362/2362/2362 2363/2363/2363 2459/2459/2459
f 2362/2362/2362 2459/2459/2459 2458/2458/2458
f 2363/2363/2363 2364/2364/2364 2460/2460/2460
f 2363/2363/2363 2460/2460/2460 2459/2459/2459
f 2364/2364/2364 2365/2365/2365 2461/2461/2461
f 2364/2364/2364 2461/2461/2461 2460/2460/2460
f 2365/2365/2365 2366/2366/2366 2462/2462/2462
f 2365/2365/2365 2462/2462/2462 2461/2461/2461
f 2366/2366/2366 2367/2367/2367 2463/2463/2463
f 2366/2366/2366 2463/2463/2463 2462/2462/2462
f 2367/2367/2367 2368/2368/2368 2464/2464/2464
f 2367/2367/2367 2464/2464/2464 2463/2463/2463
f 2368/2368/2368 2369/2369/2369 2465/2465/2465
f 2368/2368/2368 2465/2465/2465 2464/2464/2464
f 2369/2369/2369 2370/2370/2370 2466/2466/2466
f 2369/2369/2369 2466/2466/2466 2465/2465/2465
f 2370/2370/2370 2371/2371/2371 2467/2467/2467
f 2370/2370/2370 2467/2467/2467 2466/2466/2466
f 2371/2371/2371 2372/2372/2372 2468/2468/2468
f 2371/2371/2371 2468/2468/2468 2467/2467/2467
f 2372/2372/2372 2373/2373/2373 2469/2469/2469
f 2372/2372/2372 2469/2469/2469 2468/2468/2468
f 2373/2373/2373 2374/2374/2374 2470/2470/2470
f 2373/2373/2373 2470/2470/2470 2469/2469/2469
f 2374/2374/2374 2375/2375/2375 2471/2471/2471
f 2374/2374/2374 2471/2471/2471 2470/2470/2470
f 2375/2375/2375 2376/2376/2376 2472/2472/2472
f 2375/2375/2375 2472/2472/2472 2471/2471/2471
f 2376/2376/2376 2377/2377/2377 2473/2473/2473
f 2376/2376/2376 2473/2473/2473 2472/2472/2472
f 2377/2377/2377 2378/2378/2378 2474/2474/2474
f 2377/2377/2377 2474/2474/2474 2473/2473/2473
f 2378/2378/2378 2379/2379/2379 2475/2475/2475
f 2378/2378/2378 2475/2475/2475 2474/2474/2474
f 2379/2379/2379 2380/2380/2380 2476/2476/2476
f 2379/2379/2379 2476/2476/2476 2475/2475/2475
f 2380/2380/2380 2381/2381/2381 2477/2477/2477
f 2380/2380/2380 2477/2477/2477 2476/2476/2476
f 2381/2381/2381 2382/2382/2382 2478/2478/2478
f 2381/2381/2381 2478/2478/2478 2477/2477/2477
f 2382/2382/2382 2383/2383/2383 2479/2479/2479
f 2382/2382/2382 2479/2479/2479 2478/2478/2478
f 2383/2383/2383 2384/2384/2384 2480/2480/2480
f 2383/2383/2383 2480/2480/2480 2479/2479/2479
f 2384/2384/2384 2385/2385/2385 2481/2481/2481
f 2384/2384/2384 2481/2481/2481 2480/2480/2480
f 2385/2385/2385 2386/2386/2386 2482/2482/2482
f 2385/2385/2385 2482/2482/2482 2481/2481/2481
f 2386/2386/2386 2387/2387/2387 2483/2483/2483
f 2386/2386/2386 2483/2483/2483 2482/2482/2482
f 2387/2387/2387 2388/2388/2388 2484/2484/2484
f 2387/2387/2387 2484/2484/2484 2483/2483/2483
f 2388/2388/2388 2389/2389/2389 2485/2485/2485
f 2388/2388/2388 2485/2485/2485 2484/2484/2484
f 2389/2389/2389 2390/2390/2390 2486/2486/2486
f 2389/2389/2389 2486/2486/2486 2485/2485/2485
f 2390/2390/2390 2391/2391/2391 2487/2487/2487
f 2390/2390/2390 2487/2487/2487 2486/2486/2486
f 2391/2391/2391 2392/2392/2392 2488/2488/2488
f 2391/2391/2391 2488/2488/2488 2487/2487/2487
f 2392/2392/2392 2393/2393/2393 2489/2489/2489
f 2392/2392/2392 2489/2489/2489 2488/2488/2488
f 2393/2393/2393 2394/2394/2394 2490/2490/2490
f 2393/2393/2393 2490/2490/2490 2489/2489/2489
f 2394/2394/2394 2395/2395/2395 2491/2491/2491
f 2394/2394/2394 2491/2491/2491 2490/2490/2490
f 2395/2395/2395 2396/2396/2396 2492/2492/2492
f 2395/2395/2395 2492/2492/2492 2491/2491/2491
f 2396/2396/2396 2397/2397/2397 2493/2493/2493
f 2396/2396/2396 2493/2493/2493 2492/2492/2492
f 2397/2397/2397 2398/2398/2398 2494/2494/2494
f 2397/2397/2397 2494/2494/2494 2493/2493/2493
f 2398/2398/2398 2399/2399/2399 2495/2495/2495
f 2398/2398/2398 2495/2495/2495 2494/2494/2494
f 2399/2399/2399 2400/2400/2400 2496/2496/2496
f 2399/2399/2399 2496/2496/2496 2495/2495/2495
f 2400/2400/2400 2305/2305/2305 2401/2401/2401
f 2400/2400/2400 2401/2401/2401 2496/2496/2496
f 2401/2401/2401 2402/2402/2402 2498/2498/2498
f 2401/2401/2401 2498/2498/2498 2497/2497/2497
f 2402/2402/2402 2403/2403/2403 2499/2499/2499
f 2402/2402/2402 2499/2499/2499 2498/2498/2498
f 2403/2403/2403 2404/2404/2404 2500/2500/2500
f 2403/2403/2403 2500/2500/2500 2499/2499/2499
f 2404/2404/2404 2405/2405/2405 2501/2501/2501
f 2404/2404/2404 2501/2501/2501 2500/2500/2500
f 2405/2405/2405 2406/2406/2406 2502/2502/2502
f 2405/2405/2405 2502/2502/2502 2501/2501/2501
f 2406/2406/2406 2407/2407/2407 2503/2503/2503
f 2406/2406/2406 2503/2503/2503 2502/2502/2502
f 2407/2407/2407 2408/2408/2408 2504/2504/2504
f 2407/2407/2407 2504/2504/2504 2503/2503/2503
f 2408/2408/2408 2409/2409/2409 2505/2505/2505
f 2408/2408/2408 2505/2505/2505 2504/2504/2504
f 2409/2409/2409 2410/2410/2410 2506/2506/2506
f 2409/2409/2409 2506/2506/2506 2505/2505/2505
f 2410/2410/2410 2411/2411/2411 2507/2507/2507
f 2410/2410/2410 2507/2507/2507 2506/2506/2506
f 2411/2411/2411 2412/2412/2412 2508/2508/2508
f 2411/2411/2411 2508/2508/2508 2507/2507/2507
f 2412/2412/2412 2413/2413/2413 2509/2509/2509
f 2412/2412/2412 2509/2509/2509 2508/2508/2508
f 2413/2413/2413 2414/2414/2414 2510/2510/2510
f 2413/2413/2413 2510/2510/2510 2509/2509/2509
f 2414/2414/2414 2415/2415/2415 2511/2511/2511
f 2414/2414/2414 2511/2511/2511 2510/2510/2510
f 2415/2415/2415 2416/2416/2416 2512/2512/2512
f 2415/2415/2415 2512/2512/2512 2511/2511/2511
f 2416/2416/2416 2417/2417/2417 2513/2513/2513
f 2416/2416/2416 2513/2513/2513 2512/2512/2512
f 2417/2417/2417 2418/2418/2418 2514/2514/2514
f 2417/2417/2417 2514/2514/2514 2513/2513/2513
f 2418/2418/2418 2419/2419/2419 2515/2515/2515
f 2418/2418/2418 2515/2515/2515 2514/2514/2514
f 2419/2419/2419 2420/2420/2420 2516/2516/2516
f 2419/2419/2419 2516/2516/2516 2515/2515/2515
f 2420/2420/2420 2421/2421/2421 2517/2517/2517
f 2420/2420/2420 2517/2517/2517 2516/2516/2516
f 2421/2421/2421 2422/2422/2422 2518/2518/2518
f 2421/2421/2421 2518/2518/2518 2517/2517/2517
f 2422/2422/2422 2423/2423/2423 2519/2519/2519
f 2422/2422/2422 2519/2519/2519 2518/2518/2518
f 2423/2423/2423 2424/2424/2424 2520/2520/2520
f 2423/2423/2423 2520/2520/2520 2519/2519/2519
f 2424/2424/2424 2425/2425/2425 2521/2521/2521
f 2424/2424/2424 2521/2521/2521 2520/2520/2520
f 2425/2425/2425 2426/2426/2426 2522/2522/2522
f 2425/2425/2425 2522/2522/2522 2521/2521/2521
f 2426/2426/2426 2427/2427/2427 2523/2523/2523
f 2426/2426/2426 2523/2523/2523 2522/2522/2522
f 2427/2427/2427 2428/2428/2428 2524/2524/2524
f 2427/2427/2427 2524/2524/2524 2523/2523/2523
f 2428/2428/2428 2429/2429/2429 2525/2525/2525
f 2428/2428/2428 2525/2525/2525 2524/2524/2524
f 2429/2429/2429 2430/2430/2430 2526/2526/2526
f 2429/2429/2429 2526/2526/2526 2525/2525/2525
f 2430/2430/2430 2431/2431/2431 2527/2527/2527
f 2430/2430/2430 2527/2527/2527 2526/2526/2526
f 2431/2431/2431 2432/2432/2432 2528/2528/2528
f 2431/2431/2431 2528/2528/2528 2527/2527/2527
f 2432/2432/2432 2433/2433/2433 2529/2529/2529
f 2432/2432/2432 2529/2529/2529 2528/2528/2528
f 2433/2433/2433 2434/2434/2434 2530/2530/2530
f 2433/2433/2433 2530/2530/2530 2529/2529/2529
f 2434/2434/2434 2435/2435/2435 2531/2531/2531
f 2434/2434/2434 2531/2531/2531 2530/2530/2530
f 2435/2435/2435 2436/2436/2436 2532/2532/2532
f 2435/2435/2435 2532/2532/2532 2531/2531/2531
f 2436/2436/2436 2437/2437/2437 2533/2533/2533
f 2436/2436/2436 2533/2533/2533 2532/2532/2532
f 2437/2437/2437 2438/2438/2438 2534/2534/2534
f 2437/2437/2437 2534/2534/2534 2533/2533/2533
f 2438/2438/2438 2439/2439/2439 2535/2535/2535
f 2438/2438/2438 2535/2535/2535 2534/2534/2534
f 2439/2439/2439 2440/2440/2440 2536/2536/2536
f 2439/2439/2439 2536/2536/2536 2535/2535/2535
f 2440/2440/2440 2441/2441/2441 2537/2537/2537
f 2440/2440/2440 2537/2537/2537 2536/2536/2536
f 2441/2441/2441 2442/2442/2442 2538/2538/2538
f 2441/2441/2441 2538/2538/2538 2537/2537/2537
f 2442/2442/2442 2443/2443/2443 2539/2539/2539
f 2442/2442/2442 2539/2539/2539 2538/2538/2538
f 2443/2443/2443 2444/2444/2444 2540/2540/2540
f 2443/2443/2443 2540/2540/2540 2539/2539/2539
f 2444/2444/2444 2445/2445/2445 2541/2541/2541
f 2444/2444/2444 2541/2541/2541 2540/2540/2540
f 2445/2445/2445 2446/2446/2446 2542/2542/2542
f 2445/2445/2445 2542/2542/2542 2541/2541/2541
f 2446/2446/2446 2447/2447/2447 2543/2543/2543
f 2446/2446/2446 2543/2543/2543 2542/2542/2542
f 2447/2447/2447 2448/2448/2448 2544/2544/2544
f 2447/2447/2447 2544/2544/2544 2543/2543/2543
f 2448/2448/2448 2449/2449/2449 2545/2545/2545
f 2448/2448/2448 2545/2545/2545 2544/2544/2544
f 2449/2449/2449 2450/2450/2450 2546/2546/2546
f 2449/2449/2449 2546/2546/2546 2545/2545/2545
f 2450/2450/2450 2451/2451/2451 2547/2547/2547
f 2450/2450/2450 2547/2547/2547 2546/2546/2546
f 2451/2451/2451 2452/2452/2452 2548/2548/2548
f 2451/2451/2451 2548/2548/2548 2547/2547/2547
f 2452/2452/2452 2453/2453/2453 2549/2549/2549
f 2452/2452/2452 2549/2549/2549 2548/2548/2548
f 2453/2453/2453 2454/2454/2454 2550/2550/2550
f 2453/2453/2453 2550/2550/2550 2549/2549/2549
f 2454/2454/2454 2455/2455/2455 2551/2551/2551
f 2454/2454/2454 2551/2551/2551 2550/2550/2550
f 2455/2455/2455 2456/2456/2456 2552/2552/2552
f 2455/2455/2455 2552/2552/2552 2551/2551/2551
f 2456/2456/2456 2457/2457/2457 2553/2553/2553
f 2456/2456/2456 2553/2553/2553 2552/2552/2552
f 2457/2457/2457 2458/2458/2458 2554/2554/2554
f 2457/2457/2457 2554/2554/2554 2553/2553/2553
f 2458/2458/2458 2459/2459/2459 2555/2555/2555
f 2458/2458/2458 2555/2555/2555 2554/2554/2554
f 2459/2459/2459 2460/2460/2460 2556/2556/2556
f 2459/2459/2459 2556/2556/2556 2555/2555/2555
f 2460/2460/2460 2461/2461/2461 2557/2557/2557
f 2460/2460/2460 2557/2557/2557 2556/2556/2556
f 2461/2461/2461 2462/2462/2462 2558/2558/2558
f 2461/2461/2461 2558/2558/2558 2557/2557/2557
f 2462/2462/2462 2463/2463/2463 2559/2559/2559
f 2462/2462/2462 2559/2559/2559 2558/2558/2558
f 2463/2463/2463 2464/2464/2464 2560/2560/2560
f 2463/2463/2463 2560/2560/2560 2559/2559/2559
f 2464/2464/2464 2465/2465/2465 2561/2561/2561
f 2464/2464/2464 2561/2561/2561 2560/2560/2560
f 2465/2465/2465 2466/2466/2466 2562/2562/2562
f 2465/2465/2465 2562/2562/2562 2561/2561/2561
f 2466/2466/2466 2467/2467/2467 2563/2563/2563
f 2466/2466/2466 2563/2563/2563 2562/2562/2562
f 2467/2467/2467 2468/2468/2468 2564/2564/2564
f 2467/2467/2467 2564/2564/2564 2563/2563/2563
f 2468/2468/2468 2469/2469/2469 2565/2565/2565
f 2468/2468/2468 2565/2565/2565 2564/2564/2564
f 2469/2469/2469 2470/2470/2470 2566/2566/2566
f 2469/2469/2469 2566/2566/2566 2565/2565/2565
f 2470/2470/2470 2471/2471/2471 2567/2567/2567
f 2470/2470/2470 2567/2567/2567 2566/2566/2566
f 2471/2471/2471 2472/2472/2472 2568/2568/2568
f 2471/2471/2471 2568/2568/2568 2567/2567/2567
f 2472/2472/2472 2473/2473/2473 2569/2569/2569
f 2472/2472/2472 2569/2569/2569 2568/2568/2568
f 2473/2473/2473 2474/2474/2474 2570/2570/2570
f 2473/2473/2473 2570/2570/2570 2569/2569/2569
f 2474/2474/2474 2475/2475/2475 2571/2571/2571
f 2474/2474/2474 2571/2571/2571 2570/2570/2570
f 2475/2475/2475 2476/2476/2476 2572/2572/2572
f 2475/2475/2475 2572/2572/2572 2571/2571/2571
f 2476/2476/2476 2477/2477/2477 2573/2573/2573
f 2476/2476/2476 2573/2573/2573 2572/2572/2572
f 2477/2477/2477 2478/2478/2478 2574/2574/2574
f 2477/2477/2477 2574/2574/2574 2573/2573/2573
f 2478/2478/2478 2479/2479/2479 2575/2575/2575
f 2478/2478/2478 2575/2575/2575 2574/2574/2574
f 2479/2479/2479 2480/2480/2480 2576/2576/2576
f 2479/2479/2479 2576/2576/2576 2575/2575/2575
f 2480/2480/2480 2481/2481/2481 2577/2577/2577
f 2480/2480/2480 2577/2577/2577 2576/2576/2576
f 2481/2481/2481 2482/2482/2482 2578/2578/2578
f 2481/2481/2481 2578/2578/2578 2577/2577/2577
f 2482/2482/2482 2483/2483/2483 2579/2579/2579
f 2482/2482/2482 2579/2579/2579 2578/2578/2578
f 2483/2483/2483 2484/2484/2484 2580/2580/2580
f 2483/2483/2483 2580/2580/2580 2579/2579/2579
f 2484/2484/2484 2485/2485/2485 2581/2581/2581
f 2484/2484/2484 2581/2581/2581 2580/2580/2580
f 2485/2485/2485 2486/2486/2486 2582/2582/2582
f 2485/2485/2485 2582/2582/2582 2581/2581/2581
f 2486/2486/2486 2487/2487/2487 2583/2583/2583
f 2486/2486/2486 2583/2583/2583 2582/2582/2582
f 2487/2487/2487 2488/2488/2488 2584/2584/2584
f 2487/2487/2487 2584/2584/2584 2583/2583/2583
f 2488/2488/2488 2489/2489/2489 2585/2585/2585
f 2488/2488/2488 2585/2585/2585 2584/2584/2584
f 2489/2489/2489 2490/2490/2490 2586/2586/2586
f 2489/2489/2489 2586/2586/2586 2585/2585/2585
f 2490/2490/2490 2491/2491/2491 2587/2587/2587
f 2490/2490/2490 2587/2587/2587 2586/2586/2586
f 2491/2491/2491 2492/2492/2492 2588/2588/2588
f 2491/2491/2491 2588/2588/2588 2587/2587/2587
f 2492/2492/2492 2493/2493/2493 2589/2589/2589
f 2492/2492/2492 2589/2589/2589 2588/2588/2588
f 2493/2493/2493 2494/2494/2494 2590/2590/2590
f 2493/2493/2493 2590/2590/2590 2589/2589/2589
f 2494/2494/2494 2495/2495/2495 2591/2591/2591
f 2494/2494/2494 2591/2591/2591 2590/2590/2590
f 2495/2495/2495 2496/2496/2496 2592/2592/2592
f 2495/2495/2495 2592/2592/2592 2591/2591/2591
f 2496/2496/2496 2401/2401/2401 2497/2497/2497
f 2496/2496/2496 2497/2497/2497 2592/2592/2592
f 2497/2497/2497 2498/2498/2498 2594/2594/2594
f 2497/2497/2497 2594/2594/2594 2593/2593/2593
f 2498/2498/2498 2499/2499/2499 2595/2595/2595
f 2498/2498/2498 2595/2595/2595 2594/2594/2594
f 2499/2499/2499 2500/2500/2500 2596/2596/2596
f 2499/2499/2499 2596/2596/2596 2595/2595/2595
f 2500/2500/2500 2501/2501/2501 2597/2597/2597
f 2500/2500/2500 2597/2597/2597 2596/2596/2596
f 2501/2501/2501 2502/2502/2502 2598/2598/2598
f 2501/2501/2501 2598/2598/2598 2597/2597/2597
f 2502/2502/2502 2503/2503/2503 2599/2599/2599
f 2502/2502/2502 2599/2599/2599 2598/2598/2598
f 2503/2503/2503 2504/2504/2504 2600/2600/2600
f 2503/2503/2503 2600/2600/2600 2599/2599/2599
f 2504/2504/2504 2505/2505/2505 2601/2601/2601
f 2504/2504/2504 2601/2601/2601 2600/2600/2600
f 2505/2505/2505 2506/2506/2506 2602/2602/2602
f 2505/2505/2505 2602/2602/2602 2601/2601/2601
f 2506/2506/2506 2507/2507/2507 2603/2603/2603
f 2506/2506/2506 2603/2603/2603 2602/2602/2602
f 2507/2507/2507 2508/2508/2508 2604/2604/2604
f 2507/2507/2507 2604/2604/2604 2603/2603/2603
f 2508/2508/2508 2509/2509/2509 2605/2605/2605
f 2508/2508/2508 2605/2605/2605 2604/2604/2604
f 2509/2509/2509 2510/2510/2510 2606/2606/2606
f 2509/2509/2509 2606/2606/2606 2605/2605/2605
f 2510/2510/2510 2511/2511/2511 2607/2607/2607
f 2510/2510/2510 2607/2607/2607 2606/2606/2606
f 2511/2511/2511 2512/2512/2512 2608/2608/2608
f 2511/2511/2511 2608/2608/2608 2607/2607/2607
f 2512/2512/2512 2513/2513/2513 2609/2609/2609
f 2512/2512/2512 2609/2609/2609 2608/2608/2608
f 2513/2513/2513 2514/2514/2514 2610/2610/2610
f 2513/2513/2513 2610/2610/2610 2609/2609/2609
f 2514/2514/2514 2515/2515/2515 2611/2611/2611
f 2514/2514/2514 2611/2611/2611 2610/2610/2610
f 2515/2515/2515 2516/2516/2516 2612/2612/2612
f 2515/2515/2515 2612/2612/2612 2611/2611/2611
f 2516/2516/2516 2517/2517/2517 2613/2613/2613
f 2516/2516/2516 2613/2613/2613 2612/2612/2612
f 2517/2517/2517 2518/2518/2518 2614/2614/2614
f 2517/2517/2517 2614/2614/2614 2613/2613/2613
f 2518/2518/2518 2519/2519/2519 2615/2615/2615
f 2518/2518/2518 2615/2615/2615 2614/2614/2614
f 2519/2519/2519 2520/2520/2520 2616/2616/2616
f 2519/2519/2519 2616/2616/2616 2615/2615/2615
f 2520/2520/2520 2521/2521/2521 2617/2617/2617
f 2520/2520/2520 2617/2617/2617 2616/2616/2616
f 2521/2521/2521 2522/2522/2522 2618/2618/2618
f 2521/2521/2521 2618/2618/2618 2617/2617/2617
f 2522/2522/2522 2523/2523/2523 2619/2619/2619
f 2522/2522/2522 2619/2619/2619 2618/2618/2618
f 2523/2523/2523 2524/2524/2524 2620/2620/2620
f 2523/2523/2523 2620/2620/2620 2619/2619/2619
f 2524/2524/2524 2525/2525/2525 2621/2621/2621
f 2524/2524/2524 2621/2621/2621 2620/2620/2620
f 2525/2525/2525 2526/2526/2526 2622/2622/2622
f 2525/2525/2525 2622/2622/2622 2621/2621/2621
f 2526/2526/2526 2527/2527/2527 2623/2623/2623
f 2526/2526/2526 2623/2623/2623 2622/2622/2622
f 2527/2527/2527 2528/2528/2528 2624/2624/2624
f 2527/2527/2527 2624/2624/2624 2623/2623/2623
f 2528/2528/2528 2529/2529/2529 2625/2625/2625
f 2528/2528/2528 2625/2625/2625 2624/2624/2624
f 2529/2529/2529 2530/2530/2530 2626/2626/2626
f 2529/2529/2529 2626/2626/2626 2625/2625/2625
f 2530/2530/2530 2531/2531/2531 2627/2627/2627
f 2530/2530/2530 2627/2627/2627 2626/2626/2626
f 2531/2531/2531 2532/2532/2532 2628/2628/2628
f 2531/2531/2531 2628/2628/2628 2627/2627/2627
f 2532/2532/2532 2533/2533/2533 2629/2629/2629
f 2532/2532/2532 2629/2629/2629 2628/2628/2628
f 2533/2533/2533 2534/2534/2534 2630/2630/2630
f 2533/2533/2533 2630/2630/2630 2629/2629/2629
f 2534/2534/2534 2535/2535/2535 2631/2631/2631
f 2534/2534/2534 2631/2631/2631 2630/2630/2630
f 2535/2535/2535 2536/2536/2536 2632/2632/2632
f 2535/2535/2535 2632/2632/2632 2631/2631/2631
f 2536/2536/2536 2537/2537/2537 2633/2633/2633
f 2536/2536/2536 2633/2633/2633 2632/2632/2632
f 2537/2537/2537 2538/2538/2538 2634/2634/2634
f 2537/2537/2537 2634/2634/2634 2633/2633/2633
f 2538/2538/2538 2539/2539/2539 2635/2635/2635
f 2538/2538/2538 2635/2635/2635 2634/2634/2634
f 2539/2539/2539 2540/2540/2540 2636/2636/2636
f 2539/2539/2539 2636/2636/2636 2635/2635/2635
f 2540/2540/2540 2541/2541/2541 2637/2637/2637
f 2540/2540/2540 2637/2637/2637 2636/2636/2636
f 2541/2541/2541 2542/2542/2542 2638/2638/2638
f 2541/2541/2541 2638/2638/2638 2637/2637/2637
f 2542/2542/2542 2543/2543/2543 2639/2639/2639
f 2542/2542/2542 2639/2639/2639 2638/2638/2638
f 2543/2543/2543 2544/2544/2544 2640/2640/2640
f 2543/2543/2543 2640/2640/2640 2639/2639/2639
f 2544/2544/2544 2545/2545/2545 2641/2641/2641
f 2544/2544/2544 2641/2641/2641 2640/2640/2640
f 2545/2545/2545 2546/2546/2546 2642/2642/2642
f 2545/2545/2545 2642/2642/2642 2641/2641/2641
f 2546/2546/2546 2547/2547/2547 2643/2643/2643
f 2546/2546/2546 2643/2643/2643 2642/2642/2642
f 2547/2547/2547 2548/2548/2548 2644/2644/2644
f 2547/2547/2547 2644/2644/2644 2643/2643/2643
f 2548/2548/2548 2549/2549/2549 2645/2645/2645
f 2548/2548/2548 2645/2645/2645 2644/2644/2644
f 2549/2549/2549 2550/2550/2550 2646/2646/2646
f 2549/2549/2549 2646/2646/2646 2645/2645/2645
f 2550/2550/2550 2551/2551/2551 2647/2647/2647
f 2550/2550/2550 2647/2647/2647 2646/2646/2646
f 2551/2551/2551 2552/2552/2552 2648/2648/2648
f 2551/2551/2551 2648/2648/2648 2647/2647/2647
f 2552/2552/2552 2553/2553/2553 2649/2649/2649
f 2552/2552/2552 2649/2649/2649 2648/2648/2648
f 2553/2553/2553 2554/2554/2554 2650/2650/2650
f 2553/2553/2553 2650/2650/2650 2649/2649/2649
f 2554/2554/2554 2555/2555/2555 2651/2651/2651
f 2554/2554/2554 2651/2651/2651 2650/2650/2650
f 2555/2555/2555 2556/2556/2556 2652/2652/2652
f 2555/2555/2555 2652/2652/2652 2651/2651/2651
f 2556/2556/2556 2557/2557/2557 2653/2653/2653
f 2556/2556/2556 2653/2653/2653 2652/2652/2652
f 2557/2557/2557 2558/2558/2558 2654/2654/2654
f 2557/2557/2557 2654/2654/2654 2653/2653/2653
f 2558/2558/2558 2559/2559/2559 2655/2655/2655
f 2558/2558/2558 2655/2655/2655 2654/2654/2654
f 2559/2559/2559 2560/2560/2560 2656/2656/2656
f 2559/2559/2559 2656/2656/2656 2655/2655/2655
f 2560/2560/2560 2561/2561/2561 2657/2657/2657
f 2560/2560/2560 2657/2657/2657 2656/2656/2656
f 2561/2561/2561 2562/2562/2562 2658/2658/2658
f 2561/2561/2561 2658/2658/2658 2657/2657/2657
f 2562/2562/2562 2563/2563/2563 2659/2659/2659
f 2562/2562/2562 2659/2659/2659 2658/2658/2658
f 2563/2563/2563 2564/2564/2564 2660/2660/2660
f 2563/2563/2563 2660/2660/2660 2659/2659/2659
f 2564/2564/2564 2565/2565/2565 2661/2661/2661
f 2564/2564/2564 2661/2661/2661 2660/2660/2660
f 2565/2565/2565 2566/2566/2566 2662/2662/2662
f 2565/2565/2565 2662/2662/2662 2661/2661/2661
f 2566/2566/2566 2567/2567/2567 2663/2663/2663
f 2566/2566/2566 2663/2663/2663 2662/2662/2662
f 2567/2567/2567 2568/2568/2568 2664/2664/2664
f 2567/2567/2567 2664/2664/2664 2663/2663/2663
f 2568/2568/2568 2569/2569/2569 2665/2665/2665
f 2568/2568/2568 2665/2665/2665 2664/2664/2664
f 2569/2569/2569 2570/2570/2570 2666/2666/2666
f 2569/2569/2569 2666/2666/2666 2665/2665/2665
f 2570/2570/2570 2571/2571/2571 2667/2667/2667
f 2570/2570/2570 2667/2667/2667 2666/2666/2666
f 2571/2571/2571 2572/2572/2572 2668/2668/2668
f 2571/2571/2571 2668/2668/2668 2667/2667/2667
f 2572/2572/2572 2573/2573/2573 2669/2669/2669
f 2572/2572/2572 2669/2669/2669 2668/2668/2668
f 2573/2573/2573 2574/2574/2574 2670/2670/2670
f 2573/2573/2573 2670/2670/2670 2669/2669/2669
f 2574/2574/2574 2575/2575/2575 2671/2671/2671
f 2574/2574/2574 2671/2671/2671 2670/2670/2670
f 2575/2575/2575 2576/2576/2576 2672/2672/2672
f 2575/2575/2575 2672/2672/2672 2671/2671/2671
f 2576/2576/2576 2577/2577/2577 2673/2673/2673
f 2576/2576/2576 2673/2673/2673 2672/2672/2672
f 2577/2577/2577 2578/2578/2578 2674/2674/2674
f 2577/2577/2577 2674/2674/2674 2673/2673/2673
f 2578/2578/2578 2579/2579/2579 2675/2675/2675
f 2578/2578/2578 2675/2675/2675 2674/2674/2674
f 2579/2579/2579 2580/2580/2580 2676/2676/2676
f 2579/2579/2579 2676/2676/2676 2675/2675/2675
f 2580/2580/2580 2581/2581/2581 2677/2677/2677
f 2580/2580/2580 2677/2677/2677 2676/2676/2676
f 2581/2581/2581 2582/2582/2582 2678/2678/2678
f 2581/2581/2581 2678/2678/2678 2677/2677/2677
f 2582/2582/2582 2583/2583/2583 2679/2679/2679
f 2582/2582/2582 2679/2679/2679 2678/2678/2678
f 2583/2583/2583 2584/2584/2584 2680/2680/2680
f 2583/2583/2583 2680/2680/2680 2679/2679/2679
f 2584/2584/2584 2585/2585/2585 2681/2681/2681
f 2584/2584/2584 2681/2681/2681 2680/2680/2680
f 2585/2585/2585 2586/2586/2586 2682/2682/2682
f 2585/2585/2585 2682/2682/2682 2681/2681/2681
f 2586/2586/2586 2587/2587/2587 2683/2683/2683
f 2586/2586/2586 2683/2683/2683 2682/2682/2682
f 2587/2587/2587 2588/2588/2588 2684/2684/2684
f 2587/2587/2587 2684/2684/2684 2683/2683/2683
f 2588/2588/2588 2589/2589/2589 2685/2685/2685
f 2588/2588/2588 2685/2685/2685 2684/2684/2684
f 2589/2589/2589 2590/2590/2590 2686/2686/2686
f 2589/2589/2589 2686/2686/2686 2685/2685/2685
f 2590/2590/2590 2591/2591/2591 2687/2687/2687
f 2590/2590/2590 2687/2687/2687 2686/2686/2686
f 2591/2591/2591 2592/2592/2592 2688/2688/2688
f 2591/2591/2591 2688/2688/2688 2687/2687/2687
f 2592/2592/2592 2497/2497/2497 2593/2593/2593
f 2592/2592/2592 2593/2593/2593 2688/2688/2688
f 2593/2593/2593 2594/2594/2594 2690/2690/2690
f 2593/2593/2593 2690/2690/2690 2689/2689/2689
f 2594/2594/2594 2595/2595/2595 2691/2691/2691
f 2594/2594/2594 2691/2691/2691 2690/2690/2690
f 2595/2595/2595 2596/2596/2596 2692/2692/2692
f 2595/2595/2595 2692/2692/2692 2691/2691/2691
f 2596/2596/2596 2597/2597/2597 2693/2693/2693
f 2596/2596/2596 2693/2693/2693 2692/2692/2692
f 2597/2597/2597 2598/2598/2598 2694/2694/2694
f 2597/2597/2597 2694/2694/2694 2693/2693/2693
f 2598/2598/2598 2599/2599/2599 2695/2695/2695
f 2598/2598/2598 2695/2695/2695 2694/2694/2694
f 2599/2599/2599 2600/2600/2600 2696/2696/2696
f 2599/2599/2599 2696/2696/2696 2695/2695/2695
f 2600/2600/2600 2601/2601/2601 2697/2697/2697
f 2600/2600/2600 2697/2697/2697 2696/2696/2696
f 2601/2601/2601 2602/2602/2602 2698/2698/2698
f 2601/2601/2601 2698/2698/2698 2697/2697/2697
f 2602/2602/2602 2603/2603/2603 2699/2699/2699
f 2602/2602/2602 2699/2699/2699 2698/2698/2698
f 2603/2603/2603 2604/2604/2604 2700/2700/2700
f 2603/2603/2603 2700/2700/2700 2699/2699/2699
f 2604/2604/2604 2605/2605/2605 2701/2701/2701
f 2604/2604/2604 2701/2701/2701 2700/2700/2700
f 2605/2605/2605 2606/2606/2606 2702/2702/2702
f 2605/2605/2605 2702/2702/2702 2701/2701/2701
f 2606/2606/2606 2607/2607/2607 2703/2703/2703
f 2606/2606/2606 2703/2703/2703 2702/2702/2702
f 2607/2607/2607 2608/2608/2608 2704/2704/2704
f 2607/2607/2607 2704/2704/2704 2703/2703/2703
f 2608/2608/2608 2609/2609/2609 2705/2705/2705
f 2608/2608/2608 2705/2705/2705 2704/2704/2704
f 2609/2609/2609 2610/2610/2610 2706/2706/2706
f 2609/2609/2609 2706/2706/2706 2705/2705/2705
f 2610/2610/2610 2611/2611/2611 2707/2707/2707
f 2610/2610/2610 2707/2707/2707 2706/2706/2706
f 2611/2611/2611 2612/2612/2612 2708/2708/2708
f 2611/2611/2611 2708/2708/2708 2707/2707/2707
f 2612/2612/2612 2613/2613/2613 2709/2709/2709
f 2612/2612/2612 2709/2709/2709 2708/2708/2708
f 2613/2613/2613 2614/2614/2614 2710/2710/2710
f 2613/2613/2613 2710/2710/2710 2709/2709/2709
f 2614/2614/2614 2615/2615/2615 2711/2711/2711
f 2614/2614/2614 2711/2711/2711 2710/2710/2710
f 2615/2615/2615 2616/2616/2616 2712/2712/2712
f 2615/2615/2615 2712/2712/2712 2711/2711/2711
f 2616/2616/2616 2617/2617/2617 2713/2713/2713
f 2616/2616/2616 2713/2713/2713 2712/2712/2712
f 2617/2617/2617 2618/2618/2618 2714/2714/2714
f 2617/2617/2617 2714/2714/2714 2713/2713/2713
f 2618/2618/2618 2619/2619/2619 2715/2715/2715
f 2618/2618/2618 2715/2715/2715 2714/2714/2714
f 2619/2619/2619 2620/2620/2620 2716/2716/2716
f 2619/2619/2619 2716/2716/2716 2715/2715/2715
f 2620/2620/2620 2621/2621/2621 2717/2717/2717
f 2620/2620/2620 2717/2717/2717 2716/2716/2716
f 2621/2621/2621 2622/2622/2622 2718/2718/2718
f 2621/2621/2621 2718/2718/2718 2717/2717/2717
f 2622/2622/2622 2623/2623/2623 2719/2719/2719
f 2622/2622/2622 2719/2719/2719 2718/2718/2718
f 2623/2623/2623 2624/2624/2624 2720/2720/2720
f 2623/2623/2623 2720/2720/2720 2719/2719/2719
f 2624/2624/2624 2625/2625/2625 2721/2721/2721
f 2624/2624/2624 2721/2721/2721 2720/2720/2720
f 2625/2625/2625 2626/2626/2626 2722/2722/2722
f 2625/2625/2625 2722/2722/2722 2721/2721/2721
f 2626/2626/2626 2627/2627/2627 2723/2723/2723
f 2626/2626/2626 2723/2723/2723 2722/2722/2722
f 2627/2627/2627 2628/2628/2628 2724/2724/2724
f 2627/2627/2627 2724/2724/2724 2723/2723/2723
f 2628/2628/2628 2629/2629/2629 2725/2725/2725
f 2628/2628/2628 2725/2725/2725 2724/2724/2724
f 2629/2629/2629 2630/2630/2630 2726/2726/2726
f 2629/2629/2629 2726/2726/2726 2725/2725/2725
f 2630/2630/2630 2631/2631/2631 2727/2727/2727
f 2630/2630/2630 2727/2727/2727 2726/2726/2726
f 2631/2631/2631 2632/2632/2632 2728/2728/2728
f 2631/2631/2631 2728/2728/2728 2727/2727/2727
f 2632/2632/2632 2633/2633/2633 2729/2729/2729
f 2632/2632/2632 2729/2729/2729 2728/2728/2728
f 2633/2633/2633 2634/2634/2634 2730/2730/2730
f 2633/2633/2633 2730/2730/2730 2729/2729/2729
f 2634/2634/2634 2635/2635/2635 2731/2731/2731
f 2634/2634/2634 2731/2731/2731 2730/2730/2730
f 2635/2635/2635 2636/2636/2636 2732/2732/2732
f 2635/2635/2635 2732/2732/2732 2731/2731/2731
f 2636/2636/2636 2637/2637/2637 2733/2733/2733
f 2636/2636/2636 2733/2733/2733 2732/2732/2732
f 2637/2637/2637 2638/2638/2638 2734/2734/2734
f 2637/2637/2637 2734/2734/2734 2733/2733/2733
f 2638/2638/2638 2639/2639/2639 2735/2735/2735
f 2638/2638/2638 2735/2735/2735 2734/2734/2734
f 2639/2639/2639 2640/2640/2640 2736/2736/2736
f 2639/2639/2639 2736/2736/2736 2735/2735/2735
f 2640/2640/2640 2641/2641/2641 2737/2737/2737
f 2640/2640/2640 2737/2737/2737 2736/2736/2736
f 2641/2641/2641 2642/2642/2642 2738/2738/2738
f 2641/2641/2641 2738/2738/2738 2737/2737/2737
f 2642/2642/2642 2643/2643/2643 2739/2739/2739
f 2642/2642/2642 2739/2739/2739 2738/2738/2738
f 2643/2643/2643 2644/2644/2644 2740/2740/2740
f 2643/2643/2643 2740/2740/2740 2739/2739/2739
f 2644/2644/2644 2645/2645/2645 2741/2741/2741
f 2644/2644/2644 2741/2741/2741 2740/2740/2740
f 2645/2645/2645 2646/2646/2646 2742/2742/2742
f 2645/2645/2645 2742/2742/2742 2741/2741/2741
f 2646/2646/2646 2647/2647/2647 2743/2743/2743
f 2646/2646/2646 2743/2743/2743 2742/2742/2742
f 2647/2647/2647 2648/2648/2648 2744/2744/2744
f 2647/2647/2647 2744/2744/2744 2743/2743/2743
f 2648/2648/2648 2649/2649/2649 2745/2745/2745
f 2648/2648/2648 2745/2745/2745 2744/2744/2744
f 2649/2649/2649 2650/2650/2650 2746/2746/2746
f 2649/2649/2649 2746/2746/2746 2745/2745/2745
f 2650/2650/2650 2651/2651/2651 2747/2747/2747
f 2650/2650/2650 2747/2747/2747 2746/2746/2746
f 2651/2651/2651 2652/2652/2652 2748/2748/2748
f 2651/2651/2651 2748/2748/2748 2747/2747/2747
f 2652/2652/2652 2653/2653/2653 2749/2749/2749
f 2652/2652/2652 2749/2749/2749 2748/2748/2748
f 2653/2653/2653 2654/2654/2654 2750/2750/2750
f 2653/2653/2653 2750/2750/2750 2749/2749/2749
f 2654/2654/2654 2655/2655/2655 2751/2751/2751
f 2654/2654/2654 2751/2751/2751 2750/2750/2750
f 2655/2655/2655 2656/2656/2656 2752/2752/2752
f 2655/2655/2655 2752/2752/2752 2751/2751/2751
f 2656/2656/2656 2657/2657/2657 2753/2753/2753
f 2656/2656/2656 2753/2753/2753 2752/2752/2752
f 2657/2657/2657 2658/2658/2658 2754/2754/2754
f 2657/2657/2657 2754/2754/2754 2753/2753/2753
f 2658/2658/2658 2659/2659/2659 2755/2755/2755
f 2658/2658/2658 2755/2755/2755 2754/2754/2754
f 2659/2659/2659 2660/2660/2660 2756/2756/2756
f 2659/2659/2659 2756/2756/2756 2755/2755/2755
f 2660/2660/2660 2661/2661/2661 2757/2757/2757
f 2660/2660/2660 2757/2757/2757 2756/2756/2756
f 2661/2661/2661 2662/2662/2662 2758/2758/2758
f 2661/2661/2661 2758/2758/2758 2757/2757/2757
f 2662/2662/2662 2663/2663/2663 2759/2759/2759
f 2662/2662/2662 2759/2759/2759 2758/2758/2758
f 2663/2663/2663 2664/2664/2664 2760/2760/2760
f 2663/2663/2663 2760/2760/2760 2759/2759/2759
f 2664/2664/2664 2665/2665/2665 2761/2761/2761
f 2664/2664/2664 2761/2761/2761 2760/2760/2760
f 2665/2665/2665 2666/2666/2666 2762/2762/2762
f 2665/2665/2665 2762/2762/2762 2761/2761/2761
f 2666/2666/2666 2667/2667/2667 2763/2763/2763
f 2666/2666/2666 2763/2763/2763 2762/2762/2762
f 2667/2667/2667 2668/2668/2668 2764/2764/2764
f 2667/2667/2667 2764/2764/2764 2763/2763/2763
f 2668/2668/2668 2669/2669/2669 2765/2765/2765
f 2668/2668/2668 2765/2765/2765 2764/2764/2764
f 2669/2669/2669 2670/2670/2670 2766/2766/2766
f 2669/2669/2669 2766/2766/2766 2765/2765/2765
f 2670/2670/2670 2671/2671/2671 2767/2767/2767
f 2670/2670/2670 2767/2767/2767 2766/2766/2766
f 2671/2671/2671 2672/2672/2672 2768/2768/2768
f 2671/2671/2671 2768/2768/2768 2767/2767/2767
f 2672/2672/2672 2673/2673/2673 2769/2769/2769
f 2672/2672/2672 2769/2769/2769 2768/2768/2768
f 2673/2673/2673 2674/2674/2674 2770/2770/2770
f 2673/2673/2673 2770/2770/2770 2769/2769/2769
f 2674/2674/2674 2675/2675/2675 2771/2771/2771
f 2674/2674/2674 2771/2771/2771 2770/2770/2770
f 2675/2675/2675 2676/2676/2676 2772/2772/2772
f 2675/2675/2675 2772/2772/2772 2771/2771/2771
f 2676/2676/2676 2677/2677/2677 2773/2773/2773
f 2676/2676/2676 2773/2773/2773 2772/2772/2772
f 2677/2677/2677 2678/2678/2678 2774/2774/2774
f 2677/2677/2677 2774/2774/2774 2773/2773/2773
f 2678/2678/2678 2679/2679/2679 2775/2775/2775
f 2678/2678/2678 2775/2775/2775 2774/2774/2774
f 2679/2679/2679 2680/2680/2680 2776/2776/2776
f 2679/2679/2679 2776/2776/2776 2775/2775/2775
f 2680/2680/2680 2681/2681/2681 2777/2777/2777
f 2680/2680/2680 2777/2777/2777 2776/2776/2776
f 2681/2681/2681 2682/2682/2682 2778/2778/2778
f 2681/2681/2681 2778/2778/2778 2777/2777/2777
f 2682/2682/2682 2683/2683/2683 2779/2779/2779
f 2682/2682/2682 2779/2779/2779 2778/2778/2778
f 2683/2683/2683 2684/2684/2684 2780/2780/2780
f 2683/2683/2683 2780/2780/2780 2779/2779/2779
f 2684/2684/2684 2685/2685/2685 2781/2781/2781
f 2684/2684/2684 2781/2781/2781 2780/2780/2780
f 2685/2685/2685 2686/2686/2686 2782/2782/2782
f 2685/2685/2685 2782/2782/2782 2781/2781/2781
f 2686/2686/2686 2687/2687/2687 2783/2783/2783
f 2686/2686/2686 2783/2783/2783 2782/2782/2782
f 2687/2687/2687 2688/2688/2688 2784/2784/2784
f 2687/2687/2687 2784/2784/2784 2783/2783/2783
f 2688/2688/2688 2593/2593/2593 2689/2689/2689
f 2688/2688/2688 2689/2689/2689 2784/2784/2784
f 2689/2689/2689 2690/2690/2690 2786/2786/2786
f 2689/2689/2689 2786/2786/2786 2785/2785/2785
f 2690/2690/2690 2691/2691/2691 2787/2787/2787
f 2690/2690/2690 2787/2787/2787 2786/2786/2786
f 2691/2691/2691 2692/2692/2692 2788/2788/2788
f 2691/2691/2691 2788/2788/2788 2787/2787/2787
f 2692/2692/2692 2693/2693/2693 2789/2789/2789
f 2692/2692/2692 2789/2789/2789 2788/2788/2788
f 2693/2693/2693 2694/2694/2694 2790/2790/2790
f 2693/2693/2693 2790/2790/2790 2789/2789/2789
f 2694/2694/2694 2695/2695/2695 2791/2791/2791
f 2694/2694/2694 2791/2791/2791 2790/2790/2790
f 2695/2695/2695 2696/2696/2696 2792/2792/2792
f 2695/2695/2695 2792/2792/2792 2791/2791/2791
f 2696/2696/2696 2697/2697/2697 2793/2793/2793
f 2696/2696/2696 2793/2793/2793 2792/2792/2792
f 2697/2697/2697 2698/2698/2698 2794/2794/2794
f 2697/2697/2697 2794/2794/2794 2793/2793/2793
f 2698/2698/2698 2699/2699/2699 2795/2795/2795
f 2698/2698/2698 2795/2795/2795 2794/2794/2794
f 2699/2699/2699 2700/2700/2700 2796/2796/2796
f 2699/2699/2699 2796/2796/2796 2795/2795/2795
f 2700/2700/2700 2701/2701/2701 2797/2797/2797
f 2700/2700/2700 2797/2797/2797 2796/2796/2796
f 2701/2701/2701 2702/2702/2702 2798/2798/2798
f 2701/2701/2701 2798/2798/2798 2797/2797/2797
f 2702/2702/2702 2703/2703/2703 2799/2799/2799
f 2702/2702/2702 2799/2799/2799 2798/2798/2798
f 2703/2703/2703 2704/2704/2704 2800/2800/2800
f 2703/2703/2703 2800/2800/2800 2799/2799/2799
f 2704/2704/2704 2705/2705/2705 2801/2801/2801
f 2704/2704/2704 2801/2801/2801 2800/2800/2800
f 2705/2705/2705 2706/2706/2706 2802/2802/2802
f 2705/2705/2705 2802/2802/2802 2801/2801/2801
f 2706/2706/2706 2707/2707/2707 2803/2803/2803
f 2706/2706/2706 2803/2803/2803 2802/2802/2802
f 2707/2707/2707 2708/2708/2708 2804/2804/2804
f 2707/2707/2707 2804/2804/2804 2803/2803/2803
f 2708/2708/2708 2709/2709/2709 2805/2805/2805
f 2708/2708/2708 2805/2805/2805 2804/2804/2804
f 2709/2709/2709 2710/2710/2710 2806/2806/2806
f 2709/2709/2709 2806/2806/2806 2805/2805/2805
f 2710/2710/2710 2711/2711/2711 2807/2807/2807
f 2710/2710/2710 2807/2807/2807 2806/2806/2806
f 2711/2711/2711 2712/2712/2712 2808/2808/2808
f 2711/2711/2711 2808/2808/2808 2807/2807/2807
f 2712/2712/2712 2713/2713/2713 2809/2809/2809
f 2712/2712/2712 2809/2809/2809 2808/2808/2808
f 2713/2713/2713 2714/2714/2714 2810/2810/2810
f 2713/2713/2713 2810/2810/2810 2809/2809/2809
f 2714/2714/2714 2715/2715/2715 2811/2811/2811
f 2714/2714/2714 2811/2811/2811 2810/2810/2810
f 2715/2715/2715 2716/2716/2716 2812/2812/2812
f 2715/2715/2715 2812/2812/2812 2811/2811/2811
f 2716/2716/2716 2717/2717/2717 2813/2813/2813
f 2716/2716/2716 2813/2813/2813 2812/2812/2812
f 2717/2717/2717 2718/2718/2718 2814/2814/2814
f 2717/2717/2717 2814/2814/2814 2813/2813/2813
f 2718/2718/2718 2719/2719/2719 2815/2815/2815
f 2718/2718/2718 2815/2815/2815 2814/2814/2814
f 2719/2719/2719 2720/2720/2720 2816/2816/2816
f 2719/2719/2719 2816/2816/2816 2815/2815/2815
f 2720/2720/2720 2721/2721/2721 2817/2817/2817
f 2720/2720/2720 2817/2817/2817 2816/2816/2816
f 2721/2721/2721 2722/2722/2722 2818/2818/2818
f 2721/2721/2721 2818/2818/2818 2817/2817/2817
f 2722/2722/2722 2723/2723/2723 2819/2819/2819
f 2722/2722/2722 2819/2819/2819 2818/2818/2818
f 2723/2723/2723 2724/2724/2724 2820/2820/2820
f 2723/2723/2723 2820/2820/2820 2819/2819/2819
f 2724/2724/2724 2725/2725/2725 2821/2821/2821
f 2724/2724/2724 2821/2821/2821 2820/2820/2820
f 2725/2725/2725 2726/2726/2726 2822/2822/2822
f 2725/2725/2725 2822/2822/2822 2821/2821/2821
f 2726/2726/2726 2727/2727/2727 2823/2823/2823
f 2726/2726/2726 2823/2823/2823 2822/2822/2822
f 2727/2727/2727 2728/2728/2728 2824/2824/2824
f 2727/2727/2727 2824/2824/2824 2823/2823/2823
f 2728/2728/2728 2729/2729/2729 2825/2825/2825
f 2728/2728/2728 2825/2825/2825 2824/2824/2824
f 2729/2729/2729 2730/2730/2730 2826/2826/2826
f 2729/2729/2729 2826/2826/2826 2825/2825/2825
f 2730/2730/2730 2731/2731/2731 2827/2827/2827
f 2730/2730/2730 2827/2827/2827 2826/2826/2826
f 2731/2731/2731 2732/2732/2732 2828/2828/2828
f 2731/2731/2731 2828/2828/2828 2827/2827/2827
f 2732/2732/2732 2733/2733/2733 2829/2829/2829
f 2732/2732/2732 2829/2829/2829 2828/2828/2828
f 2733/2733/2733 2734/2734/2734 2830/2830/2830
f 2733/2733/2733 2830/2830/2830 2829/2829/2829
f 2734/2734/2734 2735/2735/2735 2831/2831/2831
f 2734/2734/2734 2831/2831/2831 2830/2830/2830
f 2735/2735/2735 2736/2736/2736 2832/2832/2832
f 2735/2735/2735 2832/2832/2832 2831/2831/2831
f 2736/2736/2736 2737/2737/2737 2833/2833/2833
f 2736/2736/2736 2833/2833/2833 2832/2832/2832
f 2737/2737/2737 2738/2738/2738 2834/2834/2834
f 2737/2737/2737 2834/2834/2834 2833/2833/2833
f 2738/2738/2738 2739/2739/2739 2835/2835/2835
f 2738/2738/2738 2835/2835/2835 2834/2834/2834
f 2739/2739/2739 2740/2740/2740 2836/2836/2836
f 2739/2739/2739 2836/2836/2836 2835/2835/2835
f 2740/2740/2740 2741/2741/2741 2837/2837/2837
f 2740/2740/2740 2837/2837/2837 2836/2836/2836
f 2741/2741/2741 2742/2742/2742 2838/2838/2838
f 2741/2741/2741 2838/2838/2838 2837/2837/2837
f 2742/2742/2742 2743/2743/2743 2839/2839/2839
f 2742/2742/2742 2839/2839/2839 2838/2838/2838
f 2743/2743/2743 2744/2744/2744 2840/2840/2840
f 2743/2743/2743 2840/2840/2840 2839/2839/2839
f 2744/2744/2744 2745/2745/2745 2841/2841/2841
f 2744/2744/2744 2841/2841/2841 2840/2840/2840
f 2745/2745/2745 2746/2746/2746 2842/2842/2842
f 2745/2745/2745 2842/2842/2842 2841/2841/2841
f 2746/2746/2746 2747/2747/2747 2843/2843/2843
f 2746/2746/2746 2843/2843/2843 2842/2842/2842
f 2747/2747/2747 2748/2748/2748 2844/2844/2844
f 2747/2747/2747 2844/2844/2844 2843/2843/2843
f 2748/2748/2748 2749/2749/2749 2845/2845/2845
f 2748/2748/2748 2845/2845/2845 2844/2844/2844
f 2749/2749/2749 2750/2750/2750 2846/2846/2846
f 2749/2749/2749 2846/2846/2846 2845/2845/2845
f 2750/2750/2750 2751/2751/2751 2847/2847/2847
f 2750/2750/2750 2847/2847/2847 2846/2846/2846
f 2751/2751/2751 2752/2752/2752 2848/2848/2848
f 2751/2751/2751 2848/2848/2848 2847/2847/2847
f 2752/2752/2752 2753/2753/2753 2849/2849/2849
f 2752/2752/2752 2849/2849/2849 2848/2848/2848
f 2753/2753/2753 2754/2754/2754 2850/2850/2850
f 2753/2753/2753 2850/2850/2850 2849/2849/2849
f 2754/2754/2754 2755/2755/2755 2851/2851/2851
f 2754/2754/2754 2851/2851/2851 2850/2850/2850
f 2755/2755/2755 2756/2756/2756 2852/2852/2852
f 2755/2755/2755 2852/2852/2852 2851/2851/2851
f 2756/2756/2756 2757/2757/2757 2853/2853/2853
f 2756/2756/2756 2853/2853/2853 2852/2852/2852
f 2757/2757/2757 2758/2758/2758 2854/2854/2854
f 2757/2757/2757 2854/2854/2854 2853/2853/2853
f 2758/2758/2758 2759/2759/2759 2855/2855/2855
f 2758/2758/2758 2855/2855/2855 2854/2854/2854
f 2759/2759/2759 2760/2760/2760 2856/2856/2856
f 2759/2759/2759 2856/2856/2856 2855/2855/2855
f 2760/2760/2760 2761/2761/2761 2857/2857/2857
f 2760/2760/2760 2857/2857/2857 2856/2856/2856
f 2761/2761/2761 2762/2762/2762 2858/2858/2858
f 2761/2761/2761 2858/2858/2858 2857/2857/2857
f 2762/2762/2762 2763/2763/2763 2859/2859/2859
f 2762/2762/2762 2859/2859/2859 2858/2858/2858
f 2763/2763/2763 2764/2764/2764 2860/2860/2860
f 2763/2763/2763 2860/2860/2860 2859/2859/2859
f 2764/2764/2764 2765/2765/2765 2861/2861/2861
f 2764/2764/2764 2861/2861/2861 2860/2860/2860
f 2765/2765/2765 2766/2766/2766 2862/2862/2862
f 2765/2765/2765 2862/2862/2862 2861/2861/2861
f 2766/2766/2766 2767/2767/2767 2863/2863/2863
f 2766/2766/2766 2863/2863/2863 2862/2862/2862
f 2767/2767/2767 2768/2768/2768 2864/2864/2864
f 2767/2767/2767 2864/2864/2864 2863/2863/2863
f 2768/2768/2768 2769/2769/2769 2865/2865/2865
f 2768/2768/2768 2865/2865/2865 2864/2864/2864
f 2769/2769/2769 2770/2770/2770 2866/2866/2866
f 2769/2769/2769 2866/2866/2866 2865/2865/2865
f 2770/2770/2770 2771/2771/2771 2867/2867/2867
f 2770/2770/2770 2867/2867/2867 2866/2866/2866
f 2771/2771/2771 2772/2772/2772 2868/2868/2868
f 2771/2771/2771 2868/2868/2868 2867/2867/2867
f 2772/2772/2772 2773/2773/2773 2869/2869/2869
f 2772/2772/2772 2869/2869/2869 2868/2868/2868
f 2773/2773/2773 2774/2774/2774 2870/2870/2870
f 2773/2773/2773 2870/2870/2870 2869/2869/2869
f 2774/2774/2774 2775/2775/2775 2871/2871/2871
f 2774/2774/2774 2871/2871/2871 2870/2870/2870
f 2775/2775/2775 2776/2776/2776 2872/2872/2872
f 2775/2775/2775 2872/2872/2872 2871/2871/2871
f 2776/2776/2776 2777/2777/2777 2873/2873/2873
f 2776/2776/2776 2873/2873/2873 2872/2872/2872
f 2777/2777/2777 2778/2778/2778 2874/2874/2874
f 2777/2777/2777 2874/2874/2874 2873/2873/2873
f 2778/2778/2778 2779/2779/2779 2875/2875/2875
f 2778/2778/2778 2875/2875/2875 2874/2874/2874
f 2779/2779/2779 2780/2780/2780 2876/2876/2876
f 2779/2779/2779 2876/2876/2876 2875/2875/2875
f 2780/2780/2780 2781/2781/2781 2877/2877/2877
f 2780/2780/2780 2877/2877/2877 2876/2876/2876
f 2781/2781/2781 2782/2782/2782 2878/2878/2878
f 2781/2781/2781 2878/2878/2878 2877/2877/2877
f 2782/2782/2782 2783/2783/2783 2879/2879/2879
f 2782/2782/2782 2879/2879/2879 2878/2878/2878
f 2783/2783/2783 2784/2784/2784 2880/2880/2880
f 2783/2783/2783 2880/2880/2880 2879/2879/2879
f 2784/2784/2784 2689/2689/2689 2785/2785/2785
f 2784/2784/2784 2785/2785/2785 2880/2880/2880
f 2785/2785/2785 2786/2786/2786 2882/2882/2882
f 2785/2785/2785 2882/2882/2882 2881/2881/2881
f 2786/2786/2786 2787/2787/2787 2883/2883/2883
f 2786/2786/2786 2883/2883/2883 2882/2882/2882
f 2787/2787/2787 2788/2788/2788 2884/2884/2884
f 2787/2787/2787 2884/2884/2884 2883/2883/2883
f 2788/2788/2788 2789/2789/2789 2885/2885/2885
f 2788/2788/2788 2885/2885/2885 2884/2884/2884
f 2789/2789/2789 2790/2790/2790 2886/2886/2886
f 2789/2789/2789 2886/2886/2886 2885/2885/2885
f 2790/2790/2790 2791/2791/2791 2887/2887/2887
f 2790/2790/2790 2887/2887/2887 2886/2886/2886
f 2791/2791/2791 2792/2792/2792 2888/2888/2888
f 2791/2791/2791 2888/2888/2888 2887/2887/2887
f 2792/2792/2792 2793/2793/2793 2889/2889/2889
f 2792/2792/2792 2889/2889/2889 2888/2888/2888
f 2793/2793/2793 2794/2794/2794 2890/2890/2890
f 2793/2793/2793 2890/2890/2890 2889/2889/2889
f 2794/2794/2794 2795/2795/2795 2891/2891/2891
f 2794/2794/2794 2891/2891/2891 2890/2890/2890
f 2795/2795/2795 2796/2796/2796 2892/2892/2892
f 2795/2795/2795 2892/2892/2892 2891/2891/2891
f 2796/2796/2796 2797/2797/2797 2893/2893/2893
f 2796/2796/2796 2893/2893/2893 2892/2892/2892
f 2797/2797/2797 2798/2798/2798 2894/2894/2894
f 2797/2797/2797 2894/2894/2894 2893/2893/2893
f 2798/2798/2798 2799/2799/2799 2895/2895/2895
f 2798/2798/2798 2895/2895/2895 2894/2894/2894
f 2799/2799/2799 2800/2800/2800 2896/2896/2896
f 2799/2799/2799 2896/2896/2896 2895/2895/2895
f 2800/2800/2800 2801/2801/2801 2897/2897/2897
f 2800/2800/2800 2897/2897/2897 2896/2896/2896
f 2801/2801/2801 2802/2802/2802 2898/2898/2898
f 2801/2801/2801 2898/2898/2898 2897/2897/2897
f 2802/2802/2802 2803/2803/2803 2899/2899/2899
f 2802/2802/2802 2899/2899/2899 2898/2898/2898
f 2803/2803/2803 2804/2804/2804 2900/2900/2900
f 2803/2803/2803 2900/2900/2900 2899/2899/2899
f 2804/2804/2804 2805/2805/2805 2901/2901/2901
f 2804/2804/2804 2901/2901/2901 2900/2900/2900
f 2805/2805/2805 2806/2806/2806 2902/2902/2902
f 2805/2805/2805 2902/2902/2902 2901/2901/2901
f 2806/2806/2806 2807/2807/2807 2903/2903/2903
f 2806/2806/2806 2903/2903/2903 2902/2902/2902
f 2807/2807/2807 2808/2808/2808 2904/2904/2904
f 2807/2807/2807 2904/2904/2904 2903/2903/2903
f 2808/2808/2808 2809/2809/2809 2905/2905/2905
f 2808/2808/2808 2905/2905/2905 2904/2904/2904
f 2809/2809/2809 2810/2810/2810 2906/2906/2906
f 2809/2809/2809 2906/2906/2906 2905/2905/2905
f 2810/2810/2810 2811/2811/2811 2907/2907/2907
f 2810/2810/2810 2907/2907/2907 2906/2906/2906
f 2811/2811/2811 2812/2812/2812 2908/2908/2908
f 2811/2811/2811 2908/2908/2908 2907/2907/2907
f 2812/2812/2812 2813/2813/2813 2909/2909/2909
f 2812/2812/2812 2909/2909/2909 2908/2908/2908
f 2813/2813/2813 2814/2814/2814 2910/2910/2910
f 2813/2813/2813 2910/2910/2910 2909/2909/2909
f 2814/2814/2814 2815/2815/2815 2911/2911/2911
f 2814/2814/2814 2911/2911/2911 2910/2910/2910
f 2815/2815/2815 2816/2816/2816 2912/2912/2912
f 2815/2815/2815 2912/2912/2912 2911/2911/2911
f 2816/2816/2816 2817/2817/2817 2913/2913/2913
f 2816/2816/2816 2913/2913/2913 2912/2912/2912
f 2817/2817/2817 2818/2818/2818 2914/2914/2914
f 2817/2817/2817 2914/2914/2914 2913/2913/2913
f 2818/2818/2818 2819/2819/2819 2915/2915/2915
f 2818/2818/2818 2915/2915/2915 2914/2914/2914
f 2819/2819/2819 2820/2820/2820 2916/2916/2916
f 2819/2819/2819 2916/2916/2916 2915/2915/2915
f 2820/2820/2820 2821/2821/2821 2917/2917/2917
f 2820/2820/2820 2917/2917/2917 2916/2916/2916
f 2821/2821/2821 2822/2822/2822 2918/2918/2918
f 2821/2821/2821 2918/2918/2918 2917/2917/2917
f 2822/2822/2822 2823/2823/2823 2919/2919/2919
f 2822/2822/2822 2919/2919/2919 2918/2918/2918
f 2823/2823/2823 2824/2824/2824 2920/2920/2920
f 2823/2823/2823 2920/2920/2920 2919/2919/2919
f 2824/2824/2824 2825/2825/2825 2921/2921/2921
f 2824/2824/2824 2921/2921/2921 2920/2920/2920
f 2825/2825/2825 2826/2826/2826 2922/2922/2922
f 2825/2825/2825 2922/2922/2922 2921/2921/2921
f 2826/2826/2826 2827/2827/2827 2923/2923/2923
f 2826/2826/2826 2923/2923/2923 2922/2922/2922
f 2827/2827/2827 2828/2828/2828 2924/2924/2924
f 2827/2827/2827 2924/2924/2924 2923/2923/2923
f 2828/2828/2828 2829/2829/2829 2925/2925/2925
f 2828/2828/2828 2925/2925/2925 2924/2924/2924
f 2829/2829/2829 2830/2830/2830 2926/2926/2926
f 2829/2829/2829 2926/2926/2926 2925/2925/2925
f 2830/2830/2830 2831/2831/2831 2927/2927/2927
f 2830/2830/2830 2927/2927/2927 2926/2926/2926
f 2831/2831/2831 2832/2832/2832 2928/2928/2928
f 2831/2831/2831 2928/2928/2928 2927/2927/2927
f 2832/2832/2832 2833/2833/2833 2929/2929/2929
f 2832/2832/2832 2929/2929/2929 2928/2928/2928
f 2833/2833/2833 2834/2834/2834 2930/2930/2930
f 2833/2833/2833 2930/2930/2930 2929/2929/2929
f 2834/2834/2834 2835/2835/2835 2931/2931/2931
f 2834/2834/2834 2931/2931/2931 2930/2930/2930
f 2835/2835/2835 2836/2836/2836 2932/2932/2932
f 2835/2835/2835 2932/2932/2932 2931/2931/2931
f 2836/2836/2836 2837/2837/2837 2933/2933/2933
f 2836/2836/2836 2933/2933/2933 2932/2932/2932
f 2837/2837/2837 2838/2838/2838 2934/2934/2934
f 2837/2837/2837 2934/2934/2934 2933/2933/2933
f 2838/2838/2838 2839/2839/2839 2935/2935/2935
f 2838/2838/2838 2935/2935/2935 2934/2934/2934
f 2839/2839/2839 2840/2840/2840 2936/2936/2936
f 2839/2839/2839 2936/2936/2936 2935/2935/2935
f 2840/2840/2840 2841/2841/2841 2937/2937/2937
f 2840/2840/2840 2937/2937/2937 2936/2936/2936
f 2841/2841/2841 2842/2842/2842 2938/2938/2938
f 2841/2841/2841 2938/2938/2938 2937/2937/2937
f 2842/2842/2842 2843/2843/2843 2939/2939/2939
f 2842/2842/2842 2939/2939/2939 2938/2938/2938
f 2843/2843/2843 2844/2844/2844 2940/2940/2940
f 2843/2843/2843 2940/2940/2940 2939/2939/2939
f 2844/2844/2844 2845/2845/2845 2941/2941/2941
f 2844/2844/2844 2941/2941/2941 2940/2940/2940
f 2845/2845/2845 2846/2846/2846 2942/2942/2942
f 2845/2845/2845 2942/2942/2942 2941/2941/2941
f 2846/2846/2846 2847/2847/2847 2943/2943/2943
f 2846/2846/2846 2943/2943/2943 2942/2942/2942
f 2847/2847/2847 2848/2848/2848 2944/2944/2944
f 2847/2847/2847 2944/2944/2944 2943/2943/2943
f 2848/2848/2848 2849/2849/2849 2945/2945/2945
f 2848/2848/2848 2945/2945/2945 2944/2944/2944
f 2849/2849/2849 2850/2850/2850 2946/2946/2946
f 2849/2849/2849 2946/2946/2946 2945/2945/2945
f 2850/2850/2850 2851/2851/2851 2947/2947/2947
f 2850/2850/2850 2947/2947/2947 2946/2946/2946
f 2851/2851/2851 2852/2852/2852 2948/2948/2948
f 2851/2851/2851 2948/2948/2948 2947/2947/2947
f 2852/2852/2852 2853/2853/2853 2949/2949/2949
f 2852/2852/2852 2949/2949/2949 2948/2948/2948
f 2853/2853/2853 2854/2854/2854 2950/2950/2950
f 2853/2853/2853 2950/2950/2950 2949/2949/2949
f 2854/2854/2854 2855/2855/2855 2951/2951/2951
f 2854/2854/2854 2951/2951/2951 2950/2950/2950
f 2855/2855/2855 2856/2856/2856 2952/2952/2952
f 2855/2855/2855 2952/2952/2952 2951/2951/2951
f 2856/2856/2856 2857/2857/2857 2953/2953/2953
f 2856/2856/2856 2953/2953/2953 2952/2952/2952
f 2857/2857/2857 2858/2858/2858 2954/2954/2954
f 2857/2857/2857 2954/2954/2954 2953/2953/2953
f 2858/2858/2858 2859/2859/2859 2955/2955/2955
f 2858/2858/2858 2955/2955/2955 2954/2954/2954
f 2859/2859/2859 2860/2860/2860 2956/2956/2956
f 2859/2859/2859 2956/2956/2956 2955/2955/2955
f 2860/2860/2860 2861/2861/2861 2957/2957/2957
f 2860/2860/2860 2957/2957/2957 2956/2956/2956
f 2861/2861/2861 2862/2862/2862 2958/2958/2958
f 2861/2861/2861 2958/2958/2958 2957/2957/2957
f 2862/2862/2862 2863/2863/2863 2959/2959/2959
f 2862/2862/2862 2959/2959/2959 2958/2958/2958
f 2863/2863/2863 2864/2864/2864 2960/2960/2960
f 2863/2863/2863 2960/2960/2960 2959/2959/2959
f 2864/2864/2864 2865/2865/2865 2961/2961/2961
f 2864/2864/2864 2961/2961/2961 2960/2960/2960
f 2865/2865/2865 2866/2866/2866 2962/2962/2962
f 2865/2865/2865 2962/2962/2962 2961/2961/2961
f 2866/2866/2866 2867/2867/2867 2963/2963/2963
f 2866/2866/2866 2963/2963/2963 2962/2962/2962
f 2867/2867/2867 2868/2868/2868 2964/2964/2964
f 2867/2867/2867 2964/2964/2964 2963/2963/2963
f 2868/2868/2868 2869/2869/2869 2965/2965/2965
f 2868/2868/2868 2965/2965/2965 2964/2964/2964
f 2869/2869/2869 2870/2870/2870 2966/2966/2966
f 2869/2869/2869 2966/2966/2966 2965/2965/2965
f 2870/2870/2870 2871/2871/2871 2967/2967/2967
f 2870/2870/2870 2967/2967/2967 2966/2966/2966
f 2871/2871/2871 2872/2872/2872 2968/2968/2968
f 2871/2871/2871 2968/2968/2968 2967/2967/2967
f 2872/2872/2872 2873/2873/2873 2969/2969/2969
f 2872/2872/2872 2969/2969/2969 2968/2968/2968
f 2873/2873/2873 2874/2874/2874 2970/2970/2970
f 2873/2873/2873 2970/2970/2970 2969/2969/2969
f 2874/2874/2874 2875/2875/2875 2971/2971/2971
f 2874/2874/2874 2971/2971/2971 2970/2970/2970
f 2875/2875/2875 2876/2876/2876 2972/2972/2972
f 2875/2875/2875 2972/2972/2972 2971/2971/2971
f 2876/2876/2876 2877/2877/2877 2973/2973/2973
f 2876/2876/2876 2973/2973/2973 2972/2972/2972
f 2877/2877/2877 2878/2878/2878 2974/2974/2974
f 2877/2877/2877 2974/2974/2974 2973/2973/2973
f 2878/2878/2878 2879/2879/2879 2975/2975/2975
f 2878/2878/2878 2975/2975/2975 2974/2974/2974
f 2879/2879/2879 2880/2880/2880 2976/2976/2976
f 2879/2879/2879 2976/2976/2976 2975/2975/2975
f 2880/2880/2880 2785/2785/2785 2881/2881/2881
f 2880/2880/2880 2881/2881/2881 2976/2976/2976
f 2881/2881/2881 2882/2882/2882 2978/2978/2978
f 2881/2881/2881 2978/2978/2978 2977/2977/2977
f 2882/2882/2882 2883/2883/2883 2979/2979/2979
f 2882/2882/2882 2979/2979/2979 2978/2978/2978
f 2883/2883/2883 2884/2884/2884 2980/2980/2980
f 2883/2883/2883 2980/2980/2980 2979/2979/2979
f 2884/2884/2884 2885/2885/2885 2981/2981/2981
f 2884/2884/2884 2981/2981/2981 2980/2980/2980
f 2885/2885/2885 2886/2886/2886 2982/2982/2982
f 2885/2885/2885 2982/2982/2982 2981/2981/2981
f 2886/2886/2886 2887/2887/2887 2983/2983/2983
f 2886/2886/2886 2983/2983/2983 2982/2982/2982
f 2887/2887/2887 2888/2888/2888 2984/2984/2984
f 2887/2887/2887 2984/2984/2984 2983/2983/2983
f 2888/2888/2888 2889/2889/2889 2985/2985/2985
f 2888/2888/2888 2985/2985/2985 2984/2984/2984
f 2889/2889/2889 2890/2890/2890 2986/2986/2986
f 2889/2889/2889 2986/2986/2986 2985/2985/2985
f 2890/2890/2890 2891/2891/2891 2987/2987/2987
f 2890/2890/2890 2987/2987/2987 2986/2986/2986
f 2891/2891/2891 2892/2892/2892 2988/2988/2988
f 2891/2891/2891 2988/2988/2988 2987/2987/2987
f 2892/2892/2892 2893/2893/2893 2989/2989/2989
f 2892/2892/2892 2989/2989/2989 2988/2988/2988
f 2893/2893/2893 2894/2894/2894 2990/2990/2990
f 2893/2893/2893 2990/2990/2990 2989/2989/2989
f 2894/2894/2894 2895/2895/2895 2991/2991/2991
f 2894/2894/2894 2991/2991/2991 2990/2990/2990
f 2895/2895/2895 2896/2896/2896 2992/2992/2992
f 2895/2895/2895 2992/2992/2992 2991/2991/2991
f 2896/2896/2896 2897/2897/2897 2993/2993/2993
f 2896/2896/2896 2993/2993/2993 2992/2992/2992
f 2897/2897/2897 2898/2898/2898 2994/2994/2994
f 2897/2897/2897 2994/2994/2994 2993/2993/2993
f 2898/2898/2898 2899/2899/2899 2995/2995/2995
f 2898/2898/2898 2995/2995/2995 2994/2994/2994
f 2899/2899/2899 2900/2900/2900 2996/2996/2996
f 2899/2899/2899 2996/2996/2996 2995/2995/2995
f 2900/2900/2900 2901/2901/2901 2997/2997/2997
f 2900/2900/2900 2997/2997/2997 2996/2996/2996
f 2901/2901/2901 2902/2902/2902 2998/2998/2998
f 2901/2901/2901 2998/2998/2998 2997/2997/2997
f 2902/2902/2902 2903/2903/2903 2999/2999/2999
f 2902/2902/2902 2999/2999/2999 2998/2998/2998
f 2903/2903/2903 2904/2904/2904 3000/3000/3000
f 2903/2903/2903 3000/3000/3000 2999/2999/2999
f 2904/2904/2904 2905/2905/2905 3001/3001/3001
f 2904/2904/2904 3001/3001/3001 3000/3000/3000
f 2905/2905/2905 2906/2906/2906 3002/3002/3002
f 2905/2905/2905 3002/3002/3002 3001/3001/3001
f 2906/2906/2906 2907/2907/2907 3003/3003/3003
f 2906/2906/2906 3003/3003/3003 3002/3002/3002
f 2907/2907/2907 2908/2908/2908 3004/3004/3004
f 2907/2907/2907 3004/3004/3004 3003/3003/3003
f 2908/2908/2908 2909/2909/2909 3005/3005/3005
f 2908/2908/2908 3005/3005/3005 3004/3004/3004
f 2909/2909/2909 2910/2910/2910 3006/3006/3006
f 2909/2909/2909 3006/3006/3006 3005/3005/3005
f 2910/2910/2910 2911/2911/2911 3007/3007/3007
f 2910/2910/2910 3007/3007/3007 3006/3006/3006
f 2911/2911/2911 2912/2912/2912 3008/3008/3008
f 2911/2911/2911 3008/3008/3008 3007/3007/3007
f 2912/2912/2912 2913/2913/2913 3009/3009/3009
f 2912/2912/2912 3009/3009/3009 3008/3008/3008
f 2913/2913/2913 2914/2914/2914 3010/3010/3010
f 2913/2913/2913 3010/3010/3010 3009/3009/3009
f 2914/2914/2914 2915/2915/2915 3011/3011/3011
f 2914/2914/2914 3011/3011/3011 3010/3010/3010
f 2915/2915/2915 2916/2916/2916 3012/3012/3012
f 2915/2915/2915 3012/3012/3012 3011/3011/3011
f 2916/2916/2916 2917/2917/2917 3013/3013/3013
f 2916/2916/2916 3013/3013/3013 3012/3012/3012
f 2917/2917/2917 2918/2918/2918 3014/3014/3014
f 2917/2917/2917 3014/3014/3014 3013/3013/3013
f 2918/2918/2918 2919/2919/2919 3015/3015/3015
f 2918/2918/2918 3015/3015/3015 3014/3014/3014
f 2919/2919/2919 2920/2920/2920 3016/3016/3016
f 2919/2919/2919 3016/3016/3016 3015/3015/3015
f 2920/2920/2920 2921/2921/2921 3017/3017/3017
f 2920/2920/2920 3017/3017/3017 3016/3016/3016
f 2921/2921/2921 2922/2922/2922 3018/3018/3018
f 2921/2921/2921 3018/3018/3018 3017/3017/3017
f 2922/2922/2922 2923/2923/2923 3019/3019/3019
f 2922/2922/2922 3019/3019/3019 3018/3018/3018
f 2923/2923/2923 2924/2924/2924 3020/3020/3020
f 2923/2923/2923 3020/3020/3020 3019/3019/3019
f 2924/2924/2924 2925/2925/2925 3021/3021/3021
f 2924/2924/2924 3021/3021/3021 3020/3020/3020
f 2925/2925/2925 2926/2926/2926 3022/3022/3022
f 2925/2925/2925 3022/3022/3022 3021/3021/3021
f 2926/2926/2926 2927/2927/2927 3023/3023/3023
f 2926/2926/2926 3023/3023/3023 3022/3022/3022
f 2927/2927/2927 2928/2928/2928 3024/3024/3024
f 2927/2927/2927 3024/3024/3024 3023/3023/3023
f 2928/2928/2928 2929/2929/2929 3025/3025/3025
f 2928/2928/2928 3025/3025/3025 3024/3024/3024
f 2929/2929/2929 2930/2930/2930 3026/3026/3026
f 2929/2929/2929 3026/3026/3026 3025/3025/3025
f 2930/2930/2930 2931/2931/2931 3027/3027/3027
f 2930/2930/2930 3027/3027/3027 3026/3026/3026
f 2931/2931/2931 2932/2932/2932 3028/3028/3028
f 2931/2931/2931 3028/3028/3028 3027/3027/3027
f 2932/2932/2932 2933/2933/2933 3029/3029/3029
f 2932/2932/2932 3029/3029/3029 3028/3028/3028
f 2933/2933/2933 2934/2934/2934 3030/3030/3030
f 2933/2933/2933 3030/3030/3030 3029/3029/3029
f 2934/2934/2934 2935/2935/2935 3031/3031/3031
f 2934/2934/2934 3031/3031/3031 3030/3030/3030
f 2935/2935/2935 2936/2936/2936 3032/3032/3032
f 2935/2935/2935 3032/3032/3032 3031/3031/3031
f 2936/2936/2936 2937/2937/2937 3033/3033/3033
f 2936/2936/2936 3033/3033/3033 3032/3032/3032
f 2937/2937/2937 2938/2938/2938 3034/3034/3034
f 2937/2937/2937 3034/3034/3034 3033/3033/3033
f 2938/2938/2938 2939/2939/2939 3035/3035/3035
f 2938/2938/2938 3035/3035/3035 3034/3034/3034
f 2939/2939/2939 2940/2940/2940 3036/3036/3036
f 2939/2939/2939 3036/3036/3036 3035/3035/3035
f 2940/2940/2940 2941/2941/2941 3037/3037/3037
f 2940/2940/2940 3037/3037/3037 3036/3036/3036
f 2941/2941/2941 2942/2942/2942 3038/3038/3038
f 2941/2941/2941 3038/3038/3038 3037/3037/3037
f 2942/2942/2942 2943/2943/2943 3039/3039/3039
f 2942/2942/2942 3039/3039/3039 3038/3038/3038
f 2943/2943/2943 2944/2944/2944 3040/3040/3040
f 2943/2943/2943 3040/3040/3040 3039/3039/3039
f 2944/2944/2944 2945/2945/2945 3041/3041/3041
f 2944/2944/2944 3041/3041/3041 3040/3040/3040
f 2945/2945/2945 2946/2946/2946 3042/3042/3042
f 2945/2945/2945 3042/3042/3042 3041/3041/3041
f 2946/2946/2946 2947/2947/2947 3043/3043/3043
f 2946/2946/2946 3043/3043/3043 3042/3042/3042
f 2947/2947/2947 2948/2948/2948 3044/3044/3044
f 2947/2947/2947 3044/3044/3044 3043/3043/3043
f 2948/2948/2948 2949/2949/2949 3045/3045/3045
f 2948/2948/2948 3045/3045/3045 3044/3044/3044
f 2949/2949/2949 2950/2950/2950 3046/3046/3046
f 2949/2949/2949 3046/3046/3046 3045/3045/3045
f 2950/2950/2950 2951/2951/2951 3047/3047/3047
f 2950/2950/2950 3047/3047/3047 3046/3046/3046
f 2951/2951/2951 2952/2952/2952 3048/3048/3048
f 2951/2951/2951 3048/3048/3048 3047/3047/3047
f 2952/2952/2952 2953/2953/2953 3049/3049/3049
f 2952/2952/2952 3049/3049/3049 3048/3048/3048
f 2953/2953/2953 2954/2954/2954 3050/3050/3050
f 2953/2953/2953 3050/3050/3050 3049/3049/3049
f 2954/2954/2954 2955/2955/2955 3051/3051/3051
f 2954/2954/2954 3051/3051/3051 3050/3050/3050
f 2955/2955/2955 2956/2956/2956 3052/3052/3052
f 2955/2955/2955 3052/3052/3052 3051/3051/3051
f 2956/2956/2956 2957/2957/2957 3053/3053/3053
f 2956/2956/2956 3053/3053/3053 3052/3052/3052
f 2957/2957/2957 2958/2958/2958 3054/3054/3054
f 2957/2957/2957 3054/3054/3054 3053/3053/3053
f 2958/2958/2958 2959/2959/2959 3055/3055/3055
f 2958/2958/2958 3055/3055/3055 3054/3054/3054
f 2959/2959/2959 2960/2960/2960 3056/3056/3056
f 2959/2959/2959 3056/3056/3056 3055/3055/3055
f 2960/2960/2960 2961/2961/2961 3057/3057/3057
f 2960/2960/2960 3057/3057/3057 3056/3056/3056
f 2961/2961/2961 2962/2962/2962 3058/3058/3058
f 2961/2961/2961 3058/3058/3058 3057/3057/3057
f 2962/2962/2962 2963/2963/2963 3059/3059/3059
f 2962/2962/2962 3059/3059/3059 3058/3058/3058
f 2963/2963/2963 2964/2964/2964 3060/3060/3060
f 2963/2963/2963 3060/3060/3060 3059/3059/3059
f 2964/2964/2964 2965/2965/2965 3061/3061/3061
f 2964/2964/2964 3061/3061/3061 3060/3060/3060
f 2965/2965/2965 2966/2966/2966 3062/3062/3062
f 2965/2965/2965 3062/3062/3062 3061/3061/3061
f 2966/2966/2966 2967/2967/2967 3063/3063/3063
f 2966/2966/2966 3063/3063/3063 3062/3062/3062
f 2967/2967/2967 2968/2968/2968 3064/3064/3064
f 2967/2967/2967 3064/3064/3064 3063/3063/3063
f 2968/2968/2968 2969/2969/2969 3065/3065/3065
f 2968/2968/2968 3065/3065/3065 3064/3064/3064
f 2969/2969/2969 2970/2970/2970 3066/3066/3066
f 2969/2969/2969 3066/3066/3066 3065/3065/3065
f 2970/2970/2970 2971/2971/2971 3067/3067/3067
f 2970/2970/2970 3067/3067/3067 3066/3066/3066
f 2971/2971/2971 2972/2972/2972 3068/3068/3068
f 2971/2971/2971 3068/3068/3068 3067/3067/3067
f 2972/2972/2972 2973/2973/2973 3069/3069/3069
f 2972/2972/2972 3069/3069/3069 3068/3068/3068
f 2973/2973/2973 2974/2974/2974 3070/3070/3070
f 2973/2973/2973 3070/3070/3070 3069/3069/3069
f 2974/2974/2974 2975/2975/2975 3071/3071/3071
f 2974/2974/2974 3071/3071/3071 3070/3070/3070
f 2975/2975/2975 2976/2976/2976 3072/3072/3072
f 2975/2975/2975 3072/3072/3072 3071/3071/3071
f 2976/2976/2976 2881/2881/2881 2977/2977/2977
f 2976/2976/2976 2977/2977/2977 3072/3072/3072
f 2977/2977/2977 2978/2978/2978 3073/3073/3073
f 2978/2978/2978 2979/2979/2979 3073/3073/3073
f 2979/2979/2979 2980/2980/2980 3073/3073/3073
f 2980/2980/2980 2981/2981/2981 3073/3073/3073
f 2981/2981/2981 2982/2982/2982 3073/3073/3073
f 2982/2982/2982 2983/2983/2983 3073/3073/3073
f 2983/2983/2983 2984/2984/2984 3073/3073/3073
f 2984/2984/2984 2985/2985/2985 3073/3073/3073
f 2985/2985/2985 2986/2986/2986 3073/3073/3073
f 2986/2986/2986 2987/2987/2987 3073/3073/3073
f 2987/2987/2987 2988/2988/2988 3073/3073/3073
f 2988/2988/2988 2989/2989/2989 3073/3073/3073
f 2989/2989/2989 2990/2990/2990 3073/3073/3073
f 2990/2990/2990 2991/2991/2991 3073/3073/3073
f 2991/2991/2991 2992/2992/2992 3073/3073/3073
f 2992/2992/2992 2993/2993/2993 3073/3073/3073
f 2993/2993/2993 2994/2994/2994 3073/3073/3073
f 2994/2994/2994 2995/2995/2995 3073/3073/3073
f 2995/2995/2995 2996/2996/2996 3073/3073/3073
f 2996/2996/2996 2997/2997/2997 3073/3073/3073
f 2997/2997/2997 2998/2998/2998 3073/3073/3073
f 2998/2998/2998 2999/2999/2999 3073/3073/3073
f 2999/2999/2999 3000/3000/3000 3073/3073/3073
f 3000/3000/3000 3001/3001/3001 3073/3073/3073
f 3001/3001/3001 3002/3002/3002 3073/3073/3073
f 3002/3002/3002 3003/3003/3003 3073/3073/3073
f 3003/3003/3003 3004/3004/3004 3073/3073/3073
f 3004/3004/3004 3005/3005/3005 3073/3073/3073
f 3005/3005/3005 3006/3006/3006 3073/3073/3073
f 3006/3006/3006 3007/3007/3007 3073/3073/3073
f 3007/3007/3007 3008/3008/3008 3073/3073/3073
f 3008/3008/3008 3009/3009/3009 3073/3073/3073
f 3009/3009/3009 3010/3010/3010 3073/3073/3073
f 3010/3010/3010 3011/3011/3011 3073/3073/3073
f 3011/3011/3011 3012/3012/3012 3073/3073/3073
f 3012/3012/3012 3013/3013/3013 3073/3073/3073
f 3013/3013/3013 3014/3014/3014 3073/3073/3073
f 3014/3014/3014 3015/3015/3015 3073/3073/3073
f 3015/3015/3015 3016/3016/3016 3073/3073/3073
f 3016/3016/3016 3017/3017/3017 3073/3073/3073
f 3017/3017/3017 3018/3018/3018 3073/3073/3073
f 3018/3018/3018 3019/3019/3019 3073/3073/3073
f 3019/3019/3019 3020/3020/3020 3073/3073/3073
f 3020/3020/3020 3021/3021/3021 3073/3073/3073
f 3021/3021/3021 3022/3022/3022 3073/3073/3073
f 3022/3022/3022 3023/3023/3023 3073/3073/3073
f 3023/3023/3023 3024/3024/3024 3073/3073/3073
f 3024/3024/3024 3025/3025/3025 3073/3073/3073
f 3025/3025/3025 3026/3026/3026 3073/3073/3073
f 3026/3026/3026 3027/3027/3027 3073/3073/3073
f 3027/3027/3027 3028/3028/3028 3073/3073/3073
f 3028/3028/3028 3029/3029/3029 3073/3073/3073
f 3029/3029/3029 3030/3030/3030 3073/3073/3073
f 3030/3030/3030 3031/3031/3031 3073/3073/3073
f 3031/3031/3031 3032/3032/3032 3073/3073/3073
f 3032/3032/3032 3033/3033/3033 3073/3073/3073
f 3033/3033/3033 3034/3034/3034 3073/3073/3073
f 3034/3034/3034 3035/3035/3035 3073/3073/3073
f 3035/3035/3035 3036/3036/3036 3073/3073/3073
f 3036/3036/3036 3037/3037/3037 3073/3073/3073
f 3037/3037/3037 3038/3038/3038 3073/3073/3073
f 3038/3038/3038 3039/3039/3039 3073/3073/3073
f 3039/3039/3039 3040/3040/3040 3073/3073/3073
f 3040/3040/3040 3041/3041/3041 3073/3073/3073
f 3041/3041/3041 3042/3042/3042 3073/3073/3073
f 3042/3042/3042 3043/3043/3043 3073/3073/3073
f 3043/3043/3043 3044/3044/3044 3073/3073/3073
f 3044/3044/3044 3045/3045/3045 3073/3073/3073
f 3045/3045/3045 3046/3046/3046 3073/3073/3073
f 3046/3046/3046 3047/3047/3047 3073/3073/3073
f 3047/3047/3047 3048/3048/3048 3073/3073/3073
f 3048/3048/3048 3049/3049/3049 3073/3073/3073
f 3049/3049/3049 3050/3050/3050 3073/3073/3073
f 3050/3050/3050 3051/3051/3051 3073/3073/3073
f 3051/3051/3051 3052/3052/3052 3073/3073/3073
f 3052/3052/3052 3053/3053/3053 3073/3073/3073
f 3053/3053/3053 3054/3054/3054 3073/3073/3073
f 3054/3054/3054 3055/3055/3055 3073/3073/3073
f 3055/3055/3055 3056/3056/3056 3073/3073/3073
f 3056/3056/3056 3057/3057/3057 3073/3073/3073
f 3057/3057/3057 3058/3058/3058 3073/3073/3073
f 3058/3058/3058 3059/3059/3059 3073/3073/3073
f 3059/3059/3059 3060/3060/3060 3073/3073/3073
f 3060/3060/3060 3061/3061/3061 3073/3073/3073
f 3061/3061/3061 3062/3062/3062 3073/3073/3073
f 3062/3062/3062 3063/3063/3063 3073/3073/3073
f 3063/3063/3063 3064/3064/3064 3073/3073/3073
f 3064/3064/3064 3065/3065/3065 3073/3073/3073
f 3065/3065/3065 3066/3066/3066 3073/3073/3073
f 3066/3066/3066 3067/3067/3067 3073/3073/3073
f 3067/3067/3067 3068/3068/3068 3073/3073/3073
f 3068/3068/3068 3069/3069/3069 3073/3073/3073
f 3069/3069/3069 3070/3070/3070 3073/3073/3073
f 3070/3070/3070 3071/3071/3071 3073/3073/3073
f 3071/3071/3071 3072/3072/3072 3073/3073/3073
f 3072/3072/3072 2977/2977/2977 3073/3073/3073
f 2/2/2 1/1/1 3074/3074/3074
f 3/3/3 2/2/2 3074/3074/3074
f 4/4/4 3/3/3 3074/3074/3074
f 5/5/5 4/4/4 3074/3074/3074
f 6/6/6 5/5/5 3074/3074/3074
f 7/7/7 6/6/6 3074/3074/3074
f 8/8/8 7/7/7 3074/3074/3074
f 9/9/9 8/8/8 3074/3074/3074
f 10/10/10 9/9/9 3074/3074/3074
f 11/11/11 10/10/10 3074/3074/3074
f 12/12/12 11/11/11 3074/3074/3074
f 13/13/13 12/12/12 3074/3074/3074
f 14/14/14 13/13/13 3074/3074/3074
f 15/15/15 14/14/14 3074/3074/3074
f 16/16/16 15/15/15 3074/3074/3074
f 17/17/17 16/16/16 3074/3074/3074
f 18/18/18 17/17/17 3074/3074/3074
f 19/19/19 18/18/18 3074/3074/3074
f 20/20/20 19/19/19 3074/3074/3074
f 21/21/21 20/20/20 3074/3074/3074
f 22/22/22 21/21/21 3074/3074/3074
f 23/23/23 22/22/22 3074/3074/3074
f 24/24/24 23/23/23 3074/3074/3074
f 25/25/25 24/24/24 3074/3074/3074
f 26/26/26 25/25/25 3074/3074/3074
f 27/27/27 26/26/26 3074/3074/3074
f 28/28/28 27/27/27 3074/3074/3074
f 29/29/29 28/28/28 3074/3074/3074
f 30/30/30 29/29/29 3074/3074/3074
f 31/31/31 30/30/30 3074/3074/3074
f 32/32/32 31/31/31 3074/3074/3074
f 33/33/33 32/32/32 3074/3074/3074
f 34/34/34 33/33/33 3074/3074/3074
f 35/35/35 34/34/34 3074/3074/3074
f 36/36/36 35/35/35 3074/3074/3074
f 37/37/37 36/36/36 3074/3074/3074
f 38/38/38 37/37/37 3074/3074/3074
f 39/39/39 38/38/38 3074/3074/3074
f 40/40/40 39/39/39 3074/3074/3074
f 41/41/41 40/40/40 3074/3074/3074
f 42/42/42 41/41/41 3074/3074/3074
f 43/43/43 42/42/42 3074/3074/3074
f 44/44/44 43/43/43 3074/3074/3074
f 45/45/45 44/44/44 3074/3074/3074
f 46/46/46 45/45/45 3074/3074/3074
f 47/47/47 46/46/46 3074/3074/3074
f 48/48/48 47/47/47 3074/3074/3074
f 49/49/49 48/48/48 3074/3074/3074
f 50/50/50 49/49/49 3074/3074/3074
f 51/51/51 50/50/50 3074/3074/3074
f 52/52/52 51/51/51 3074/3074/3074
f 53/53/53 52/52/52 3074/3074/3074
f 54/54/54 53/53/53 3074/3074/3074
f 55/55/55 54/54/54 3074/3074/3074
f 56/56/56 55/55/55 3074/3074/3074
f 57/57/57 56/56/56 3074/3074/3074
f 58/58/58 57/57/57 3074/3074/3074
f 59/59/59 58/58/58 3074/3074/3074
f 60/60/60 59/59/59 3074/3074/3074
f 61/61/61 60/60/60 3074/3074/3074
f 62/62/62 61/61/61 3074/3074/3074
f 63/63/63 62/62/62 3074/3074/3074
f 64/64/64 63/63/63 3074/3074/3074
f 65/65/65 64/64/64 3074/3074/3074
f 66/66/66 65/65/65 3074/3074/3074
f 67/67/67 66/66/66 3074/3074/3074
f 68/68/68 67/67/67 3074/3074/3074
f 69/69/69 68/68/68 3074/3074/3074
f 70/70/70 69/69/69 3074/3074/3074
f 71/71/71 70/70/70 3074/3074/3074
f 72/72/72 71/71/71 3074/3074/3074
f 73/73/73 72/72/72 3074/3074/3074
f 74/74/74 73/73/73 3074/3074/3074
f 75/75/75 74/74/74 3074/3074/3074
f 76/76/76 75/75/75 3074/3074/3074
f 77/77/77 76/76/76 3074/3074/3074
f 78/78/78 77/77/77 3074/3074/3074
f 79/79/79 78/78/78 3074/3074/3074
f 80/80/80 79/79/79 3074/3074/3074
f 81/81/81 80/80/80 3074/3074/3074
f 82/82/82 81/81/81 3074/3074/3074
f 83/83/83 82/82/82 3074/3074/3074
f 84/84/84 83/83/83 3074/3074/3074
f 85/85/85 84/84/84 3074/3074/3074
f 86/86/86 85/85/85 3074/3074/3074
f 87/87/87 86/86/86 3074/3074/3074
f 88/88/88 87/87/87 3074/3074/3074
f 89/89/89 88/88/88 3074/3074/3074
f 90/90/90 89/89/89 3074/3074/3074
f 91/91/91 90/90/90 3074/3074/3074
f 92/92/92 91/91/91 3074/3074/3074
f 93/93/93 92/92/92 3074/3074/3074
f 94/94/94 93/93/93 3074/3074/3074
f 95/95/95 94/94/94 3074/3074/3074
f 96/96/96 95/95/95 3074/3074/3074
f 1/1/1 96/96/96 3074/3074/3074